Depth (cm),Bacon age,Bacon age(kyr),depth-mm,Si,Cl,K,Ca,Ti,Mn,Fe,Br,Sr,Ba,inc/coh
15.5,3784.293407,3.784293407,155,783,803,6038,10715,4643,2354,97634,290,1754,104,3.567212671
15.75,3791.500146,3.791500146,157.5,833,802,6312,10462,4588,2182,99677,195,1487,112,2.792217484
16,3798.706885,3.798706885,160,821,720,6630,9647,4457,2305,100990,84,1373,131,3.809316683
16.25,3805.913623,3.805913623,162.5,784,741,6601,9281,4665,2289,99348,200,1350,40,3.305545444
16.5,3813.120362,3.813120362,165,820,702,6483,9692,4597,2491,99604,178,1555,183,4.802663863
16.75,3820.327101,3.820327101,167.5,771,768,6338,9718,4563,2485,99416,142,1421,0,3.12561194
17,3827.533839,3.827533839,170,786,754,6441,9799,4707,2432,99228,259,1439,117,4.832842415
17.25,3834.740578,3.834740578,172.5,818,777,6232,10120,4571,2640,99906,53,1444,124,3.908653846
17.5,3841.947317,3.841947317,175,753,695,6256,9548,4570,2324,98898,294,1445,147,4.252730634
18,3856.360794,3.856360794,180,773,763,6287,9897,4591,2372,98641,175,1607,140,3.906259098
18.25,3863.567533,3.863567533,182.5,765,799,6208,10252,4605,2271,98744,106,1519,109,3.494603598
18.5,3870.774271,3.870774271,185,792,829,6314,11074,4667,2399,97867,275,1462,141,3.604770247
18.75,3877.98101,3.87798101,187.5,791,788,6193,11763,4722,2198,94991,89,1671,117,3.324409251
19,3885.187749,3.885187749,190,698,794,5754,11670,4441,1843,87027,216,1899,19,3.736348123
19.25,3892.394487,3.892394487,192.5,749,808,5817,9615,4592,1803,92697,287,1481,46,3.575346299
19.5,3899.601226,3.899601226,195,770,765,6148,9360,4650,1792,95430,202,1364,107,4.526168388
19.75,3906.807965,3.906807965,197.5,746,767,5933,8722,4535,1851,94079,142,1414,90,4.310729067
20,3914.014703,3.914014703,200,836,732,6213,7557,4602,1780,99142,238,1258,86,3.283503868
20.25,3921.221442,3.921221442,202.5,797,713,6427,4730,4691,1768,103354,86,1154,161,3.002328535
20.5,3928.428181,3.928428181,205,824,838,6258,3745,4671,2384,105382,199,1030,56,4.155167079
21,3942.841658,3.942841658,210,802,846,6396,5627,4784,1833,105284,132,1180,119,4.070822794
21.25,3950.048397,3.950048397,212.5,809,822,6333,5374,4892,1601,107795,231,1123,53,3.844890265
21.5,3957.255135,3.957255135,215,783,702,6424,6031,4625,1787,108679,227,1105,143,4.132590202
21.75,3964.461874,3.964461874,217.5,786,765,6419,5998,4860,1746,108044,159,1192,28,3.170193297
22,3971.668613,3.971668613,220,862,764,6497,6769,4798,2046,106548,131,1150,83,3.950782361
22.25,3978.875351,3.978875351,222.5,810,775,6437,7272,4727,1689,104414,136,1161,118,3.951233843
22.5,3986.08209,3.98608209,225,751,779,6169,6172,4696,1923,107035,221,1105,94,3.49979976
22.75,3993.288829,3.993288829,227.5,798,779,6375,6393,4581,1962,106140,146,1299,130,3.727414773
23,4000.495567,4.000495567,230,692,831,5963,6105,4405,1881,103698,276,1111,90,3.331870968
23.25,4007.702306,4.007702306,232.5,683,655,5774,5418,4253,2048,101117,197,1052,7,3.924539972
23.5,4014.909045,4.014909045,235,689,685,6199,5442,4542,2186,104586,177,1102,0,3.703113362
23.75,4022.115783,4.022115783,237.5,745,820,6350,5851,4490,2444,110196,174,1157,143,4.698316868
24,4029.322522,4.029322522,240,732,799,6613,6260,4762,1945,113287,171,1110,103,3.25435757
24.25,4036.529261,4.036529261,242.5,677,798,5993,5910,4421,1931,109480,229,1197,48,3.450562541
24.5,4043.735999,4.043735999,245,672,828,5874,6164,4305,2464,107464,168,1191,171,3.766351119
24.75,4050.942738,4.050942738,247.5,751,755,5982,5922,4579,2226,109892,259,1125,56,3.411626388
25,4058.149477,4.058149477,250,786,860,6305,5948,4462,1866,113041,265,1136,53,3.450038432
25.25,4065.356215,4.065356215,252.5,727,854,6139,6134,4451,1832,113852,191,1099,149,4.412302999
25.5,4072.562954,4.072562954,255,762,826,6277,6223,4475,1931,116368,214,1163,175,4.444892473
25.75,4079.769693,4.079769693,257.5,801,802,6392,6149,4719,1911,119087,0,1187,63,3.343488575
26,4086.976431,4.086976431,260,788,790,6345,6431,4932,1793,121919,196,1071,35,3.26534605
26.25,4094.18317,4.09418317,262.5,796,826,6436,6373,4743,2006,125368,149,1056,75,4.168075584
26.5,4101.389909,4.101389909,265,777,834,6431,5877,4905,1944,133122,240,1217,27,3.993686109
27.5,4130.216863,4.130216863,275,694,995,5762,6951,4438,2228,130781,231,1269,79,3.972255193
27.75,4137.423602,4.137423602,277.5,715,816,5565,7755,4285,3026,118035,293,1436,120,3.4213091
28,4144.630341,4.144630341,280,712,794,5582,6882,4231,2479,120632,218,1355,69,4.567384725
28.25,4151.837079,4.151837079,282.5,788,791,5853,8391,4566,2472,116961,358,1387,90,3.765557379
28.5,4159.043818,4.159043818,285,780,761,5972,9955,4730,3287,111046,240,1441,20,4.363982849
29,4173.457295,4.173457295,290,822,843,6014,11421,4613,3003,104469,267,1869,105,3.6732508
29.25,4180.664034,4.180664034,292.5,779,747,5751,13586,4674,2572,99726,175,2292,0,3.238762687
29.5,4187.870773,4.187870773,295,747,749,5332,13969,4360,2503,86964,63,1923,42,3.472652946
29.75,4195.077511,4.195077511,297.5,693,630,5753,11371,4306,2681,93023,293,1544,148,3.566243194
30,4202.28425,4.20228425,300,705,689,5959,10944,4276,2643,91997,178,1588,155,4.117010975
30.25,4209.490989,4.209490989,302.5,739,742,5995,12002,4318,2317,89600,185,1652,106,3.537356719
30.5,4216.697727,4.216697727,305,754,744,5503,12279,4348,2190,88015,177,1534,117,3.747663551
30.75,4223.904466,4.223904466,307.5,738,720,5989,7916,4619,2056,96210,150,1346,63,3.232190942
31,4231.111205,4.231111205,310,714,765,6179,7494,4438,2088,98589,49,1280,82,3.565217391
31.25,4238.317943,4.238317943,312.5,646,717,6302,7217,4538,1943,100568,172,1309,98,3.707159624
31.5,4245.524682,4.245524682,315,751,768,6312,7583,4344,2048,104691,146,1307,208,3.815731654
31.75,4252.731421,4.252731421,317.5,799,800,6600,7584,4728,2166,108826,147,1144,53,3.3710436
32,4259.938159,4.259938159,320,725,759,6221,7438,4535,2058,106901,72,1249,106,3.649336728
32.25,4267.144898,4.267144898,322.5,755,763,6356,7253,4801,1968,106916,298,1210,40,4.167264784
32.5,4274.351637,4.274351637,325,704,799,5951,7051,4575,2079,104328,80,1262,14,4.576629681
32.75,4281.558375,4.281558375,327.5,739,914,5977,6785,4529,1951,104931,239,1270,139,3.58527493
33,4288.765114,4.288765114,330,749,757,6105,6020,4594,1963,106800,221,1090,59,3.630339772
33.25,4295.971853,4.295971853,332.5,776,743,6176,5686,4698,1613,105933,123,1214,44,3.301414041
33.5,4303.178591,4.303178591,335,817,770,6467,5826,4534,1635,107289,241,1104,176,3.886068563
33.75,4310.38533,4.31038533,337.5,773,767,6312,6196,4590,1675,108113,199,1195,58,3.289364231
34,4317.592069,4.317592069,340,766,834,6250,7001,4679,1556,109462,287,1207,84,4.111180415
34.25,4324.798807,4.324798807,342.5,761,770,6328,7607,4591,1821,111178,301,1379,92,3.919646735
34.5,4332.005546,4.332005546,345,714,817,6343,8376,4507,1730,109569,82,1323,83,3.965804472
34.75,4339.212285,4.339212285,347.5,816,751,6534,8907,4414,1733,110609,287,1301,142,3.969936228
35,4346.419023,4.346419023,350,756,833,6303,8565,4559,1597,112486,79,1280,37,3.406218781
35.5,4363.974892,4.363974892,355,778,769,6437,8733,4614,1788,113169,123,1367,134,5.748643006
37,4416.642498,4.416642498,370,768,711,6378,7700,4562,1502,113664,345,1259,176,5.683602771
37.75,4442.976301,4.442976301,377.5,781,819,6102,7857,4581,1374,110143,127,1334,43,4.580517241
38.25,4460.53217,4.46053217,382.5,709,853,5998,7350,4442,1333,109049,60,1344,12,3.90795353
38.5,4469.310104,4.469310104,385,680,891,5743,7328,4403,1404,108010,210,1340,82,4.790020033
38.75,4478.088038,4.478088038,387.5,681,838,5944,8170,4450,1397,103313,122,1534,48,3.848564349
39.5,4504.421841,4.504421841,395,693,864,6003,6314,4417,1443,109035,154,1183,72,3.380678851
39.75,4513.199776,4.513199776,397.5,650,842,5907,6281,4368,1434,109529,204,1162,158,3.576974926
40,4521.97771,4.52197771,400,622,903,5715,6210,4324,1456,109229,187,1042,133,5.268858411
40.25,4530.755644,4.530755644,402.5,746,820,5896,8059,4495,2124,105013,175,1411,46,3.949388379
40.5,4539.533579,4.539533579,405,701,884,5889,7628,4308,2144,103744,32,1297,126,3.775953163
40.75,4548.311513,4.548311513,407.5,679,864,5844,7872,4424,1848,103363,312,1275,67,4.994296952
41,4557.089447,4.557089447,410,700,859,5954,8301,4535,2368,103163,190,1290,36,4.085451505
41.25,4565.867382,4.565867382,412.5,688,881,5914,8560,4521,2264,104552,204,1345,78,3.871873561
41.5,4574.645316,4.574645316,415,774,734,6209,8831,4681,2291,106563,156,1429,48,3.612860506
41.75,4583.42325,4.58342325,417.5,791,719,6422,8737,4735,2398,106457,146,1277,79,4.118150403
42.25,4600.979119,4.600979119,422.5,775,721,6342,8876,4782,2930,105203,25,1373,42,3.611950549
42.5,4609.757053,4.609757053,425,750,804,6305,8666,4523,2348,104534,132,1465,117,3.359250033
42.75,4618.534988,4.618534988,427.5,834,773,6332,8330,4482,2826,103974,51,1231,53,3.912045595
43,4627.312922,4.627312922,430,786,737,6347,8544,4604,3237,102511,84,1414,83,3.882917466
43.25,4636.090856,4.636090856,432.5,764,637,6167,9677,4652,2735,104462,92,1424,71,4.269022186
43.5,4644.868791,4.644868791,435,758,739,6529,8550,4639,2135,104917,276,1299,125,4.010460251
43.75,4653.646725,4.653646725,437.5,746,775,6461,8888,4399,1859,105194,119,1368,138,3.847397047
44,4662.424659,4.662424659,440,725,1183,6144,9481,4338,1864,104089,128,1392,121,4.968620038
44.25,4671.202594,4.671202594,442.5,718,788,6230,9121,4669,1823,106484,93,1311,9,4.002713488
45.5,4715.092265,4.715092265,455,745,835,6010,7903,4528,1372,108473,314,1343,30,4.078644795
46.75,4758.981937,4.758981937,467.5,655,954,5565,7047,4221,1761,108242,373,1257,125,5.478091728
48.5,4820.427477,4.820427477,485,730,804,6121,8300,4429,2724,102762,343,1273,72,4.245266781
48.75,4829.205412,4.829205412,487.5,747,751,5979,6906,4676,2059,106167,61,1204,30,3.132766671
50,4873.095083,4.873095083,500,694,899,5993,7234,4535,1567,107342,162,1413,16,4.38960195
50.25,4881.873018,4.881873018,502.5,763,737,6193,7869,4519,1598,107334,65,1315,80,3.10964962
50.5,4890.650952,4.890650952,505,727,781,6025,8387,4592,1457,104556,75,1353,18,3.240039841
50.75,4899.428886,4.899428886,507.5,767,850,5863,8309,4670,1695,104302,238,1451,21,5.894567958
51,4908.206821,4.908206821,510,717,887,5924,8215,4310,1931,102079,244,1400,132,3.448926211
51.25,4916.984755,4.916984755,512.5,669,836,5804,8519,4558,1976,102015,215,1440,60,3.73221216
51.75,4934.540624,4.934540624,517.5,814,709,6232,9071,4686,1576,105795,161,1307,97,4.531528322
52,4943.318558,4.943318558,520,770,800,6302,9329,4598,1717,106093,203,1444,52,4.131484093
52.25,4952.096492,4.952096492,522.5,767,739,6239,9683,4390,1660,105042,181,1335,76,3.451505017
52.5,4960.874427,4.960874427,525,745,770,6305,9768,4485,1781,105928,205,1407,115,4.276559578
52.75,4969.652361,4.969652361,527.5,664,773,6109,9942,4417,2262,105044,149,1365,83,5.103866566
53,4978.430295,4.978430295,530,713,754,6160,9349,4425,1550,105888,242,1484,112,5.505188067
53.25,4987.20823,4.98720823,532.5,689,795,5962,9375,4576,1487,104140,68,1341,0,4.073039912
54,5013.542033,5.013542033,540,722,921,5935,9141,4372,1453,104322,214,1337,131,3.351214073
54.25,5022.319967,5.022319967,542.5,742,872,5971,9201,4407,1340,105435,314,1322,120,3.504433361
54.5,5031.097901,5.031097901,545,708,824,6102,9305,4609,1484,104681,221,1340,104,4.289534884
54.75,5039.875836,5.039875836,547.5,715,891,6011,8296,4719,1368,104709,197,1342,40,3.978927481
55,5048.65377,5.04865377,550,644,903,5771,7545,4386,1444,107574,139,1133,68,4.148871942
55.25,5055.269913,5.055269913,552.5,646,1003,5584,7165,4204,1559,109641,211,1155,55,3.121550904
55.5,5061.886055,5.061886055,555,684,939,5788,8499,4406,1914,102267,59,1352,133,3.891530692
55.75,5068.502198,5.068502198,557.5,729,777,5896,8116,4678,1901,105746,133,1344,42,4.273974924
56,5075.11834,5.07511834,560,789,862,6255,6973,4656,1864,105552,195,1325,0,4.077674419
56.25,5081.734483,5.081734483,562.5,720,794,6385,7183,4498,2016,107256,0,1283,52,3.276015228
56.5,5088.350625,5.088350625,565,721,732,6437,7760,4674,2064,106239,116,1290,124,4.507111501
57,5101.58291,5.10158291,570,742,786,6417,8567,4723,2073,106236,287,1355,120,3.332994924
57.25,5108.199053,5.108199053,572.5,789,768,6548,8429,4759,2253,105932,68,1309,36,3.935657248
57.5,5114.815196,5.114815196,575,681,917,6322,8466,4545,2374,104172,346,1549,40,3.59665272
58.25,5134.663623,5.134663623,582.5,808,768,6643,9074,4649,2433,107803,195,1535,90,3.779447201
58.75,5147.895908,5.147895908,587.5,755,767,6646,10395,4696,2002,107652,241,1454,148,3.858921749
59,5154.512051,5.154512051,590,806,711,6418,10871,4402,1942,107267,238,1527,125,4.200411588
59.25,5161.128193,5.161128193,592.5,721,786,6387,10965,4560,1960,105616,263,1602,93,4.085864848
59.5,5167.744336,5.167744336,595,773,766,6309,11555,4459,2332,103690,205,1618,201,3.416483818
59.75,5174.360478,5.174360478,597.5,828,772,6238,12286,4319,4526,100412,65,1665,178,3.865550092
60,5180.976621,5.180976621,600,801,749,6189,11935,4371,5011,101009,113,1669,197,3.627066405
60.25,5187.592764,5.187592764,602.5,826,772,6283,11833,4402,2493,102739,94,1571,147,3.763822723
60.5,5194.208906,5.194208906,605,827,781,6368,11617,4560,1636,104679,186,1590,40,3.099417983
60.75,5200.825049,5.200825049,607.5,674,716,6234,10623,4435,1385,106456,321,1580,59,4.415081405
61,5207.441191,5.207441191,610,646,930,6097,9958,4168,1369,106756,138,1555,102,3.076763962
61.25,5214.057334,5.214057334,612.5,651,896,6142,9801,4199,1379,106060,153,1339,154,3.826970443
61.5,5220.673476,5.220673476,615,652,835,6276,9433,4316,1443,106451,253,1347,136,3.354210855
62,5233.905761,5.233905761,620,730,787,6116,9071,4205,1342,107831,145,1274,108,4.99768295
62.5,5240.521904,5.240521904,625,763,833,6085,9258,4371,1247,108113,84,1339,76,4.29497002
62.75,5253.754189,5.253754189,627.5,633,819,5988,8863,4264,1408,106372,158,1481,116,3.455737705
63,5260.370331,5.260370331,630,705,835,6049,8851,4392,1543,108306,120,1320,46,3.531341301
63.75,5266.986474,5.266986474,637.5,691,861,5896,8051,4391,1455,109492,0,1421,127,3.552412646
64,5286.834902,5.286834902,640,714,776,5944,7079,4258,1463,115889,226,1358,26,4.087090998
64.25,5293.451044,5.293451044,642.5,660,827,5770,6941,4213,1506,118668,129,1261,78,3.494195688
64.5,5300.067187,5.300067187,645,615,905,5386,7233,3886,1679,121492,222,1257,103,3.951831333
65.5,5326.531757,5.326531757,655,780,759,6101,6268,4556,7747,103629,111,1109,17,3.498216735
65.75,5333.147899,5.333147899,657.5,766,736,6092,7228,4524,5609,100100,165,1291,35,3.829001368
66.25,5346.380185,5.346380185,662.5,791,740,6294,8355,4484,4412,102155,197,1363,37,3.690383786
66.5,5352.996327,5.352996327,665,758,731,6346,8554,4430,4211,102778,241,1390,66,3.990142211
66.75,5359.61247,5.35961247,667.5,711,706,6182,9470,4357,4153,102122,245,1390,145,4.541282746
67,5366.228612,5.366228612,670,710,688,6126,9466,4477,4127,100936,163,1389,138,3.449066101
67.25,5372.844755,5.372844755,672.5,701,683,6092,9500,4422,4067,100552,96,1277,90,3.675919198
67.5,5379.460897,5.379460897,675,705,703,6280,9532,4477,3873,100497,116,1438,101,3.673685718
67.75,5386.07704,5.38607704,677.5,752,820,6136,9359,4358,3302,100933,82,1424,106,3.071180348
68,5392.693182,5.392693182,680,693,741,5878,9034,4503,2788,101052,126,1368,91,3.320691949
68.25,5399.309325,5.399309325,682.5,630,745,5993,9010,4401,2776,101005,169,1405,86,3.166751853
68.5,5405.925467,5.405925467,685,708,906,6040,8666,4339,2798,101495,9,1494,155,3.009078212
68.75,5412.54161,5.41254161,687.5,742,755,6343,9456,4676,3089,102864,263,1351,55,3.530572268
69,5419.157752,5.419157752,690,713,754,6108,8936,4610,3791,101719,151,1339,111,4.037283833
69.25,5425.773895,5.425773895,692.5,664,849,6214,8490,4567,3512,102324,222,1339,73,3.427202073
69.5,5432.390038,5.432390038,695,704,889,6103,8144,4449,3313,103014,154,1320,112,3.643904483
69.75,5439.00618,5.43900618,697.5,716,905,6038,8533,4529,2811,102876,106,1426,68,2.892614409
70,5445.622323,5.445622323,700,692,738,6123,8218,4471,2372,104298,168,1451,74,3.600988003
70.25,5452.238465,5.452238465,702.5,671,893,6092,8865,4422,2169,104418,216,1197,6,4.023037936
70.5,5458.854608,5.458854608,705,713,808,6247,8520,4309,1990,105294,140,1398,57,4.029005525
70.75,5465.47075,5.46547075,707.5,692,787,6321,8534,4272,1677,106856,0,1214,118,3.686111111
71,5472.086893,5.472086893,710,735,825,6286,8542,4398,1732,106955,234,1219,95,3.031790556
71.25,5478.703035,5.478703035,712.5,718,824,6311,8423,4461,1543,108049,167,1290,44,4.158113509
71.5,5485.319178,5.485319178,715,689,877,6471,8107,4558,1634,109496,221,1274,53,3.933002854
72,5498.551463,5.498551463,720,719,685,6518,8400,4496,1739,110224,191,1344,80,3.053947215
72.25,5505.167606,5.505167606,722.5,826,832,6712,8545,4366,1667,111263,95,1197,206,3.190246769
72.5,5511.783748,5.511783748,725,717,776,6480,8521,4620,1529,112244,216,1345,38,3.429977687
72.75,5518.399891,5.518399891,727.5,844,844,6840,8294,4613,1441,115337,100,1291,111,3.735486625
73,5525.016033,5.525016033,730,743,810,6730,8199,4494,1555,116937,102,1268,148,3.179958349
73.25,5531.632176,5.531632176,732.5,752,829,6611,7763,4597,1688,118001,109,1279,34,3.178681076
73.5,5538.248318,5.538248318,735,838,875,6687,7396,4625,1480,123133,230,1263,93,3.001718213
73.75,5544.864461,5.544864461,737.5,808,939,6516,6500,4486,1599,130783,122,1325,125,3.604256996
74.25,5558.096746,5.558096746,742.5,708,1007,5699,6322,4411,1494,129765,199,1294,32,3.825495587
74.5,5564.712888,5.564712888,745,621,791,5496,6571,3852,2029,111373,104,1217,85,2.882808938
74.75,5571.329031,5.571329031,747.5,545,670,5179,6567,3631,2002,100788,309,1131,10,4.369744745
75,5577.945174,5.577945174,750,593,687,5040,6709,3549,2034,99606,307,1310,107,3.175003182
75.25,5582.633463,5.582633463,752.5,748,856,5857,7795,4204,2185,115153,238,1475,53,4.861302682
75.5,5587.321753,5.587321753,755,784,822,6104,8736,4495,2671,111549,228,1376,50,3.458710846
75.75,5592.010043,5.592010043,757.5,764,729,6163,9058,4354,2702,104520,26,1507,80,3.275756462
76,5596.698333,5.596698333,760,773,756,6062,10693,4153,2959,97800,388,1626,103,3.923249551
76.25,5601.386623,5.601386623,762.5,717,717,6141,12020,4177,2810,93689,426,1643,177,3.424234424
76.5,5606.074913,5.606074913,765,752,684,6075,13504,4241,2602,92946,104,1689,134,3.52691422
76.75,5610.763203,5.610763203,767.5,735,794,6130,12587,4457,2556,94929,218,1846,16,4.668522176
77,5615.451493,5.615451493,770,770,732,6248,12473,4301,2638,95037,79,1724,174,3.7981402
77.25,5620.139783,5.620139783,772.5,736,839,6150,11185,4435,2572,98775,222,1499,182,4.138240575
77.5,5624.828073,5.624828073,775,704,832,5637,11196,4292,2183,98710,228,1638,0,3.548948107
77.75,5629.516363,5.629516363,777.5,688,848,5960,12309,4338,2226,98847,174,1669,72,4.406548673
78,5634.204653,5.634204653,780,715,867,5956,11736,4236,2790,101050,238,1568,127,4.202075099
78.25,5638.892943,5.638892943,782.5,737,794,5695,13305,4166,2147,98576,57,1753,38,5.839249378
78.5,5643.581233,5.643581233,785,801,846,5913,13373,4377,2316,100836,228,1645,7,3.268963744
78.75,5648.269523,5.648269523,787.5,737,779,5643,16446,4319,2326,92363,9,2074,0,3.175467617
79,5652.957813,5.652957813,790,709,802,5545,19293,4171,2356,88538,172,2013,0,3.088039867
79.25,5657.646103,5.657646103,792.5,851,686,6494,14243,4348,2553,100351,81,1723,86,3.48149748
79.5,5662.334393,5.662334393,795,691,695,6423,14147,4279,2709,99981,137,1840,137,3.011492891
79.75,5667.022683,5.667022683,797.5,692,745,6339,13626,4323,2576,98874,172,1768,84,3.2297701
80,5671.710973,5.671710973,800,797,849,6419,13660,4567,2333,97803,211,1712,69,3.093973321
80.25,5676.399263,5.676399263,802.5,721,710,6186,13627,4300,2342,96613,283,1711,140,3.860876249
80.5,5681.087553,5.681087553,805,723,846,6077,13426,4441,2356,96766,187,1550,112,3.559720892
80.75,5685.775843,5.685775843,807.5,732,772,6011,13287,4414,2224,97441,235,1674,67,3.178613396
81,5690.464133,5.690464133,810,754,747,5772,13495,4301,2247,92752,97,1828,141,5.333333333
81.25,5695.152423,5.695152423,812.5,719,718,5623,14603,4263,2302,90097,160,1799,75,3.692467687
81.5,5699.840713,5.699840713,815,710,729,5680,13518,4315,2588,91977,12,1587,99,3.579387951
82,5709.217292,5.709217292,820,699,752,6104,12275,4158,2448,96312,37,1350,149,3.268463469
82.25,5713.905582,5.713905582,822.5,755,677,6232,11650,4259,2426,96289,193,1510,63,4.117608837
82.5,5718.593872,5.718593872,825,728,752,5935,11751,4170,2317,96289,247,1416,136,3.207429599
82.75,5723.282162,5.723282162,827.5,659,783,5915,12080,4273,2438,96665,282,1419,79,4.108515321
83,5727.970452,5.727970452,830,737,740,5990,11358,4247,2351,96709,139,1400,113,4.767073393
83.25,5732.658742,5.732658742,832.5,688,728,5935,11001,4344,2449,96572,270,1483,98,3.414416742
83.5,5737.347032,5.737347032,835,731,707,6058,11193,4422,2352,96912,27,1515,75,3.525871766
83.75,5742.035322,5.742035322,837.5,765,726,5816,10930,4343,2376,96314,275,1373,95,3.469668374
84,5746.723612,5.746723612,840,669,757,5893,11118,4360,2485,96918,183,1575,74,4.469373345
84.25,5751.411902,5.751411902,842.5,765,724,5636,11651,4375,2106,92372,183,1622,33,3.460194963
84.5,5756.100192,5.756100192,845,701,797,5724,11753,4292,2103,95062,9,1494,176,4.212324289
84.75,5760.788482,5.760788482,847.5,807,711,5900,11452,4510,2390,98004,125,1554,136,3.480149214
85,5765.476772,5.765476772,850,768,689,5981,10669,4447,2159,98442,140,1554,127,2.809051003
85.25,5770.165062,5.770165062,852.5,787,760,6103,10973,4432,2120,98694,128,1512,53,2.884457478
85.5,5774.853352,5.774853352,855,695,737,5979,11014,4474,2090,96774,64,1488,82,4.154153994
85.75,5779.541642,5.779541642,857.5,790,714,6178,11072,4465,2155,97539,136,1453,144,4.148489255
86,5784.229932,5.784229932,860,688,810,5944,11201,4531,2212,97766,82,1458,55,3.91298021
86.25,5788.918222,5.788918222,862.5,791,828,5975,11434,4427,1887,96723,136,1613,153,3.665540065
86.5,5793.606512,5.793606512,865,706,785,5964,11466,4438,1981,95930,181,1658,114,3.715031757
86.75,5798.294802,5.798294802,867.5,721,807,5898,11385,4538,1970,95552,202,1543,0,4.255141281
87,5802.983092,5.802983092,870,737,757,5801,11704,4512,1846,95714,75,1550,93,4.77725305
87.25,5807.671382,5.807671382,872.5,784,726,5840,11145,4546,1995,97356,207,1620,67,3.591115008
87.5,5812.359672,5.812359672,875,802,741,5818,11717,4385,1905,93222,91,1881,149,3.19630514
87.75,5817.047962,5.817047962,877.5,744,771,5580,14705,4246,1820,86722,241,1916,64,4.113349321
88,5821.736252,5.821736252,880,752,691,5658,14236,4412,1782,88829,174,1515,83,3.601297053
88.25,5826.424542,5.826424542,882.5,691,724,5814,11676,4491,1774,92315,155,1369,75,3.584980237
88.5,5831.112832,5.831112832,885,769,713,6095,9109,4596,1718,99191,202,1204,73,5.016226784
88.75,5835.801121,5.835801121,887.5,784,727,6187,7348,4817,1937,103070,73,1299,6,4.129068462
89,5840.489411,5.840489411,890,805,688,6096,7154,4845,1941,103907,215,1280,11,3.555601431
89.25,5845.177701,5.845177701,892.5,796,686,6291,7794,4739,2062,103237,0,1461,55,3.990361077
89.5,5849.865991,5.849865991,895,811,705,6233,8274,4604,2126,102705,195,1302,180,4.04329478
89.75,5854.554281,5.854554281,897.5,767,730,6380,8432,4530,2039,103187,140,1362,109,3.42990301
90,5859.242571,5.859242571,900,768,833,6017,8763,4567,2099,101590,223,1443,24,3.151215341
90.25,5863.930861,5.863930861,902.5,768,819,5897,8739,4606,1999,99456,108,1435,0,3.507323197
90.5,5868.619151,5.868619151,905,719,787,5982,9477,4370,2075,97139,187,1534,72,3.765787598
90.75,5873.307441,5.873307441,907.5,788,771,6383,8916,4569,2161,101613,107,1443,103,3.896173242
91,5877.995731,5.877995731,910,706,742,6172,9118,4288,2289,102078,258,1469,112,3.276389226
91.25,5882.684021,5.882684021,912.5,737,763,5981,9255,4493,2146,101128,148,1428,0,3.354742142
91.5,5887.372311,5.887372311,915,704,852,5697,8988,4427,2134,99907,136,1420,74,3.233283057
91.75,5892.060601,5.892060601,917.5,701,834,5705,8584,4463,1991,100990,66,1554,15,3.800811302
92,5896.748891,5.896748891,920,740,777,5681,8757,4341,2142,99732,304,1414,90,3.703595865
92.25,5901.437181,5.901437181,922.5,727,858,5677,8220,4296,2276,100724,246,1326,14,3.653196283
92.5,5906.125471,5.906125471,925,756,787,5927,7378,4632,2378,104340,319,1255,0,4.601160134
92.75,5910.813761,5.910813761,927.5,751,769,6131,7834,4723,2403,105028,291,1329,112,4.252081252
93,5915.502051,5.915502051,930,791,716,6054,7950,4533,2539,105723,292,1193,111,3.993621868
93.25,5920.190341,5.920190341,932.5,769,786,6248,7889,4597,2425,109033,92,1269,81,3.934460888
93.5,5924.878631,5.924878631,935,719,867,6052,7994,4515,2354,106236,194,1231,64,3.755004352
93.75,5929.566921,5.929566921,937.5,710,814,6010,8077,4647,2728,106094,139,1304,66,3.777906304
94,5934.255211,5.934255211,940,774,770,5987,8304,4487,2366,105219,217,1287,132,3.831018857
94.25,5938.943501,5.938943501,942.5,735,874,5850,7841,4484,2366,103459,248,1347,118,3.609423103
94.5,5943.631791,5.943631791,945,711,788,5882,8462,4508,2473,104977,204,1379,51,3.372673974
94.75,5948.320081,5.948320081,947.5,733,862,5882,9019,4302,2642,104329,179,1181,54,3.405032878
95,5953.008371,5.953008371,950,731,804,5937,7982,4415,2713,107041,303,1282,11,5.99977518
95.25,5957.775409,5.957775409,952.5,734,761,5956,7801,4451,2478,108860,236,1399,66,3.858865757
95.5,5962.542447,5.962542447,955,700,763,5924,7898,4520,2490,108580,245,1312,43,3.522161742
95.75,5967.309485,5.967309485,957.5,699,815,5902,8117,4464,2633,110286,181,1153,68,3.417393569
96,5972.076523,5.972076523,960,680,865,5945,7606,4439,2625,110198,257,1178,45,3.523840713
96.25,5976.843562,5.976843562,962.5,708,810,5713,7314,4489,2871,112301,172,1035,104,3.548266667
96.5,5981.6106,5.9816106,965,712,786,5981,6899,4510,3096,111561,219,1152,63,3.248322997
96.75,5986.377638,5.986377638,967.5,748,820,5920,7012,4356,2480,112898,90,1116,120,3.053548759
97,5991.144676,5.991144676,970,648,918,5627,5414,4084,1703,128190,183,1158,65,3.202035432
97.25,5995.911714,5.995911714,972.5,676,933,5555,5304,4108,1990,135100,240,1188,70,3.495186441
97.5,6000.678753,6.000678753,975,735,787,5613,6102,4285,1968,118638,75,1014,17,3.949824615
97.75,6005.445791,6.005445791,977.5,691,772,5982,7138,4203,1821,115393,0,1258,134,4.255647841
98,6010.212829,6.010212829,980,744,775,5987,8117,4420,1730,110789,333,1263,74,3.204692454
98.25,6014.979867,6.014979867,982.5,676,780,5791,8731,4279,1706,107427,138,1310,140,4.101008484
98.5,6019.746905,6.019746905,985,731,873,5855,8595,4349,1733,107033,181,1323,30,3.914947683
98.75,6024.513944,6.024513944,987.5,737,810,5848,9175,4346,1852,106328,242,1358,77,4.584742713
99,6029.280982,6.029280982,990,726,858,5882,9310,4298,1770,105564,172,1381,53,4.036642656
99.25,6034.04802,6.03404802,992.5,676,868,5799,9069,4267,1855,106297,270,1438,103,4.171433241
99.5,6038.815058,6.038815058,995,786,840,5787,8971,4413,2162,107489,336,1245,69,3.45392539
99.75,6043.582096,6.043582096,997.5,670,904,5673,9151,4348,1943,107115,230,1379,106,3.478243133
100,6048.349135,6.048349135,1000,625,812,5852,9098,4453,1672,107382,141,1327,8,4.338873813
100.25,6053.116173,6.053116173,1002.5,692,845,5777,9381,4478,1786,107456,109,1450,88,4.274483226
100.5,6057.883211,6.057883211,1005,723,881,6011,9544,4394,1493,107829,79,1261,0,4.677009346
100.75,6062.650249,6.062650249,1007.5,685,792,6029,8971,4334,1687,108615,147,1335,127,2.767532202
101,6067.417287,6.067417287,1010,716,813,5729,9042,4380,1516,107476,138,1275,87,3.639543392
101.25,6072.184326,6.072184326,1012.5,673,822,5649,8851,4363,1995,104697,29,1369,77,4.26542276
101.5,6076.951364,6.076951364,1015,683,885,5813,9093,4404,3038,104657,154,1375,79,3.309581994
101.75,6081.718402,6.081718402,1017.5,728,789,6095,8972,4594,2753,105521,105,1412,60,3.836420675
102,6086.48544,6.08648544,1020,825,677,6363,9537,4675,1925,108144,226,1365,109,4.363815143
102.25,6091.252478,6.091252478,1022.5,821,782,6125,10954,4633,1602,109783,300,1490,85,3.856011949
102.5,6096.019517,6.096019517,1025,612,912,5783,9206,4397,1654,105896,287,1371,75,4.445816409
102.75,6100.786555,6.100786555,1027.5,637,954,5762,8081,4101,1599,106499,229,1270,84,3.689814815
103,6105.553593,6.105553593,1030,744,869,5938,8391,4341,1590,107208,250,1401,35,3.539898586
103.25,6110.320631,6.110320631,1032.5,679,839,5872,8582,4242,1510,106617,275,1318,86,4.730072464
103.5,6115.087669,6.115087669,1035,640,893,5926,8690,4335,1506,106088,181,1248,0,3.972359616
104,6124.621746,6.124621746,1040,705,872,5758,8324,4224,1650,106214,147,1227,15,3.292544034
104.25,6129.388784,6.129388784,1042.5,747,814,6016,8521,4309,1587,107366,150,1315,65,3.094414292
104.5,6134.155822,6.134155822,1045,636,914,5689,8169,4341,1676,106759,232,1263,44,4.571299964
105,6143.689899,6.143689899,1050,646,813,5638,8703,4189,2379,107626,202,1273,14,4.251614987
105.25,6148.456937,6.148456937,1052.5,660,728,5806,9250,4228,3158,101549,346,1292,31,3.077801896
105.5,6153.223975,6.153223975,1055,693,819,5749,9315,4177,3155,99822,227,1274,23,3.969651442
105.75,6157.991013,6.157991013,1057.5,613,838,5814,9816,4166,3076,97833,307,1499,167,4.128586773
106,6162.758051,6.162758051,1060,697,858,5608,10539,4082,3415,94687,117,1489,121,4.519973145
106.25,6167.52509,6.16752509,1062.5,626,854,5582,10782,4184,3131,93737,261,1578,0,4.081682045
106.5,6172.292128,6.172292128,1065,621,837,5283,10466,4019,2758,94151,282,1594,0,3.794037552
106.75,6177.059166,6.177059166,1067.5,646,810,5396,10940,3900,2518,95545,79,1469,168,4.036140841
107,6181.826204,6.181826204,1070,650,923,5269,11037,3978,2600,94314,334,1619,137,3.317126644
107.25,6186.593242,6.186593242,1072.5,629,938,5208,10771,4145,2442,94801,254,1655,9,3.287374602
107.5,6191.360281,6.191360281,1075,575,1013,5145,10845,3803,2220,96210,219,1529,137,4.64596164
107.75,6196.127319,6.196127319,1077.5,577,1006,5018,10585,3942,2349,99127,211,1450,43,4.266407964
108,6200.894357,6.200894357,1080,641,904,5360,10543,4045,2767,99004,240,1483,115,2.91415577
108.25,6205.661395,6.205661395,1082.5,598,974,5502,9517,3910,2287,102925,287,1460,84,4.24387158
108.5,6210.428433,6.210428433,1085,562,974,5278,9464,3792,2163,103669,298,1424,47,3.991917378
108.75,6215.195472,6.215195472,1087.5,539,1211,5242,9982,3849,2628,99427,299,1528,101,4.257152199
109,6219.96251,6.21996251,1090,663,867,5561,10989,4277,3007,94745,182,1614,129,3.367569753
109.25,6224.729548,6.224729548,1092.5,699,868,5748,12030,4238,2726,93035,167,1681,84,3.612253017
109.5,6229.496586,6.229496586,1095,665,749,5777,11787,4330,2721,93521,147,1551,118,3.963731391
109.75,6234.263624,6.234263624,1097.5,613,842,5723,11175,4289,2400,91213,316,1538,139,3.214714114
110,6239.030663,6.239030663,1100,686,861,5688,10563,4290,2377,91402,147,1399,167,3.724037258
110.25,6243.797701,6.243797701,1102.5,741,824,5877,11026,4382,2266,90751,188,1777,0,3.254996473
110.5,6248.564739,6.248564739,1105,725,820,5884,11824,4232,2299,90116,296,1696,65,3.238470191
110.75,6253.331777,6.253331777,1107.5,716,860,5773,11359,4299,2215,91549,242,1713,69,2.816787388
111,6258.098815,6.258098815,1110,698,879,5735,9995,4308,2404,90947,140,1369,85,3.33153308
111.25,6262.865854,6.262865854,1112.5,689,794,5971,7879,4468,2711,95652,22,1288,25,4.055917395
111.5,6267.632892,6.267632892,1115,716,773,5972,6434,4664,2294,98589,75,1247,15,3.262755731
111.75,6272.39993,6.27239993,1117.5,821,726,6454,6140,4657,2561,101385,114,1136,107,4.027697016
112,6277.166968,6.277166968,1120,742,782,6492,5474,4463,2945,104370,252,1189,116,3.436082339
112.25,6281.934006,6.281934006,1122.5,778,702,6241,5610,4487,3422,105956,359,1246,178,3.81077147
112.5,6286.701045,6.286701045,1125,784,712,6340,6007,4537,3228,107047,181,1190,168,3.876352396
112.75,6291.468083,6.291468083,1127.5,739,750,6292,6043,4531,3041,107347,189,1245,114,3.50474198
113,6296.235121,6.296235121,1130,728,796,5929,6559,4472,3163,107126,84,1285,116,3.670029674
113.25,6301.002159,6.301002159,1132.5,740,807,6088,6995,4654,3351,105024,262,1206,78,3.305703521
113.5,6305.769197,6.305769197,1135,715,832,6170,6991,4570,3094,105304,133,1333,89,3.47074793
113.75,6310.536236,6.310536236,1137.5,676,766,6179,7191,4420,3702,105990,279,1307,61,3.147142328
114,6315.303274,6.315303274,1140,715,743,6134,7953,4565,4844,105140,224,1301,0,4.067249181
114.25,6320.070312,6.320070312,1142.5,684,807,6039,8480,4460,3260,106967,187,1406,71,5.05642447
114.5,6324.83735,6.32483735,1145,696,813,6053,8857,4374,3025,107876,5,1297,123,6.961372231
114.75,6329.604388,6.329604388,1147.5,717,805,5980,9171,4408,3219,107526,56,1445,110,4.737417159
115,6334.371427,6.334371427,1150,795,858,5799,9550,4499,3083,106518,249,1527,37,3.847291384
115.25,6339.036266,6.339036266,1152.5,652,874,5900,10009,4310,2838,104591,236,1362,21,3.757667321
115.5,6343.701106,6.343701106,1155,771,846,5997,9423,4382,2927,106668,167,1451,50,3.58341213
115.75,6348.365945,6.348365945,1157.5,644,841,5797,8753,4331,2790,106108,220,1346,69,3.724852071
116.25,6357.695624,6.357695624,1162.5,732,878,5900,9266,4303,1880,110058,232,1313,97,3.460591814
116.5,6362.360464,6.362360464,1165,716,797,5788,9622,4219,1702,108837,262,1408,86,3.711549376
116.75,6367.025303,6.367025303,1167.5,664,824,5882,9542,4320,1626,108494,245,1459,117,3.356277327
117,6371.690143,6.371690143,1170,659,846,5851,9068,4248,1501,107031,331,1531,59,3.826976472
117.25,6376.354982,6.376354982,1172.5,636,903,5554,9242,4315,1456,109131,153,1390,21,3.571653769
117.75,6385.684661,6.385684661,1177.5,688,858,5505,9178,4285,1498,111258,132,1361,19,3.902882688
118,6390.349501,6.390349501,1180,704,792,5728,9379,4298,1432,109801,232,1469,48,4.074883497
118.25,6395.01434,6.39501434,1182.5,684,838,5767,9302,4269,1328,108328,176,1502,35,3.586444008
118.5,6399.67918,6.39967918,1185,655,861,5524,9860,4331,1461,108608,61,1475,111,3.519366197
118.75,6404.344019,6.404344019,1187.5,713,848,5694,10154,4399,1331,108912,264,1569,74,4.191860465
119,6409.008858,6.409008858,1190,675,908,5731,10059,4285,1628,107909,160,1558,129,3.333504164
119.25,6413.673698,6.413673698,1192.5,608,955,5586,10100,4134,2527,105036,161,1507,68,3.979175963
119.5,6418.338537,6.418338537,1195,652,847,5736,11128,4413,4120,102731,228,1652,0,3.511068069
119.75,6423.003377,6.423003377,1197.5,685,900,5771,11677,4357,5377,104128,118,1534,38,3.10235378
120,6427.668216,6.427668216,1200,631,917,5703,11457,4359,2495,107249,9,1478,48,4.382907695
120.25,6432.333056,6.432333056,1202.5,639,971,5635,9723,4247,1730,110015,106,1468,114,3.480292172
120.5,6436.997895,6.436997895,1205,621,985,5357,9036,4163,1709,111063,77,1326,105,3.176470588
120.75,6441.662735,6.441662735,1207.5,594,945,5219,8121,4258,1628,113835,270,1297,60,3.670105968
121,6446.327574,6.446327574,1210,616,948,5231,7632,4122,1643,114850,224,1191,71,4.813273994
121.25,6450.992414,6.450992414,1212.5,686,944,5316,6936,4198,1583,114436,174,1274,100,4.006957328
121.5,6455.657253,6.455657253,1215,638,860,5513,7570,4306,1635,107964,163,1418,122,3.557588805
121.75,6460.322093,6.460322093,1217.5,671,892,5618,8713,4303,1641,109623,174,1465,45,3.236037402
122,6464.986932,6.464986932,1220,636,906,5623,7703,4479,1773,118949,202,1236,0,2.965555556
122.25,6469.651772,6.469651772,1222.5,633,988,5242,7196,4102,1558,119481,274,1251,5,4.345073933
122.5,6474.316611,6.474316611,1225,643,946,5197,8381,4177,1877,118361,91,1368,66,3.624326936
122.75,6478.981451,6.478981451,1227.5,692,818,5132,10048,4131,1912,108599,260,1495,44,4.089191353
123,6483.64629,6.48364629,1230,702,930,5245,10121,4323,2240,109384,279,1725,21,3.515207863
123.25,6488.31113,6.48831113,1232.5,580,906,4896,10699,4180,1975,104804,155,1790,65,3.359092068
123.5,6492.975969,6.492975969,1235,657,881,4919,10575,4204,2201,105138,99,1689,44,3.682598402
124,6502.305648,6.502305648,1240,686,915,5396,11198,4215,3507,103204,160,1631,0,4.388247825
124.5,6511.635327,6.511635327,1245,607,894,5674,12801,4256,3388,95589,133,1779,67,3.727605119
124.75,6516.300167,6.516300167,1247.5,587,898,5556,13028,4196,2994,91881,212,1789,59,4.36239082
125,6520.965006,6.520965006,1250,594,888,5692,13911,4218,3061,92680,225,1902,82,4.38393314
125.25,6525.629846,6.525629846,1252.5,630,959,5543,14389,4301,2946,92292,169,1860,80,3.378291672
125.5,6530.294685,6.530294685,1255,609,806,5645,14214,4442,2893,92004,227,1823,0,3.643788996
125.75,6534.959525,6.534959525,1257.5,650,846,5583,13885,4293,2744,91556,127,1702,95,3.469340585
126,6539.624364,6.539624364,1260,683,799,5734,13598,4238,2625,93184,159,1852,90,3.54788892
126.5,6548.954043,6.548954043,1265,608,879,5432,13802,4285,2285,91212,74,1638,74,3.449958529
126.75,6553.618883,6.553618883,1267.5,624,831,5510,12007,4207,2326,94977,135,1443,61,3.151377306
127,6558.283722,6.558283722,1270,698,903,5608,12042,4301,2251,95966,38,1549,64,2.933178654
127.25,6562.948562,6.562948562,1272.5,707,864,5655,11919,4405,2118,97085,0,1632,23,2.946628571
127.5,6567.613401,6.567613401,1275,688,851,5758,11009,4283,2336,98897,96,1716,182,4.13547486
127.75,6572.278241,6.572278241,1277.5,637,813,5735,9999,4454,2503,100488,127,1411,40,3.62546262
128,6576.94308,6.57694308,1280,732,832,5934,9096,4548,1985,102856,201,1449,117,2.956085027
128.25,6581.60792,6.58160792,1282.5,702,840,5904,9478,4407,2319,100184,4,1421,94,4.552876712
128.5,6586.272759,6.586272759,1285,697,820,6041,9747,4492,2156,101429,104,1468,92,4.221927351
128.75,6590.937599,6.590937599,1287.5,746,786,5941,9723,4457,2150,101938,322,1639,165,4.457108056
129,6595.602438,6.595602438,1290,666,768,5953,10110,4553,2109,101261,133,1565,0,3.875077304
129.25,6600.267278,6.600267278,1292.5,699,794,5768,9638,4463,2337,101540,287,1457,92,4.383883884
129.5,6604.932117,6.604932117,1295,712,874,5864,9700,4461,2521,101388,76,1503,36,4.549068323
130,6614.261796,6.614261796,1300,697,793,5780,9724,4567,2202,103560,160,1528,50,3.361969904
130.25,6618.926635,6.618926635,1302.5,769,828,5873,10143,4388,2152,103406,180,1431,59,3.480978261
130.5,6623.591475,6.623591475,1305,711,827,5850,9856,4374,2356,104091,140,1385,57,3.553466667
130.75,6628.256314,6.628256314,1307.5,760,793,5881,9301,4514,2088,104311,80,1367,96,3.444261846
131,6632.921154,6.632921154,1310,704,751,5983,8704,4460,2196,106991,235,1473,65,3.278544389
131.25,6637.585993,6.637585993,1312.5,765,835,6108,8325,4428,1995,106870,186,1327,98,3.706400551
131.5,6642.250833,6.642250833,1315,735,787,6058,8552,4415,1956,106491,105,1380,63,3.344385319
131.75,6646.915672,6.646915672,1317.5,702,827,6056,9207,4478,2329,106112,149,1262,65,2.957696693
132,6651.580512,6.651580512,1320,684,728,6066,8965,4379,2119,107069,77,1397,0,2.83781372
132.25,6656.245351,6.656245351,1322.5,716,773,6149,9032,4374,2094,107087,102,1382,129,3.715392486
132.5,6660.910191,6.660910191,1325,690,800,5974,9433,4333,1963,106443,194,1302,102,4.001264422
132.75,6665.57503,6.66557503,1327.5,745,800,6103,9427,4472,2011,107318,249,1472,42,3.132411305
133,6670.23987,6.67023987,1330,719,732,5992,9286,4363,1994,107019,103,1362,59,3.154770665
133.75,6684.234388,6.684234388,1337.5,673,834,6042,8763,4567,1760,107971,0,1318,0,3.783763162
134,6688.899228,6.688899228,1340,619,889,5910,8650,4390,1701,107100,120,1345,66,3.919088136
135.25,6712.239022,6.712239022,1352.5,711,829,5884,7377,4445,1857,112268,152,1330,46,3.843446244
135.5,6716.919458,6.716919458,1355,614,814,5971,7864,4353,1652,110018,272,1366,78,3.563213811
135.75,6721.599895,6.721599895,1357.5,720,879,5958,8101,4298,1715,108715,196,1405,119,4.295571898
136,6726.280331,6.726280331,1360,705,768,5840,8194,4227,1660,109737,273,1321,137,3.18984052
136.5,6735.641203,6.735641203,1365,657,862,5598,7109,4274,1444,113360,75,1120,52,4.060908798
136.75,6740.321639,6.740321639,1367.5,643,942,5610,6528,4044,1525,115406,289,1197,50,3.70974127
137,6745.002076,6.745002076,1370,673,836,5771,7644,4007,1689,115217,349,1384,147,4.106270096
137.25,6749.682512,6.749682512,1372.5,716,783,5918,8350,4416,1654,111099,131,1345,0,3.006473988
137.5,6754.362948,6.754362948,1375,799,742,6003,8422,4436,1808,111092,84,1343,0,4.391188695
137.75,6759.043384,6.759043384,1377.5,718,807,5905,7912,4375,1627,112668,230,1302,70,4.001389103
138.25,6768.404257,6.768404257,1382.5,730,829,5994,8341,4613,1671,114193,183,1273,18,3.633695499
138.5,6773.084693,6.773084693,1385,706,892,5966,8211,4331,1669,113117,110,1346,107,4.380346232
138.75,6777.765129,6.777765129,1387.5,617,840,5103,7665,4229,1575,109319,259,1317,0,3.44375
139,6782.445566,6.782445566,1390,671,813,5537,7869,4147,1592,112412,245,1326,93,5.132064247
139.25,6787.126002,6.787126002,1392.5,620,766,5383,8224,4244,1650,107785,143,1415,0,3.399835233
139.5,6791.806438,6.791806438,1395,639,823,5440,8891,4242,1906,104296,321,1598,49,3.794014887
140,6801.167311,6.801167311,1400,672,701,5568,10621,4234,2099,99481,145,1674,100,3.26975402
140.25,6805.847747,6.805847747,1402.5,699,826,5322,11352,4151,1922,95041,80,1872,104,2.758111434
140.5,6810.528183,6.810528183,1405,654,803,5167,11143,4247,1845,96878,199,1698,74,4.426284901
140.75,6815.208619,6.815208619,1407.5,694,737,5408,10914,4279,1940,99336,242,1659,125,4.01910516
141,6819.889056,6.819889056,1410,682,769,5247,11406,4374,1988,98270,118,1666,16,3.922980392
141.25,6824.569492,6.824569492,1412.5,651,814,5308,11385,4263,1911,98613,291,1726,117,4.223183103
141.5,6829.249928,6.829249928,1415,699,727,5608,12037,4323,1972,97407,204,1751,80,3.421447064
141.75,6833.930364,6.833930364,1417.5,784,683,5652,13189,4445,1990,95707,104,1846,102,3.573382353
142.25,6843.291237,6.843291237,1422.5,747,733,5320,15700,4236,1827,91735,144,2223,75,3.95150587
142.5,6847.971673,6.847971673,1425,733,826,4945,18305,4225,1740,87982,217,2640,12,3.480351231
143,6857.332546,6.857332546,1430,689,763,4861,19923,4013,1711,86443,9,2575,26,3.221230297
143.25,6862.012982,6.862012982,1432.5,668,722,5168,15505,4034,1565,87085,0,1951,33,4.247822222
143.5,6866.693418,6.866693418,1435,691,775,5558,12890,4110,2078,93094,103,1588,149,4.213431786
143.75,6871.373854,6.871373854,1437.5,697,764,5865,11916,4205,1880,96850,231,1808,140,4.165218844
144.25,6880.734727,6.880734727,1442.5,672,774,5789,12360,4289,1960,99068,148,1728,29,3.709942723
144.5,6885.415163,6.885415163,1445,647,799,5585,11825,4089,1760,99229,81,1610,107,3.203551377
144.75,6890.095599,6.890095599,1447.5,676,802,5594,11634,4243,1902,99203,138,1574,43,4.981773998
145,6894.776036,6.894776036,1450,621,809,5526,11295,4090,1678,99463,112,1609,7,3.525017618
145.25,6899.456472,6.899456472,1452.5,644,856,5497,11391,4184,1963,98940,88,1572,69,3.985197881
145.5,6904.136908,6.904136908,1455,668,810,5459,11136,4101,1711,98770,147,1569,77,3.481441048
145.75,6908.817344,6.908817344,1457.5,699,689,5626,11356,4247,1773,100529,136,1527,55,3.785018727
146,6913.497781,6.913497781,1460,691,775,5663,12015,4328,1812,100297,172,1630,114,3.327749257
146.25,6918.178217,6.918178217,1462.5,705,739,5617,11672,4343,1802,101112,145,1652,34,4.043420174
146.5,6922.858653,6.922858653,1465,648,809,5601,11345,4117,1690,99637,277,1604,82,3.550926591
146.75,6927.539089,6.927539089,1467.5,651,856,5478,12211,4035,1662,100739,154,1726,154,4.733919736
147.5,6941.580398,6.941580398,1475,732,829,5894,12606,4369,2002,103014,113,1703,62,4.630458919
148.25,6955.621707,6.955621707,1482.5,683,1096,5859,13848,4582,1900,113030,233,1736,126,3.93266391
150.25,6993.065197,6.993065197,1502.5,781,788,5719,13482,4152,2049,107126,255,1479,153,3.344144903
150.5,6997.745633,6.997745633,1505,731,883,5749,13276,4146,1923,105781,331,1835,143,3.255362877
150.75,7002.426069,7.002426069,1507.5,753,937,5685,14614,3946,1951,104618,74,1908,188,3.592751755
151,7007.106505,7.007106505,1510,774,887,5133,17378,4102,1785,97824,199,2270,163,2.947440528
151.25,7011.786942,7.011786942,1512.5,743,803,5475,17285,4000,2121,96175,325,2233,103,3.40052248
151.5,7016.467378,7.016467378,1515,804,676,6127,14877,4154,2365,96900,121,1912,173,2.903895158
151.75,7021.147814,7.021147814,1517.5,807,738,5672,15489,4066,2096,96152,149,1906,214,3.427530954
152,7025.82825,7.02582825,1520,852,685,5725,14742,4092,2176,96352,210,1952,154,3.617372687
152.25,7030.508687,7.030508687,1522.5,821,747,6060,14976,4217,2397,95645,266,1855,206,3.394583333
152.5,7035.189123,7.035189123,1525,745,778,5638,15020,4245,2488,93071,280,1981,156,2.979086269
152.75,7039.869559,7.039869559,1527.5,719,773,5807,14791,4318,2416,94192,195,1928,102,3.311504425
153,7044.549995,7.044549995,1530,792,813,5645,14720,4201,2259,95436,100,1802,184,3.720082097
153.25,7049.230432,7.049230432,1532.5,701,745,5674,13524,4191,2394,94622,167,1776,91,3.276772143
153.5,7053.910868,7.053910868,1535,793,846,5780,14486,4410,2223,96033,151,1913,95,3.440997391
153.75,7058.591304,7.058591304,1537.5,848,675,5505,16023,4155,2082,90518,146,2254,195,2.939468568
154,7063.27174,7.06327174,1540,745,688,5360,17399,4187,2062,88482,50,2263,74,3.547327044
154.25,7067.952177,7.067952177,1542.5,776,750,5523,14900,4211,1939,91879,241,1842,96,2.759042849
154.5,7072.632613,7.072632613,1545,736,723,5915,13634,4325,1994,96674,158,1609,119,3.161811882
154.75,7077.313049,7.077313049,1547.5,805,757,5747,13205,4584,2104,97660,119,1408,29,3.424531025
155,7081.993485,7.081993485,1550,829,700,5978,11645,4491,2157,101395,118,1468,62,3.438746047
155.25,7088.16524,7.08816524,1552.5,792,744,6102,10505,4499,2146,103412,198,1315,186,3.084986191
155.5,7094.336994,7.094336994,1555,848,713,6223,9886,4645,2241,106155,176,1302,184,3.332921641
155.75,7100.508748,7.100508748,1557.5,881,683,6084,9859,4570,2325,106866,140,1401,201,3.552576705
156,7106.680502,7.106680502,1560,777,800,6046,10094,4543,2252,106464,275,1434,162,3.267720617
156.25,7112.852256,7.112852256,1562.5,820,794,6407,10054,4823,2359,107492,176,1442,56,3.040151219
156.5,7119.024011,7.119024011,1565,816,746,6498,10398,4578,2725,109623,87,1519,188,3.812653186
156.75,7125.195765,7.125195765,1567.5,842,716,6408,10656,4686,2287,109649,243,1530,79,3.035215696
157,7131.367519,7.131367519,1570,860,748,6413,10592,4684,2343,108730,95,1604,89,3.333815219
157.25,7137.539273,7.137539273,1572.5,882,725,6398,10390,4738,2572,107670,247,1660,143,3.986130374
157.5,7143.711027,7.143711027,1575,849,770,6553,10703,4723,2399,108558,211,1554,152,3.848380839
157.75,7149.882782,7.149882782,1577.5,784,834,6365,10820,4524,2461,107443,223,1610,226,3.701762246
158,7156.054536,7.156054536,1580,806,727,6437,10862,4728,2466,109102,227,1642,178,2.990623478
158.25,7162.22629,7.16222629,1582.5,868,775,6334,10398,4651,2182,111031,105,1620,154,3.433957034
158.5,7168.398044,7.168398044,1585,852,776,6442,9621,4743,2553,113041,149,1439,138,3.513805186
158.75,7174.569798,7.174569798,1587.5,846,747,6397,9662,4667,2179,112999,121,1510,160,3.052107728
159,7180.741553,7.180741553,1590,822,733,6301,9558,4708,2004,111777,157,1409,155,3.40524167
159.25,7186.913307,7.186913307,1592.5,818,738,6206,9765,4650,1932,111272,115,1474,146,3.569793103
159.5,7193.085061,7.193085061,1595,827,714,6501,9928,4812,2075,113140,201,1543,91,3.01210947
159.75,7199.256815,7.199256815,1597.5,788,809,6371,10267,4719,1886,112240,168,1586,34,3.14467676
160,7205.42857,7.20542857,1600,834,808,6211,9627,4549,2054,111797,170,1537,154,3.478792038
160.25,7211.600324,7.211600324,1602.5,803,806,6331,10893,4706,2014,110189,228,1541,205,3.263661546
160.5,7217.772078,7.217772078,1605,856,798,6381,11285,4467,2049,109555,311,1588,80,3.591105704
160.75,7223.943832,7.223943832,1607.5,770,885,6097,11861,4520,1936,108741,289,1505,179,3.533863985
161,7230.115586,7.230115586,1610,761,711,6388,11737,4556,2126,108542,104,1617,115,3.730427301
161.25,7236.287341,7.236287341,1612.5,851,709,6376,12794,4490,2388,107767,365,1634,208,3.889368925
161.5,7242.459095,7.242459095,1615,777,725,6283,12067,4354,2292,107635,176,1577,129,3.620841272
161.75,7248.630849,7.248630849,1617.5,805,789,6252,12168,4450,2300,107710,172,1666,123,3.575928804
162,7254.802603,7.254802603,1620,852,736,5990,12845,4087,2019,105690,165,1623,169,3.857501964
162.25,7260.974357,7.260974357,1622.5,788,774,5947,14221,4232,1883,103814,180,1663,187,3.509064954
162.5,7267.146112,7.267146112,1625,735,825,5688,14460,4038,1829,100680,310,1661,100,3.463708005
162.75,7273.317866,7.273317866,1627.5,782,782,5803,14451,4314,2086,103638,47,1674,83,3.904942365
163,7279.48962,7.27948962,1630,738,707,5730,14999,4192,2003,102579,322,1644,105,3.618231176
163.25,7285.661374,7.285661374,1632.5,847,689,5683,14012,4303,2038,105000,228,1684,106,2.855868222
163.5,7291.833128,7.291833128,1635,847,752,5979,13390,4284,1955,105362,135,1641,110,3.335966226
163.75,7298.004883,7.298004883,1637.5,807,725,5833,12689,4293,1929,105272,202,1610,111,3.423261555
164,7304.176637,7.304176637,1640,758,744,5889,11364,4235,1874,105563,199,1545,125,3.597376387
164.25,7310.348391,7.310348391,1642.5,795,718,5935,11272,4235,2085,107166,96,1522,172,3.52668942
164.5,7316.520145,7.316520145,1645,743,782,5910,10682,4172,2249,105878,101,1508,146,3.099299496
164.75,7322.691899,7.322691899,1647.5,743,726,5789,11156,4251,1944,106178,157,1541,146,3.679583836
165,7328.863654,7.328863654,1650,719,760,5822,11302,4474,2042,105801,211,1515,92,3.333917026
165.25,7335.035408,7.335035408,1652.5,701,744,5850,11290,4283,1914,105353,160,1475,48,2.646470828
165.5,7341.207162,7.341207162,1655,757,691,5992,10854,4226,1985,105451,135,1503,183,3.013156214
165.75,7347.378916,7.347378916,1657.5,744,744,5775,10283,4218,1702,106870,205,1460,121,3.211617706
166,7353.55067,7.35355067,1660,722,756,5704,9776,4125,1893,102700,185,1413,119,3.288968659
166.25,7359.722425,7.359722425,1662.5,736,665,5749,9271,4248,2144,105332,228,1418,80,3.052538071
166.5,7365.894179,7.365894179,1665,742,787,5778,8716,4192,2508,113712,120,1329,172,3.429094638
166.75,7372.065933,7.372065933,1667.5,629,779,4965,7054,3891,2607,113000,203,1155,0,3.302629688
167,7378.237687,7.378237687,1670,670,916,5356,6777,4053,2520,119653,114,1192,68,3.592907167
167.25,7384.409441,7.384409441,1672.5,617,1046,5341,7083,4060,2486,125083,150,1230,111,3.068009119
167.5,7390.581196,7.390581196,1675,679,964,5645,8066,4018,2507,122760,141,1273,196,3.231702544
167.75,7396.75295,7.39675295,1677.5,689,797,5637,8251,4147,2398,121217,53,1348,82,3.474652436
168,7402.924704,7.402924704,1680,761,807,5642,8967,4256,2177,119989,158,1492,103,2.828904947
168.25,7409.096458,7.409096458,1682.5,718,777,6239,10195,4457,1901,113100,252,1517,119,3.079366954
168.5,7415.268213,7.415268213,1685,727,745,5982,10412,4534,2039,110453,295,1626,32,4.433449477
168.75,7421.439967,7.421439967,1687.5,794,781,6170,11126,4396,2273,110349,127,1479,131,3.548001167
169,7427.611721,7.427611721,1690,714,804,6076,11275,4225,2634,109836,135,1529,168,2.944410656
169.25,7433.783475,7.433783475,1692.5,756,783,6079,10810,4376,2735,107941,282,1621,172,2.788268644
169.5,7439.955229,7.439955229,1695,734,799,6112,10692,4570,2603,106639,222,1522,122,3.754309699
169.75,7446.126984,7.446126984,1697.5,721,770,5953,10403,4379,4049,105650,78,1496,149,2.733217843
170,7452.298738,7.452298738,1700,851,773,5951,11257,4431,8274,105492,207,1438,188,2.92898914
170.25,7458.470492,7.458470492,1702.5,803,699,6188,9984,4555,6742,108529,208,1528,99,2.97270594
170.5,7464.642246,7.464642246,1705,757,712,6073,9636,4509,4845,108363,188,1334,138,3.417213
170.75,7470.814,7.470814,1707.5,809,727,6014,8914,4321,3252,109436,350,1356,174,3.151979566
171,7476.985755,7.476985755,1710,730,735,5940,8357,4452,2688,113760,191,1345,133,4.212256077
171.25,7483.157509,7.483157509,1712.5,748,740,5980,8228,4384,2764,114494,169,1305,97,3.675141653
171.5,7489.329263,7.489329263,1715,732,708,6133,8220,4523,2701,114175,169,1286,146,3.33310956
171.75,7495.501017,7.495501017,1717.5,813,734,6082,7912,4456,2614,114056,186,1125,152,3.416967751
172,7501.672771,7.501672771,1720,842,714,6091,6900,4397,2609,120226,144,1268,128,3.18017464
172.25,7507.844526,7.507844526,1722.5,816,804,5995,6704,4517,2628,123764,301,1204,18,3.472310018
172.5,7514.01628,7.51401628,1725,771,837,6104,8069,4364,2279,118970,144,1326,141,3.544180294
172.75,7520.188034,7.520188034,1727.5,799,742,6258,9609,4640,3554,111548,190,1570,116,2.789206692
173,7526.359788,7.526359788,1730,839,780,6329,10247,4605,3901,109630,120,1463,146,3.171488625
173.25,7532.531542,7.532531542,1732.5,795,767,6323,9817,4559,3264,108790,74,1458,112,4.538736166
173.5,7538.703297,7.538703297,1735,802,721,6313,9591,4687,2580,109226,85,1337,132,2.997470974
173.75,7544.875051,7.544875051,1737.5,787,657,6522,9885,4660,2704,110799,173,1416,126,3.437669552
174,7551.046805,7.551046805,1740,829,727,6286,9751,4744,2403,112792,213,1330,115,4.06999382
174.25,7557.218559,7.557218559,1742.5,737,762,6409,7905,4434,2073,114503,274,1414,81,4.075497085
174.5,7563.390313,7.563390313,1745,820,718,6389,7828,4629,2138,112106,155,1381,102,4.466062603
174.75,7569.562068,7.569562068,1747.5,763,855,6122,7186,4214,1939,112763,224,1137,99,3.193017515
175,7575.733822,7.575733822,1750,691,880,5856,6228,4193,1607,118793,351,1145,108,3.231698299
175.25,7582.825299,7.582825299,1752.5,663,926,5747,6271,4119,1812,121321,379,1166,54,3.549141966
175.5,7589.916776,7.589916776,1755,730,829,5786,7344,4148,1926,117652,229,1355,127,4.676802622
175.75,7597.008253,7.597008253,1757.5,737,815,5891,8639,4274,2205,115667,245,1380,62,3.21141311
176,7604.099729,7.604099729,1760,721,840,6138,9082,4305,2046,113957,204,1415,34,3.629730096
176.25,7611.191206,7.611191206,1762.5,775,782,6340,10190,4280,2053,112338,384,1562,177,3.598260125
176.5,7618.282683,7.618282683,1765,721,723,6077,10719,4256,2455,107795,173,1512,218,2.991127856
176.75,7625.37416,7.62537416,1767.5,832,730,6319,11753,4424,2535,108781,179,1549,135,3.419690467
177,7632.465637,7.632465637,1770,819,707,6413,12240,4453,2600,109285,102,1666,133,3.937659224
177.25,7639.557114,7.639557114,1772.5,795,767,6196,12108,4320,2489,108904,318,1687,153,4.054458704
177.5,7646.648591,7.646648591,1775,721,801,5983,12748,4350,2140,108740,19,1714,181,4.061606703
177.75,7653.740068,7.653740068,1777.5,704,822,6202,12677,4080,2338,105115,96,1794,204,2.564931834
178,7660.831544,7.660831544,1780,842,704,6305,13475,4419,2250,103293,288,1775,87,3.223040165
178.25,7667.923021,7.667923021,1782.5,816,748,6179,14154,4337,2266,103852,237,1644,142,3.302696241
178.5,7675.014498,7.675014498,1785,789,710,6126,13623,4536,2078,103519,140,1725,103,3.488804004
178.75,7682.105975,7.682105975,1787.5,822,687,6136,13665,4408,2000,104055,163,1698,53,4.009339775
179,7689.197452,7.689197452,1790,787,677,6271,13057,4438,2300,103939,259,1528,91,4.252629734
179.25,7696.288929,7.696288929,1792.5,776,748,6008,12845,4254,2472,103983,253,1508,185,4.171112999
179.5,7703.380406,7.703380406,1795,706,714,6189,11538,4430,2100,108100,238,1659,73,3.795679568
179.75,7710.471883,7.710471883,1797.5,804,758,6042,11462,4211,2873,109546,8,1514,128,3.621543936
180,7717.563359,7.717563359,1800,710,762,5775,12062,4328,4010,107227,296,1579,114,3.32765731
180.25,7724.654836,7.724654836,1802.5,762,786,6015,11785,4219,2101,107053,154,1521,121,3.887235002
180.5,7731.746313,7.731746313,1805,661,984,5283,11828,3770,1780,115178,178,1600,72,3.681035633
180.75,7738.83779,7.73883779,1807.5,710,928,5463,12653,3903,1670,112677,258,1634,37,2.992269774
181,7745.929267,7.745929267,1810,726,798,5831,14522,4232,1971,102077,271,1873,70,3.726113694
181.25,7753.020744,7.753020744,1812.5,711,824,5870,17336,4211,2205,98094,272,1995,154,3.077460473
181.5,7760.112221,7.760112221,1815,745,804,5774,17414,4383,2315,97140,178,1997,104,2.819260766
181.75,7767.203698,7.767203698,1817.5,756,786,5952,18483,4417,2327,96245,175,2079,68,4.196693657
182,7774.295174,7.774295174,1820,791,781,5966,20100,4495,2273,95026,157,2204,138,3.95545657
182.25,7781.386651,7.781386651,1822.5,798,697,6011,19723,4203,2403,95157,92,2044,145,3.290822408
182.5,7788.478128,7.788478128,1825,785,765,6038,19785,4242,2495,93720,70,2190,137,4.934377011
182.75,7795.569605,7.795569605,1827.5,800,700,6048,19624,4330,2483,94059,252,2039,99,3.47870986
183,7802.661082,7.802661082,1830,824,738,5975,19511,4288,2681,94661,222,2076,154,3.571907818
183.25,7809.752559,7.809752559,1832.5,790,788,5995,19758,4324,2583,95672,166,2196,133,3.551241793
183.5,7816.844036,7.816844036,1835,740,807,5760,19407,4270,2442,94864,245,2214,179,2.525874712
183.75,7823.935513,7.823935513,1837.5,825,819,5856,20207,4224,2404,94298,140,2280,109,4.060615578
184,7831.02699,7.83102699,1840,807,771,6100,19557,4289,2393,95055,133,2112,73,3.527429349
184.25,7838.118466,7.838118466,1842.5,815,733,6061,19558,4312,2359,95165,123,2132,170,3.311990043
184.5,7845.209943,7.845209943,1845,852,755,5934,22539,4311,2350,93842,190,2312,147,3.096870343
184.75,7852.30142,7.85230142,1847.5,789,696,5958,22722,4465,2237,94472,311,2350,82,3.74324533
185,7859.392897,7.859392897,1850,885,680,6134,23474,4396,2256,94686,63,2357,102,3.831894593
185.25,7866.484374,7.866484374,1852.5,850,791,5711,26077,4296,2046,88880,153,2881,36,3.044049967
185.5,7873.575851,7.873575851,1855,730,698,5269,21784,3939,2177,83918,125,2530,29,3.085191391
185.75,7880.667328,7.880667328,1857.5,758,716,6038,18826,4129,2222,91324,136,1941,89,3.145591425
186,7887.758805,7.887758805,1860,739,654,5970,16755,4109,2342,92362,132,1902,168,3.077129358
186.25,7894.850281,7.894850281,1862.5,716,717,5838,17028,4110,2361,92815,87,1962,54,3.754891045
186.5,7901.941758,7.901941758,1865,780,733,5902,17928,4163,2387,95034,320,2065,111,2.748582668
186.75,7909.033235,7.909033235,1867.5,754,817,5879,17877,4265,2811,95969,228,2044,100,3.263925381
187,7916.124712,7.916124712,1870,739,764,6026,17931,4190,2636,95781,130,2106,198,3.254048314
187.25,7923.216189,7.923216189,1872.5,747,868,5963,17977,4152,2386,94955,59,2142,177,3.587143901
187.5,7930.307666,7.930307666,1875,773,748,5804,18375,4163,2358,94513,326,2073,51,3.639897544
187.75,7937.399143,7.937399143,1877.5,733,828,5869,19270,4306,2113,94364,157,2112,148,2.931494884
188,7944.49062,7.94449062,1880,690,741,5875,20053,4321,2114,92707,169,2191,101,4.373658898
188.25,7951.582096,7.951582096,1882.5,752,826,5665,20019,4379,2000,92574,108,2003,90,3.242499026
188.5,7958.673573,7.958673573,1885,699,904,5807,18517,4317,1972,94103,219,2058,93,4.634563107
188.75,7965.76505,7.96576505,1887.5,664,800,5732,18277,4225,1849,94524,265,1972,106,3.338221445
189,7972.856527,7.972856527,1890,735,792,5801,17425,4304,1894,95144,315,2095,86,4.39562882
189.25,7979.948004,7.979948004,1892.5,690,859,5838,18977,4278,1989,92543,82,2152,134,3.236930209
189.5,7987.039481,7.987039481,1895,748,750,5914,12893,4422,2209,102080,128,1594,113,2.954242135
189.75,7994.130958,7.994130958,1897.5,704,839,5912,12697,4388,1675,100325,87,1914,26,3.736623685
190,8001.222435,8.001222435,1900,691,925,5677,16062,4222,1436,94776,78,1982,59,4.489428204
190.25,8008.313911,8.008313911,1902.5,777,838,5699,16558,4387,1646,95458,129,1923,28,3.938607595
190.5,8015.405388,8.015405388,1905,743,791,5997,15088,4409,1650,98596,129,1570,112,3.937163375
190.75,8022.496865,8.022496865,1907.5,716,782,5968,12701,4482,1448,103076,206,1490,75,4.192365145
191,8029.588342,8.029588342,1910,733,744,5993,11731,4540,1612,105146,56,1716,231,4.812970469
191.25,8036.679819,8.036679819,1912.5,677,788,6041,12415,4609,2266,103894,88,1628,97,3.355024928
191.5,8043.771296,8.043771296,1915,719,729,6251,12792,4488,1418,104753,110,1599,154,4.295554384
191.75,8050.862773,8.050862773,1917.5,800,745,6199,12780,4484,2034,104648,272,1693,162,3.761327474
192,8057.95425,8.05795425,1920,770,785,6112,13124,4452,2290,104197,248,1724,135,2.844105599
192.25,8065.045727,8.065045727,1922.5,798,735,6073,13413,4535,1759,105343,242,1729,65,3.376444031
192.5,8072.137203,8.072137203,1925,780,751,5956,13156,4522,1797,105175,228,1670,17,3.501112347
192.75,8079.22868,8.07922868,1927.5,750,790,5978,13094,4343,1571,103877,62,1664,61,4.549871654
193,8086.320157,8.086320157,1930,764,820,5973,13604,4424,1795,102700,86,1726,97,4.03282588
193.25,8093.411634,8.093411634,1932.5,749,868,6180,13487,4373,1699,103380,172,1757,91,4.153297077
193.5,8100.503111,8.100503111,1935,721,795,6190,13003,4511,1618,103383,183,1707,69,4.075270554
193.75,8107.594588,8.107594588,1937.5,692,903,6080,13549,4402,1809,103200,117,1718,0,4.412029036
194.25,8121.777542,8.121777542,1942.5,795,801,6258,12681,4380,1755,104528,169,1658,180,4.09962741
194.5,8128.869018,8.128869018,1945,800,684,6317,13012,4514,1739,106581,124,1561,53,3.680783176
194.75,8135.960495,8.135960495,1947.5,826,795,6335,13401,4445,1753,106403,331,1691,96,3.732246973
195,8143.051972,8.143051972,1950,794,661,6491,12909,4594,1734,106493,72,1783,97,3.474729489
195.25,8150.214063,8.150214063,1952.5,799,705,6195,12917,4535,1928,107938,214,1708,90,3.587512646
195.5,8157.376154,8.157376154,1955,851,766,6350,12477,4332,2056,107901,142,1695,184,3.860087257
195.75,8164.538245,8.164538245,1957.5,767,744,6275,12773,4438,2318,107756,126,1727,131,4.632498236
196,8171.700336,8.171700336,1960,806,708,6321,13014,4419,2522,111248,16,1688,145,3.086304165
196.25,8178.862427,8.178862427,1962.5,703,768,5780,9800,4164,2384,120335,214,1389,88,4.145727041
196.5,8186.024517,8.186024517,1965,620,766,5307,8594,3855,1990,108187,111,1233,18,3.741528763
196.75,8193.186608,8.193186608,1967.5,635,672,5169,7676,3869,2226,107711,262,1322,65,3.221606274
197,8200.348699,8.200348699,1970,677,913,5193,7181,3814,1893,124793,226,1189,84,3.161447743
197.25,8207.51079,8.20751079,1972.5,642,883,5225,5814,4064,2082,139391,147,1041,30,4.019950536
197.75,8221.834972,8.221834972,1977.5,524,1118,4657,6946,3563,1601,135399,294,1146,28,3.959165687
198.5,8243.321244,8.243321244,1985,803,849,6218,13895,4487,3120,104442,221,1772,91,3.463192841
198.75,8250.483335,8.250483335,1987.5,770,882,6093,14061,4510,2991,104698,176,1697,134,3.756781609
199,8257.645426,8.257645426,1990,763,823,6058,14020,4266,2858,104204,160,1691,164,5.188307692
199.25,8264.807517,8.264807517,1992.5,674,853,6041,14540,4422,3032,103370,255,1845,61,4.739487946
199.5,8271.969608,8.271969608,1995,849,797,6179,14905,4319,2947,103798,154,1775,162,3.435725763
199.75,8279.131699,8.279131699,1997.5,806,786,6332,15055,4395,2861,102666,171,1874,152,4.035828025
200.25,8293.455881,8.293455881,2002.5,847,744,6364,15881,4482,2489,101240,172,1947,137,3.478769148
200.75,8307.780062,8.307780062,2007.5,744,711,6237,16061,4525,2584,99266,256,1809,125,3.397267835
201,8314.942153,8.314942153,2010,800,770,6153,16301,4573,2630,99928,128,1857,82,3.936496022
201.25,8322.104244,8.322104244,2012.5,822,749,6161,16193,4445,2708,99952,164,1899,94,3.23587323
201.5,8329.266335,8.329266335,2015,767,781,6064,16073,4604,2542,100280,350,1870,73,4.153343142
201.75,8336.428426,8.336428426,2017.5,805,754,6036,16117,4381,2839,99869,55,1807,82,3.729958432
202,8343.590517,8.343590517,2020,789,738,6145,15612,4276,2680,100165,75,1894,187,3.446290144
202.25,8350.752608,8.350752608,2022.5,795,757,6104,15968,4461,2647,99270,208,1990,108,3.223818526
202.5,8357.914698,8.357914698,2025,755,826,6053,15817,4538,2899,100800,108,1880,108,4.007307214
202.75,8365.076789,8.365076789,2027.5,772,759,6032,16314,4433,2937,101115,315,1961,96,3.810113816
203,8372.23888,8.37223888,2030,733,753,5908,16359,4419,2875,99115,139,1906,91,4.577314165
203.25,8379.400971,8.379400971,2032.5,767,768,5989,16527,4481,2857,100056,89,1931,57,3.954194869
203.5,8386.563062,8.386563062,2035,761,776,6235,16324,4447,2922,100191,244,1842,27,3.577800231
203.75,8393.725153,8.393725153,2037.5,767,719,6105,16478,4553,3081,100965,411,1977,0,3.427948788
204,8400.887244,8.400887244,2040,808,677,6256,16790,4628,2801,101794,306,1878,50,3.536213469
204.25,8408.049335,8.408049335,2042.5,798,714,6294,17035,4414,2918,102728,213,1879,151,3.701595905
204.5,8415.211426,8.415211426,2045,823,800,5916,17079,4489,2837,98787,0,1999,97,4.799693604
205,8429.535607,8.429535607,2050,848,750,5688,17188,4417,3054,100053,135,1986,76,3.941990669
205.25,8436.697698,8.436697698,2052.5,816,761,5918,17454,4395,3009,100462,139,1987,46,5.540990516
205.5,8443.859789,8.443859789,2055,826,748,6016,17060,4305,3014,100141,126,1985,162,3.744731729
205.75,8451.02188,8.45102188,2057.5,811,750,5869,17745,4350,2919,98297,232,2022,116,3.896424563
206,8458.183971,8.458183971,2060,808,748,5788,18473,4563,2742,97745,0,2057,67,3.681964697
206.25,8465.346062,8.465346062,2062.5,739,934,4820,19995,4320,2450,90671,152,2393,23,4.039335368
206.5,8472.508153,8.472508153,2065,769,755,4840,21208,4069,2366,89055,91,2263,32,3.388486312
206.75,8479.670243,8.479670243,2067.5,800,717,5365,21169,4152,2653,92509,73,2289,162,2.810791453
207,8486.832334,8.486832334,2070,775,749,5123,23120,4033,2616,89534,52,2405,64,3.467383192
207.25,8493.994425,8.493994425,2072.5,718,716,4960,27334,3894,2619,83217,75,2602,53,3.644740877
207.5,8501.156516,8.501156516,2075,585,944,4729,30714,3668,2623,81059,132,2879,61,3.419491525
207.75,8508.318607,8.508318607,2077.5,795,760,4904,27508,3945,2503,85326,22,2555,99,2.858221087
208,8515.480698,8.515480698,2080,718,786,5786,16645,4201,2786,98760,94,1943,72,4.683458792
208.25,8522.642789,8.522642789,2082.5,704,701,5919,16458,4327,2894,99114,454,1892,35,4.110302629
208.75,8536.96697,8.53696697,2087.5,788,689,5887,15295,4278,3183,99576,200,1793,44,5.002710027
209,8544.129061,8.544129061,2090,797,793,5929,14625,4329,3112,99281,183,1716,46,5.715699816
209.25,8551.291152,8.551291152,2092.5,681,862,5689,14384,4265,3191,99200,247,1745,51,3.604397163
209.5,8558.453243,8.558453243,2095,660,839,5695,14696,4406,3245,100553,45,1795,14,3.911565672
209.75,8565.615334,8.565615334,2097.5,772,794,5799,14234,4342,3125,101339,334,1770,66,3.963258786
210,8572.777425,8.572777425,2100,738,751,5882,14464,4418,3110,101123,204,1838,106,3.591021717
210.25,8579.939516,8.579939516,2102.5,672,831,5535,14467,4375,2967,99627,198,1856,0,4.026426039
210.5,8587.101607,8.587101607,2105,698,872,5651,15251,4503,3123,100486,0,1899,76,3.529868663
210.75,8594.263697,8.594263697,2107.5,733,833,5674,15817,4606,2929,99949,241,1860,0,4.05715714
211,8601.425788,8.601425788,2110,686,756,5692,16470,4384,2998,99068,176,1898,130,5.128911917
211.25,8608.587879,8.608587879,2112.5,707,688,5879,15406,4363,3095,99707,148,2027,76,3.415483342
211.5,8615.74997,8.61574997,2115,700,799,5767,15662,4395,3134,99864,156,1928,45,3.775173477
211.75,8622.912061,8.622912061,2117.5,787,709,5907,16437,4490,3000,99484,95,1959,47,4.263479145
212,8630.074152,8.630074152,2120,734,636,5828,16730,4550,2909,98512,200,1751,61,3.562960821
212.25,8637.236243,8.637236243,2122.5,848,693,6016,16423,4398,2993,99707,0,1806,118,3.933530051
212.5,8644.398334,8.644398334,2125,812,665,6018,15618,4464,3062,100854,212,1924,98,4.102186154
212.75,8651.560424,8.651560424,2127.5,852,653,6074,15854,4702,3035,100679,25,1847,72,3.006851053
213,8658.722515,8.658722515,2130,818,648,6073,15717,4531,2814,99472,304,1915,113,4.593227013
213.25,8665.884606,8.665884606,2132.5,764,751,5703,16652,4492,2977,99330,275,1985,116,3.334960422
213.5,8673.046697,8.673046697,2135,790,674,5850,16967,4512,2869,98790,157,1964,39,3.531526391
213.75,8680.208788,8.680208788,2137.5,787,751,5823,16294,4471,3015,99289,57,1799,111,3.252360399
214,8687.370879,8.687370879,2140,819,647,5925,16286,4521,2818,99945,296,1919,46,4.149804061
214.25,8694.53297,8.69453297,2142.5,829,726,5675,17445,4466,2719,96970,125,2060,63,3.402659202
214.5,8701.695061,8.701695061,2145,814,693,5565,18527,4325,2428,93725,196,2204,52,3.287510249
214.75,8708.857151,8.708857151,2147.5,758,785,5578,17536,4401,2564,95839,265,2165,108,3.640977444
215,8716.019242,8.716019242,2150,802,723,5677,17857,4417,2606,94415,182,2129,80,3.052561624
215.25,8722.370958,8.722370958,2152.5,777,697,5543,18515,4336,2651,94182,187,2176,0,4.230588235
215.75,8735.07439,8.73507439,2157.5,796,693,6035,16614,4592,2718,96739,155,1791,0,4.673823124
216,8741.426106,8.741426106,2160,791,677,6070,15644,4332,2763,99160,65,1854,120,3.768755789
216.25,8747.777822,8.747777822,2162.5,731,753,6025,15128,4426,2732,98551,96,1934,124,4.811242604
216.5,8754.129538,8.754129538,2165,767,706,6174,15698,4572,2778,99560,157,1814,0,3.57259656
216.75,8760.481254,8.760481254,2167.5,771,673,6152,15120,4366,2781,98913,172,1799,17,3.86002886
217,8766.83297,8.76683297,2170,785,713,5947,14697,4634,2746,99604,138,1770,88,4.698312236
217.25,8773.184686,8.773184686,2172.5,804,733,6111,14629,4699,2939,101445,113,1764,12,3.599033109
217.5,8779.536402,8.779536402,2175,823,673,6057,14703,4343,2983,102509,101,1667,104,3.228019828
217.75,8785.888118,8.785888118,2177.5,823,683,6150,14488,4527,2800,102143,187,1814,90,2.85944803
218,8792.239833,8.792239833,2180,836,689,6187,14326,4481,2725,101361,224,1774,133,3.554894461
218.25,8798.591549,8.798591549,2182.5,816,709,6043,15153,4372,2834,100193,92,1782,109,3.667921796
218.5,8804.943265,8.804943265,2185,730,703,6131,14777,4430,2737,100005,205,1687,103,4.316617159
218.75,8811.294981,8.811294981,2187.5,790,674,6001,13754,4397,2759,99685,227,1617,140,3.407616945
219,8817.646697,8.817646697,2190,746,696,6049,11557,4703,2808,104073,137,1513,34,3.823881906
219.25,8823.998413,8.823998413,2192.5,756,759,6077,9510,4383,2787,107124,76,1381,146,3.610384068
219.5,8830.350129,8.830350129,2195,813,711,6010,8805,4731,2903,109107,233,1422,38,3.545844657
220,8843.053561,8.843053561,2200,786,718,5992,8878,4566,2777,108133,119,1481,99,4.437712243
220.25,8849.405277,8.849405277,2202.5,834,671,6173,9638,4584,2777,107030,100,1484,34,3.918754988
220.5,8855.756993,8.855756993,2205,791,677,6317,9308,4695,2827,109033,221,1529,123,4.221282944
220.75,8862.108709,8.862108709,2207.5,863,651,6232,9426,4642,2780,110106,288,1387,133,3.420620565
221,8868.460425,8.868460425,2210,839,697,6010,9418,4534,2859,106359,120,1466,191,4.041686942
221.25,8874.812141,8.874812141,2212.5,761,741,6060,11195,4583,2605,103207,123,1606,55,3.23265896
221.5,8881.163856,8.881163856,2215,801,685,6163,11070,4588,2877,102593,248,1590,82,4.18434429
221.75,8887.515572,8.887515572,2217.5,849,726,6315,10785,4585,2569,103176,84,1506,144,4.684501142
222,8893.867288,8.893867288,2220,798,666,6293,11108,4674,2844,101451,149,1578,76,3.745527452
222.25,8900.219004,8.900219004,2222.5,775,676,6179,11704,4471,3246,100968,137,1580,90,3.693329309
222.5,8906.57072,8.90657072,2225,753,707,6192,11097,4719,2734,103151,189,1485,94,4.096006944
222.75,8912.922436,8.912922436,2227.5,798,660,6102,9959,4825,2751,104609,123,1647,13,4.216649608
223,8919.274152,8.919274152,2230,783,635,6103,10187,4651,3077,105835,95,1583,92,3.488469019
223.25,8925.625868,8.925625868,2232.5,796,661,6182,8472,4625,2995,110751,78,1441,56,3.401385928
223.5,8931.977584,8.931977584,2235,805,761,5992,7553,4718,3409,112128,99,1305,0,4.321210061
223.75,8938.3293,8.9383293,2237.5,792,745,6086,7570,4664,3115,113473,253,1372,139,4.547435657
224,8944.681016,8.944681016,2240,843,670,6127,7606,4781,2951,113417,223,1365,0,3.975011861
224.25,8951.032732,8.951032732,2242.5,811,696,6240,7526,4644,2982,116094,150,1229,128,3.670782484
224.5,8957.384448,8.957384448,2245,791,662,6155,7554,4711,2811,117082,70,1311,101,3.535514541
224.75,8963.736164,8.963736164,2247.5,768,730,6019,7001,4501,2853,114801,221,1195,85,5.131573434
225.5,8982.791311,8.982791311,2255,750,707,5774,7147,4523,2986,115978,234,1132,83,3.660507757
225.75,8989.143027,8.989143027,2257.5,745,717,6130,7198,4448,2602,115876,100,1239,78,3.671537291
226,8995.494743,8.995494743,2260,758,715,5959,6917,4437,2710,114834,184,1226,147,3.996806642
226.25,9001.846459,9.001846459,2262.5,811,679,5915,6301,4518,2575,114767,118,1135,121,2.853185285
226.5,9008.198175,9.008198175,2265,775,700,5890,6970,4455,2704,113353,188,1344,64,4.493076249
226.75,9014.549891,9.014549891,2267.5,772,759,6062,6038,4573,3077,116669,226,1214,80,3.961111955
227,9020.901607,9.020901607,2270,796,772,5751,5585,4498,2579,119114,89,1105,70,3.777483833
227.25,9027.253323,9.027253323,2272.5,786,735,5810,5240,4630,2490,122243,215,1082,91,3.438253012
227.5,9033.605039,9.033605039,2275,800,758,5674,5511,4486,2691,124560,122,1085,40,3.759970674
228,9046.308471,9.046308471,2280,770,766,5745,4393,4435,2401,123482,169,957,93,4.023879671
228.25,9052.660187,9.052660187,2282.5,706,743,5652,4177,4580,2526,124195,240,1036,28,4.823977165
229.25,9078.06705,9.07806705,2292.5,754,851,5551,4076,4611,2905,132327,89,1036,44,3.042944785
229.5,9084.418766,9.084418766,2295,747,833,5852,3890,4545,2751,128625,332,989,84,3.687303724
230,9097.122198,9.097122198,2300,727,749,5807,4174,4634,2596,128043,184,1039,144,3.294796238
230.25,9103.473914,9.103473914,2302.5,673,858,5720,3591,4451,2649,136649,162,869,81,3.467136468
230.5,9109.82563,9.10982563,2305,678,990,5489,3714,4092,2419,139949,245,904,140,3.652645088
230.75,9116.177346,9.116177346,2307.5,729,845,5611,4108,4405,2417,132529,217,979,32,3.960298926
231,9122.529062,9.122529062,2310,741,767,5897,4839,4562,2243,122091,163,1117,94,3.306011619
231.25,9128.880778,9.128880778,2312.5,813,789,5995,5234,4586,2614,123464,187,1290,147,3.609685028
231.5,9135.232494,9.135232494,2315,767,777,6025,5357,4726,2371,124640,196,1217,77,3.632047872
231.75,9141.584209,9.141584209,2317.5,795,911,5553,5434,4501,4757,120229,298,1029,69,3.774232572
232,9147.935925,9.147935925,2320,804,727,6137,6238,4710,8558,116204,224,1317,52,3.531434185
232.25,9154.287641,9.154287641,2322.5,809,727,6155,6565,4784,10065,114024,234,1125,149,3.380464112
232.5,9160.639357,9.160639357,2325,781,692,6150,6932,4692,16053,112614,206,1139,50,3.157446251
232.75,9166.991073,9.166991073,2327.5,811,693,6189,7802,4704,26641,109127,131,1174,144,3.760408605
233,9173.342789,9.173342789,2330,769,698,6067,7419,4602,25133,109337,167,1141,107,3.00135019
233.25,9179.694505,9.179694505,2332.5,765,673,6006,6777,4700,16245,111846,104,1219,155,4.009045226
233.5,9186.046221,9.186046221,2335,826,720,5977,6673,4746,11162,113461,69,1169,66,3.449295578
233.75,9192.397937,9.192397937,2337.5,729,700,6260,6127,4762,6177,113089,105,1144,45,3.385415278
234,9198.749653,9.198749653,2340,812,646,5986,5616,4894,3624,115864,254,1100,95,3.632996633
234.25,9205.101369,9.205101369,2342.5,816,642,6162,5780,4750,3111,117109,207,1103,68,4.301791146
234.5,9211.453085,9.211453085,2345,812,773,5999,6320,4828,3231,116712,126,1130,77,3.848965214
234.75,9217.804801,9.217804801,2347.5,829,692,6337,5877,4906,2962,119131,101,1124,175,4.275557128
235,9224.156517,9.224156517,2350,797,670,6289,5844,4833,3569,116593,306,1369,179,3.623208966
235.25,9230.549576,9.230549576,2352.5,803,664,6451,6686,4888,3577,118202,190,1184,118,3.777207107
235.5,9236.942636,9.236942636,2355,827,706,6138,5329,4803,1972,122454,238,1040,64,3.586118942
235.75,9243.335695,9.243335695,2357.5,813,718,6166,4292,4869,1928,126512,144,958,129,4.867616726
236,9249.728755,9.249728755,2360,822,696,5989,4151,4760,2199,127628,282,1013,89,3.913951044
236.25,9256.121814,9.256121814,2362.5,718,825,5730,3790,4481,2253,135665,253,920,51,3.597311597
236.5,9262.514874,9.262514874,2365,714,924,5545,3794,4480,2368,134432,214,940,0,4.286462734
236.75,9268.907933,9.268907933,2367.5,713,806,5750,4113,4622,2216,127325,281,1067,0,3.942259283
237,9275.300993,9.275300993,2370,756,701,6068,5290,4815,3046,119448,268,1138,45,3.974913103
237.25,9281.694052,9.281694052,2372.5,749,692,5986,4994,4882,2429,121629,329,1049,112,3.70034642
237.5,9288.087112,9.288087112,2375,761,738,5827,4479,4623,2105,123622,215,986,45,3.988278932
237.75,9294.480171,9.294480171,2377.5,707,765,5849,4015,4664,1617,125655,78,972,20,3.194914193
238,9300.873231,9.300873231,2380,751,756,5882,4465,4471,1883,123259,401,1018,107,3.15242332
238.25,9307.26629,9.30726629,2382.5,830,748,6067,5072,4692,2605,121965,344,1139,86,3.892116183
238.5,9313.65935,9.31365935,2385,859,775,6050,5144,4658,2588,121353,245,1096,120,3.869423447
239,9326.445469,9.326445469,2390,758,733,6036,5978,4666,2651,116807,251,1207,177,4.064403829
239.25,9332.838528,9.332838528,2392.5,757,744,6027,6458,4638,2787,114374,143,1306,43,3.537219101
239.5,9339.231588,9.339231588,2395,780,777,5960,6378,4724,2462,114139,114,1253,146,3.568253968
239.75,9345.624647,9.345624647,2397.5,790,724,5980,6252,4672,2281,115131,257,1318,110,4.234663091
240,9352.017707,9.352017707,2400,781,666,6086,7160,4513,2124,113639,177,1337,73,3.727272727
240.25,9358.410766,9.358410766,2402.5,831,688,6017,7039,4668,1848,116304,176,1230,97,4.458520366
240.5,9364.803826,9.364803826,2405,792,699,6004,7506,4507,2043,118981,200,1191,85,4.321900189
240.75,9371.196885,9.371196885,2407.5,754,729,6118,7920,4460,1991,116556,127,1233,121,3.66022567
241,9377.589945,9.377589945,2410,713,715,6144,8296,4674,2353,111983,58,1328,74,4.615822425
241.25,9383.983004,9.383983004,2412.5,792,748,6192,8331,4721,2117,112458,217,1399,95,4.202371014
241.5,9390.376064,9.390376064,2415,775,735,6298,8168,4886,1939,114982,166,1237,27,3.766169154
241.75,9396.769123,9.396769123,2417.5,783,709,5998,7996,4849,1976,113877,232,1293,0,3.886975717
242,9403.162183,9.403162183,2420,818,740,6052,7728,4631,1831,113345,66,1152,132,4.617751259
242.25,9409.555242,9.409555242,2422.5,788,764,6088,7912,4617,1789,116579,253,1275,37,3.356083845
242.5,9415.948302,9.415948302,2425,812,678,6272,7995,4803,1688,117584,235,1300,43,3.486234872
242.75,9422.341361,9.422341361,2427.5,752,707,6034,7775,4732,1784,117934,168,1228,37,4.260273973
243,9428.734421,9.428734421,2430,770,772,6105,7655,4583,1983,119477,228,1204,98,3.699175434
243.5,9441.52054,9.44152054,2435,810,667,6156,8015,4692,1992,117952,249,1287,91,3.669663915
243.75,9447.913599,9.447913599,2437.5,806,681,5913,8657,4581,1849,112893,148,1448,149,3.656493118
244,9454.306659,9.454306659,2440,804,744,5987,8641,4643,1875,111124,231,1371,88,3.113536554
244.25,9460.699718,9.460699718,2442.5,749,741,6022,8875,4832,1908,110561,107,1649,91,4.347193347
244.5,9467.092778,9.467092778,2445,786,684,6156,9161,4633,1962,109432,216,1582,75,4.029899786
244.75,9473.485837,9.473485837,2447.5,815,760,6145,9321,4685,1947,111159,313,1581,26,4.196482412
245,9479.878897,9.479878897,2450,776,724,6057,10143,4660,1786,111164,108,1600,47,6.025499655
245.25,9486.271956,9.486271956,2452.5,817,689,6055,10692,4785,1939,110470,258,1462,32,3.291408326
245.5,9492.665016,9.492665016,2455,826,668,6260,10744,4514,1850,109666,136,1424,66,4.155747222
245.75,9499.058075,9.499058075,2457.5,755,698,6431,11115,4733,1880,110146,151,1530,92,4.833900227
246,9505.451135,9.505451135,2460,806,729,5975,11469,4597,1867,114047,365,1434,44,3.929204941
246.25,9511.844194,9.511844194,2462.5,829,799,6143,11460,4402,1829,108290,161,1677,175,4.8782
246.5,9518.237254,9.518237254,2465,793,673,6055,11276,4764,1781,107306,179,1577,38,4.622054847
246.75,9524.630313,9.524630313,2467.5,817,750,6186,11572,4719,1776,106515,51,1630,63,3.339905582
247,9531.023373,9.531023373,2470,758,732,5959,11988,4556,1870,105705,229,1662,93,3.144645513
247.25,9537.416432,9.537416432,2472.5,797,726,6050,11785,4676,1928,104934,148,1720,67,4.635569067
247.5,9543.809492,9.543809492,2475,822,703,6115,11823,4572,1820,105931,126,1633,73,3.545074282
247.75,9550.202551,9.550202551,2477.5,830,704,6230,12176,4755,1828,105516,130,1688,50,3.634380454
248,9556.595611,9.556595611,2480,781,702,6342,12538,4701,1904,105563,159,1582,91,4.09758518
248.25,9562.98867,9.56298867,2482.5,807,707,6097,12345,4699,1851,105457,93,1617,85,3.873516552
248.5,9569.38173,9.56938173,2485,769,624,6058,12459,4719,1919,105739,141,1670,52,3.487467589
248.75,9575.774789,9.575774789,2487.5,802,648,6253,13403,4470,1879,102851,165,1798,174,4.04673208
249,9582.167849,9.582167849,2490,794,720,6211,14560,4369,1670,103456,125,1806,149,3.733515234
249.25,9588.560908,9.588560908,2492.5,789,721,6150,14423,4428,1585,103409,109,1805,114,5.127682175
249.5,9594.953968,9.594953968,2495,754,652,6224,13911,4817,1617,104050,241,1615,30,3.887193712
249.75,9601.347027,9.601347027,2497.5,811,671,6195,12882,4653,1756,106122,205,1663,95,3.683144369
250,9607.740087,9.607740087,2500,828,687,6441,13286,4641,1677,106818,132,1605,77,3.442825112
250.25,9614.133146,9.614133146,2502.5,862,602,6310,12775,4846,1654,107413,254,1644,0,3.523
250.5,9620.526206,9.620526206,2505,891,693,6405,12645,4658,1760,107411,124,1623,87,4.112580645
250.75,9626.919265,9.626919265,2507.5,871,672,6471,12703,4874,1679,108255,223,1521,30,3.924481585
251.25,9639.705384,9.639705384,2512.5,794,597,6433,12125,4633,1695,108529,251,1514,90,4.389302406
251.5,9646.098444,9.646098444,2515,833,743,6414,12091,4687,1850,110310,103,1603,143,3.469302949
251.75,9652.491503,9.652491503,2517.5,795,665,6261,12197,4726,1592,109057,0,1567,43,3.750035997
252,9658.884563,9.658884563,2520,746,674,6256,12007,4547,1842,110547,319,1424,141,3.575585625
252.25,9665.277622,9.665277622,2522.5,786,710,6360,12226,4472,1845,111811,198,1550,81,3.79684146
252.5,9671.670682,9.671670682,2525,834,710,6155,11704,4557,1800,111594,181,1616,53,3.47831669
252.75,9678.063741,9.678063741,2527.5,827,691,6204,12247,4676,1764,110757,168,1511,20,3.780730404
253,9684.456801,9.684456801,2530,793,708,6052,12019,4577,1823,111669,202,1532,91,3.381150847
253.25,9690.84986,9.69084986,2532.5,830,715,6116,11431,4426,1880,111246,189,1532,131,4.337920489
253.5,9697.24292,9.69724292,2535,782,797,6103,11758,4564,1842,110545,259,1574,45,3.764919172
253.75,9703.635979,9.703635979,2537.5,761,706,6156,11756,4665,2025,108547,311,1587,83,3.137685606
254.25,9716.422098,9.716422098,2542.5,793,798,6064,12739,4348,1704,107547,311,1710,90,3.543478261
255,9735.601277,9.735601277,2550,676,732,6245,13566,4494,1778,108148,352,1622,45,3.283937688
255.25,9741.843557,9.741843557,2552.5,750,763,5997,13448,4518,1775,108101,265,1630,29,4.101737361
255.5,9748.085837,9.748085837,2555,737,710,5996,13933,4229,1732,108825,198,1741,153,3.345271122
255.75,9754.328117,9.754328117,2557.5,713,768,5941,13629,4488,1757,109072,318,1784,15,3.429935889
256.25,9766.812677,9.766812677,2562.5,758,743,5955,13803,4385,1832,110034,296,1651,82,3.839225846
256.5,9773.054957,9.773054957,2565,698,721,5996,13588,4380,2093,109999,163,1694,61,3.412531262
256.75,9779.297237,9.779297237,2567.5,785,675,6051,13830,4430,2037,108605,0,1685,18,4.350965575
257,9785.539517,9.785539517,2570,771,834,5895,13299,4469,1821,108237,142,1619,46,3.577816241
257.25,9791.781797,9.791781797,2572.5,784,795,5838,13703,4333,1651,107596,150,1631,77,4.656180194
257.5,9798.024077,9.798024077,2575,712,808,5619,13335,4489,1783,107555,161,1640,63,3.71710073
257.75,9804.266357,9.804266357,2577.5,684,784,6071,13257,4287,2001,108544,89,1612,91,3.730172796
258,9810.508637,9.810508637,2580,778,793,6010,13558,4401,1762,107768,206,1834,52,3.779310345
258.5,9822.993197,9.822993197,2585,735,801,6039,17684,4534,2015,98944,32,1976,107,3.693889806
258.75,9829.235477,9.829235477,2587.5,741,798,5995,16523,4459,2007,100616,184,1809,64,3.518485786
259,9835.477757,9.835477757,2590,741,716,6001,13105,4487,1538,106418,167,1782,102,3.990573838
259.25,9841.720037,9.841720037,2592.5,849,673,6125,14141,4715,1580,107855,108,1683,58,3.295851105
259.75,9854.204597,9.854204597,2597.5,740,697,6047,18245,4344,2003,99552,162,1978,180,3.320733585
260,9860.446877,9.860446877,2600,761,694,6185,18185,4533,2000,98172,279,2177,91,4.176500337
260.25,9866.689157,9.866689157,2602.5,799,810,6102,17162,4319,1986,99945,41,2059,126,3.42403565
260.5,9872.931437,9.872931437,2605,837,731,6053,18115,4403,1907,98570,311,2119,112,4.428333949
260.75,9879.173718,9.879173718,2607.5,755,696,6046,17139,4613,1934,99616,129,2106,11,3.337431169
261,9885.415998,9.885415998,2610,811,662,6009,16308,4507,2075,100666,173,1789,168,4.243425606
261.25,9891.658278,9.891658278,2612.5,769,766,5930,15268,4442,2043,103450,136,1718,84,3.545880017
261.75,9904.142838,9.904142838,2617.5,785,744,6070,14652,4377,2307,105854,224,1813,168,3.425496916
262,9910.385118,9.910385118,2620,826,780,5936,14440,4538,1852,104592,227,1708,55,4.850330868
262.25,9916.627398,9.916627398,2622.5,775,752,6045,14729,4337,1921,103020,251,1762,97,3.632732516
262.75,9929.111958,9.929111958,2627.5,728,697,6141,14902,4481,2519,102795,218,1736,28,3.365077196
263,9935.354238,9.935354238,2630,810,697,6207,14036,4233,2282,104551,311,1700,189,3.791327913
263.25,9941.596518,9.941596518,2632.5,794,693,6410,13842,4568,2154,105595,235,1647,61,4.07032419
263.5,9947.838798,9.947838798,2635,795,682,6163,14786,4612,1837,105898,173,1749,107,3.962289117
263.75,9954.081078,9.954081078,2637.5,857,703,6045,15122,4247,1671,105111,91,1706,166,3.60326807
264,9960.323358,9.960323358,2640,789,656,6318,14758,4544,1619,105610,195,1753,30,3.449628406
264.25,9966.565638,9.966565638,2642.5,912,646,6136,15272,4478,2358,104952,176,1693,131,3.765073415
264.75,9979.050198,9.979050198,2647.5,788,719,6229,14255,4505,2076,104972,0,1783,135,4.994341148
265,9985.292478,9.985292478,2650,765,683,6286,14460,4613,2087,106784,190,1886,101,2.957704645
265.25,9991.534758,9.991534758,2652.5,775,679,6419,14503,4702,1981,108238,141,1686,39,4.445918555
265.5,9997.777038,9.997777038,2655,823,660,6280,12595,4583,2542,110700,197,1606,97,4.257337092
265.75,10004.01932,10.00401932,2657.5,870,713,6433,14282,4592,2348,110958,93,1712,117,3.698053807
266,10010.2616,10.0102616,2660,780,746,6088,12006,4238,2135,117602,193,1470,90,4.311878768
266.25,10016.50388,10.01650388,2662.5,763,812,5873,11047,4477,2309,118593,237,1380,0,5.48026598
266.5,10022.74616,10.02274616,2665,728,905,5916,12066,4176,2065,117025,159,1566,150,3.424713376
266.75,10028.98844,10.02898844,2667.5,750,785,5987,14772,4282,2034,109263,214,1764,61,3.596783139
267,10035.23072,10.03523072,2670,697,714,5902,17175,4437,1913,103518,206,1887,10,4.521554117
267.25,10041.473,10.041473,2672.5,725,761,5929,16109,4506,1941,105513,95,1840,41,3.921897692
267.75,10047.71528,10.04771528,2677.5,773,803,5649,17473,4250,1999,100956,17,1856,106,3.543307087
268,10053.95756,10.05395756,2680,865,733,5972,15912,4245,1970,103973,47,1799,83,2.933771724
268.5,10060.19984,10.06019984,2685,791,659,6164,15983,4659,1990,103942,146,1794,20,3.897134578
269,10085.16896,10.08516896,2690,798,641,6528,14724,4597,2385,109749,241,1694,109,3.498712446
269.25,10091.41124,10.09141124,2692.5,738,715,6316,14692,4534,2214,109131,142,1589,122,4.844656337
269.5,10097.65352,10.09765352,2695,804,702,6452,14412,4733,2098,109535,251,1779,97,3.534409516
269.75,10103.8958,10.1038958,2697.5,893,682,6452,14835,4702,2171,108859,202,1833,120,3.781104956
270,10110.13808,10.11013808,2700,843,591,6334,14697,4680,2049,108886,97,1649,130,3.803168435
270.25,10116.38036,10.11638036,2702.5,846,696,6080,14249,4425,1939,107012,156,1730,142,3.577841727
270.5,10122.62264,10.12262264,2705,785,725,6057,14091,4657,2020,106249,106,1616,23,3.425704467
270.75,10128.86492,10.12886492,2707.5,796,673,6067,14176,4544,2169,108836,238,1687,30,3.369379015
271,10135.1072,10.1351072,2710,757,693,6158,13749,4397,2105,109942,223,1626,194,3.849406991
271.25,10141.34948,10.14134948,2712.5,800,789,6114,13765,4440,1951,109781,115,1524,63,5.192839196
271.5,10147.59176,10.14759176,2715,797,783,5990,13963,4614,1902,110224,182,1720,66,3.901274876
271.75,10153.83404,10.15383404,2717.5,758,772,6241,13905,4658,1891,108522,210,1602,25,3.911974623
272,10160.07632,10.16007632,2720,769,718,6238,13899,4365,1854,109840,149,1700,184,3.782738095
272.25,10166.3186,10.1663186,2722.5,786,706,6137,13720,4584,1996,109996,186,1620,71,4.984483463
272.5,10172.56088,10.17256088,2725,812,699,6198,14212,4627,1947,109106,230,1843,50,3.924069856
272.75,10178.80316,10.17880316,2727.5,873,702,6329,13706,4670,2057,110655,194,1559,43,3.905374716
273,10185.04544,10.18504544,2730,791,769,6495,14009,4685,2208,110596,217,1689,60,5.612401353
273.5,10197.53,10.19753,2735,765,795,6181,13451,4652,2572,111466,95,1623,91,4.03940643
273.75,10203.77228,10.20377228,2737.5,811,748,6096,13407,4510,2487,111583,244,1700,74,3.25
274,10210.01456,10.21001456,2740,818,776,6108,14281,4412,2400,109614,288,1868,73,4.007648495
274.25,10216.25684,10.21625684,2742.5,785,757,6101,14399,4584,2634,108554,213,1958,98,2.90352152
274.5,10222.49912,10.22249912,2745,762,698,5946,13964,4408,2491,108739,25,1894,0,4.283008943
274.75,10228.7414,10.2287414,2747.5,759,785,5734,13758,4286,2577,109102,207,1709,98,4.087401055
275,10234.98368,10.23498368,2750,749,812,5743,12441,4200,2294,113652,167,1530,76,4.09631728
275.5,10247.34697,10.24734697,2755,654,870,5457,11323,4054,1885,119225,297,1531,58,4.034493621
275.75,10253.52862,10.25352862,2757.5,667,881,5534,13336,3878,1842,118287,187,1509,52,3.67726821
276.25,10265.89192,10.26589192,2762.5,733,772,5861,16127,4265,2391,105826,233,1925,35,3.939240092
276.5,10272.07356,10.27207356,2765,815,710,6061,16592,4446,2520,103191,272,1980,75,4.049885509
276.75,10278.25521,10.27825521,2767.5,772,731,5909,16316,4248,2379,102873,87,1971,43,3.804657795
277,10284.43686,10.28443686,2770,745,813,5891,16356,4195,2374,102885,298,1902,46,3.694730373
277.25,10290.6185,10.2906185,2772.5,754,792,6197,17417,4319,2162,103695,116,1934,151,4.24611896
277.5,10296.80015,10.29680015,2775,815,642,6424,18384,4558,2332,100597,72,2032,134,2.910129564
277.75,10302.9818,10.3029818,2777.5,824,729,6153,17465,4351,2162,99831,159,1875,120,3.25433293
278,10309.16344,10.30916344,2780,812,696,6396,16902,4364,1980,103166,155,1820,43,4.124202258
278.25,10315.34509,10.31534509,2782.5,800,713,6254,15698,4320,1960,104270,113,1858,81,3.568958304
278.75,10327.70839,10.32770839,2787.5,767,725,6124,15810,4304,1918,104511,201,1702,110,4.541689275
279,10333.89003,10.33389003,2790,734,738,6234,15705,4454,1933,105171,320,1853,69,4.197771588
279.25,10340.07168,10.34007168,2792.5,808,733,6236,16369,4336,1766,104886,196,1825,79,4.125488281
279.5,10346.25333,10.34625333,2795,840,706,6243,16300,4395,1978,104982,99,1822,54,3.698606522
279.75,10352.43497,10.35243497,2797.5,771,756,6386,16232,4462,1822,105579,141,1891,99,3.296055201
280,10358.61662,10.35861662,2800,813,719,6308,15954,4430,1774,105500,221,1798,62,3.49654799
280.25,10364.79827,10.36479827,2802.5,826,706,6180,16116,4445,1818,103937,193,1723,111,4.626336522
280.5,10370.97992,10.37097992,2805,780,746,6125,17067,4508,1763,103056,168,1884,7,3.723322586
280.75,10377.16156,10.37716156,2807.5,783,660,6408,17304,4652,1542,101218,184,1983,87,3.163181031
281,10383.34321,10.38334321,2810,818,618,6213,17776,4554,1736,100709,11,1845,10,3.750373469
281.25,10389.52486,10.38952486,2812.5,874,633,6538,17086,4306,1682,103292,68,1705,231,3.780256289
281.5,10395.7065,10.3957065,2815,791,641,6569,16478,4388,1759,104556,0,1938,183,4.129292929
281.75,10401.88815,10.40188815,2817.5,792,680,6432,15306,4645,1897,105789,212,1851,0,4.263104669
282,10408.0698,10.4080698,2820,781,791,6377,14657,4483,2040,105296,254,1804,109,3.07229216
282.25,10414.25145,10.41425145,2822.5,782,740,6410,14293,4305,1799,110342,84,1652,156,3.395733056
282.5,10420.43309,10.42043309,2825,800,731,6325,13791,4475,1905,114928,135,1564,125,3.968090173
282.75,10426.61474,10.42661474,2827.5,832,680,6210,13351,4371,2414,117566,126,1425,179,4.529474243
283,10432.79639,10.43279639,2830,766,735,6228,11884,4374,1893,124767,422,1207,69,4.060325848
283.5,10445.15968,10.44515968,2835,737,914,5646,9953,4103,1760,136088,417,1241,7,4.035348837
283.75,10451.34133,10.45134133,2837.5,733,860,5455,9678,3910,1739,133022,241,1230,26,3.869333333
284,10457.52297,10.45752297,2840,664,925,5332,9511,3714,1690,124132,323,1330,154,3.418518026
284.25,10463.70462,10.46370462,2842.5,635,835,5390,10314,3890,1612,117262,274,1373,37,5.521092362
284.5,10469.88627,10.46988627,2845,673,865,5677,11111,4124,1845,117967,100,1504,70,3.998103666
284.75,10476.06792,10.47606792,2847.5,656,849,5456,11597,4201,1674,116345,135,1650,50,4.61033662
285,10482.24956,10.48224956,2850,744,880,5709,13099,4301,1603,113035,186,1526,0,3.276692468
285.25,10488.43121,10.48843121,2852.5,746,823,5780,13820,4351,1869,110249,347,1560,89,2.945438577
285.5,10494.61286,10.49461286,2855,761,882,5764,13460,4121,1690,110888,267,1682,129,3.339809623
285.75,10500.7945,10.5007945,2857.5,682,846,5834,13770,4270,1665,112439,213,1560,46,3.510103093
286,10506.97615,10.50697615,2860,703,793,5816,13507,4247,1639,110945,329,1480,54,3.5521859
286.25,10513.1578,10.5131578,2862.5,673,840,5610,13910,4162,1639,109546,333,1586,28,3.65559114
286.5,10519.33945,10.51933945,2865,713,824,5876,14209,4114,1829,111543,134,1564,92,3.555028963
286.75,10525.52109,10.52552109,2867.5,725,848,5642,13927,4347,1761,112564,241,1550,4,4.228481511
287,10531.70274,10.53170274,2870,724,760,6229,14859,4298,1579,110976,249,1772,63,3.36059877
287.25,10537.88439,10.53788439,2872.5,786,776,6138,19698,4151,1518,100959,260,2118,179,4.162323037
287.5,10544.06603,10.54406603,2875,831,667,6201,20295,4461,1792,98616,336,2132,0,4.057098765
287.75,10550.24768,10.55024768,2877.5,842,740,6354,20230,4269,1628,101265,90,1875,206,3.281848185
288,10556.42933,10.55642933,2880,821,762,6200,19705,4475,1759,101324,136,2029,84,3.660840741
288.25,10562.61097,10.56261097,2882.5,705,752,6045,19478,4482,1853,97872,128,2105,82,3.342293665
288.5,10568.79262,10.56879262,2885,734,665,5972,19915,4311,2019,96068,239,2193,138,3.247760783
288.75,10574.97427,10.57497427,2887.5,757,620,5846,19552,4218,2034,96142,239,2066,90,4.063072404
289,10581.15592,10.58115592,2890,803,647,5862,19639,4139,1732,96803,118,2079,94,4.456766559
289.25,10587.33756,10.58733756,2892.5,849,632,5967,19607,4179,1740,96992,86,1987,48,3.956853204
289.75,10599.70086,10.59970086,2897.5,845,650,6474,17670,4458,2084,101705,325,1855,99,4.124835092
290,10605.8825,10.6058825,2900,768,683,6447,17682,4323,2300,102122,107,1921,62,4.14736
290.25,10612.06415,10.61206415,2902.5,840,680,6325,17721,4474,2318,102375,105,1961,50,3.169916435
290.5,10618.2458,10.6182458,2905,829,680,6147,17523,4338,2128,102075,139,1884,100,3.549913694
290.75,10624.42745,10.62442745,2907.5,799,732,6443,17474,4393,2382,102012,191,1975,143,3.275224647
291,10630.60909,10.63060909,2910,782,686,6366,17631,4279,2361,101141,139,1889,137,3.649514008
291.25,10636.79074,10.63679074,2912.5,764,646,6227,17304,4209,2319,101397,365,1811,135,3.758246591
291.5,10642.97239,10.64297239,2915,823,711,6353,17958,4442,2377,103206,160,1867,102,3.018702378
291.75,10649.15403,10.64915403,2917.5,810,767,6275,17698,4325,2388,103734,195,1853,155,3.866843171
292,10655.33568,10.65533568,2920,803,737,6355,17634,4352,2597,103253,157,1837,55,3.755529342
292.25,10661.51733,10.66151733,2922.5,767,754,6401,17384,4353,2651,103442,205,1943,121,3.242481678
292.5,10667.69898,10.66769898,2925,765,720,6152,17513,4256,2495,102946,175,1814,167,4.301457827
292.75,10673.88062,10.67388062,2927.5,789,719,6248,17535,4359,2669,102271,246,1934,113,3.472154306
293,10680.06227,10.68006227,2930,748,746,6384,17245,4424,2727,102856,93,1955,70,3.869675376
293.25,10686.24392,10.68624392,2932.5,738,703,6301,16997,4306,2656,102453,115,1918,78,3.503680899
293.5,10692.42556,10.69242556,2935,691,713,6422,17023,4070,2770,102186,267,1937,154,3.363311258
293.75,10698.60721,10.69860721,2937.5,769,668,6315,17456,4268,2943,103030,276,1778,107,3.680635613
294,10704.78886,10.70478886,2940,751,728,6373,17245,4310,2861,104403,73,1984,177,5.34236616
294.25,10710.9705,10.7109705,2942.5,858,669,6655,17547,4664,2766,104331,261,1939,0,4.289027345
294.5,10717.15215,10.71715215,2945,764,648,6279,17339,4544,2952,103444,25,1877,0,4.916666667
294.75,10723.3338,10.7233338,2947.5,761,660,6319,17445,4299,2861,103441,290,1876,132,3.595460422
295,10729.51545,10.72951545,2950,740,695,6277,17200,4303,3059,102970,147,1822,142,3.160103292
295.25,10735.84961,10.73584961,2952.5,790,642,6462,17518,4348,3017,103431,62,1872,132,3.556427015
295.5,10742.18377,10.74218377,2955,821,637,6302,17121,4383,3107,103496,215,1928,113,4.165758626
295.75,10748.51793,10.74851793,2957.5,794,707,6416,17330,4299,3052,103651,26,2002,121,4.043513038
296,10754.8521,10.7548521,2960,790,687,6426,17275,4353,3053,103918,63,1987,171,3.410757946
296.25,10761.18626,10.76118626,2962.5,770,600,6285,17343,4260,3071,103088,78,1803,90,3.454607509
296.75,10773.85459,10.77385459,2967.5,791,659,6144,16911,4360,2720,100888,121,1811,0,3.658381328
297,10780.18875,10.78018875,2970,760,733,6209,16891,4046,2819,101210,167,1817,178,3.658008658
297.25,10786.52291,10.78652291,2972.5,839,699,6265,16871,4260,2946,102062,215,1823,165,3.883984064
297.5,10792.85707,10.79285707,2975,795,722,6166,17138,4519,2930,103893,90,1781,0,4.305241868
297.75,10799.19124,10.79919124,2977.5,814,751,6471,17089,4425,3098,104488,148,1824,178,3.428513732
298,10805.5254,10.8055254,2980,866,760,6323,17421,4527,3135,103991,158,1864,42,3.874157656
298.25,10811.85956,10.81185956,2982.5,768,717,6492,17118,4330,3192,103988,286,1832,109,2.841929375
298.5,10818.19372,10.81819372,2985,767,718,6373,17351,4243,3269,104659,105,1818,192,3.096484759
298.75,10824.52789,10.82452789,2987.5,800,732,6537,17569,4379,3086,105110,39,1872,113,3.963728921
300.25,10862.53286,10.86253286,3002.5,823,921,6314,16328,4237,3433,104379,132,1736,191,3.101800203
300.5,10868.86703,10.86886703,3005,795,862,6181,17418,4321,3443,104518,112,1958,135,3.423335199
300.75,10875.20119,10.87520119,3007.5,793,752,6207,17405,4419,3361,103471,206,1851,92,3.693960511
301,10881.53535,10.88153535,3010,844,709,6416,17266,4420,3354,103456,269,1941,117,3.598537005
301.25,10887.86951,10.88786951,3012.5,773,740,6449,17127,4461,3571,103429,280,1782,53,3.232138079
301.5,10894.20368,10.89420368,3015,867,683,6272,17158,4297,3322,102957,166,1944,164,3.542476402
301.75,10900.53784,10.90053784,3017.5,851,765,6375,17127,4345,3155,104003,291,1824,114,3.29558567
302,10906.872,10.906872,3020,828,717,6299,17170,4470,3348,103391,171,1981,112,2.75560854
302.25,10913.20616,10.91320616,3022.5,810,747,6433,17849,4510,3373,105133,200,1943,235,3.201964787
302.5,10919.54033,10.91954033,3025,852,727,6276,17781,4357,3140,103975,184,1951,139,3.393045596
302.75,10925.87449,10.92587449,3027.5,761,608,6299,16576,4182,3138,101808,78,1834,157,2.814329556
303,10932.20865,10.93220865,3030,724,736,6118,15761,4160,3341,101205,215,1866,103,3.652375956
303.25,10938.54282,10.93854282,3032.5,763,778,6099,16086,4144,3457,100629,274,1905,104,3.386335404
303.5,10944.87698,10.94487698,3035,728,746,5751,16083,4009,3058,99784,302,1913,160,3.059847801
303.75,10951.21114,10.95121114,3037.5,724,778,5939,16086,4015,2865,104105,237,1880,189,3.948254168
304,10957.5453,10.9575453,3040,689,935,5805,16101,4187,2945,109860,217,1824,84,3.590213626
304.25,10963.87947,10.96387947,3042.5,697,959,5813,15933,3908,2911,109503,301,1781,168,3.268035738
304.5,10970.21363,10.97021363,3045,669,893,5696,16616,4076,2962,110180,275,1860,125,3.331255802
304.75,10976.54779,10.97654779,3047.5,688,890,5650,16579,4075,2893,109534,192,1926,102,4.823315118
305,10982.88195,10.98288195,3050,733,942,5851,16858,4133,3046,106386,150,1918,150,2.95592852
305.25,10989.21612,10.98921612,3052.5,639,835,5819,17466,4093,2959,105413,233,1873,176,3.174815381
305.5,10995.55028,10.99555028,3055,724,847,5872,17605,4158,3026,105733,177,1882,183,3.359523164
305.75,11001.88444,11.00188444,3057.5,699,835,6005,17323,4189,3085,103995,274,1958,116,3.14091871
306,11008.21861,11.00821861,3060,792,836,5825,17598,4142,3120,105063,249,1879,98,3.407692308
306.25,11014.55277,11.01455277,3062.5,739,842,5987,17414,4115,3368,100166,299,1974,199,3.288874346
306.5,11020.88693,11.02088693,3065,687,865,5699,17056,4044,3719,99805,319,1940,132,2.772980812
306.75,11027.22109,11.02722109,3067.5,734,754,5778,17435,4048,3900,98323,267,1983,165,3.708479221
307,11033.55526,11.03355526,3070,733,789,6157,17833,4166,3744,99803,215,1954,157,2.844113917
307.25,11039.88942,11.03988942,3072.5,768,773,6159,17640,4298,3750,101105,166,1998,107,3.089639115
307.5,11046.22358,11.04622358,3075,801,729,6140,18258,4407,3874,101080,272,1958,72,3.446389195
307.75,11052.55774,11.05255774,3077.5,795,830,6176,17883,4323,3422,100861,233,1895,121,3.503359462
308,11058.89191,11.05889191,3080,764,724,6090,18705,4315,3602,102111,137,1996,132,2.874644199
308.25,11065.22607,11.06522607,3082.5,771,708,6147,17790,4253,3478,101689,165,1993,119,3.312982998
308.5,11071.56023,11.07156023,3085,884,686,6335,18154,4273,3433,102468,228,1931,114,3.335852824
308.75,11077.8944,11.0778944,3087.5,768,763,6048,17792,4189,3569,101941,263,1865,245,2.765307269
309,11084.22856,11.08422856,3090,788,661,6017,17865,4325,3514,101204,162,1969,151,2.891490842
309.25,11090.56272,11.09056272,3092.5,759,788,5916,18169,4006,3441,99167,169,2027,260,3.392957183
309.5,11096.89688,11.09689688,3095,813,777,6043,18666,4119,3361,99281,151,1985,142,3.219692308
309.75,11103.23105,11.10323105,3097.5,816,815,6040,18389,4341,3404,100204,238,1936,130,2.820590208
310,11109.56521,11.10956521,3100,788,717,6044,18580,4228,3400,99909,225,1906,142,3.640029326
310.25,11115.89937,11.11589937,3102.5,825,780,6060,18177,4257,3405,98874,187,1861,68,3.786932247
310.5,11122.23353,11.12223353,3105,796,751,6083,18775,4004,3270,97392,134,1943,191,3.049864708
310.75,11128.5677,11.1285677,3107.5,821,808,5958,18253,4092,3219,97150,116,1998,124,3.477000279
311,11134.90186,11.13490186,3110,735,762,5897,18358,4248,3293,98057,255,1926,89,3.181985294
311.25,11141.23602,11.14123602,3112.5,664,920,5567,17862,4021,3229,97054,77,1959,231,3.040246943
311.5,11147.57019,11.14757019,3115,838,733,5918,18420,4259,3542,99232,324,1976,115,2.933983061
311.75,11153.90435,11.15390435,3117.5,813,656,6141,18971,4284,3403,100011,222,1928,178,3.180668473
312,11160.23851,11.16023851,3120,782,727,5951,18594,4301,3360,99356,117,1910,80,2.889420273
312.25,11166.57267,11.16657267,3122.5,841,719,6196,18494,4288,3351,99533,290,2093,123,3.2692
312.5,11172.90684,11.17290684,3125,852,685,6132,18144,4479,3526,101554,187,1944,92,3.39497307
312.75,11179.241,11.179241,3127.5,751,663,5911,18344,4330,3398,99742,283,1929,137,3.300419068
313,11185.57516,11.18557516,3130,830,744,5926,18261,4358,3337,99032,334,1968,152,2.551444968
313.25,11191.90932,11.19190932,3132.5,815,742,5861,17647,4187,3415,100096,228,1820,150,5.076735688
313.5,11198.24349,11.19824349,3135,770,747,5965,17433,4180,3329,100200,221,1883,120,3.351569744
313.75,11204.57765,11.20457765,3137.5,768,825,5817,17136,4153,3220,97436,164,1946,82,4.136895408
314,11210.91181,11.21091181,3140,751,723,5526,16866,4087,3347,95976,103,1792,184,3.301688348
314.25,11217.24598,11.21724598,3142.5,739,741,5874,17725,4230,3198,97819,248,1943,77,3.397058824
314.5,11223.58014,11.22358014,3145,873,692,5951,17616,4313,3474,98950,103,1866,92,3.336343115
314.75,11229.9143,11.2299143,3147.5,783,668,6084,17599,4167,3569,99982,275,1864,149,3.672351343
315,11236.24846,11.23624846,3150,782,663,5846,17030,4128,3410,98585,209,1965,153,2.70347038
315.25,11242.99911,11.24299911,3152.5,759,666,6019,17540,4152,3476,99406,277,1972,141,2.87725457
315.5,11249.74976,11.24974976,3155,789,732,5944,17423,4153,3335,99763,70,1865,162,3.781832543
315.75,11256.50041,11.25650041,3157.5,750,656,5950,17401,4237,3319,99936,256,1862,186,3.619133574
316,11263.25106,11.26325106,3160,761,694,5967,17807,4398,3383,100309,175,1840,152,3.614058957
316.25,11270.00171,11.27000171,3162.5,747,754,5784,17443,4262,3395,101210,89,1932,150,3.044576523
316.5,11276.75236,11.27675236,3165,856,738,6147,17692,4301,3325,101432,192,1847,187,4.107424706
316.75,11283.503,11.283503,3167.5,825,711,6048,17701,4316,3407,102081,96,1922,103,3.276256004
317,11290.25365,11.29025365,3170,687,746,5898,16952,4129,3325,100056,225,1882,146,3.203708645
317.25,11297.0043,11.2970043,3172.5,811,690,5816,17038,4057,3418,100263,184,1915,219,3.358626094
317.5,11303.75495,11.30375495,3175,815,721,5947,17375,4316,3533,100053,224,1883,79,3.559025867
317.75,11310.5056,11.3105056,3177.5,773,695,6082,17803,4417,3595,101699,380,1944,46,2.784484686
318,11317.25625,11.31725625,3180,834,675,6112,17773,4355,3652,102179,205,1899,184,3.236252002
318.25,11324.0069,11.3240069,3182.5,848,675,6191,17589,4373,3711,102188,155,1832,98,3.3138276
318.5,11330.75754,11.33075754,3185,799,660,6068,17756,4470,3683,101714,142,1884,47,3.063791009
318.75,11337.50819,11.33750819,3187.5,842,645,6150,17579,4228,3432,100837,225,1872,161,3.514589235
319,11344.25884,11.34425884,3190,851,701,6288,17934,4403,3450,102469,368,1834,120,2.814738997
319.25,11351.00949,11.35100949,3192.5,732,742,6353,17830,4435,3590,102392,73,2004,104,3.378449958
319.5,11357.76014,11.35776014,3195,823,702,6148,17754,4486,3439,102084,132,1962,73,3.156128221
319.75,11364.51079,11.36451079,3197.5,802,708,6026,17452,4254,3644,102067,154,1812,169,3.555991591
320,11371.26144,11.37126144,3200,853,730,6100,17331,4334,3776,101782,263,1822,129,3.980257791
320.25,11378.01209,11.37801209,3202.5,819,705,6127,17696,4140,3585,100890,141,1864,157,3.61837655
320.5,11384.76273,11.38476273,3205,840,743,6038,17756,4351,3458,101873,252,1937,197,2.987611439
320.75,11391.51338,11.39151338,3207.5,828,644,6035,17978,4293,3684,101477,320,1844,107,3.730450237
321,11398.26403,11.39826403,3210,802,666,6054,17219,4268,3548,100853,284,1963,117,3.629509645
321.25,11405.01468,11.40501468,3212.5,789,632,6125,17743,4365,3692,101443,178,1938,83,2.924186435
321.5,11411.76533,11.41176533,3215,751,649,5921,17594,4140,3559,102035,265,1973,153,3.557142857
321.75,11418.51598,11.41851598,3217.5,807,680,6001,17267,4187,3618,100453,166,1944,163,2.752543123
322,11425.26663,11.42526663,3220,818,668,6131,17475,4435,3412,100299,177,1865,114,3.431818182
322.25,11432.01727,11.43201727,3222.5,840,688,6040,17521,4317,3500,101081,257,2063,77,3.641063735
322.5,11438.76792,11.43876792,3225,833,682,6256,17745,4355,3695,101137,139,1950,124,2.986224954
322.75,11445.51857,11.44551857,3227.5,852,745,6156,17820,4317,3512,101320,207,1802,81,3.438977723
323,11452.26922,11.45226922,3230,836,644,6100,17709,4482,3750,102285,67,1894,89,3.194523958
323.25,11459.01987,11.45901987,3232.5,812,718,6034,17840,4177,3830,101816,116,2019,154,3.528840662
323.5,11465.77052,11.46577052,3235,784,670,6097,17581,4292,3708,101707,164,1877,155,3.782731882
323.75,11472.52117,11.47252117,3237.5,827,706,6289,17762,4424,3661,101228,329,1831,108,3.500917172
324,11479.27181,11.47927181,3240,792,720,6143,17369,4166,3637,101275,267,1947,164,3.386651958
324.25,11486.02246,11.48602246,3242.5,767,669,5961,17317,4153,3645,101635,119,1966,58,3.322841727
324.5,11492.77311,11.49277311,3245,864,707,6192,17804,4389,3647,102545,218,1908,98,3.977129973
324.75,11499.52376,11.49952376,3247.5,892,759,6106,17935,4417,3621,102183,119,1895,130,4.033866118
325,11506.27441,11.50627441,3250,825,718,6146,17368,4083,3747,102514,187,1960,193,3.34697776
325.25,11513.02506,11.51302506,3252.5,808,710,6059,17430,4222,3753,101131,234,1930,167,3.209539814
325.5,11519.77571,11.51977571,3255,784,715,6029,17924,4222,3906,103323,154,2048,51,2.986003293
325.75,11526.52636,11.52652636,3257.5,823,701,6013,17868,4505,3486,103334,57,1979,60,3.634035932
326,11533.277,11.533277,3260,773,697,6051,17609,4266,3659,101571,324,2033,145,3.006817366
326.25,11540.02765,11.54002765,3262.5,729,783,5967,17387,4202,3668,100557,199,2017,154,3.390765619
326.5,11546.7783,11.5467783,3265,807,731,6008,17542,4395,3752,101073,49,1950,83,3.066333809
326.75,11553.52895,11.55352895,3267.5,693,766,5809,17395,4300,3695,99838,311,1802,103,2.976210914
327,11560.2796,11.5602796,3270,790,740,5875,17516,4304,3736,99696,271,1927,124,3.09792176
327.25,11567.03025,11.56703025,3272.5,807,760,6032,17467,4225,3760,101212,189,1923,158,3.35978904
327.5,11573.7809,11.5737809,3275,814,773,5862,17410,4250,3644,100836,291,1987,112,3.877930722
327.75,11580.53154,11.58053154,3277.5,811,709,6175,17101,4231,3666,101306,117,1939,228,3.101646938
328,11587.28219,11.58728219,3280,810,734,6025,17613,4431,3611,100639,124,1952,94,3.110838345
328.25,11594.03284,11.59403284,3282.5,768,687,6019,17654,4307,3652,100399,184,1792,85,3.397102265
328.5,11600.78349,11.60078349,3285,727,813,5823,17208,4333,3674,100291,345,2024,110,3.829902665
328.75,11607.53414,11.60753414,3287.5,745,855,5859,17499,4176,3600,100034,196,1814,170,3.797006262
329,11614.28479,11.61428479,3290,726,744,5926,17821,4276,3818,100629,258,1968,172,3.306468859
329.25,11621.03544,11.62103544,3292.5,768,773,5760,17800,4386,3731,102518,198,2030,229,3.55690546
329.5,11627.78608,11.62778608,3295,799,751,6034,17748,4347,3796,100705,37,1975,150,3.630184835
329.75,11634.53673,11.63453673,3297.5,811,736,5956,17545,4279,3821,100127,139,1859,124,3.764866092
330,11641.28738,11.64128738,3300,736,771,5895,17590,4346,3744,100021,70,1907,172,3.625211745
330.25,11648.03803,11.64803803,3302.5,722,787,6021,17827,4306,3593,99756,220,1880,172,4.419181997
330.5,11654.78868,11.65478868,3305,756,723,5992,17343,4130,3772,100597,261,1959,178,4.227736234
330.75,11661.53933,11.66153933,3307.5,712,778,5690,16920,4084,3680,98993,270,1904,166,3.03099631
331,11668.28998,11.66828998,3310,708,809,5889,16861,4196,3572,99282,92,1825,68,2.868198716
331.25,11675.04063,11.67504063,3312.5,776,806,5672,17161,4141,3751,99659,115,1875,114,4.132359943
331.5,11681.79127,11.68179127,3315,739,799,5813,17097,4004,3657,99017,230,1803,142,3.519416814
331.75,11688.54192,11.68854192,3317.5,696,769,5679,17423,4156,3667,99260,298,1970,93,3.133133394
332,11695.29257,11.69529257,3320,753,840,5656,16941,4054,3470,99177,191,1917,182,3.129854069
332.25,11702.04322,11.70204322,3322.5,756,824,5706,16707,4162,3644,99261,169,2007,158,3.326300985
332.5,11708.79387,11.70879387,3325,748,820,5881,16989,4317,3813,99325,193,1977,126,2.99250357
332.75,11715.54452,11.71554452,3327.5,794,789,5866,17670,4482,3679,99706,157,1952,96,2.959868189
333,11722.29517,11.72229517,3330,821,688,5773,17514,4141,3440,98426,209,1990,151,3.275788915
333.25,11729.04581,11.72904581,3332.5,791,703,5585,17824,4380,3358,96460,136,1959,86,3.596790229
333.5,11735.79646,11.73579646,3335,728,672,5693,17916,4280,3627,98279,108,1906,105,3.043740938
333.75,11742.54711,11.74254711,3337.5,765,753,5788,17447,4286,3615,99988,286,2007,0,2.927633095
334,11749.29776,11.74929776,3340,778,761,5605,17958,4381,3715,98820,171,2021,46,3.837353968
334.25,11756.04841,11.75604841,3342.5,736,767,5786,18082,4253,3686,98185,119,1982,141,3.095243674
334.5,11762.79906,11.76279906,3345,811,783,5728,18464,4205,3602,96589,54,2041,171,3.031379515
334.75,11769.54971,11.76954971,3347.5,791,792,5668,17916,4198,3479,98073,205,2156,129,3.99484453
335,11776.30035,11.77630035,3350,717,815,5569,18245,4100,3612,97659,227,1928,161,4.423897582
335.25,11782.93403,11.78293403,3352.5,734,839,5786,18303,4122,3425,97921,270,2012,133,3.382449426
335.5,11789.5677,11.7895677,3355,723,762,5627,18913,4203,3551,96458,80,1926,96,3.106130361
335.75,11796.20137,11.79620137,3357.5,762,772,5684,18551,4227,3469,97432,128,2044,140,3.55675307
336,11802.83504,11.80283504,3360,734,817,5704,18303,4314,3593,97528,344,1960,88,3.164371102
336.25,11809.46871,11.80946871,3362.5,765,824,5597,17990,4318,3527,97351,78,1960,66,3.418319559
336.5,11816.10238,11.81610238,3365,739,767,5802,17954,4214,3495,96932,356,2034,174,3.142693774
336.75,11822.73605,11.82273605,3367.5,747,789,5897,18331,4222,3866,97879,0,2091,104,3.713216196
337,11829.36972,11.82936972,3370,750,796,5606,18240,4273,3632,97342,274,1993,106,3.456682816
337.25,11836.00339,11.83600339,3372.5,754,844,5693,18518,4362,3707,97943,231,2010,33,3.326974033
337.5,11842.63706,11.84263706,3375,699,890,5526,17777,4155,3673,97106,141,2164,58,3.557662374
337.75,11849.27073,11.84927073,3377.5,705,896,5502,18457,4167,3576,96678,191,2106,101,3.656671877
338,11855.9044,11.8559044,3380,679,839,5494,17907,4261,3724,95188,229,2031,121,3.563112392
338.25,11862.53807,11.86253807,3382.5,703,795,5342,17934,4026,3512,92866,118,2065,106,3.391903409
338.5,11869.17174,11.86917174,3385,690,819,5152,19145,3992,3404,91910,127,2123,110,3.092741935
338.75,11875.80541,11.87580541,3387.5,670,877,5119,18258,4101,3367,92667,207,2029,116,3.398246102
339,11882.43908,11.88243908,3390,693,916,5536,18384,4129,3739,95665,265,2030,201,2.650303592
339.25,11889.07275,11.88907275,3392.5,651,941,5389,18813,4372,3805,94989,181,2026,96,4.358474284
339.5,11895.70642,11.89570642,3395,716,880,5607,18244,4089,3740,94670,304,1975,199,3.396915025
339.75,11902.34009,11.90234009,3397.5,723,814,5549,19092,4188,3607,94603,247,2197,101,2.757322642
340,11908.97376,11.90897376,3400,690,840,5467,20376,4143,3647,93115,46,2210,82,3.468471022
340.25,11915.60743,11.91560743,3402.5,715,776,5492,20679,4191,3587,93937,212,2130,146,3.194796349
340.5,11922.2411,11.9222411,3405,774,824,5666,21342,4079,3648,94416,201,2248,75,2.691278817
340.75,11928.87477,11.92887477,3407.5,781,839,5532,20684,4026,3552,93477,226,2257,149,3.579292641
341,11935.50844,11.93550844,3410,704,859,5310,19618,4037,3492,93195,41,2189,110,2.711756695
341.25,11942.14211,11.94214211,3412.5,731,854,5406,21016,4183,3467,92550,219,2289,169,3.693613082
341.5,11948.77578,11.94877578,3415,739,765,5558,20015,4030,3397,93623,170,2060,177,3.320880033
341.75,11955.40945,11.95540945,3417.5,761,802,5167,20138,4130,3363,90392,57,2189,114,3.112828643
342,11962.04312,11.96204312,3420,706,865,5053,20002,3992,3236,89810,178,2245,83,2.947560822
342.25,11968.67679,11.96867679,3422.5,739,850,5673,19315,4190,3601,94099,172,2106,110,4.181369959
342.5,11975.31046,11.97531046,3425,784,735,5714,19561,4214,3736,96161,192,2251,81,3.030663559
342.75,11981.94413,11.98194413,3427.5,769,796,5701,20746,4125,3697,92509,207,2352,126,4.557380143
343,11988.5778,11.9885778,3430,711,832,4932,25844,3727,3857,83678,121,2673,122,4.095919449
343.25,11995.21147,11.99521147,3432.5,765,799,4895,32433,3670,3679,81194,60,2781,187,3.395160142
343.5,12001.84514,12.00184514,3435,757,691,5977,15831,4282,4217,101687,177,1661,111,3.58988604
343.75,12008.47881,12.00847881,3437.5,759,756,5986,14997,4386,4164,102914,251,1802,100,3.14696814
344,12015.11248,12.01511248,3440,750,809,6034,15023,4242,3877,102868,41,1709,219,3.093688119
344.25,12021.74615,12.02174615,3442.5,798,719,6181,15366,4122,3818,101383,233,1765,116,3.473455056
344.5,12028.37982,12.02837982,3445,746,732,5975,15094,4341,3612,102839,208,1795,11,3.419207522
344.75,12035.01349,12.03501349,3447.5,751,762,5985,15290,4310,3901,104700,207,1826,148,3.017656501
345,12041.64716,12.04164716,3450,850,783,6119,14959,4312,4076,106300,252,1666,62,3.132918482
345.25,12048.28083,12.04828083,3452.5,794,732,6203,14783,4060,4261,107173,141,1655,146,4.096018735
345.5,12054.9145,12.0549145,3455,760,732,5831,14075,4051,4491,106339,270,1772,84,4.293571674
345.75,12061.54817,12.06154817,3457.5,776,787,5732,14140,3932,4105,105546,192,1674,150,3.998067944
346,12068.18184,12.06818184,3460,658,966,5578,13865,3958,4146,102529,208,1681,89,3.571324067
346.25,12074.81551,12.07481551,3462.5,693,810,5626,14255,3996,5146,108231,316,1692,137,3.093028994
346.5,12081.44918,12.08144918,3465,824,809,5603,14253,3909,5485,110001,191,1688,194,3.61188565
346.75,12088.08286,12.08808286,3467.5,692,849,5833,13930,4142,4954,110254,293,1634,27,3.176583739
347,12094.71653,12.09471653,3470,729,843,5584,12528,4166,5119,114334,246,1469,75,3.959329008
347.25,12101.3502,12.1013502,3472.5,697,794,5361,12489,3828,4129,115791,262,1361,172,3.485267421
347.5,12107.98387,12.10798387,3475,760,762,5803,13459,3982,4007,113895,102,1586,89,3.530925636
347.75,12114.61754,12.11461754,3477.5,704,847,5571,13841,3954,6152,112945,265,1527,158,2.985053038
348,12121.25121,12.12125121,3480,688,886,5389,13389,3901,3693,115612,129,1572,138,2.923623446
348.25,12127.88488,12.12788488,3482.5,729,814,5604,13798,3969,3311,113499,227,1646,95,2.95412526
348.5,12134.51855,12.13451855,3485,808,789,5701,13761,4094,3186,110385,311,1631,96,2.976913454
348.75,12141.15222,12.14115222,3487.5,756,792,5822,14223,3925,3136,107680,234,1656,266,3.076105546
349,12147.78589,12.14778589,3490,702,828,5710,13903,3941,2801,108953,300,1656,112,3.256251611
349.25,12154.41956,12.15441956,3492.5,782,865,5803,14446,4195,2988,108404,257,1724,218,3.044114092
349.5,12161.05323,12.16105323,3495,722,850,5774,14475,4259,2889,106342,141,1724,57,3.230560355
349.75,12167.6869,12.1676869,3497.5,713,931,5783,14700,4086,2987,106179,204,1877,31,3.226495726
350,12174.32057,12.17432057,3500,798,933,5872,14696,4252,3066,107027,141,1776,115,3.847744077
350.25,12180.95424,12.18095424,3502.5,742,836,5795,14439,4053,3820,107549,228,1659,201,3.869903517
350.5,12187.58791,12.18758791,3505,719,775,5830,14674,4217,4343,106100,252,1890,118,3.582441423
350.75,12194.22158,12.19422158,3507.5,769,831,5786,16610,4423,5585,100519,117,1977,46,3.955665025
351,12200.85525,12.20085525,3510,681,758,6022,17678,4233,6366,100406,259,1921,125,3.882158069
351.25,12207.48892,12.20748892,3512.5,844,777,6184,18079,4299,6431,99428,204,2112,124,3.245474111
351.5,12214.12259,12.21412259,3515,861,743,5959,18025,4330,6310,97511,167,1986,100,3.375455158
351.75,12220.75626,12.22075626,3517.5,822,743,5892,17910,4278,5632,98216,128,1975,131,2.951609058
352,12227.38993,12.22738993,3520,788,765,5962,17702,4249,5128,98570,205,1979,157,3.220142027
352.25,12234.0236,12.2340236,3522.5,738,760,5707,17547,4091,5114,98246,201,1952,130,3.377188257
352.5,12240.65727,12.24065727,3525,683,691,5933,21361,4167,4677,93804,130,2280,85,3.47610268
352.75,12247.29094,12.24729094,3527.5,814,737,5868,19568,4350,4896,93870,36,2026,164,3.375017177
353,12253.92461,12.25392461,3530,891,708,5752,19443,4165,4576,95190,65,2043,167,3.725411728
353.25,12260.55828,12.26055828,3532.5,773,772,5523,18507,4213,4654,93290,193,2021,193,3.634351483
353.5,12267.19195,12.26719195,3535,839,738,5617,18942,4206,4658,93792,110,1949,62,3.32882945
353.75,12273.82562,12.27382562,3537.5,806,799,5777,18506,4100,4539,93732,177,2159,38,3.462224171
354,12280.45929,12.28045929,3540,779,721,5977,18598,4345,4897,94206,243,2075,179,2.910358566
354.25,12287.09296,12.28709296,3542.5,763,699,5784,18790,4335,4779,95159,108,2026,126,3.360644258
354.5,12293.72663,12.29372663,3545,741,717,5983,16798,4257,4939,97135,251,1967,126,3.581559264
354.75,12300.3603,12.3003603,3547.5,780,710,6009,17382,4146,4768,97532,306,1915,203,3.393063584
355,12306.99397,12.30699397,3550,786,698,6116,15734,4334,5113,98423,312,1768,176,3.707980123
355.25,12313.08982,12.31308982,3552.5,804,721,6053,14132,4108,4950,101014,306,1749,236,2.897933264
355.5,12319.18567,12.31918567,3555,768,698,5959,14088,4476,4865,101467,289,1696,66,3.963966837
355.75,12325.28153,12.32528153,3557.5,783,696,5865,14110,4388,5199,100743,177,1798,125,2.82014226
356,12331.37738,12.33137738,3560,784,676,5803,14868,4521,5340,100566,224,1883,57,3.45385883
356.25,12337.47323,12.33747323,3562.5,756,759,6071,13700,4334,5534,103277,350,1680,159,4.419069935
356.5,12343.56908,12.34356908,3565,748,761,6049,12993,4373,5521,103698,288,1654,110,4.501777462
356.75,12349.66493,12.34966493,3567.5,785,732,5961,14967,4346,5278,101663,118,1807,198,4.040221217
357,12355.76078,12.35576078,3570,730,798,5816,18119,4061,5146,97128,266,1849,128,3.393817017
357.25,12361.85663,12.36185663,3572.5,731,740,5956,14668,4332,5437,103355,197,1687,91,3.233772632
357.5,12367.95249,12.36795249,3575,838,743,6131,12446,4354,5446,108557,332,1679,137,2.95051474
357.75,12374.04834,12.37404834,3577.5,781,704,5996,12542,4520,5124,108653,245,1537,106,3.520724638
358,12380.14419,12.38014419,3580,733,760,5849,12673,4491,5320,109820,176,1824,55,4.221351445
358.25,12386.24004,12.38624004,3582.5,798,709,5971,14115,4301,5166,106301,90,1923,77,3.004384866
358.5,12392.33589,12.39233589,3585,787,712,5876,14128,4314,4784,105175,192,1872,206,3.19040517
358.75,12398.43174,12.39843174,3587.5,779,770,5780,14485,4237,5018,105466,337,1788,129,4.183470796
359,12404.52759,12.40452759,3590,708,823,5657,14488,4258,4431,104299,195,1618,56,3.60151856
359.25,12410.62344,12.41062344,3592.5,770,765,5830,12531,4175,4000,108426,153,1461,105,4.120442708
359.5,12416.7193,12.4167193,3595,745,803,5658,11481,4368,3250,111010,324,1436,0,3.020137408
359.75,12422.81515,12.42281515,3597.5,759,849,5695,9815,4111,3294,120756,104,1395,59,3.125977301
360,12428.911,12.428911,3600,734,892,5532,9380,4005,3776,133036,141,1312,75,3.522749823
360.25,12435.00685,12.43500685,3602.5,640,944,5332,9824,3921,4471,134504,194,1304,0,5.00209468
360.5,12441.1027,12.4411027,3605,719,890,5689,12175,4063,4300,123453,196,1570,114,3.30483368
360.75,12447.19855,12.44719855,3607.5,739,868,5908,15137,4136,4623,120433,399,1759,153,3.60156769
361,12453.2944,12.4532944,3610,773,885,6287,15877,4422,4593,112087,300,1704,186,2.813846659
361.25,12459.39025,12.45939025,3612.5,788,732,6060,14217,4341,9456,108079,206,1603,193,2.906197088
362.25,12483.77366,12.48377366,3622.5,624,899,5163,10411,3806,41023,109710,238,1020,64,2.516810975
362.5,12489.86951,12.48986951,3625,573,879,4855,9058,3595,28720,111582,242,1055,152,3.361796507
362.75,12495.96536,12.49596536,3627.5,583,1046,4868,6392,3683,8682,137901,118,1128,113,3.699607971
363,12502.06121,12.50206121,3630,598,972,4896,7282,3714,6476,146625,355,1059,125,3.227391604
363.25,12508.15706,12.50815706,3632.5,613,973,4965,6511,3813,5362,140498,104,1010,133,2.915222541
363.5,12514.25292,12.51425292,3635,620,963,5187,7528,3819,4573,135802,287,1198,64,3.365684093
363.75,12520.34877,12.52034877,3637.5,645,848,5387,9007,3757,4262,118367,137,1248,94,4.931651749
364,12526.44462,12.52644462,3640,723,773,5441,10474,4070,3767,105477,239,1373,59,2.941482595
364.25,12532.54047,12.53254047,3642.5,671,859,5600,11826,4004,3837,105294,345,1526,128,3.07032314
364.5,12538.63632,12.53863632,3645,748,734,5671,11762,4132,3704,104124,155,1516,158,3.734979179
364.75,12544.73217,12.54473217,3647.5,763,844,5616,12928,4047,3801,101480,188,1572,127,4.097489879
365,12550.82802,12.55082802,3650,733,785,5536,12665,4028,3812,103761,241,1528,102,3.533643326
365.25,12556.92388,12.55692388,3652.5,724,815,5517,11885,4108,3585,104085,463,1396,63,3.801417393
365.5,12563.01973,12.56301973,3655,685,748,5389,12646,4092,3646,102857,438,1527,21,3.378773773
365.75,12569.11558,12.56911558,3657.5,724,826,5487,11965,4060,3831,103323,408,1651,85,4.172158155
366,12575.21143,12.57521143,3660,700,837,5481,13740,3963,4330,98862,244,1815,120,3.320834508
366.25,12581.30728,12.58130728,3662.5,745,799,5946,14464,4172,4800,100552,144,1739,58,4.444679725
366.5,12587.40313,12.58740313,3665,721,786,5697,14251,4110,5360,99595,308,1637,125,3.77469897
366.75,12593.49898,12.59349898,3667.5,777,805,5845,13946,3976,5205,100928,73,1636,167,3.553844075
367,12599.59483,12.59959483,3670,760,810,5696,14024,4113,4279,100724,310,1640,130,3.344673957
367.25,12605.69069,12.60569069,3672.5,758,850,5738,14237,4047,4040,100788,322,1801,148,3.21925482
367.5,12611.78654,12.61178654,3675,719,819,5644,13880,4013,3890,98884,271,1629,158,3.384605246
367.75,12617.88239,12.61788239,3677.5,670,836,5575,13710,4135,3805,99988,118,1704,121,3.067397329
368,12623.97824,12.62397824,3680,702,897,5456,13538,4102,3625,99139,302,1741,0,3.778185017
368.25,12630.07409,12.63007409,3682.5,628,844,5412,14078,4184,3573,99726,168,1657,81,2.888876238
368.5,12636.16994,12.63616994,3685,704,760,5560,13868,4180,3566,99776,335,1612,102,3.302540416
368.75,12642.26579,12.64226579,3687.5,773,797,5952,14233,4143,3367,97285,235,1813,158,3.43997421
369,12648.36164,12.64836164,3690,765,667,5813,14423,4379,3188,96193,244,1844,140,3.529395218
369.25,12654.4575,12.6544575,3692.5,749,672,5850,14614,4227,2874,97505,214,1720,124,4.207431874
369.5,12660.55335,12.66055335,3695,749,662,5826,11853,4327,3093,101319,193,1599,105,3.386651023
369.75,12666.6492,12.6666492,3697.5,708,838,5860,12247,4269,3004,99771,180,1593,113,3.757016359
370,12672.74505,12.67274505,3700,770,765,5763,13682,4330,3065,97771,189,1649,132,3.541666667
370.25,12678.8409,12.6788409,3702.5,852,701,5988,13968,4241,2936,98404,287,1662,172,3.346092291
370.5,12684.93675,12.68493675,3705,774,750,5833,13025,4391,2663,97402,233,1742,73,3.423903018
370.75,12691.0326,12.6910326,3707.5,763,749,5791,13545,4260,2695,96970,180,1771,92,3.558776167
371,12697.12845,12.69712845,3710,774,728,5937,13195,4254,2767,98632,240,1681,150,3.597955707
371.25,12703.22431,12.70322431,3712.5,752,766,5949,13010,4188,2680,99249,225,1636,119,2.766069186
371.5,12709.32016,12.70932016,3715,733,722,5968,13053,4364,3091,99711,233,1608,114,3.122753764
371.75,12715.41601,12.71541601,3717.5,773,778,5838,13068,4404,2631,100520,244,1499,129,3.48547836
372,12721.51186,12.72151186,3720,779,720,5987,12403,4512,2824,103464,205,1435,76,3.152958153
372.25,12727.60771,12.72760771,3722.5,738,778,5732,10524,4194,3016,110442,142,1342,131,3.83092211
372.5,12733.70356,12.73370356,3725,743,824,5598,8752,4344,3110,112630,313,1194,67,3.720793434
372.75,12739.79941,12.73979941,3727.5,664,833,5533,7494,4027,3266,114259,114,1110,173,4.600315126
373,12745.89527,12.74589527,3730,716,843,5588,7422,4112,3679,107403,333,1281,128,3.217093401
373.25,12751.99112,12.75199112,3732.5,808,850,5777,8501,4321,3556,105997,256,1456,76,4.124062031
373.5,12758.08697,12.75808697,3735,781,812,5826,9805,4310,3702,103894,213,1519,118,3.779091298
373.75,12764.18282,12.76418282,3737.5,764,845,5782,10921,4429,3464,102886,291,1493,83,3.474352124
374,12770.27867,12.77027867,3740,736,784,5791,11632,4278,3817,103472,199,1530,128,3.381320949
374.25,12776.37452,12.77637452,3742.5,740,773,5759,12257,4000,3825,102365,327,1518,118,3.982933092
374.5,12782.47037,12.78247037,3745,757,863,5674,12432,4321,3984,102589,204,1565,69,3.984613017
374.75,12788.56622,12.78856622,3747.5,759,675,5789,13072,4026,3646,102136,292,1635,181,3.092441929
375,12794.66208,12.79466208,3750,791,818,5685,12708,4175,3402,100490,224,1589,127,4.325791085
375.25,12796.55516,12.79655516,3752.5,768,760,5780,13092,4349,3386,101030,253,1761,61,3.622688039
375.5,12798.44824,12.79844824,3755,711,770,5816,13447,4153,3402,99890,119,1666,152,3.965500945
375.75,12800.34132,12.80034132,3757.5,712,862,5657,13978,4237,3213,98348,297,1797,62,3.274120469
376,12802.2344,12.8022344,3760,726,803,5705,14039,4190,3129,97809,396,1763,154,3.719170984
376.25,12804.12748,12.80412748,3762.5,698,758,5763,13604,4211,3169,96212,329,1731,31,3.225797942
376.5,12806.02056,12.80602056,3765,710,789,5756,13820,3992,3299,96988,283,1757,133,3.82306379
376.75,12807.91364,12.80791364,3767.5,704,673,5907,14003,4271,3406,95919,352,1836,118,4.825440313
377,12809.80672,12.80980672,3770,730,733,5941,14728,4312,3437,95182,28,1787,151,3.67237273
377.25,12811.6998,12.8116998,3772.5,712,767,5893,14918,4166,3847,94321,204,1794,105,2.892221715
377.5,12813.59288,12.81359288,3775,776,717,5953,15097,3928,3439,95627,314,1741,178,3.681693154
377.75,12815.48596,12.81548596,3777.5,768,759,5989,14846,4155,3578,96226,65,1773,149,4.347542716
378,12817.37905,12.81737905,3780,742,602,6012,14629,4142,3548,98751,172,1734,181,3.713059386
378.25,12819.27213,12.81927213,3782.5,794,762,6048,13042,4177,3584,100369,360,1699,53,3.02352409
378.5,12821.16521,12.82116521,3785,713,841,5647,12342,3762,3776,98359,320,1592,188,3.764188297
378.75,12823.05829,12.82305829,3787.5,738,814,5675,12405,3976,3784,99745,370,1516,81,4.502300071
379,12824.95137,12.82495137,3790,733,804,5889,12580,3913,3759,100513,262,1551,135,4.256481331
379.25,12826.84445,12.82684445,3792.5,691,882,5836,12665,3985,3837,99729,177,1491,82,3.071668015
379.5,12828.73753,12.82873753,3795,721,829,5643,12856,3798,3789,99702,394,1711,25,3.41739814
379.75,12830.63061,12.83063061,3797.5,744,875,5658,12491,3863,3768,100100,401,1568,75,3.748138784
380,12832.52369,12.83252369,3800,757,867,5721,12705,3880,3721,101019,289,1521,90,4.651920626
380.25,12834.41677,12.83441677,3802.5,716,804,5818,12974,3979,3705,100433,194,1518,117,3.639089546
380.5,12836.30985,12.83630985,3805,733,787,5828,12627,3994,3739,100355,90,1594,65,3.389088575
380.75,12838.20293,12.83820293,3807.5,727,850,5924,12639,3875,3727,101156,245,1666,78,4.82405846
381,12840.09602,12.84009602,3810,765,817,5988,12809,3865,3750,101727,299,1507,111,3.9990702
381.25,12841.9891,12.8419891,3812.5,688,741,6103,13687,4079,3562,94884,324,1835,106,3.574555404
381.5,12843.88218,12.84388218,3815,695,753,6006,14993,4049,3865,95093,288,1799,164,3.698311932
381.75,12845.77526,12.84577526,3817.5,747,791,6088,14599,3984,3962,95094,253,1753,128,3.127182946
382,12847.66834,12.84766834,3820,729,764,5913,14356,4031,3697,95147,272,1690,112,3.344710787
382.25,12849.56142,12.84956142,3822.5,803,855,5706,14768,4062,3821,94654,275,1807,79,3.502163917
382.5,12851.4545,12.8514545,3825,682,816,5870,14365,4034,3790,95299,294,1815,121,4.309121061
382.75,12853.34758,12.85334758,3827.5,637,809,5596,14129,4133,3950,94119,118,1628,46,3.747838828
383,12855.24066,12.85524066,3830,685,862,5684,13209,3943,3970,95108,115,1680,97,3.45887215
383.25,12857.13374,12.85713374,3832.5,673,915,5762,13719,3840,3948,94826,221,1779,98,4.169457364
383.5,12859.02682,12.85902682,3835,740,796,5929,13804,3846,4040,96255,229,1734,155,3.36509373
383.75,12860.9199,12.8609199,3837.5,696,803,5999,13836,4010,4397,96233,294,1788,124,3.235801217
384,12862.81298,12.86281298,3840,671,825,5841,13776,3988,4267,94859,190,1768,16,3.049771636
384.25,12864.70607,12.86470607,3842.5,715,878,5937,13405,3887,4718,94687,221,1637,58,3.518378519
384.5,12866.59915,12.86659915,3845,726,752,6022,13920,3981,5014,96035,144,1666,72,4.011993057
384.75,12868.49223,12.86849223,3847.5,789,767,6022,14193,4091,5306,97272,333,1723,50,4.059805285
385,12870.38531,12.87038531,3850,784,822,5910,14043,4076,5306,96778,308,1663,104,4.305862647
385.25,12872.27839,12.87227839,3852.5,711,834,5763,14073,3967,5546,96389,139,1721,102,4.011998737
385.5,12874.17147,12.87417147,3855,666,926,5598,13818,3821,6152,96093,284,1691,119,3.529729019
385.75,12876.06455,12.87606455,3857.5,675,897,5739,13401,3862,6242,95785,338,1773,78,4.111212815
386,12877.95763,12.87795763,3860,698,802,5609,13901,3853,6498,95030,145,1725,161,4.40095874
386.25,12879.85071,12.87985071,3862.5,753,843,5660,13683,3845,6687,95841,112,1804,104,3.749426693
386.5,12881.74379,12.88174379,3865,737,844,5890,13736,3909,6878,96943,262,1755,90,3.435692647
386.75,12883.63687,12.88363687,3867.5,700,813,5662,13923,4020,7283,96189,263,1711,49,3.520341207
387,12885.52995,12.88552995,3870,703,805,5867,13611,3992,7315,95932,309,1698,83,4.349353373
387.25,12887.42304,12.88742304,3872.5,674,793,5873,14067,3911,7379,95937,230,1669,164,3.486270664
387.5,12889.31612,12.88931612,3875,691,838,5938,14051,4074,7548,96191,238,1776,99,3.560218729
387.75,12891.2092,12.8912092,3877.5,677,816,5650,13987,4078,8296,96107,491,1664,51,4.083186971
388,12893.10228,12.89310228,3880,665,890,5741,14266,4038,8121,96136,369,1736,63,3.838759214
388.25,12894.99536,12.89499536,3882.5,718,904,5708,14200,3822,8365,96828,231,1850,196,3.658411614
388.5,12896.88844,12.89688844,3885,659,869,5679,14584,4128,8445,97216,387,1719,80,3.690199336
388.75,12898.78152,12.89878152,3887.5,705,802,5573,14497,4140,8665,95748,39,1811,0,4.058351343
389,12900.6746,12.9006746,3890,743,789,5675,14368,3954,8903,96028,219,1641,167,3.907605376
389.25,12902.56768,12.90256768,3892.5,754,799,5751,14333,4047,8784,96091,392,1778,143,3.646038172
389.5,12904.46076,12.90446076,3895,728,879,5715,14476,4021,8999,96945,311,1698,96,4.803805899
389.75,12906.35384,12.90635384,3897.5,693,742,5889,14615,4063,9286,98053,192,1649,37,4.014588009
390,12908.24692,12.90824692,3900,758,734,5922,14680,4050,8922,98025,122,1732,108,3.735928144
390.25,12910.14001,12.91014001,3902.5,754,805,6044,14731,4086,9122,96911,143,1762,71,3.826253642
390.5,12912.03309,12.91203309,3905,758,743,5762,14752,3932,9165,96138,184,1738,150,3.609860191
390.75,12913.92617,12.91392617,3907.5,776,819,5880,14837,4013,9078,96276,262,1752,113,3.311689995
391,12915.81925,12.91581925,3910,757,838,5791,14583,4039,9333,96661,166,1613,105,3.958516656
391.25,12917.71233,12.91771233,3912.5,691,802,5858,14458,3963,9134,97671,95,1772,77,4.489962693
391.5,12919.60541,12.91960541,3915,746,751,5911,14471,3983,8956,96681,268,1709,90,3.565035719
391.75,12921.49849,12.92149849,3917.5,677,842,5895,14273,4010,8587,96272,393,1718,80,3.771814093
392,12923.39157,12.92339157,3920,702,852,5768,14006,3930,8953,95886,340,1722,196,3.914558914
392.25,12925.28465,12.92528465,3922.5,681,850,5691,14136,4092,8965,95718,184,1679,73,3.771679631
392.5,12927.17773,12.92717773,3925,663,826,5826,13958,4135,9044,95832,239,1615,47,4.094475832
392.75,12929.07081,12.92907081,3927.5,751,795,5655,14106,4071,9237,96192,182,1773,153,3.442799834
393,12930.96389,12.93096389,3930,738,896,5585,14153,4006,9388,96973,267,1726,107,3.402658327
393.25,12932.85698,12.93285698,3932.5,748,832,5773,14346,4057,9091,96493,242,1723,118,3.365212956
393.5,12934.75006,12.93475006,3935,738,827,5814,14288,3910,9477,96266,113,1672,89,3.244271087
393.75,12936.64314,12.93664314,3937.5,708,770,5640,14793,4068,9473,96695,269,1732,91,3.9390642
394,12938.53622,12.93853622,3940,716,799,5474,14800,4040,9530,95649,237,1750,86,4.434198747
394.25,12940.4293,12.9404293,3942.5,676,869,5669,14540,4078,9580,96036,303,1648,115,4.589253516
394.5,12942.32238,12.94232238,3945,691,832,5414,14301,3844,9375,95528,128,1814,92,3.181063934
394.75,12944.21546,12.94421546,3947.5,697,956,5715,14449,4118,9285,96703,263,1752,68,4.502262443
395,12946.10854,12.94610854,3950,695,889,5692,14220,4033,9098,95972,217,1701,113,3.588298879
395.25,12947.99338,12.94799338,3952.5,693,814,5712,14059,4069,8964,96512,94,1785,155,3.686421174
395.5,12949.87823,12.94987823,3955,699,837,5685,14379,4066,9216,96438,271,1689,159,3.295538325
395.75,12951.76307,12.95176307,3957.5,689,838,5625,14622,4204,9597,96536,213,1691,43,2.84890324
396,12953.64792,12.95364792,3960,713,897,5413,14422,4129,9825,96330,137,1692,66,3.741194924
396.25,12955.53276,12.95553276,3962.5,719,886,5486,14902,4050,9861,97446,239,1584,132,3.941932487
396.5,12957.41761,12.95741761,3965,774,781,5773,14813,4127,9748,97147,204,1649,133,4.988329119
396.75,12959.30245,12.95930245,3967.5,810,749,5696,14876,4143,9914,97482,167,1705,134,4.457881859
397,12961.18729,12.96118729,3970,708,797,5759,15069,4078,9711,97319,55,1650,80,4.683704912
397.25,12963.07214,12.96307214,3972.5,757,835,5652,14576,4067,9813,97567,310,1757,99,3.775088464
397.5,12964.95698,12.96495698,3975,751,816,5826,15142,4086,10141,98597,292,1627,0,3.17854129
397.75,12966.84183,12.96684183,3977.5,759,736,5841,15538,4068,10063,98557,204,1662,106,4.543474442
398,12968.72667,12.96872667,3980,774,913,5704,15025,4064,9797,98141,245,1764,160,3.568191658
398.25,12970.61151,12.97061151,3982.5,776,849,5655,15126,4145,9997,98847,250,1793,92,4.670254754
398.5,12972.49636,12.97249636,3985,748,908,5694,15340,4293,9820,97811,266,1759,107,3.368331143
398.75,12974.3812,12.9743812,3987.5,777,735,5861,15177,4321,9974,98524,194,1675,85,3.696908699
399,12976.26605,12.97626605,3990,731,817,5664,15378,4243,9614,97918,164,1700,29,4.028173281
399.25,12978.15089,12.97815089,3992.5,788,818,5541,15392,4241,9689,97789,222,1726,74,3.970109546
399.5,12980.03573,12.98003573,3995,730,797,5680,14883,4142,9826,97241,287,1818,56,3.247240618
399.75,12981.92058,12.98192058,3997.5,720,844,5533,15303,4283,9818,97876,261,1743,20,3.601020119
400,12983.80542,12.98380542,4000,726,775,5655,15135,4212,9682,98333,100,1669,134,4.277507139
400.25,12985.69027,12.98569027,4002.5,736,784,5747,15238,4151,9813,98455,244,1660,114,3.48406187
400.5,12987.57511,12.98757511,4005,758,747,5731,15088,4148,9720,97543,155,1765,105,3.487467823
400.75,12989.45995,12.98945995,4007.5,724,694,5817,14969,4155,9453,98385,233,1680,80,3.60213811
401,12991.3448,12.9913448,4010,833,745,5921,15026,4137,9640,97279,96,1609,113,4.021465808
401.25,12993.22964,12.99322964,4012.5,771,759,5589,14705,3963,9688,96649,0,1693,145,3.778385965
401.5,12995.11449,12.99511449,4015,756,792,5618,14837,3996,9305,96530,357,1758,51,4.373221906
401.75,12996.99933,12.99699933,4017.5,687,794,5739,14771,4038,9852,97230,168,1715,163,3.234557288
402,12998.88418,12.99888418,4020,724,830,5788,15130,4159,9873,97301,246,1832,84,3.473850613
402.25,13000.76902,13.00076902,4022.5,682,723,5584,15095,4140,9459,96774,212,1747,127,3.449279379
402.5,13002.65386,13.00265386,4025,713,813,5466,14913,4155,9502,96067,213,1674,132,4.211756957
402.75,13004.53871,13.00453871,4027.5,724,836,5530,15010,3994,9698,96758,226,1750,145,4.674238227
403,13006.42355,13.00642355,4030,694,862,5594,15233,4210,9851,97330,115,1681,10,4.005906124
403.25,13008.3084,13.0083084,4032.5,728,841,5577,14930,3987,9744,96811,423,1631,130,3.890023202
403.5,13010.19324,13.01019324,4035,701,752,5492,15192,4189,9898,97791,248,1648,138,3.432921275
403.75,13012.07808,13.01207808,4037.5,758,856,5586,15063,4022,9609,97263,297,1814,145,3.377840184
404,13013.96293,13.01396293,4040,705,869,5411,15147,4287,9852,97574,313,1753,0,3.568348307
404.25,13015.84777,13.01584777,4042.5,734,798,5668,15002,4140,9645,97461,315,1766,34,4.024439288
404.5,13017.73262,13.01773262,4045,656,780,5711,15032,4183,9638,96497,282,1698,47,3.735159141
404.75,13019.61746,13.01961746,4047.5,696,865,5567,14394,4200,9661,99286,253,1627,52,4.043966324
405,13021.5023,13.0215023,4050,700,749,5454,14910,4305,9515,98207,255,1718,0,3.136077543
405.25,13023.38715,13.02338715,4052.5,710,832,5364,15022,3964,9613,97549,250,1740,145,4.515188979
405.5,13025.27199,13.02527199,4055,698,895,5536,14813,4064,9472,97440,254,1758,118,3.549917718
405.75,13027.15684,13.02715684,4057.5,616,903,5376,14876,4011,9512,96281,256,1738,123,5.148993013
406,13029.04168,13.02904168,4060,664,935,5311,15196,4143,9607,96584,182,1791,92,3.773731169
406.25,13030.92652,13.03092652,4062.5,706,862,5386,15227,3977,9683,96924,338,1745,133,3.333587398
406.5,13032.81137,13.03281137,4065,673,871,5541,15608,4098,10074,97695,385,1726,39,4.591207965
406.75,13034.69621,13.03469621,4067.5,681,759,5466,16007,4314,9746,97066,289,1713,36,3.810098302
407,13036.58106,13.03658106,4070,725,796,5345,15558,4267,9719,97347,281,1819,135,4.212959894
407.25,13038.4659,13.0384659,4072.5,747,784,5530,15940,4167,9954,97776,327,1689,73,3.374108185
407.5,13040.35075,13.04035075,4075,768,848,5610,15543,4244,9619,96881,134,1748,90,3.40957875
407.75,13042.23559,13.04223559,4077.5,673,824,5488,15128,3903,9808,97156,215,1719,145,3.211581292
408,13044.12043,13.04412043,4080,792,792,5672,15125,3968,9699,97766,298,1636,92,4.283827817
408.25,13046.00528,13.04600528,4082.5,771,825,5611,15534,4055,9641,96885,320,1703,167,3.483596259
408.5,13047.89012,13.04789012,4085,720,759,5434,15801,4239,9693,97417,185,1605,62,3.504251234
408.75,13049.77497,13.04977497,4087.5,699,799,5768,15584,4195,9906,98219,283,1698,116,3.972466784
409,13051.65981,13.05165981,4090,741,775,5636,15716,4091,9724,97629,141,1792,101,4.586064806
409.25,13053.54465,13.05354465,4092.5,749,788,5608,15841,4153,9594,96733,291,1819,57,4.010377203
409.5,13055.4295,13.0554295,4095,694,788,5567,15695,4351,9900,97700,305,1742,12,3.63739255
409.75,13057.31434,13.05731434,4097.5,752,772,5706,16062,4239,9827,99353,285,1814,58,4.236180905
410,13059.19919,13.05919919,4100,759,828,5676,15950,4259,9601,98026,336,1735,62,3.916756094
410.25,13061.08403,13.06108403,4102.5,716,825,5682,15705,4227,9765,97845,66,1743,28,4.015290997
410.5,13062.96887,13.06296887,4105,721,791,5657,15744,4227,9758,99668,221,1766,20,3.039525223
410.75,13064.85372,13.06485372,4107.5,695,807,5513,15574,4216,9752,100513,391,1646,112,4.499460237
411,13066.73856,13.06673856,4110,747,812,5555,15611,4085,9633,100418,308,1810,71,4.169125813
411.25,13068.62341,13.06862341,4112.5,699,825,5469,15547,4120,9277,100468,242,1695,96,3.524189261
411.5,13070.50825,13.07050825,4115,781,847,5469,15801,4349,9583,99439,223,1643,47,3.829886792
411.75,13072.39309,13.07239309,4117.5,708,765,5347,15624,4218,9500,98778,219,1712,45,3.36307264
412,13074.27794,13.07427794,4120,707,775,5590,15837,4134,9432,98477,224,1704,18,4.16220365
412.25,13076.16278,13.07616278,4122.5,752,772,5509,15774,4155,9689,98763,363,1713,87,2.954441913
412.5,13078.04763,13.07804763,4125,736,807,5553,16121,4308,9673,99270,288,1688,39,3.855683837
412.75,13079.93247,13.07993247,4127.5,729,771,5684,16107,4096,9789,98896,186,1749,69,2.893644315
413,13081.81732,13.08181732,4130,818,711,5622,16365,4331,9821,98703,200,1873,67,3.894625604
413.25,13083.70216,13.08370216,4132.5,780,719,5680,15986,4443,9770,98589,232,1799,23,3.49778086
413.5,13085.587,13.085587,4135,715,785,5776,15943,4176,9656,99463,359,1775,118,4.168665068
413.75,13087.47185,13.08747185,4137.5,766,757,5703,15848,4281,9652,98867,164,1685,70,4.349112426
414,13089.35669,13.08935669,4140,756,783,5691,15723,4194,9489,98294,404,1761,79,4.337181254
414.25,13091.24154,13.09124154,4142.5,711,732,5599,16034,4241,9675,99009,163,1766,48,3.74190355
414.5,13093.12638,13.09312638,4145,776,799,5634,16069,4086,9515,99974,293,1634,185,4.225192718
414.75,13095.01122,13.09501122,4147.5,737,807,5610,15841,4286,9531,100184,296,1667,139,3.86538172
415,13096.89607,13.09689607,4150,699,808,5508,15861,4235,9407,99358,172,1760,82,3.451718709
415.25,13098.77123,13.09877123,4152.5,747,742,5574,15901,4228,9359,99320,298,1757,39,3.673001023
415.5,13100.64639,13.10064639,4155,799,778,5739,16226,4161,9400,100993,299,1624,176,4.122775801
415.75,13102.52154,13.10252154,4157.5,758,815,5646,16151,4096,9282,101424,114,1741,105,4.339763845
416,13104.3967,13.1043967,4160,700,765,5532,15989,4145,9369,101234,321,1689,72,3.596937301
416.25,13106.27186,13.10627186,4162.5,782,799,5491,15866,4235,9355,99615,377,1811,21,3.651498335
416.5,13108.14702,13.10814702,4165,734,738,5629,15947,4300,9299,100245,309,1723,0,3.623479568
416.75,13110.02218,13.11002218,4167.5,799,823,5574,16067,4169,9041,99646,362,1811,65,4.18819003
417,13111.89734,13.11189734,4170,773,772,5457,15889,4226,9153,98553,208,1707,67,3.638422003
417.25,13113.7725,13.1137725,4172.5,729,787,5550,15775,4226,9263,99210,297,1857,49,4.14792176
417.5,13115.64766,13.11564766,4175,660,812,5535,15399,4220,9050,98380,364,1709,71,4.315155686
417.75,13117.52281,13.11752281,4177.5,726,751,5622,15631,4139,9045,99075,341,1647,62,4.143151554
418,13119.39797,13.11939797,4180,794,735,5707,16434,4112,9229,100427,279,1798,86,4.210704498
418.25,13121.27313,13.12127313,4182.5,714,828,5788,15748,4311,8868,99509,102,1715,62,4.105254622
418.5,13123.14829,13.12314829,4185,731,795,5863,15737,4252,9194,99561,198,1735,38,3.189625642
418.75,13125.02345,13.12502345,4187.5,683,759,5649,15704,4227,9143,99376,335,1735,49,4.820143885
419,13126.89861,13.12689861,4190,714,810,5662,15400,4031,8854,99634,304,1693,150,3.606380066
419.25,13128.77377,13.12877377,4192.5,720,819,5538,15850,4200,9168,100031,176,1691,10,3.674499063
419.5,13130.64893,13.13064893,4195,702,820,5698,16020,4244,9098,100499,224,1784,50,3.680881717
419.75,13132.52408,13.13252408,4197.5,709,806,5499,15824,4152,9031,100436,268,1806,116,3.445703494
420,13134.39924,13.13439924,4200,695,856,5549,15721,4293,9109,99735,216,1755,0,3.632679
420.25,13136.2744,13.1362744,4202.5,680,849,5560,15693,4110,9158,100249,216,1727,71,3.685852609
420.75,13140.02472,13.14002472,4207.5,729,782,5736,16238,4348,9205,100855,305,1724,49,3.379024958
421,13141.89988,13.14189988,4210,709,781,5731,15784,4276,8964,100900,268,1636,49,3.826830338
421.25,13143.77504,13.14377504,4212.5,708,804,5513,15632,4260,8727,102584,393,1783,30,5.028479819
421.5,13145.6502,13.1456502,4215,702,871,5695,15933,4231,8919,101199,315,1659,63,5.757090279
421.75,13147.52535,13.14752535,4217.5,722,815,5674,15809,4247,8823,100637,377,1716,43,3.626731302
422,13149.40051,13.14940051,4220,701,745,5472,15644,4111,8982,100288,108,1783,126,3.401937984
422.25,13151.27567,13.15127567,4222.5,754,730,5547,16290,4224,8842,100132,240,1750,25,3.668822578
422.5,13153.15083,13.15315083,4225,713,808,5608,15955,4264,8687,99795,81,1694,36,3.88432724
422.75,13155.02599,13.15502599,4227.5,771,841,5727,15708,4164,9043,100329,272,1711,111,3.21244856
423.25,13158.77631,13.15877631,4232.5,694,823,5623,15928,4176,8819,99426,316,1914,41,3.73639576
423.5,13160.65147,13.16065147,4235,737,806,5576,15612,4202,8881,100006,428,1888,30,4.179363848
423.75,13162.52662,13.16252662,4237.5,713,798,5594,15398,4019,8636,99890,204,1752,110,3.482519423
424,13164.40178,13.16440178,4240,735,807,5608,15528,4140,8757,99726,318,1717,87,3.135548917
424.25,13166.27694,13.16627694,4242.5,723,765,5355,15562,4228,8716,99798,196,1680,40,3.359021088
424.5,13168.1521,13.1681521,4245,663,795,5625,15423,4062,8820,99610,261,1680,146,3.86392266
424.75,13170.02726,13.17002726,4247.5,680,844,5467,15354,4133,8433,99690,166,1650,80,4.837743867
425,13171.90242,13.17190242,4250,713,914,5337,15092,4277,8678,97762,274,1752,0,4.23455968
425.25,13173.77758,13.17377758,4252.5,642,919,5336,15076,3988,8338,97608,185,1732,69,4.673514307
425.5,13175.65274,13.17565274,4255,818,775,5710,15838,4168,8700,100727,115,1741,132,3.784827377
425.75,13177.5279,13.1775279,4257.5,836,718,5773,16124,4148,8903,102103,301,1805,192,4.060728118
426,13179.40305,13.17940305,4260,721,754,5641,15979,4211,8704,101629,301,1738,137,5.285067873
426.25,13181.27821,13.18127821,4262.5,720,766,5666,15740,4238,8640,101064,131,1789,36,3.976328578
426.5,13183.15337,13.18315337,4265,725,759,5556,15961,4264,8716,100974,209,1679,77,3.998733977
426.75,13185.02853,13.18502853,4267.5,761,860,5706,15469,4277,8607,100795,217,1822,45,3.443624436
427,13186.90369,13.18690369,4270,710,857,5725,15916,4211,8921,100450,313,1686,117,3.639033763
427.25,13188.77885,13.18877885,4272.5,753,841,5679,15832,4230,8481,100084,302,1694,172,3.637078652
427.5,13190.65401,13.19065401,4275,770,776,5878,16051,4438,8743,101280,197,1663,95,4.119745223
427.75,13192.52917,13.19252917,4277.5,757,778,5732,15917,4171,8576,100827,180,1758,108,3.3698941
428,13194.40432,13.19440432,4280,730,788,5646,16049,4090,8682,100399,216,1694,90,3.956050955
428.25,13196.27948,13.19627948,4282.5,719,880,5436,15612,4188,8475,100101,385,1658,69,3.357142857
428.5,13198.15464,13.19815464,4285,734,778,5620,15675,4138,8802,101213,246,1820,68,3.469664996
428.75,13200.0298,13.2000298,4287.5,721,804,5577,15796,4291,8495,100409,124,1781,67,3.692705342
429,13201.90496,13.20190496,4290,762,846,5535,15539,4318,8751,100870,343,1774,46,3.952255054
429.25,13203.78012,13.20378012,4292.5,730,834,5642,15874,4389,8521,100333,325,1731,40,4.23161084
429.5,13205.65528,13.20565528,4295,778,830,5736,15983,4170,8723,99840,144,1779,118,3.883846491
429.75,13207.53044,13.20753044,4297.5,672,807,5593,15814,4142,8850,99840,344,1809,62,3.394957983
430,13209.40559,13.20940559,4300,713,793,5495,15558,4090,8582,99206,361,1779,105,4.269398996
430.25,13211.28075,13.21128075,4302.5,711,838,5631,15821,4288,8685,97952,98,1792,85,3.35876645
430.5,13213.15591,13.21315591,4305,737,811,5522,15658,4308,8917,97862,341,1841,140,3.450867052
430.75,13215.03107,13.21503107,4307.5,758,816,5518,15977,4208,8890,98887,256,1727,111,3.86900316
431,13216.90623,13.21690623,4310,676,879,5432,15651,4218,8275,99746,52,1633,80,4.090229079
431.25,13218.78139,13.21878139,4312.5,721,878,5445,15441,4250,8114,100412,104,1676,66,3.91206764
431.5,13220.65655,13.22065655,4315,750,873,5619,15567,4120,8553,100776,307,1757,92,4.217109527
431.75,13222.53171,13.22253171,4317.5,746,824,5560,15625,3990,8570,101574,176,1759,78,3.490775401
432,13224.40686,13.22440686,4320,719,832,5645,15921,4336,8632,101172,131,1693,63,3.696497477
432.25,13226.28202,13.22628202,4322.5,773,780,5632,15940,4363,8656,102433,161,1721,0,3.689708357
432.5,13228.15718,13.22815718,4325,747,924,5418,15380,4173,8468,101956,308,1737,34,3.574890471
432.75,13230.03234,13.23003234,4327.5,704,884,5508,15385,4090,8406,100833,321,1745,98,3.982265709
433,13231.9075,13.2319075,4330,759,809,5537,15700,4222,8422,99579,326,1733,68,3.540205642
433.25,13233.78266,13.23378266,4332.5,714,896,5523,15276,3966,8141,98438,93,1644,81,3.193603936
433.5,13235.65782,13.23565782,4335,676,782,5371,15420,4093,8242,97864,122,1730,71,4.556818182
433.75,13237.53298,13.23753298,4337.5,653,803,5543,15873,4190,8336,100673,213,1706,102,3.417794717
434,13239.40813,13.23940813,4340,733,822,5653,15735,4281,8589,100448,166,1653,93,3.46918086
434.25,13241.28329,13.24128329,4342.5,747,790,5425,15752,4185,8447,100402,177,1710,75,4.454211171
434.5,13243.15845,13.24315845,4345,724,837,5535,15422,4256,8267,99889,238,1744,14,3.648478642
434.75,13245.03361,13.24503361,4347.5,654,812,5452,15097,4298,8367,100151,246,1760,46,3.531667557
435,13246.90877,13.24690877,4350,674,866,5594,15482,4213,8382,99422,224,1640,56,3.293472718
435.25,13248.68812,13.24868812,4352.5,703,854,5482,15439,4142,8490,99421,306,1729,97,2.548211731
435.5,13250.46747,13.25046747,4355,671,845,5301,15580,4240,8508,99939,255,1591,40,3.822719194
435.75,13252.24682,13.25224682,4357.5,639,923,5396,15085,4050,8405,100364,238,1761,73,2.743853097
436,13254.02617,13.25402617,4360,685,879,5336,15294,4079,8251,100906,135,1732,64,3.220113623
436.25,13255.80552,13.25580552,4362.5,706,870,5554,15303,4175,8411,100345,281,1749,68,4.37587802
436.5,13257.58487,13.25758487,4365,689,843,5652,15748,4088,8450,101198,178,1671,107,4.36725364
436.75,13259.36422,13.25936422,4367.5,701,816,5666,16054,4323,8500,100790,328,1705,78,3.648202546
437,13261.14357,13.26114357,4370,686,823,5523,15833,4170,8530,99981,285,1600,117,4.63493187
437.25,13262.92292,13.26292292,4372.5,760,880,5480,15374,4229,8524,99704,283,1685,0,3.10337503
437.5,13264.70227,13.26470227,4375,737,802,5449,15351,4146,8451,99290,192,1635,78,3.435713353
437.75,13266.48162,13.26648162,4377.5,782,853,5493,15766,4074,8416,98448,195,1764,142,3.660493827
438,13268.26097,13.26826097,4380,739,793,5438,15611,4235,8433,99859,256,1755,80,3.6489301
438.25,13270.04033,13.27004033,4382.5,753,852,5624,15699,4257,8347,100203,184,1795,74,3.705899792
438.5,13271.81968,13.27181968,4385,749,871,5583,15816,4196,8608,99558,228,1627,43,3.377959074
438.75,13273.59903,13.27359903,4387.5,753,874,5500,15550,4289,8437,99567,195,1828,77,3.627527541
439,13275.37838,13.27537838,4390,654,862,5531,15581,4033,8323,99533,143,1713,21,4.550621345
439.25,13277.15773,13.27715773,4392.5,631,929,5529,15693,4040,8404,100452,150,1814,103,3.874602935
439.5,13278.93708,13.27893708,4395,705,869,5494,15570,4297,8172,100958,166,1813,71,3.802372685
439.75,13280.71643,13.28071643,4397.5,661,894,5354,15725,4200,8335,100769,239,1715,41,4.9336061
440,13282.49578,13.28249578,4400,692,903,5532,15599,4194,8380,100389,298,1765,46,3.118055556
440.25,13284.27513,13.28427513,4402.5,677,828,5466,15714,4088,8160,99548,317,1625,58,3.334143533
440.5,13286.05448,13.28605448,4405,756,845,5695,15818,4229,8338,101565,166,1784,58,4.47028922
440.75,13287.83383,13.28783383,4407.5,667,816,5581,16011,4197,8412,101471,240,1744,98,3.310362495
441,13289.61318,13.28961318,4410,657,869,5377,16023,4258,8327,99748,307,1664,93,3.49958368
441.25,13291.39253,13.29139253,4412.5,722,862,5463,15307,4109,8666,101114,278,1664,77,4.592912553
441.5,13293.17188,13.29317188,4415,712,827,5450,15763,4228,8059,100671,266,1771,76,4.80909783
441.75,13294.95123,13.29495123,4417.5,706,921,5300,15529,4144,8247,99348,225,1767,133,3.080424528
442,13296.73058,13.29673058,4420,696,891,5389,15498,4159,8277,99459,241,1645,93,4.403023098
442.25,13298.50993,13.29850993,4422.5,712,840,5324,15585,4048,8139,98184,304,1637,14,3.775338833
442.5,13300.28928,13.30028928,4425,668,817,5452,15361,4139,8272,97881,155,1811,79,3.587024669
442.75,13302.06863,13.30206863,4427.5,651,861,5514,15791,4230,8338,98208,322,1779,0,4.345915033
443,13303.84798,13.30384798,4430,605,809,5359,15278,4061,8291,97242,149,1802,5,4.846730373
443.25,13305.62733,13.30562733,4432.5,718,816,5604,15471,4321,8442,99108,144,1640,80,3.701754386
443.5,13307.40668,13.30740668,4435,690,757,5575,15725,4320,8523,99417,263,1756,47,3.88902495
443.75,13309.18603,13.30918603,4437.5,747,749,5568,15595,4168,8465,99962,322,1673,72,4.063758389
444,13310.96538,13.31096538,4440,765,788,5681,15685,4240,8498,99361,297,1717,0,5.939834025
444.25,13312.74473,13.31274473,4442.5,722,853,5394,15323,4287,8488,99977,50,1766,9,3.708280074
444.5,13314.52409,13.31452409,4445,680,848,5520,15647,4203,8441,99417,209,1744,67,4.2635057
445,13318.08279,13.31808279,4450,752,780,5438,15292,4064,8484,99524,292,1693,127,2.719751366
445.25,13319.86214,13.31986214,4452.5,670,772,5536,15947,4350,8656,100042,239,1706,0,3.412463304
445.5,13321.64149,13.32164149,4455,703,773,5487,16247,4255,8381,100697,243,1738,12,3.331490292
445.75,13323.42084,13.32342084,4457.5,731,824,5525,16120,4156,8211,100849,340,1675,89,3.922706042
446,13325.20019,13.32520019,4460,735,815,5519,16046,4208,8372,99126,297,1646,0,4.098619657
446.25,13326.97954,13.32697954,4462.5,732,816,5560,15902,4118,8545,100267,332,1826,129,3.98637218
446.5,13328.75889,13.32875889,4465,783,744,5522,15796,4104,8511,101366,324,1836,41,3.922549169
446.75,13330.53824,13.33053824,4467.5,778,768,5666,16191,4267,8456,102737,181,1777,105,4.027739674
447,13332.31759,13.33231759,4470,766,788,5714,16061,4137,8386,101655,258,1688,117,3.395264848
447.25,13334.09694,13.33409694,4472.5,759,853,5713,16128,4169,8313,101571,346,1743,111,3.417884199
447.5,13335.87629,13.33587629,4475,756,721,5799,16325,4263,8439,101902,75,1866,79,3.396044757
447.75,13337.65564,13.33765564,4477.5,720,795,5793,16229,4241,8352,101289,24,1776,148,3.151411043
448,13339.43499,13.33943499,4480,704,798,5755,16128,4462,8602,102472,237,1861,0,3.176906265
448.25,13341.21434,13.34121434,4482.5,696,842,5651,16420,4191,8512,101974,328,1770,150,4.422589256
448.5,13342.99369,13.34299369,4485,709,737,5651,16095,4215,8472,100428,271,1694,66,4.115525266
448.75,13344.77304,13.34477304,4487.5,659,778,5442,15723,3963,8019,98157,214,1788,166,3.603146129
449,13346.55239,13.34655239,4490,773,771,5502,16038,4121,8342,100275,280,1680,117,4.440615708
450.2,13355.44914,13.35544914,4502,738,924,6037,17619,4612,8972,107498,161,1947,74,2.657011624
450.45,13357.22849,13.35722849,4504.5,761,981,5694,16555,4127,8444,102324,303,1797,122,3.118347259
450.7,13359.00785,13.35900785,4507,724,835,5463,16067,4230,8532,99739,211,1806,93,3.385764944
450.95,13360.7872,13.3607872,4509.5,756,991,5497,16287,4176,8057,101230,305,1892,177,3.827203736
451.2,13362.56655,13.36256655,4512,742,830,5570,16079,4093,8353,99979,383,1879,144,3.23501668
451.45,13364.3459,13.3643459,4514.5,601,969,5355,16092,4003,8314,99441,177,1821,139,2.805858095
451.7,13366.12525,13.36612525,4517,626,1001,5180,15592,4025,7966,100296,236,1778,114,3.088439955
451.95,13367.9046,13.3679046,4519.5,615,967,5471,15664,3929,8190,101219,158,1695,130,3.413896886
452.2,13369.68395,13.36968395,4522,570,1051,5202,15454,4053,8143,100697,215,1770,84,3.638892715
452.45,13371.4633,13.3714633,4524.5,578,1094,5340,14973,3837,8156,99181,548,1791,197,3.432538226
452.7,13373.24265,13.37324265,4527,641,970,5112,15538,4065,7933,100004,319,1799,49,3.339835339
452.95,13375.022,13.375022,4529.5,639,930,5360,15682,4219,7963,99235,319,1809,186,3.089589761
453.2,13376.80135,13.37680135,4532,679,1026,5170,15296,4071,8137,98621,269,1824,185,3.460243688
453.45,13378.5807,13.3785807,4534.5,680,961,5354,15663,3953,8307,99127,189,1839,111,3.014958947
453.7,13380.36005,13.38036005,4537,615,948,5352,15927,4028,8034,98573,284,1756,225,3.031680912
453.95,13382.1394,13.3821394,4539.5,675,1017,5200,15366,3960,8156,98153,308,1772,203,3.429141974
454.2,13383.91875,13.38391875,4542,654,1137,5193,15116,4099,7966,97336,303,1782,97,3.114008005
454.45,13385.6981,13.3856981,4544.5,668,1066,5196,15020,3940,7787,96549,306,1693,91,4.704710482
454.7,13387.47745,13.38747745,4547,645,1067,5354,14976,3907,7969,96741,257,1734,134,3.369771746
454.95,13389.2568,13.3892568,4549.5,572,986,5326,15546,3810,8282,96754,278,1778,212,3.527085805
455.2,13391.14897,13.39114897,4552,604,1025,5234,15015,4115,7897,96809,238,1717,23,2.811199313
455.45,13393.04114,13.39304114,4554.5,641,1029,5223,15321,3917,7861,97453,390,1842,105,3.57677665
455.7,13394.93331,13.39493331,4557,660,896,5145,15479,3936,7921,95832,274,1789,122,3.388210017
455.95,13396.82548,13.39682548,4559.5,690,970,5221,15690,3873,7856,96977,305,1706,79,3.756204794
456.2,13398.71765,13.39871765,4562,561,995,5075,14849,3812,7485,94490,270,1654,136,2.929803093
456.45,13400.60982,13.40060982,4564.5,584,973,4959,14829,3729,7587,94165,335,1838,182,3.002633889
456.7,13402.50199,13.40250199,4567,640,1027,5132,15010,3772,7798,96673,177,1652,193,3.810760668
456.95,13404.39416,13.40439416,4569.5,562,1087,5009,14919,3950,7942,95607,329,1789,146,3.268193572
457.2,13406.28633,13.40628633,4572,626,1070,5093,14494,3787,7802,94231,248,1796,187,3.475328733
457.45,13408.1785,13.4081785,4574.5,554,1078,4848,14003,3708,7634,92795,237,1634,158,3.498497714
457.7,13410.07066,13.41007066,4577,506,1060,4831,14097,3667,7595,91864,271,1686,85,2.891471119
457.95,13411.96283,13.41196283,4579.5,540,1074,4609,13857,3591,7691,89370,275,1661,112,3.333333333
458.2,13413.855,13.413855,4582,513,910,4477,13038,3574,7011,84200,344,1607,28,3.08353222
458.45,13415.74717,13.41574717,4584.5,601,924,4853,13707,3704,7595,89576,357,1663,119,3.347878303
458.7,13417.63934,13.41763934,4587,575,934,5170,14634,3946,7987,93768,308,1663,147,3.464480131
458.95,13419.53151,13.41953151,4589.5,592,927,5098,14550,3733,7930,94132,376,1789,216,3.121903837
459.2,13421.42368,13.42142368,4592,633,962,5030,14465,3907,7797,94194,304,1682,163,3.196672461
459.45,13423.31585,13.42331585,4594.5,630,977,5606,16994,4145,8389,100214,304,1755,139,3.444206009
459.7,13425.20802,13.42520802,4597,646,1019,5572,17115,3982,8457,100047,145,1804,232,3.360889111
459.95,13427.10019,13.42710019,4599.5,666,923,5523,16932,4147,8305,100631,210,1951,105,3.125814938
460.2,13428.99236,13.42899236,4602,733,882,5353,16663,4066,7936,99116,401,1948,189,3.524947479
460.45,13430.88453,13.43088453,4604.5,760,959,5607,17075,4170,8207,99814,228,1963,139,3.249146341
460.7,13432.7767,13.4327767,4607,712,903,5349,16769,4087,7870,99133,282,1934,170,2.828222778
460.95,13434.66887,13.43466887,4609.5,742,913,5403,16858,3817,7997,98055,306,1849,212,3.261266748
461.2,13436.56103,13.43656103,4612,653,986,5470,16049,4101,7998,97719,255,1863,122,3.718152866
461.45,13438.4532,13.4384532,4614.5,648,914,5289,15570,4001,7815,97599,347,1793,94,4.236618849
461.7,13440.34537,13.44034537,4617,623,972,5151,15686,3782,7748,95514,252,1736,113,2.784377628
461.95,13442.23754,13.44223754,4619.5,625,885,5106,15340,3909,7872,95509,261,1811,152,3.153369673
462.2,13444.12971,13.44412971,4622,651,812,5212,15394,3743,7946,95439,262,1778,168,2.809375336
462.45,13446.02188,13.44602188,4624.5,695,894,5037,15319,3915,7767,95989,335,1766,140,2.976633286
462.7,13447.91405,13.44791405,4627,593,888,5036,15376,3791,7755,95331,282,1669,70,3.29015544
462.95,13449.80622,13.44980622,4629.5,678,889,5274,15465,3914,7871,96030,207,1745,174,3.157121135
463.2,13451.69839,13.45169839,4632,605,851,5146,16077,3911,7988,97037,240,1760,138,3.095438105
463.45,13453.59056,13.45359056,4634.5,668,911,5036,16010,3926,7998,95471,340,1746,108,2.835964164
463.7,13455.48273,13.45548273,4637,705,992,5400,16653,4124,8352,98609,221,1849,126,3.275501308
463.95,13457.3749,13.4573749,4639.5,676,976,5383,16807,4073,8072,98408,304,1861,149,2.776613757
464.2,13459.26707,13.45926707,4642,606,975,5417,16265,4130,8181,98831,493,1871,105,3.374116723
464.45,13461.15924,13.46115924,4644.5,736,976,5467,16527,4094,8269,99921,309,1830,249,2.804490574
464.7,13463.0514,13.4630514,4647,708,963,5530,16830,4235,8345,101446,278,1882,134,4.013151927
464.95,13464.94357,13.46494357,4649.5,660,1000,5329,15678,4084,8275,99924,415,1815,190,3.06604339
465.2,13466.83574,13.46683574,4652,607,1002,5374,16208,3909,8229,96849,286,1876,173,3.279136511
465.45,13468.72791,13.46872791,4654.5,719,985,5629,16809,4147,8232,98967,215,1950,134,3.283953516
465.7,13470.62008,13.47062008,4657,670,952,5547,16652,4061,8321,99885,136,1797,211,3.322801538
465.95,13472.51225,13.47251225,4659.5,630,970,5316,16448,4026,8111,98527,184,1743,204,2.817616034
466.2,13474.40442,13.47440442,4662,671,989,5471,15907,3997,8334,99582,157,1802,203,3.1482984
466.45,13476.29659,13.47629659,4664.5,658,929,5531,16213,4054,8328,99275,271,1858,153,3.016568981
466.7,13478.18876,13.47818876,4667,742,974,5306,16413,4034,8301,99641,432,1733,104,3.205796038
466.95,13480.08093,13.48008093,4669.5,669,933,5300,16949,4064,8363,100372,192,1815,121,3.215740629
467.2,13481.9731,13.4819731,4672,691,954,5442,16517,4068,8417,101257,412,1857,171,3.715269805
467.45,13483.86527,13.48386527,4674.5,599,888,5325,16147,3937,8236,99202,396,1801,111,3.014638609
467.7,13485.75744,13.48575744,4677,661,948,5390,16026,4030,8426,99116,243,1920,164,3.128999776
467.95,13487.64961,13.48764961,4679.5,706,1003,5564,16274,3979,8454,100213,285,1876,177,3.590049342
468.2,13489.54178,13.48954178,4682,633,935,5479,16221,4032,8386,98928,148,1842,153,3.715189873
468.45,13491.43394,13.49143394,4684.5,641,957,5524,16574,4063,8475,100077,243,1876,218,3.454569259
468.7,13493.32611,13.49332611,4687,739,981,5363,16688,4214,8381,100510,402,1904,170,3.189297976
468.95,13495.21828,13.49521828,4689.5,666,927,5554,16679,4034,8457,100281,235,1852,179,3.353500432
469.2,13497.11045,13.49711045,4692,722,947,5493,16562,4155,8368,100568,440,1999,128,3.544156531
469.45,13499.00262,13.49900262,4694.5,712,947,5551,16834,4196,8368,100393,274,1907,180,3.144599716
469.7,13500.89479,13.50089479,4697,689,982,5381,16608,4017,8460,100534,335,2021,123,3.602425696
469.95,13502.78696,13.50278696,4699.5,680,942,5547,16542,4132,8348,101219,321,1853,223,3.391425672
470.2,13504.67913,13.50467913,4702,648,1008,5617,16839,4074,8476,102642,217,1970,209,3.004657208
470.45,13506.5713,13.5065713,4704.5,577,983,5260,16370,4120,8166,98757,302,1877,155,3.296616541
470.7,13508.46347,13.50846347,4707,618,954,5190,16188,4071,8375,97470,426,1896,117,3.660949868
470.95,13510.35564,13.51035564,4709.5,572,963,5149,15638,3988,8219,95367,269,1909,112,3.198500967
471.2,13512.24781,13.51224781,4712,657,1000,5121,15219,3885,8110,95238,382,1935,164,3.062187358
471.45,13514.13998,13.51413998,4714.5,659,981,5285,15617,4162,8138,96928,327,1939,25,3.301553495
471.7,13516.03215,13.51603215,4717,626,874,5505,16153,3997,8413,95807,312,1823,123,2.842201092
471.95,13517.92431,13.51792431,4719.5,657,858,5432,15936,3973,8203,93691,346,1769,163,2.591625125
472.2,13519.81648,13.51981648,4722,684,912,5367,15545,4090,8257,95200,371,1924,87,3.00376425
472.45,13521.70865,13.52170865,4724.5,662,982,5426,15698,3932,8395,96487,269,1850,210,2.913557282
472.7,13523.60082,13.52360082,4727,727,956,5252,16195,3775,8325,96896,232,1786,253,2.996044391
472.95,13525.49299,13.52549299,4729.5,647,963,5343,15435,3886,8356,96274,198,1799,215,2.731186094
473.2,13527.38516,13.52738516,4732,651,994,5323,16211,3969,8016,97232,209,1965,90,3.871338142
473.45,13529.27733,13.52927733,4734.5,619,977,5138,15577,3825,8193,95975,347,1871,198,3.398775306
473.7,13531.1695,13.5311695,4737,553,1001,5060,15653,3874,7979,94599,306,1910,182,2.998051353
473.95,13533.06167,13.53306167,4739.5,582,987,4905,15166,3873,8108,93695,336,1767,69,3.071704745
474.2,13534.95384,13.53495384,4742,613,976,5304,15466,3842,8105,95563,372,1797,181,2.898957581
474.45,13536.84601,13.53684601,4744.5,609,973,5217,15437,3975,8034,95659,152,1793,204,2.649331642
474.7,13538.73818,13.53873818,4747,560,920,5143,15403,3863,7962,94174,370,1753,141,2.821136414
474.95,13540.63035,13.54063035,4749.5,569,956,5118,15441,3870,8071,94634,350,1765,193,2.604166667
475.2,13542.42303,13.54242303,4752,642,959,5260,15562,3876,8185,95399,304,1734,196,2.768698484
475.45,13544.21572,13.54421572,4754.5,617,944,4990,15141,3653,7929,92668,258,1878,248,2.908946051
475.7,13546.00841,13.54600841,4757,573,874,4880,14563,3627,7653,90285,245,1746,182,2.495620147
475.95,13547.80109,13.54780109,4759.5,613,936,5154,14986,3808,8095,93353,246,1773,218,3.259346959
476.2,13549.59378,13.54959378,4762,611,958,5064,14850,3885,7914,95403,236,1750,160,3.276432141
476.45,13551.38647,13.55138647,4764.5,598,903,5136,14539,3826,7885,94405,325,1774,164,3.087132141
476.7,13553.17916,13.55317916,4767,636,927,4907,14327,3762,7865,93280,157,1748,216,3.205525432
476.95,13554.97184,13.55497184,4769.5,626,1046,5023,14867,3749,8015,93911,357,1880,234,2.776285414
477.2,13556.76453,13.55676453,4772,558,991,4964,14892,3758,7878,92760,258,1772,182,3.787656584
477.45,13558.55722,13.55855722,4774.5,621,991,5143,15250,3757,7955,94050,204,1814,242,2.924279379
477.7,13560.3499,13.5603499,4777,657,1053,5184,15841,3986,8218,95095,307,1790,117,3.12089103
477.95,13562.14259,13.56214259,4779.5,629,953,5127,16039,4000,8413,94988,338,1872,98,3.009630637
478.2,13563.93528,13.56393528,4782,620,1004,5003,15092,3653,8441,93603,448,1806,206,2.346583175
478.45,13565.72796,13.56572796,4784.5,623,1009,4976,14812,3767,8037,91615,263,1801,117,2.749456465
478.7,13567.52065,13.56752065,4787,557,984,4983,14900,3604,7992,92615,331,1795,158,2.728680591
478.95,13569.31334,13.56931334,4789.5,611,1014,5008,14954,3740,7943,94387,191,1798,184,2.960739295
479.2,13571.10603,13.57110603,4792,601,1025,5092,15135,3719,7878,93894,299,1819,255,2.62632952
479.45,13572.89871,13.57289871,4794.5,609,941,5084,15283,3795,8155,93389,350,1738,128,3.263157895
479.7,13574.6914,13.5746914,4797,601,920,5078,15266,3899,8021,94246,304,1846,109,2.853955594
479.95,13576.48409,13.57648409,4799.5,621,1010,5060,15223,3752,8005,94724,250,1805,237,2.945737265
480.2,13578.27677,13.57827677,4802,703,954,5236,15507,3880,8161,96199,253,1745,191,3.735645756
480.45,13580.06946,13.58006946,4804.5,629,974,5172,15808,3768,8054,95122,387,1883,204,2.567940134
480.7,13581.86215,13.58186215,4807,585,949,5051,15745,3770,7892,95306,410,1930,202,2.880615047
480.95,13583.65484,13.58365484,4809.5,609,889,5109,15851,3812,8119,95562,298,1803,184,3.441340024
481.2,13585.44752,13.58544752,4812,668,972,5237,15475,3980,8150,95139,254,1838,190,2.978798587
481.45,13587.24021,13.58724021,4814.5,683,869,5226,15671,4013,8271,95225,253,1822,146,2.863119502
481.7,13589.0329,13.5890329,4817,682,912,5294,15825,3972,8438,95797,335,1689,214,2.908839141
481.95,13590.82558,13.59082558,4819.5,622,1022,5030,15415,3827,7981,95911,308,1807,291,2.730455437
482.2,13592.61827,13.59261827,4822,642,914,5228,15587,3848,8071,95735,373,1770,190,2.716588664
482.45,13594.41096,13.59441096,4824.5,589,953,5234,16032,3861,8373,96197,308,1806,213,3.346538413
482.7,13596.20364,13.59620364,4827,629,942,5313,15684,3969,8107,96228,239,1841,189,2.857315732
482.95,13597.99633,13.59799633,4829.5,627,919,5214,15596,3989,8102,96421,290,1792,169,2.593397046
483.2,13599.78902,13.59978902,4832,633,914,5393,15629,3836,8272,97297,328,1896,265,2.269606193
483.45,13601.58171,13.60158171,4834.5,670,943,5356,16371,3836,8191,97609,386,1786,229,3.073724668
483.7,13603.37439,13.60337439,4837,643,968,5582,16698,4021,8446,99134,330,1832,292,2.574304322
483.95,13605.16708,13.60516708,4839.5,655,1039,5224,16342,3709,8542,98287,228,1834,320,2.79165346
484.2,13606.95977,13.60695977,4842,607,984,4889,14991,3744,8232,95060,273,1795,211,2.717954006
484.45,13608.75245,13.60875245,4844.5,613,945,5207,15499,3977,8501,95258,323,1811,168,2.785840123
484.7,13610.54514,13.61054514,4847,618,954,5320,15368,3699,8084,95424,258,1774,186,2.64957265
484.95,13612.33783,13.61233783,4849.5,611,949,5157,15828,4047,8385,96710,192,1799,202,3.038119738
485.2,13614.13052,13.61413052,4852,659,1005,5191,15596,3934,8627,96572,213,1805,190,3.016986113
485.45,13615.9232,13.6159232,4854.5,564,989,5188,15702,3850,8429,95724,132,1798,190,2.776139549
485.7,13617.71589,13.61771589,4857,636,938,5286,15529,3864,8186,94905,214,1819,187,2.981158088
485.95,13619.50858,13.61950858,4859.5,695,1015,5137,16447,4044,8664,95621,85,1770,119,2.847584486
486.2,13621.30126,13.62130126,4862,709,988,5164,15909,3895,8240,95877,300,1761,237,3.28683346
486.45,13623.09395,13.62309395,4864.5,638,936,5226,15676,4005,8325,97312,306,1729,188,3.590168462
486.7,13624.88664,13.62488664,4867,586,1008,5132,15483,3807,8410,95584,420,1875,264,3.066830237
486.95,13626.67932,13.62667932,4869.5,634,968,5133,15582,3833,8369,95852,160,1854,206,2.304262704
487.2,13628.47201,13.62847201,4872,639,958,5242,15470,3908,8570,96182,349,1769,282,2.762439288
487.45,13630.2647,13.6302647,4874.5,627,1036,5180,15547,3822,8595,97331,195,1862,179,3.021595468
487.7,13632.05739,13.63205739,4877,615,999,5188,15872,3885,8421,95291,348,1908,191,2.509428806
487.95,13633.85007,13.63385007,4879.5,685,1026,5154,15573,3940,8459,94306,279,1751,186,3.382562278
488.2,13635.64276,13.63564276,4882,620,1034,5286,15793,3810,8502,95909,110,1888,191,2.641535032
488.45,13637.43545,13.63743545,4884.5,555,983,5352,15775,3991,8520,95596,395,1877,169,2.624659665
488.7,13639.22813,13.63922813,4887,634,1039,5322,15845,3739,8389,95621,212,1844,268,2.635120073
488.95,13641.02082,13.64102082,4889.5,628,973,5219,15682,3900,8434,96308,252,1899,256,2.882088112
489.2,13642.81351,13.64281351,4892,656,994,5201,15466,3798,8337,95292,259,1801,243,2.976553214
489.45,13644.6062,13.6446062,4894.5,624,1058,5170,15902,3760,8077,95081,291,1825,232,2.409839047
489.7,13646.39888,13.64639888,4897,619,937,5251,15284,3944,8239,95477,305,1805,199,2.756940223
489.95,13648.19157,13.64819157,4899.5,657,955,5218,15665,4002,8302,94737,217,1788,226,2.68374374
490.2,13649.98426,13.64998426,4902,638,1010,5222,15161,3900,8247,94532,256,1783,262,2.888159335
490.45,13651.77694,13.65177694,4904.5,625,969,5302,16092,3921,8483,95509,136,1884,286,2.395907396
490.7,13653.56963,13.65356963,4907,570,924,5135,15690,3914,8496,95737,327,1973,214,3.090077243
491.45,13658.94769,13.65894769,4914.5,634,1027,5131,15867,3857,8582,96472,345,1873,162,2.481876525
491.7,13660.74038,13.66074038,4917,620,1009,5172,16045,3828,8554,97090,396,1867,203,2.391001653
491.95,13662.53307,13.66253307,4919.5,525,1134,4943,14420,3940,8570,94022,264,1831,94,2.817603715
492.2,13664.32575,13.66432575,4922,608,1076,4994,15586,3803,8518,93503,262,1753,143,3.122150997
492.45,13666.11844,13.66611844,4924.5,611,1089,5114,15078,3774,8411,94976,282,1774,200,2.428454694
492.7,13667.91113,13.66791113,4927,630,952,5012,14933,3807,8269,94307,336,1865,230,3.625673491
492.95,13669.70381,13.66970381,4929.5,580,953,5211,15212,3802,8545,95598,283,1755,177,3.002540594
493.2,13671.4965,13.6714965,4932,654,947,5238,15226,3833,8475,94229,381,1745,244,2.638985927
493.45,13673.28919,13.67328919,4934.5,681,1022,5136,15806,3690,8498,93843,337,1853,247,2.811804243
493.7,13675.08187,13.67508187,4937,630,987,5192,15252,3833,8352,93475,325,1808,141,2.692906929
494.2,13678.66725,13.67866725,4942,628,1010,5081,14867,3755,8151,92674,287,1708,218,2.812905844
494.7,13682.25262,13.68225262,4947,591,969,4964,15519,3600,8102,92530,148,1834,164,2.714828485
494.95,13684.04531,13.68404531,4949.5,668,909,5085,15284,3634,8249,92222,343,1690,195,2.281717574
495.2,13685.9043,13.6859043,4952,685,867,5265,15997,3859,8402,94076,313,1769,214,2.948811058
495.95,13691.48128,13.69148128,4959.5,720,827,5301,16217,3979,8484,93919,273,1847,150,2.439403759
496.2,13693.34028,13.69334028,4962,696,847,5230,16098,4060,8591,95335,369,1898,94,2.505885731
496.45,13695.19927,13.69519927,4964.5,734,748,5251,16221,3885,8436,93471,334,1875,290,3.105730129
496.7,13697.05826,13.69705826,4967,740,767,5294,15877,3996,8787,94082,172,1744,236,2.495269677
496.95,13698.91725,13.69891725,4969.5,673,786,5386,16112,3786,8659,93524,252,1849,199,2.757450419
497.2,13700.77625,13.70077625,4972,729,796,5279,15654,3936,8531,93877,214,1770,145,2.764224228
497.45,13702.63524,13.70263524,4974.5,686,895,5164,15645,3788,8591,92496,311,1846,186,3.330824089
497.7,13704.49423,13.70449423,4977,625,926,5097,15197,3639,8616,91967,209,1843,249,3.418207681
498.2,13708.21222,13.70821222,4982,646,958,5089,16210,3808,8596,93500,317,1786,273,2.622144638
498.45,13710.07121,13.71007121,4984.5,638,931,5249,15801,3740,8751,92653,218,1819,147,2.529329739
498.7,13711.93021,13.71193021,4987,693,892,5010,15567,3905,8752,94919,125,1845,197,3.294140676
498.95,13713.7892,13.7137892,4989.5,725,974,5466,16473,4127,9292,96898,308,1894,195,2.832093851
499.2,13715.64819,13.71564819,4992,580,1048,5253,15421,3830,9065,94614,255,1838,211,2.848772263
499.45,13717.50719,13.71750719,4994.5,572,1033,4993,14778,3764,8980,92814,420,1822,146,2.619061817
499.7,13719.36618,13.71936618,4997,611,1004,4821,15048,3907,8639,93513,240,1732,117,2.584449878
499.95,13721.22517,13.72122517,4999.5,629,963,4916,15217,3806,8752,93860,339,1867,221,2.607721169
500.2,13723.08416,13.72308416,5002,700,936,5106,15608,3839,8625,92831,262,1910,168,2.260547805
500.45,13724.94316,13.72494316,5004.5,640,903,5139,15217,3851,8746,93071,341,1788,236,2.823746073
500.7,13726.80215,13.72680215,5007,736,892,5132,15827,3998,8643,93222,305,1942,196,2.889699662
500.95,13728.66114,13.72866114,5009.5,620,931,5061,15081,3748,8581,93046,386,1785,171,2.523646072
501.2,13730.52014,13.73052014,5012,646,949,5054,15031,3718,8628,92319,328,1723,198,2.815678903
501.45,13732.37913,13.73237913,5014.5,653,1056,4963,14972,3875,8713,94055,369,1756,151,3.027805472
501.7,13734.23812,13.73423812,5017,586,979,4999,14494,3753,8610,93432,143,1847,100,2.488422851
501.95,13736.09712,13.73609712,5019.5,516,1078,4748,14938,3728,9032,92775,341,1860,227,3.109976247
502.2,13737.95611,13.73795611,5022,547,1054,4792,14726,3778,8649,93000,237,1702,182,3.383689668
502.7,13741.6741,13.7416741,5027,613,1045,5039,14947,3744,8996,94287,299,1868,164,2.331926389
502.95,13743.53309,13.74353309,5029.5,601,1006,4919,15222,3816,8809,93813,208,1890,121,2.789324664
503.2,13745.39208,13.74539208,5032,611,1088,5116,15049,3754,9071,92960,357,1766,134,3.259173755
503.45,13747.25107,13.74725107,5034.5,573,1018,5077,14703,3730,9176,95675,206,1742,194,3.083567022
503.7,13749.11007,13.74911007,5037,588,968,5178,15318,3843,9193,94519,180,1631,132,2.775309653
503.95,13750.96906,13.75096906,5039.5,549,944,5231,14577,3867,9078,94596,347,1739,150,2.710728706
504.2,13752.82805,13.75282805,5042,662,999,5225,15059,4007,9408,95292,300,1777,81,2.885183665
504.45,13754.68705,13.75468705,5044.5,606,1008,4982,15124,3817,9076,93519,449,1922,183,2.707743203
504.7,13756.54604,13.75654604,5047,628,1005,4972,14888,3880,8800,92584,380,1964,146,2.802974756
504.95,13758.40503,13.75840503,5049.5,670,1042,4953,15486,3917,8999,93194,254,1761,230,2.775604627
505.2,13760.26403,13.76026403,5052,667,1080,4957,14733,3687,9163,93075,234,1739,299,2.669959267
505.45,13762.12302,13.76212302,5054.5,616,974,5129,14942,3825,8997,93813,263,1901,133,2.528745479
505.7,13763.98201,13.76398201,5057,691,928,4908,15867,3837,8739,90869,260,1875,172,2.762354963
505.95,13765.84101,13.76584101,5059.5,590,897,5050,15879,3914,9154,91838,213,1781,105,2.618023605
506.2,13767.7,13.7677,5062,675,908,5095,16397,3854,9097,91768,252,1857,207,3.027632477
506.45,13769.55899,13.76955899,5064.5,676,911,5289,16158,4008,9390,92775,287,1902,139,2.465312415
506.7,13771.41798,13.77141798,5067,693,886,5219,15048,3717,9239,92445,364,1908,256,2.449633954
506.95,13773.27698,13.77327698,5069.5,602,786,5222,15440,3980,9223,93343,388,1951,167,2.569399231
507.2,13775.13597,13.77513597,5072,663,827,5388,15185,4164,9312,93785,174,1809,131,3.521339816
507.45,13776.99496,13.77699496,5074.5,751,825,5134,16200,3973,9054,93633,126,1958,117,2.548416199
507.7,13778.85396,13.77885396,5077,699,845,5155,15938,3829,9230,92647,155,1851,216,2.405551416
507.95,13780.71295,13.78071295,5079.5,708,927,5372,14850,3866,9456,95777,302,1743,189,2.518387282
508.2,13782.57194,13.78257194,5082,677,855,5413,14016,3925,9413,97018,251,1718,150,2.825559308
508.45,13784.43094,13.78443094,5084.5,705,807,5471,14246,4078,9520,97429,288,1748,168,3.188543571
508.7,13786.28993,13.78628993,5087,714,764,5373,14160,4031,9390,97939,367,1623,295,2.907223554
508.95,13788.14892,13.78814892,5089.5,730,832,5396,14052,4045,9225,98123,301,1695,201,3.363398693
509.2,13790.00792,13.79000792,5092,673,833,5389,13953,3997,9355,98585,384,1637,203,2.143941229
509.45,13791.86691,13.79186691,5094.5,724,857,5404,14214,4023,9601,98687,248,1587,159,2.673858755
509.7,13793.7259,13.7937259,5097,649,804,5439,13856,4017,9505,98944,302,1706,214,2.759362215
509.95,13795.58489,13.79558489,5099.5,753,794,5389,13837,4037,9557,98988,440,1714,186,3.25543413
510.2,13797.44389,13.79744389,5102,690,856,5418,14233,4069,9695,98637,105,1695,213,2.543994549
510.45,13799.30288,13.79930288,5104.5,750,806,5544,14362,4137,9522,98589,366,1702,123,2.295183983
510.7,13801.16187,13.80116187,5107,713,832,5397,14518,3987,9484,98921,354,1706,234,2.484214391
510.95,13803.02087,13.80302087,5109.5,666,831,5437,14245,3877,9339,97440,361,1683,224,2.552240229
511.2,13804.87986,13.80487986,5112,685,925,5315,13987,4020,9436,97084,331,1587,204,2.411247646
511.45,13806.73885,13.80673885,5114.5,662,888,5254,13765,4025,9467,97183,275,1680,175,2.74490933
511.7,13808.59785,13.80859785,5117,605,942,5141,14045,4036,9544,96655,292,1719,112,2.668945411
511.95,13810.45684,13.81045684,5119.5,635,866,5559,14402,3999,9545,98517,258,1699,168,2.857097957
512.2,13812.31583,13.81231583,5122,661,849,5479,14179,4089,9658,99023,257,1640,214,2.459071196
512.45,13814.17483,13.81417483,5124.5,716,802,5706,14334,4089,9814,99051,340,1742,179,2.876469308
512.7,13816.03382,13.81603382,5127,734,848,5605,14325,3990,9949,97998,410,1732,282,2.699485005
512.95,13817.89281,13.81789281,5129.5,720,833,5451,14511,4166,9866,97625,264,1593,190,2.67218911
513.2,13819.7518,13.8197518,5132,659,939,5379,14305,4059,9653,98352,300,1624,132,2.733656174
513.45,13821.6108,13.8216108,5134.5,663,908,5236,14662,4006,9685,97760,342,1773,220,2.901896037
513.7,13823.46979,13.82346979,5137,771,870,5727,14687,4241,9997,100995,240,1712,229,3.048799466
513.95,13825.32878,13.82532878,5139.5,734,784,5724,14989,4157,9998,102691,377,1699,205,2.493186583
514.2,13827.18778,13.82718778,5142,663,924,5427,14164,3909,9927,98738,292,1701,143,2.414817951
514.45,13829.04677,13.82904677,5144.5,676,799,5417,14241,3918,10189,98330,314,1736,225,3.04061193
514.7,13830.90576,13.83090576,5147,766,831,5429,14111,4000,10121,98205,278,1594,177,2.729278906
514.95,13832.76476,13.83276476,5149.5,691,796,5500,14280,3923,9888,98292,268,1673,199,2.518111862
515.2,13834.64943,13.83464943,5152,723,732,5492,14398,3973,10142,98675,297,1694,264,3.087087087
515.45,13836.5341,13.8365341,5154.5,730,732,5482,14370,4147,10023,98712,288,1709,224,2.837077472
515.7,13838.41878,13.83841878,5157,649,846,5459,14655,4008,9759,96695,247,1681,156,2.902015677
515.95,13840.30345,13.84030345,5159.5,669,825,5184,14017,4029,9568,95058,412,1834,173,2.574712644
516.2,13842.18813,13.84218813,5162,598,942,5035,14058,3965,9746,94414,309,1703,327,2.343888137
516.45,13844.0728,13.8440728,5164.5,656,911,5103,14035,3935,10100,95539,184,1765,146,2.655541376
516.7,13845.95748,13.84595748,5167,676,846,5242,14178,3987,9976,96526,185,1693,164,2.997577359
516.95,13847.84215,13.84784215,5169.5,705,881,5168,14208,4021,9968,95960,334,1669,198,3.029381966
517.2,13849.72683,13.84972683,5172,696,862,5298,14321,4072,10009,97373,356,1714,129,2.971506414
517.45,13851.6115,13.8516115,5174.5,693,784,5429,14587,4075,10129,97269,169,1784,207,2.451328256
517.7,13853.49618,13.85349618,5177,690,859,5254,14433,3888,10147,96864,320,1825,193,2.880315983
517.95,13855.38085,13.85538085,5179.5,738,795,5398,14531,4086,10328,97057,289,1763,143,2.863193207
518.2,13857.26552,13.85726552,5182,778,750,5244,14597,4126,10264,97063,94,1723,158,2.462527964
518.45,13859.1502,13.8591502,5184.5,746,724,5380,14906,4098,10366,98492,93,1752,211,2.342112148
518.7,13861.03487,13.86103487,5187,712,785,5189,14690,3986,10460,98628,159,1615,261,2.516609286
518.95,13862.91955,13.86291955,5189.5,655,763,5276,14559,3902,10475,97591,289,1721,187,2.440929077
519.2,13864.80422,13.86480422,5192,696,803,5300,14873,4040,10735,97612,193,1665,165,2.24917784
519.45,13866.6889,13.8666889,5194.5,731,846,5335,14795,4056,10391,95806,335,1634,154,2.632889344
519.7,13868.57357,13.86857357,5197,662,842,5184,15098,3881,10118,92749,329,2016,242,2.452630576
519.95,13870.45825,13.87045825,5199.5,718,752,5102,15232,3952,10999,92729,210,1841,135,2.900198205
520.2,13872.34292,13.87234292,5202,705,804,4853,15743,3919,10831,90982,0,1854,232,2.702496017
520.45,13874.2276,13.8742276,5204.5,703,827,5041,16040,3943,9774,90549,172,1841,149,2.544072065
520.7,13876.11227,13.87611227,5207,666,921,4918,16080,3990,9674,89916,238,1915,175,2.746649088
520.95,13877.99694,13.87799694,5209.5,684,924,4872,16491,3848,10015,89906,343,2023,212,2.333094106
521.2,13879.88162,13.87988162,5212,602,920,4760,16771,3735,10355,88001,196,1913,121,2.601135557
521.45,13881.76629,13.88176629,5214.5,633,1011,4445,15675,3819,10504,86498,233,1798,146,2.956698871
521.7,13883.65097,13.88365097,5217,616,942,4578,15630,3770,10745,87288,189,1896,82,2.514167243
521.95,13885.53564,13.88553564,5219.5,557,951,4668,14877,3697,10177,89529,330,1855,238,3.241423451
522.2,13887.42032,13.88742032,5222,623,967,4869,15525,3606,10376,89521,175,1865,254,2.619008434
522.45,13889.30499,13.88930499,5224.5,547,995,4704,15618,3712,10589,88436,398,1795,199,3.036818126
522.7,13891.18967,13.89118967,5227,603,981,4586,16283,3648,10507,88513,156,1930,244,2.678932555
522.95,13893.07434,13.89307434,5229.5,567,1059,4717,15605,3750,9800,88854,361,1813,192,3.426257348
523.2,13894.95902,13.89495902,5232,563,1052,4599,15966,3918,10076,87032,96,1966,142,2.259428857
523.45,13896.84369,13.89684369,5234.5,566,1032,4601,15560,3683,10092,88216,197,1918,170,2.517862415
523.7,13898.72836,13.89872836,5237,522,1056,4946,15825,3967,10149,90853,228,1983,161,2.223223711
523.95,13900.61304,13.90061304,5239.5,581,1074,4662,17339,3591,9895,90049,266,1915,171,2.594940536
524.2,13902.49771,13.90249771,5242,551,1042,4709,15787,3771,10334,94493,223,1916,142,2.592484089
524.45,13904.38239,13.90438239,5244.5,530,1028,4721,16023,3680,10463,95539,199,1936,177,2.842810811
524.7,13906.26706,13.90626706,5247,532,1098,4715,15565,3810,10583,93895,117,1981,169,3.126320845
524.95,13908.15174,13.90815174,5249.5,605,1125,4800,15727,3697,10214,94250,140,1777,165,2.530646832
525.2,13910.03641,13.91003641,5252,560,1163,4813,15647,3670,9379,95399,346,1889,162,2.5759
525.45,13911.92109,13.91192109,5254.5,619,1038,5054,15548,3755,8909,94374,231,1836,190,2.941388954
525.7,13913.80576,13.91380576,5257,600,1035,4861,16697,3813,8513,88683,244,1932,224,2.583472536
525.95,13915.69044,13.91569044,5259.5,584,1026,4743,17762,3641,7548,87034,275,1812,200,2.865187333
526.2,13917.57511,13.91757511,5262,543,1104,3985,25823,3193,6487,74874,260,2503,192,2.538373425
526.45,13919.45978,13.91945978,5264.5,581,995,4056,24947,3559,4189,80601,116,2597,139,2.361894251
526.7,13921.34446,13.92134446,5267,558,955,4095,21778,3527,5541,77689,48,2395,166,3.097859327
526.95,13923.22913,13.92322913,5269.5,692,895,5061,14646,3725,8396,88955,310,1844,81,3.251753805
527.2,13925.11381,13.92511381,5272,585,898,5085,13025,3763,8553,94112,193,1551,262,2.482965562
527.45,13926.99848,13.92699848,5274.5,493,1031,4818,13338,3630,7359,92532,203,1643,187,2.473891342
527.7,13928.88316,13.92888316,5277,607,958,4991,13506,3655,7605,93666,322,1623,192,3.017750088
527.95,13930.76783,13.93076783,5279.5,607,1026,4956,13361,3846,7484,92411,191,1660,78,2.969993257
528.2,13932.65251,13.93265251,5282,591,921,4985,13268,3786,7473,92650,209,1737,209,2.792992306
528.45,13934.53718,13.93453718,5284.5,621,1000,5325,13411,3923,7478,94750,237,1746,144,2.523006706
528.7,13936.42186,13.93642186,5287,580,1032,5182,13533,3841,7441,94025,344,1698,178,2.455698496
528.95,13938.30653,13.93830653,5289.5,631,951,5357,13718,4068,7861,94328,321,1723,99,2.739811912
529.2,13940.1912,13.9401912,5292,601,1001,5215,13685,3908,7571,94602,283,1698,214,2.429818796
529.45,13942.07588,13.94207588,5294.5,683,834,5148,13954,3962,7663,94996,342,1586,174,2.488311437
529.7,13943.96055,13.94396055,5297,640,852,5347,13828,3836,7360,94143,287,1848,293,2.488412683
529.95,13945.84523,13.94584523,5299.5,690,885,5307,13980,3934,7491,94199,148,1688,239,2.345401174
530.2,13947.7299,13.9477299,5302,661,919,5198,13637,3714,7713,94421,295,1711,255,2.60241081
530.45,13949.61458,13.94961458,5304.5,611,894,5234,13467,4036,7520,94223,156,1622,92,2.574806319
530.7,13951.49925,13.95149925,5307,659,924,5256,14459,3948,7581,95277,300,1765,312,2.624591948
530.95,13953.38393,13.95338393,5309.5,633,949,5352,14835,4168,7777,96215,305,1796,191,2.396498364
531.2,13955.2686,13.9552686,5312,673,1040,5294,14377,4067,7782,96715,269,1732,243,2.505467801
531.45,13957.15328,13.95715328,5314.5,670,919,5612,14787,4210,8030,96581,266,1782,165,2.148591777
531.7,13959.03795,13.95903795,5317,669,1012,4889,27089,3659,6046,82994,174,2679,300,2.113419333
531.95,13960.92262,13.96092262,5319.5,598,955,4619,26622,3222,4896,77272,165,2573,263,2.265526388
532.2,13962.8073,13.9628073,5322,661,873,5263,15049,3923,6052,90921,188,1957,238,2.689606315
532.45,13964.69197,13.96469197,5324.5,668,858,5588,13821,4096,7727,96410,326,1792,263,2.41846211
532.7,13966.57665,13.96657665,5327,642,883,5504,13668,4011,9018,96978,226,1649,288,2.9258711
532.95,13968.46132,13.96846132,5329.5,624,1044,5104,10530,3871,15227,103076,409,1516,169,2.844052123
533.95,13976.00002,13.97600002,5339.5,493,1207,4494,10313,3277,18710,113094,304,1353,195,2.557029435
534.45,13979.76937,13.97976937,5344.5,721,907,5247,14006,3798,8935,100909,236,1808,276,2.362627282
534.7,13981.65404,13.98165404,5347,614,906,5186,13874,3908,8141,96655,319,1759,164,2.619222154
534.95,13983.53872,13.98353872,5349.5,573,923,5020,13819,3765,6683,91226,265,1908,218,2.714622642
535.2,13985.40771,13.98540771,5352,622,832,5180,14471,3690,5728,89765,290,1775,226,2.784945101
535.45,13987.2767,13.9872767,5354.5,618,988,5042,14646,3729,4811,89079,352,1704,190,2.854635217
535.7,13989.14569,13.98914569,5357,613,842,5200,13625,3758,4483,89292,218,1745,204,2.545353759
535.95,13991.01468,13.99101468,5359.5,745,799,5222,13689,3666,4391,89500,333,1708,325,2.940943044
536.2,13992.88367,13.99288367,5362,672,838,5234,13510,3703,4310,89652,249,1801,237,2.502022732
536.45,13994.75266,13.99475266,5364.5,794,854,5388,13245,3843,4444,90430,239,1681,302,2.330667625
536.7,13996.62166,13.99662166,5367,732,765,5545,14036,3907,4365,89918,258,1739,193,2.626817793
536.95,13998.49065,13.99849065,5369.5,730,780,5366,13736,3898,4607,89754,157,1692,190,2.800788732
537.2,14000.35964,14.00035964,5372,717,751,5236,13732,4165,4318,88112,233,1755,69,2.588175538
537.45,14002.22863,14.00222863,5374.5,720,681,5615,13916,4017,4351,89213,301,1638,198,2.579824927
537.7,14004.09762,14.00409762,5377,753,695,5499,14133,4014,4470,91362,392,1781,153,2.564785736
537.95,14005.96661,14.00596661,5379.5,717,707,5550,13534,4007,4434,91139,82,1612,243,2.598887765
538.2,14007.8356,14.0078356,5382,704,746,5481,13048,3866,4275,90347,284,1671,262,2.323042901
538.45,14009.70459,14.00970459,5384.5,712,687,5353,13720,3904,4402,91219,262,1567,142,2.60086512
538.7,14011.57358,14.01157358,5387,747,736,5441,13967,3854,4706,91237,208,1687,199,2.20897174
538.95,14013.44257,14.01344257,5389.5,732,662,5527,13478,3746,4710,91067,163,1644,282,2.838019887
539.2,14015.31156,14.01531156,5392,688,788,5382,13405,3786,4670,92056,415,1731,210,2.611684835
539.45,14017.18056,14.01718056,5394.5,682,830,5301,12883,3871,4334,91631,281,1625,190,2.498631688
539.7,14019.04955,14.01904955,5397,624,812,5228,13715,3819,4538,89726,270,1669,281,2.132038196
540.2,14022.78753,14.02278753,5402,593,926,4976,13317,3737,4998,90409,172,1784,254,2.148086798
540.45,14024.65652,14.02465652,5404.5,611,886,4869,13833,3652,4826,87981,219,1743,282,2.434456573
540.7,14026.52551,14.02652551,5407,618,833,4997,13456,3776,5012,87537,238,1792,188,2.298749213
540.95,14028.3945,14.0283945,5409.5,678,828,5355,14091,3943,4956,90128,362,1789,199,2.764262648
541.2,14030.26349,14.03026349,5412,676,844,5266,14516,3771,5075,90777,200,1772,269,2.293085012
541.7,14034.00147,14.03400147,5417,624,856,5337,14051,3980,5187,90731,378,1711,207,2.630134262
542.2,14037.73946,14.03773946,5422,654,900,5333,14085,4117,5486,93066,189,1624,236,2.724622911
542.45,14039.60845,14.03960845,5424.5,603,903,5307,14346,4064,5466,92178,230,1761,179,2.673306773
542.7,14041.47744,14.04147744,5427,689,888,5331,13947,4109,5919,92913,211,1630,115,2.478495123
542.95,14043.34643,14.04334643,5429.5,679,904,5416,14059,3889,5993,92275,328,1744,268,2.556834957
543.45,14047.08441,14.04708441,5434.5,732,928,5395,12857,3804,6257,92550,249,1618,336,2.548520767
543.7,14048.9534,14.0489534,5437,692,790,5360,13796,3749,5941,89831,233,1710,370,2.592279375
543.95,14050.82239,14.05082239,5439.5,712,814,5200,14373,3884,6488,88615,281,1707,226,2.589148053
544.2,14052.69138,14.05269138,5442,652,885,5248,15365,4126,7718,90887,228,1735,97,3.014303989
544.45,14054.56037,14.05456037,5444.5,704,842,5401,14665,4089,6948,90864,309,1931,211,2.406515837
544.7,14056.42937,14.05642937,5447,632,892,5382,11286,4011,7147,96955,324,1564,256,2.703506018
544.95,14058.29836,14.05829836,5449.5,692,837,5415,10617,4010,7629,98391,88,1491,258,3.197043748
545.2,14060.16735,14.06016735,5452,627,989,5303,10898,3978,8111,97363,285,1482,198,2.189037759
545.45,14062.03634,14.06203634,5454.5,623,909,5250,11268,4056,9739,98597,361,1471,189,2.955820165
545.7,14063.90533,14.06390533,5457,585,984,5149,10733,3946,10372,99273,290,1452,230,2.197996222
545.95,14065.77432,14.06577432,5459.5,513,1126,5083,10503,3808,10825,103815,321,1367,215,3.057421203
546.2,14067.64331,14.06764331,5462,554,1058,4762,9041,3731,11337,105263,159,1444,201,2.691342793
546.45,14069.5123,14.0695123,5464.5,594,963,4963,7578,3735,14598,116785,232,1208,188,2.86817221
546.95,14073.25028,14.07325028,5469.5,440,1148,4595,8196,3462,29134,116931,236,1263,192,2.781996395
547.2,14075.11927,14.07511927,5472,480,1087,4574,9344,3449,22510,111734,382,1280,244,2.549935019
547.45,14076.98827,14.07698827,5474.5,515,1178,4609,9646,3696,19195,106032,191,1283,173,2.86155914
547.7,14078.85726,14.07885726,5477,555,1100,5007,10852,3715,14739,103931,248,1592,162,2.65228013
547.95,14080.72625,14.08072625,5479.5,598,983,5056,12311,3983,8999,98906,199,1732,77,2.147819128
548.2,14082.59524,14.08259524,5482,630,971,5308,13518,3753,6922,94726,304,1710,266,3.174814282
548.45,14084.46423,14.08446423,5484.5,594,963,5271,12362,4049,5970,93968,239,1661,80,2.533512321
548.7,14086.33322,14.08633322,5487,605,1053,5042,11410,3781,5722,93613,312,1549,256,2.820251262
548.95,14088.20221,14.08820221,5489.5,677,1094,5233,11893,3908,6289,94406,257,1566,159,2.702072018
549.2,14090.0712,14.0900712,5492,585,983,5355,12492,4109,6615,97255,228,1683,74,2.853042356
549.45,14091.94019,14.09194019,5494.5,651,970,5511,12385,3976,6303,96928,346,1616,209,3.01398917
549.7,14093.80918,14.09380918,5497,629,927,5476,12487,3981,6129,97514,339,1586,209,2.521136063
549.95,14095.67817,14.09567817,5499.5,612,1032,5379,12236,3877,6210,97990,381,1599,252,2.614790076
550.2,14097.54717,14.09754717,5502,637,987,5307,12173,3908,6072,98239,365,1574,228,2.507591989
550.45,14099.41616,14.09941616,5504.5,657,903,5423,12585,3824,5778,98175,237,1586,202,3.181639723
550.7,14101.28515,14.10128515,5507,747,937,5519,12854,4065,5923,99804,135,1489,104,2.790524215
550.95,14103.15414,14.10315414,5509.5,637,900,5348,10794,3838,6786,104860,229,1548,192,2.825408311
551.2,14105.02313,14.10502313,5512,669,811,5340,10550,3765,5677,104119,287,1475,250,2.797165103
551.45,14106.89212,14.10689212,5514.5,675,831,5360,11250,4027,4091,100380,269,1553,141,2.680681162
551.7,14108.76111,14.10876111,5517,761,853,5347,12146,3961,3399,98271,193,1498,264,2.339827221
551.95,14110.6301,14.1106301,5519.5,647,847,5430,11713,3924,3285,98192,403,1612,198,2.486309691
552.2,14112.49909,14.11249909,5522,711,892,5247,11964,4094,3357,99237,272,1489,134,2.584586466
552.45,14114.36808,14.11436808,5524.5,667,898,5542,11627,4118,3118,99393,292,1593,195,2.305780846
552.7,14116.23707,14.11623707,5527,712,915,5425,11762,3958,3032,98077,405,1526,188,2.511867235
552.95,14118.10607,14.11810607,5529.5,685,877,5462,11549,4172,3089,100576,236,1505,148,2.584590568
553.2,14119.97506,14.11997506,5532,694,852,5549,11611,3957,3003,100732,224,1550,235,2.353361198
553.45,14121.84405,14.12184405,5534.5,651,853,5416,12301,4115,3133,98812,288,1564,169,2.731340206
553.7,14123.71304,14.12371304,5537,690,904,5266,12322,3937,3314,95851,331,1659,233,2.536066374
553.95,14125.58203,14.12558203,5539.5,692,913,5472,12561,4054,3614,98673,239,1602,204,2.482267523
554.2,14127.45102,14.12745102,5542,683,974,5571,12656,4216,3479,99437,276,1695,203,2.521035294
554.45,14129.32001,14.12932001,5544.5,677,920,5731,12960,4094,3959,98581,339,1559,195,2.685561088
554.7,14131.189,14.131189,5547,702,917,5494,12956,4239,3749,97475,253,1668,140,3.009442548
554.95,14133.05799,14.13305799,5549.5,648,937,5385,12802,4130,3932,96488,352,1694,171,2.500368189
555.2,14135.13477,14.13513477,5552,641,846,5510,12285,4275,3941,97197,316,1648,179,2.344875219
555.45,14137.21154,14.13721154,5554.5,654,899,5737,12785,4137,3826,95707,298,1734,246,2.866918511
555.7,14139.28831,14.13928831,5557,732,811,5614,12228,4184,4244,97074,213,1507,215,2.548550172
555.95,14141.36508,14.14136508,5559.5,724,830,5725,11981,4148,5977,98264,175,1543,194,2.665281529
556.2,14143.44185,14.14344185,5562,629,879,5562,12229,4331,6956,97879,289,1615,183,2.449832776
556.45,14145.51863,14.14551863,5564.5,645,884,5452,11955,4114,7268,97711,316,1570,201,2.649370126
556.7,14147.5954,14.1475954,5567,663,954,5465,12698,4169,7387,98694,279,1643,211,2.478633266
556.95,14149.67217,14.14967217,5569.5,704,865,5535,13869,4325,7391,97631,289,1746,224,2.631027048
557.2,14151.74894,14.15174894,5572,630,929,5247,12910,3982,7635,93965,333,1641,209,2.762370062
557.45,14153.82572,14.15382572,5574.5,681,867,5507,12759,4062,7978,97780,189,1622,269,2.802451032
557.7,14155.90249,14.15590249,5577,655,862,5366,17477,4078,6635,91509,268,1965,209,2.881792183
557.95,14157.97926,14.15797926,5579.5,735,873,5138,26199,3718,5668,80080,150,2640,197,2.370614664
558.2,14160.05603,14.16005603,5582,669,860,4526,33303,3190,4758,73573,169,2764,238,2.505557886
558.45,14162.13281,14.16213281,5584.5,748,806,5121,21881,4031,5578,85759,103,2162,173,2.598576292
558.7,14164.20958,14.16420958,5587,708,838,5761,12860,4172,7731,97377,283,1706,303,2.387138146
558.95,14166.28635,14.16628635,5589.5,725,880,5584,12846,4333,8297,99588,141,1771,153,2.839240238
559.2,14168.36312,14.16836312,5592,726,939,5566,12914,4151,7546,102522,351,1593,163,2.489416971
559.45,14170.43989,14.17043989,5594.5,651,933,5286,11348,3987,9079,108084,199,1499,218,2.960678575
559.7,14172.51667,14.17251667,5597,647,893,5443,9116,4352,10366,107230,169,1325,87,3.149183869
559.95,14174.59344,14.17459344,5599.5,657,975,5450,8660,4256,12678,111919,342,1190,164,2.783449109
560.2,14176.67021,14.17667021,5602,596,1041,4965,6495,3955,19357,117974,147,1016,70,2.402084277
560.45,14178.74698,14.17874698,5604.5,507,1158,4713,6747,3504,21887,116446,121,1055,121,2.8762842
560.7,14180.82376,14.18082376,5607,529,1079,4752,7057,3523,16739,111400,374,1126,192,2.923589204
560.95,14182.90053,14.18290053,5609.5,535,1002,4991,9839,3688,11103,100441,285,1344,182,2.656491037
561.2,14184.9773,14.1849773,5612,601,873,5469,13601,3851,9377,95487,236,1873,236,2.633326438
561.45,14187.05407,14.18705407,5614.5,633,1044,5427,8427,3942,9621,115281,312,1579,217,2.731978763
561.7,14189.13085,14.18913085,5617,531,1025,5114,7173,3825,9572,119102,367,1171,187,2.857615541
561.95,14191.20762,14.19120762,5619.5,592,946,5104,10895,3691,4902,98832,286,1477,196,2.64058084
562.2,14193.28439,14.19328439,5622,690,883,5185,11641,3728,3782,94599,267,1658,196,2.716540275
562.45,14195.36116,14.19536116,5624.5,627,862,5245,11781,3888,3772,95548,195,1452,252,3.163678696
562.7,14197.43794,14.19743794,5627,670,840,5439,11922,3919,3587,98958,280,1610,208,2.676151627
562.95,14199.51471,14.19951471,5629.5,638,952,5437,13363,4006,3402,98171,390,1572,181,2.824989657
563.2,14201.59148,14.20159148,5632,656,918,5433,11762,4002,3293,99809,348,1535,194,2.919419198
563.45,14203.66825,14.20366825,5634.5,728,855,5569,11918,4064,3182,100307,289,1597,214,2.982184766
563.7,14205.74502,14.20574502,5637,702,821,5532,11378,3979,2795,100852,380,1683,277,2.588316978
563.95,14207.8218,14.2078218,5639.5,675,935,5650,12154,3901,2759,100824,285,1597,267,2.528118703
564.2,14209.89857,14.20989857,5642,694,848,5478,12482,4082,2676,99748,293,1551,175,2.629084655
564.45,14211.97534,14.21197534,5644.5,666,948,5628,12699,3935,2559,97370,199,1566,181,2.7001868
564.7,14214.05211,14.21405211,5647,686,895,5557,12008,4043,2438,98815,368,1677,260,2.817152944
564.95,14216.12889,14.21612889,5649.5,710,924,5535,11645,4002,2570,99230,394,1562,213,2.940202194
565.2,14218.20566,14.21820566,5652,620,903,5542,11708,3851,2773,98988,272,1569,168,2.865098468
565.45,14220.28243,14.22028243,5654.5,691,870,5768,12100,4039,2758,96788,165,1741,216,3.095940147
565.7,14222.3592,14.2223592,5657,706,917,5727,13223,4221,3591,96507,305,1729,244,2.209138092
565.95,14224.43598,14.22443598,5659.5,641,938,5666,13359,4249,3843,94959,209,1752,163,2.81785383
566.2,14226.51275,14.22651275,5662,651,946,5639,13581,4124,4043,96238,239,1648,300,3.378204302
566.45,14228.58952,14.22858952,5664.5,691,899,5735,13631,4237,4020,96461,262,1601,177,3.211906537
566.7,14230.66629,14.23066629,5667,742,962,5790,13754,4321,3892,97488,85,1779,169,2.622069523
566.95,14232.74306,14.23274306,5669.5,722,862,5778,13718,4095,3865,96351,254,1815,190,2.41443539
567.2,14234.81984,14.23481984,5672,637,901,5541,13550,4195,3736,96531,289,1697,157,3.012513484
567.45,14236.89661,14.23689661,5674.5,656,865,5479,13120,4172,3753,95129,411,1719,239,2.225819672
567.7,14238.97338,14.23897338,5677,664,933,5434,13207,4117,3755,95460,282,1830,130,3.186189443
567.95,14241.05015,14.24105015,5679.5,658,1002,5376,13911,4279,4231,97338,308,1788,113,2.462017552
568.2,14243.12693,14.24312693,5682,699,903,5614,13429,4132,4461,97892,304,1822,229,2.487053693
568.45,14245.2037,14.2452037,5684.5,683,946,5573,13928,4294,4758,97685,425,1794,148,2.757815714
568.7,14247.28047,14.24728047,5687,708,917,5468,13974,4140,5150,95826,255,1768,165,2.823917526
568.95,14249.35724,14.24935724,5689.5,693,857,5569,14170,4125,5331,95449,216,1815,234,2.313101788
569.2,14251.43402,14.25143402,5692,703,872,5636,14408,4119,5566,95624,199,1841,135,2.428395171
569.45,14253.51079,14.25351079,5694.5,716,912,5512,14426,4228,5808,96580,207,1731,80,2.497727703
569.7,14255.58756,14.25558756,5697,716,878,5550,13989,4243,5855,96102,235,1772,138,2.580990249
569.95,14257.66433,14.25766433,5699.5,672,884,5504,13894,4153,5820,96125,269,1769,145,2.677592803
570.2,14259.7411,14.2597411,5702,664,894,5423,13800,4087,6118,95034,244,1706,126,2.803260652
570.45,14261.81788,14.26181788,5704.5,697,929,5379,14066,4212,6255,95396,252,1695,208,3.180385931
570.7,14263.89465,14.26389465,5707,667,862,5466,14780,4222,5705,93538,252,1833,153,2.958674902
570.95,14265.97142,14.26597142,5709.5,671,880,5172,15746,3891,4809,90088,235,1952,274,2.600146735
571.2,14268.04819,14.26804819,5712,683,864,5209,17804,3843,4386,87463,228,2105,206,2.940917516
571.45,14270.12497,14.27012497,5714.5,742,878,4758,16813,4034,5064,89559,120,2216,153,2.6176232
571.7,14272.20174,14.27220174,5717,685,904,4847,16121,3944,5413,88734,203,2248,231,2.37633792
571.95,14274.27851,14.27427851,5719.5,678,936,4900,15636,3918,5452,90412,206,1992,154,2.61018981
572.2,14276.35528,14.27635528,5722,676,869,4941,13931,4108,5867,92307,286,1922,207,2.661274014
572.45,14278.43206,14.27843206,5724.5,719,883,5413,13281,4051,6221,94210,198,1738,244,3.109791936
572.7,14280.50883,14.28050883,5727,717,911,5530,12964,4041,6284,97222,244,1698,236,2.957804498
572.95,14282.5856,14.2825856,5729.5,688,787,5458,12528,4108,6121,95909,293,1525,165,2.877412281
573.2,14284.66237,14.28466237,5732,622,936,5423,12038,4082,6115,95519,163,1617,160,2.608881547
573.45,14286.73914,14.28673914,5734.5,700,940,5558,12368,4012,6086,97820,91,1664,221,2.827250359
573.7,14288.81592,14.28881592,5737,657,935,5273,12735,4074,5532,96304,282,1745,222,2.803712975
573.95,14290.89269,14.29089269,5739.5,685,861,5316,13794,4126,4766,95740,253,1903,159,2.308894646
574.2,14292.96946,14.29296946,5742,742,826,5542,13808,4141,4487,95820,249,1728,241,2.494451884
574.45,14295.04623,14.29504623,5744.5,706,890,5580,13251,4102,4360,96740,330,1686,223,2.10513311
574.7,14297.12301,14.29712301,5747,706,827,5477,13843,4004,4495,96452,271,1859,186,2.561069077
574.95,14299.19978,14.29919978,5749.5,676,869,5580,14912,4020,6174,94644,352,1809,257,2.500744121
575.2,14301.23746,14.30123746,5752,697,958,5086,18933,3842,6118,90825,358,2123,192,2.332286996
575.45,14303.27514,14.30327514,5754.5,526,1053,4143,28056,2842,3370,95410,223,2911,183,2.321791725
575.7,14305.31283,14.30531283,5757,615,983,4319,16432,3437,4912,90080,416,2350,150,2.49592538
575.95,14307.35051,14.30735051,5759.5,619,969,4624,21870,3448,6043,81702,80,2272,208,2.320637899
576.2,14309.38819,14.30938819,5762,675,835,4956,17949,3670,4978,86189,98,2261,235,2.267254038
576.45,14311.42587,14.31142587,5764.5,744,748,5506,11991,4212,3803,93715,131,1575,261,2.966172174
576.7,14313.46355,14.31346355,5767,718,879,5756,12094,4050,3192,94359,147,1587,279,2.877864319
576.95,14315.50124,14.31550124,5769.5,700,825,5354,8684,4028,2923,96081,277,1433,179,2.815497762
577.2,14317.53892,14.31753892,5772,700,837,5412,8527,4274,3466,99391,248,1434,177,2.721802957
577.45,14319.5766,14.3195766,5774.5,718,894,5484,8565,4130,4144,100759,140,1544,270,2.448802947
577.7,14321.61428,14.32161428,5777,725,912,5597,8724,4151,4977,100962,234,1429,249,2.117814953
577.95,14323.65197,14.32365197,5779.5,695,854,5510,8050,4352,7062,104012,201,1352,200,2.75193168
578.2,14325.68965,14.32568965,5782,657,997,5586,7006,4051,10467,106044,312,1170,152,2.610706063
578.45,14327.72733,14.32772733,5784.5,622,953,5231,7029,3786,14208,107128,208,1169,238,2.823964054
578.7,14329.76501,14.32976501,5787,623,976,4874,7640,3761,15368,106197,370,1184,222,2.860664523
578.95,14331.8027,14.3318027,5789.5,623,978,5067,8692,3942,13273,104981,359,1284,168,2.610305643
579.2,14333.84038,14.33384038,5792,674,947,5679,9412,4228,6778,102866,241,1425,208,2.517318111
579.45,14335.87806,14.33587806,5794.5,790,794,5719,12604,4137,6303,95059,177,1805,302,2.58418068
579.7,14337.91574,14.33791574,5797,781,848,5592,15302,3982,6246,91049,294,2095,244,2.301056338
579.95,14339.95343,14.33995343,5799.5,748,747,5733,14543,4170,6579,91657,179,1878,153,2.627047121
580.2,14341.99111,14.34199111,5802,702,781,5619,14090,4021,6859,93309,131,1741,284,2.213666033
580.45,14344.02879,14.34402879,5804.5,664,906,5651,12105,4167,7137,95160,297,1678,149,2.959700826
580.7,14346.06647,14.34606647,5807,652,887,5431,11745,3914,7743,96498,296,1667,196,2.93211631
580.95,14348.10415,14.34810415,5809.5,747,981,5385,9696,4015,10230,108229,258,1533,229,2.885720212
582.2,14350.14184,14.35014184,5822,651,965,5062,11146,3774,6356,108103,253,1448,166,3.34324159
582.45,14352.17952,14.35217952,5824.5,667,937,5275,11690,3923,4462,102618,303,1567,172,2.816161409
582.7,14354.2172,14.3542172,5827,648,955,5498,12077,3877,3499,102053,287,1526,258,2.667289168
582.95,14364.40561,14.36440561,5829.5,621,1027,5115,8976,3858,2845,109457,360,1432,139,2.586841397
583.2,14366.4433,14.3664433,5832,559,1044,4956,8772,3671,2333,108214,220,1419,191,2.635239567
583.45,14368.48098,14.36848098,5834.5,693,889,5416,10716,3941,2572,103218,311,1578,154,3.011863843
583.7,14370.51866,14.37051866,5837,660,997,5366,12057,4199,2862,100476,246,1744,244,2.376973326
583.95,14372.55634,14.37255634,5839.5,747,929,5600,12593,4166,2984,97419,288,1748,170,2.516006098
584.2,14374.59403,14.37459403,5842,580,1082,5141,11896,3965,2652,95755,223,1819,216,3.398954931
584.45,14376.63171,14.37663171,5844.5,534,1079,5336,12578,3917,2639,95679,267,1888,181,2.895019746
584.7,14378.66939,14.37866939,5847,544,1056,5229,12642,4009,2404,94604,278,1747,204,2.26579799
584.95,14380.70707,14.38070707,5849.5,563,1024,5312,12157,4097,2652,95174,263,1772,130,2.095923077
585.2,14382.74475,14.38274475,5852,565,993,5366,12434,4078,2828,94599,181,1876,293,2.586235798
585.45,14384.78244,14.38478244,5854.5,664,1018,5243,12016,4017,2656,96558,338,1741,252,2.421987734
585.7,14386.82012,14.38682012,5857,606,984,5300,12259,4179,2903,96945,291,1772,236,2.745871284
585.95,14388.8578,14.3888578,5859.5,725,924,5832,13018,4319,3225,99483,282,1896,147,2.66284585
586.2,14390.89548,14.39089548,5862,637,1063,5620,13168,4147,3133,98221,410,1930,248,2.679572235
586.45,14392.93317,14.39293317,5864.5,608,1019,5223,11941,3928,2909,96225,452,1677,226,2.502404771
586.7,14394.97085,14.39497085,5867,593,1055,5429,12556,3973,3427,95052,395,1872,230,2.262949549
586.95,14397.00853,14.39700853,5869.5,609,1042,5419,12303,4158,3875,95070,166,1788,210,2.194267259
587.2,14399.04621,14.39904621,5872,656,965,5392,12149,4037,4086,95638,281,1808,219,2.194295466
587.45,14401.0839,14.4010839,5874.5,593,993,5442,12313,4080,4165,96281,245,1847,244,2.390360169
587.7,14403.12158,14.40312158,5877,573,932,5464,12582,4087,4216,94011,198,1854,258,2.494756554
587.95,14405.15926,14.40515926,5879.5,591,999,5172,13138,4026,4348,92647,185,1850,166,2.331977217
588.2,14407.19694,14.40719694,5882,606,959,5303,12818,4064,4390,95431,263,1729,199,2.342441911
588.45,14409.23463,14.40923463,5884.5,579,983,5477,12382,3981,4563,94611,241,1726,186,2.874301982
588.7,14411.27231,14.41127231,5887,631,1003,5341,12695,3990,4876,95398,262,1718,171,2.611312973
588.95,14413.30999,14.41330999,5889.5,678,971,5391,12552,4157,5398,96941,120,1654,154,2.791701418
589.2,14415.34767,14.41534767,5892,638,907,5316,12596,3901,5364,94588,196,1817,228,2.549013977
589.45,14417.38535,14.41738535,5894.5,633,863,5226,12402,4012,5526,95809,238,1628,210,2.323537039
589.7,14419.42304,14.41942304,5897,545,1013,5099,12427,4078,5790,96203,195,1803,148,3.237632291
589.95,14421.46072,14.42146072,5899.5,573,1027,5279,12612,4168,6048,96409,182,1768,144,2.475646259
590.2,14423.4984,14.4234984,5902,599,961,5154,13030,3975,5795,94545,239,1883,215,2.560722049
590.45,14425.53608,14.42553608,5904.5,677,935,5422,13892,4307,5708,95241,222,1904,88,2.56081147
590.7,14427.57377,14.42757377,5907,777,881,5207,14480,4063,5158,95225,88,2021,197,2.615483999
590.95,14429.61145,14.42961145,5909.5,725,822,4738,16813,3850,3510,90444,283,2474,233,2.441137814
591.2,14431.64913,14.43164913,5912,664,834,5353,18199,4045,3263,88229,183,2349,173,2.418939685
591.45,14433.68681,14.43368681,5914.5,691,899,4876,17126,3969,2775,88258,94,2468,164,1.88799815
591.7,14435.7245,14.4357245,5917,725,786,5672,13728,4031,3405,93146,239,1911,216,2.673700954
591.95,14437.76218,14.43776218,5919.5,753,846,5702,11730,4126,4815,99386,171,1647,200,2.136012485
592.2,14439.79986,14.43979986,5922,698,821,5660,12154,4084,5094,97507,123,1632,207,2.519357414
592.45,14441.83754,14.44183754,5924.5,659,796,5679,12326,4059,6772,98215,236,1522,228,2.465763876
592.7,14443.87523,14.44387523,5927,609,841,5414,11080,4194,7967,99323,339,1567,121,2.422222222
592.95,14445.91291,14.44591291,5929.5,590,945,5016,9821,3730,10728,102002,194,1469,236,2.412396469
593.2,14447.95059,14.44795059,5932,686,861,5399,11972,4089,5553,96819,379,1790,236,2.787409584
593.45,14449.98827,14.44998827,5934.5,733,843,5491,13753,4271,4195,95243,242,1885,245,2.206972978
593.7,14452.02595,14.45202595,5937,697,877,5660,14813,4281,3429,94844,303,1959,236,2.309885592
593.95,14454.06364,14.45406364,5939.5,762,808,5624,14748,4456,3177,96938,284,2014,231,2.293195983
594.2,14456.10132,14.45610132,5942,766,899,5660,14601,4255,3106,97098,108,2058,279,2.188029966
594.45,14458.139,14.458139,5944.5,676,874,5683,10583,4183,3377,95874,131,1981,248,2.640274
594.7,14460.17668,14.46017668,5947,645,909,5241,8939,3993,5948,103750,211,1428,147,2.95024007
594.95,14462.21437,14.46221437,5949.5,596,1093,5151,8605,3921,8142,107975,308,1536,208,2.634346358
595.2,14464.19736,14.46419736,5952,566,1151,4734,7947,3934,9323,109519,302,1603,94,2.46324641
595.95,14470.14632,14.47014632,5959.5,484,1063,4363,6507,3353,15853,128642,255,1137,158,2.886825818
596.2,14472.12931,14.47212931,5962,564,908,4550,8015,3412,8093,109991,255,1240,147,2.297494423
596.45,14474.1123,14.4741123,5964.5,575,880,4510,8741,3464,5597,94534,208,1349,177,2.511364764
596.7,14476.09529,14.47609529,5967,567,839,4500,9766,3526,4780,89800,213,1625,174,2.460134202
597.2,14480.06127,14.48006127,5972,605,774,4943,11042,3557,3509,91125,222,1641,145,3.032686913
597.45,14482.04426,14.48204426,5974.5,593,762,4782,11100,3471,3096,87657,137,1505,252,2.995284822
597.7,14484.02725,14.48402725,5977,580,778,4845,11499,3499,3459,85129,151,1612,215,2.12446971
597.95,14486.01024,14.48601024,5979.5,596,773,4934,11566,3649,3697,86614,232,1645,150,2.29314662
598.2,14487.99323,14.48799323,5982,604,830,5119,11775,3546,3731,88751,199,1561,274,2.428168192
598.45,14489.97621,14.48997621,5984.5,606,822,5321,12260,3851,3919,88296,199,1671,196,2.603795225
598.7,14491.9592,14.4919592,5987,595,801,5145,11845,3975,4270,90505,51,1566,143,2.264371864
598.95,14493.94219,14.49394219,5989.5,597,757,5143,12204,3751,3747,87852,238,1811,192,2.494512258
599.2,14495.92518,14.49592518,5992,682,769,5740,13563,4064,4246,93092,162,1761,271,3.07004717
599.45,14497.90817,14.49790817,5994.5,737,874,5668,13847,4240,4331,94599,210,1818,258,2.808208955
600.05,14501.87415,14.50187415,6000.5,749,2348,5989,12643,4873,5056,96456,217,1779,216,3.214311927
600.3,14503.85714,14.50385714,6003,830,811,6566,12897,4631,5964,106139,227,1901,106,3.043285617
600.55,14505.84013,14.50584013,6005.5,828,910,6241,13392,4426,5821,103576,263,1838,200,2.957446809
600.8,14507.82312,14.50782312,6008,743,873,6072,13164,4395,7070,105941,272,1767,161,3.205964699
601.05,14509.80611,14.50980611,6010.5,787,911,6094,13131,4338,7179,106489,179,1981,228,2.686792453
601.3,14511.7891,14.5117891,6013,780,868,6209,14165,4483,6029,102863,229,2058,120,2.913517119
601.55,14513.77209,14.51377209,6015.5,770,857,6023,14133,4574,5545,101808,151,1959,141,2.885276007
601.8,14515.75507,14.51575507,6018,764,806,6254,14060,4522,5329,103234,195,2036,140,4.000475662
602.05,14517.73806,14.51773806,6020.5,839,815,6310,13999,4763,5658,102949,299,2075,156,3.076721468
602.3,14519.72105,14.51972105,6023,846,843,6171,15624,4503,4564,99245,326,2618,156,2.836166031
602.55,14521.70404,14.52170404,6025.5,807,835,6187,11580,4631,5118,107221,326,1951,160,3.487670125
602.8,14523.68703,14.52368703,6028,665,899,5999,9133,4504,6435,110610,258,1545,187,3.158551211
603.05,14525.67002,14.52567002,6030.5,714,948,6078,8820,4525,7905,112077,212,1535,172,2.948656587
603.3,14527.65301,14.52765301,6033,761,838,5941,8162,4503,7458,108878,295,1563,142,3.502405131
603.55,14529.636,14.529636,6035.5,693,820,5949,8315,4401,7940,108527,228,1516,90,3.474274139
603.8,14531.61899,14.53161899,6038,799,997,5850,7544,4233,9099,109445,373,1508,222,3.495825724
604.05,14533.60198,14.53360198,6040.5,675,897,5733,5875,4149,11407,116722,411,1246,123,2.787311873
604.3,14535.58497,14.53558497,6043,644,1024,5381,5357,3965,14566,120280,199,1192,154,3.692586905
605.3,14543.51692,14.54351692,6053,592,994,5446,6894,4037,8131,120049,378,1166,45,2.858409016
605.55,14545.49991,14.54549991,6055.5,615,978,5433,7756,3858,7760,111542,216,1702,172,3.102877176
605.8,14547.4829,14.5474829,6058,602,1055,5337,8390,4059,7769,112796,277,1924,149,3.148581355
606.05,14549.46589,14.54946589,6060.5,674,1095,5265,8801,3946,4813,112866,210,1390,117,3.713304013
606.3,14551.44888,14.55144888,6063,667,1003,5485,9424,3942,3925,108951,321,1562,146,3.645182549
606.55,14553.43187,14.55343187,6065.5,663,1030,5643,10182,3912,3383,107733,193,1554,115,3.790883191
606.8,14555.41486,14.55541486,6068,612,998,5405,8584,3914,3029,109957,304,1364,218,2.86977492
607.05,14557.39785,14.55739785,6070.5,713,944,5836,9938,4113,3316,108789,354,1478,200,3.668633499
607.3,14559.38084,14.55938084,6073,741,894,5890,11182,4401,3710,105699,241,1539,158,3.033516988
607.55,14561.36383,14.56136383,6075.5,679,869,5877,11077,4232,3407,102035,260,1599,171,3.078212291
607.8,14563.34681,14.56334681,6078,780,884,5892,11058,4259,3368,102513,376,1526,197,3.210147579
608.05,14565.3298,14.5653298,6080.5,686,872,5890,10983,4340,3118,101388,310,1624,120,3.89038687
608.3,14567.31279,14.56731279,6083,717,816,5911,11296,4398,3356,100530,331,1507,51,3.9427953
608.55,14569.29578,14.56929578,6085.5,648,876,5617,11387,4296,3433,101137,330,1495,186,2.973769394
608.8,14571.27877,14.57127877,6088,737,884,5697,11647,4339,3670,101217,196,1535,83,2.845028932
609.05,14573.26176,14.57326176,6090.5,696,868,5620,11357,4202,3849,99766,286,1485,153,3.276531549
609.3,14575.24475,14.57524475,6093,606,941,5550,11382,4317,4191,99517,118,1378,10,3.195137003
609.55,14577.22774,14.57722774,6095.5,674,911,5640,11376,4343,4498,99628,224,1446,108,4.164982067
609.8,14579.21073,14.57921073,6098,706,926,5448,11595,4306,4631,99151,176,1541,151,3.155395683
610.05,14581.19372,14.58119372,6100.5,671,860,5426,11504,4188,4861,98689,325,1482,191,3.957735496
610.3,14583.17671,14.58317671,6103,612,842,5201,11583,4129,5061,97669,302,1647,75,3.589646095
610.55,14585.1597,14.5851597,6105.5,583,899,5451,11664,4197,5320,98455,284,1500,112,3.335727587
610.8,14587.14268,14.58714268,6108,670,827,5216,11750,3931,5308,97252,192,1566,161,2.812048193
611.05,14589.12567,14.58912567,6110.5,672,899,5476,11558,4175,5173,96359,262,1494,82,3.067766224
611.3,14591.10866,14.59110866,6113,655,902,5361,11540,4338,5277,96312,230,1506,99,2.763287613
611.55,14593.09165,14.59309165,6115.5,649,837,5317,11655,4139,5537,96320,276,1534,139,3.367066194
611.8,14595.07464,14.59507464,6118,646,855,5463,11466,4172,5647,96349,191,1539,66,3.612224304
612.05,14597.05763,14.59705763,6120.5,726,837,5344,11428,4092,5918,96281,464,1502,99,3.546469939
612.3,14599.04062,14.59904062,6123,678,814,5363,11329,4097,5792,95257,307,1465,168,3.652576723
612.55,14601.02361,14.60102361,6125.5,701,864,5382,11367,4198,6057,95179,198,1467,109,3.482385576
612.8,14603.0066,14.6030066,6128,644,849,5521,11634,4167,5986,95559,161,1482,96,3.926394749
613.05,14604.98959,14.60498959,6130.5,683,905,5372,11490,4132,6277,96051,383,1470,160,2.863257365
613.3,14606.97258,14.60697258,6133,629,809,5256,11385,4053,6470,96223,318,1539,54,3.05069178
613.55,14608.95557,14.60895557,6135.5,654,829,5264,11328,3913,6479,95045,237,1579,182,3.272178939
613.8,14610.93856,14.61093856,6138,622,816,5237,11218,4103,6756,95681,273,1407,40,3.344823067
614.05,14612.92154,14.61292154,6140.5,687,845,5313,11489,3902,6592,95973,319,1548,237,3.375681287
614.3,14614.90453,14.61490453,6143,617,906,5169,11571,3961,6520,95524,355,1623,145,3.127506621
614.55,14616.88752,14.61688752,6145.5,645,883,5081,11240,3998,6627,94542,176,1553,108,3.451046495
614.8,14618.87051,14.61887051,6148,561,918,5098,11099,3848,6669,93959,287,1532,186,3.130594649
615.05,14620.8535,14.6208535,6150.5,662,894,5163,11565,4001,6914,95346,133,1523,142,3.084480122
615.3,14622.82544,14.62282544,6153,573,898,5200,11367,4042,6897,95445,107,1516,131,3.108084248
615.55,14624.79739,14.62479739,6155.5,670,855,5177,11006,4171,7008,94778,196,1534,103,3.650466446
615.8,14626.76933,14.62676933,6158,662,913,5338,11405,4061,7067,96324,275,1586,116,3.686826716
616.05,14628.74128,14.62874128,6160.5,601,826,5184,11186,4092,7087,95146,200,1526,97,3.075977654
616.3,14630.71322,14.63071322,6163,597,823,5278,11383,4026,6836,95426,157,1552,133,3.700014843
616.55,14632.68516,14.63268516,6165.5,647,842,5190,11449,3974,6497,94024,204,1472,91,3.107048984
616.8,14634.65711,14.63465711,6168,626,832,5042,11646,4097,6540,93695,209,1589,33,3.186016345
617.05,14636.62905,14.63662905,6170.5,608,850,5132,11570,3997,6532,94021,203,1520,86,2.642011834
617.3,14638.60099,14.63860099,6173,630,907,4981,10958,4062,6262,94001,232,1393,104,3.460319706
617.55,14640.57294,14.64057294,6175.5,616,869,4976,11057,4049,6466,94913,272,1558,154,3.286395206
617.8,14642.54488,14.64254488,6178,659,848,5381,11015,3998,6184,95098,173,1654,116,2.908939808
618.05,14644.51683,14.64451683,6180.5,652,918,5260,11051,4053,6255,96440,197,1446,145,3.392301278
618.3,14646.48877,14.64648877,6183,607,817,5206,11061,4091,6292,96387,246,1321,65,3.181830221
618.55,14648.46071,14.64846071,6185.5,641,934,5326,11070,4089,6422,97955,145,1541,61,3.333685044
618.8,14650.43266,14.65043266,6188,577,859,5264,10909,4076,6317,97415,323,1569,156,3.334872065
619.05,14652.4046,14.6524046,6190.5,566,870,5297,10769,4158,6092,97444,281,1405,123,2.919837417
619.3,14654.37654,14.65437654,6193,594,807,5207,10934,3871,5935,95927,252,1472,191,2.731525497
619.55,14656.34849,14.65634849,6195.5,628,850,5120,11261,4045,6099,96490,305,1532,167,3.118614931
619.8,14658.32043,14.65832043,6198,671,798,5269,11377,4062,6074,98059,147,1436,169,3.174144111
620.05,14660.29238,14.66029238,6200.5,630,774,5391,11213,4086,5906,98669,168,1564,160,3.141684289
620.3,14662.26432,14.66226432,6203,648,830,5376,11349,4095,5801,98399,230,1523,110,3.294700283
620.55,14664.23626,14.66423626,6205.5,690,767,5246,11442,3955,5338,96654,354,1474,118,3.356144125
620.8,14666.20821,14.66620821,6208,621,762,5344,11239,4037,5092,95149,121,1482,95,2.84725944
621.05,14668.18015,14.66818015,6210.5,697,859,5256,12149,3974,5239,97248,271,1796,134,3.252323088
621.3,14670.15209,14.67015209,6213,633,849,4826,14005,3577,4703,89055,122,2311,144,3.551378071
622.05,14676.06793,14.67606793,6220.5,672,798,4866,11833,3642,4016,90980,280,1583,125,2.86829491
622.3,14678.03987,14.67803987,6223,666,748,5088,10546,3951,3842,93700,114,1349,105,4.007239534
622.55,14680.01181,14.68001181,6225.5,656,739,5610,9216,3997,4122,95543,208,1283,193,3.12967844
622.8,14681.98376,14.68198376,6228,716,741,5410,8973,3936,4774,96189,256,1220,262,3.848769785
623.05,14683.9557,14.6839557,6230.5,657,825,5335,7417,4161,6536,98734,198,1164,63,2.985540153
623.3,14685.92764,14.68592764,6233,697,786,5406,6197,4196,8864,101710,195,1317,127,3.629036827
623.55,14687.89959,14.68789959,6235.5,668,767,5501,5450,4267,10182,104768,375,1038,170,3.395856663
623.8,14689.87153,14.68987153,6238,654,820,5468,5137,4099,13351,104639,235,1048,179,3.22704617
624.05,14691.84348,14.69184348,6240.5,610,719,5276,5059,4045,17019,104355,184,886,132,3.004476276
624.3,14693.81542,14.69381542,6243,675,818,5519,5081,3949,15178,105083,269,1042,219,3.028415301
624.55,14695.78736,14.69578736,6245.5,613,845,5288,5198,4293,16867,106280,221,1106,90,2.961132768
624.8,14697.75931,14.69775931,6248,582,885,5097,5292,3779,17896,110073,291,985,179,3.446053181
625.05,14699.73125,14.69973125,6250.5,531,986,4780,4986,3731,23003,115895,245,782,144,4.093413174
625.3,14701.70319,14.70170319,6253,541,932,4705,5225,3650,25520,112665,354,911,135,2.995177818
625.55,14703.67514,14.70367514,6255.5,555,824,4816,5904,3874,16290,111009,175,972,154,4.563699506
625.8,14705.64708,14.70564708,6258,582,878,4972,6258,3841,14967,107053,291,982,138,3.003071108
626.05,14707.61903,14.70761903,6260.5,569,849,4915,6501,3949,13609,106994,320,1065,93,3.511165577
626.3,14709.59097,14.70959097,6263,582,879,5073,6719,3837,11031,107033,410,1062,106,3.11228738
626.55,14711.56291,14.71156291,6265.5,542,868,4770,6966,3795,8635,106930,291,1154,77,3.661183261
626.8,14713.53486,14.71353486,6268,590,895,4757,7434,3801,8164,105924,304,1188,21,3.963277742
627.05,14715.5068,14.7155068,6270.5,656,944,5024,8240,3782,7070,105867,348,1294,154,3.885168961
627.3,14717.47874,14.71747874,6273,613,863,5111,9181,3900,4823,102903,174,1440,190,3.541395091
627.55,14719.45069,14.71945069,6275.5,641,897,5308,9860,3952,4517,100502,423,1527,90,2.956018519
627.8,14721.42263,14.72142263,6278,711,883,5271,10776,4095,4181,96919,187,1466,107,3.43892971
628.05,14723.39457,14.72339457,6280.5,667,866,5387,11130,4089,3807,97002,301,1468,142,4.70003614
628.3,14725.36652,14.72536652,6283,685,759,5444,10916,4274,3816,96676,302,1525,145,2.606755127
628.55,14727.33846,14.72733846,6285.5,710,817,5478,11428,4147,3680,96339,316,1562,140,2.355461212
628.8,14729.31041,14.72931041,6288,658,877,5466,11576,4134,3912,96135,134,1474,125,3.21797153
629.05,14731.28235,14.73128235,6290.5,685,874,5404,11672,4129,3896,97436,317,1461,127,3.294323031
629.3,14733.25429,14.73325429,6293,613,848,5423,12295,4113,3982,98854,155,1417,206,2.88137947
629.55,14735.22624,14.73522624,6295.5,615,841,5225,13444,3897,3561,95465,185,1590,157,3.140869351
629.8,14737.19818,14.73719818,6298,578,840,5355,12596,4181,3180,95595,211,1873,76,2.669391759
630.05,14739.17012,14.73917012,6300.5,646,836,5404,12376,4012,3107,97344,310,1846,111,2.406614395
630.3,14741.14207,14.74114207,6303,686,836,5147,11788,4007,3159,97712,358,1703,170,2.679843154
630.55,14743.11401,14.74311401,6305.5,656,759,5314,10950,4036,3196,98389,265,1668,190,3.217402399
630.8,14745.08596,14.74508596,6308,674,802,5238,10167,4041,3164,101020,241,1510,134,3.422438466
631.05,14747.0579,14.7470579,6310.5,698,854,5267,8646,4110,3449,103888,237,1479,184,3.366346154
631.3,14749.02984,14.74902984,6313,630,866,5277,8369,4037,3695,101823,315,1676,178,3.41747182
631.55,14751.00179,14.75100179,6315.5,597,860,5084,7847,4095,4526,104067,301,1320,155,3.045843521
631.8,14752.97373,14.75297373,6318,620,848,5167,7602,4178,5418,105856,175,1064,38,3.512229807
632.05,14754.94567,14.75494567,6320.5,608,905,5129,7582,3795,7186,109799,255,974,257,3.02275339
632.3,14756.91762,14.75691762,6323,645,961,5050,7692,3901,7863,115401,398,1119,113,2.864365971
632.55,14758.88956,14.75888956,6325.5,550,936,5262,7869,3911,5876,114271,314,1020,114,3.866182874
632.8,14760.86151,14.76086151,6328,615,948,5118,8224,4018,4034,117090,434,1038,116,2.696585959
633.05,14762.83345,14.76283345,6330.5,525,968,5067,9120,3921,3351,106428,373,1155,181,2.906761642
633.3,14764.80539,14.76480539,6333,592,983,5024,9823,3744,2478,105182,324,1398,144,3.681499158
633.55,14766.77734,14.76677734,6335.5,638,859,5505,11331,3977,2580,100795,269,1469,240,3.184818482
633.8,14768.74928,14.76874928,6338,640,926,5464,10861,4018,2822,98208,311,1622,213,3.463128877
634.05,14770.72122,14.77072122,6340.5,601,860,5377,11765,3936,2752,96372,281,1519,239,2.928705912
634.3,14772.69317,14.77269317,6343,677,813,5316,12023,3762,2969,95166,348,1618,225,2.543258541
634.55,14774.66511,14.77466511,6345.5,695,901,5427,12926,3961,3124,93220,397,1679,175,2.852011972
634.8,14776.63706,14.77663706,6348,671,842,5228,13404,3866,3200,90234,81,1672,266,2.783172597
635.05,14778.609,14.778609,6350.5,636,885,5306,13820,3850,3242,89590,335,1673,232,2.922334781
635.3,14780.6268,14.7806268,6353,644,790,5213,13932,3773,3611,88639,369,1710,222,2.435611929
635.55,14782.6446,14.7826446,6355.5,643,862,5363,14291,3831,4136,89073,295,1752,231,2.848518851
635.8,14784.6624,14.7846624,6358,662,888,5320,12874,3989,4242,91002,152,1564,155,2.915231188
636.05,14786.6802,14.7866802,6360.5,643,808,5335,12425,3980,4583,92982,255,1652,188,2.986196135
636.3,14788.698,14.788698,6363,663,814,5710,11860,4063,4999,95174,244,1637,176,3.610111882
636.55,14790.7158,14.7907158,6365.5,652,821,5455,11149,3964,5530,95752,311,1408,187,3.212688897
636.8,14792.7336,14.7927336,6368,638,821,5455,11736,3853,5590,94150,320,1546,276,3.303729786
637.05,14794.7514,14.7947514,6370.5,705,833,5569,11636,3935,5953,95010,516,1463,286,2.494413408
637.3,14796.76919,14.79676919,6373,703,790,5491,11881,3907,6172,95178,174,1548,276,2.582787373
637.55,14798.78699,14.79878699,6375.5,708,901,5596,11901,4127,6019,93462,433,1566,119,2.406238113
637.8,14800.80479,14.80080479,6378,702,889,5570,12590,4079,6250,94422,270,1582,163,2.49073294
638.05,14802.82259,14.80282259,6380.5,682,798,5543,12280,3936,5928,92947,325,1652,181,2.775424187
638.55,14806.85819,14.80685819,6385.5,668,774,5384,12784,4066,5428,94443,398,1471,209,2.576649746
639.55,14814.92939,14.81492939,6395.5,775,796,5537,13956,3874,4275,90621,292,1759,243,2.419153366
639.8,14816.94719,14.81694719,6398,714,783,5611,12273,3973,4378,93443,60,1634,243,3.450789622
640.55,14823.00059,14.82300059,6405.5,711,789,5697,6500,4186,6641,103476,200,1043,280,2.490145588
640.8,14825.01839,14.82501839,6408,704,809,5632,5771,4074,8051,105085,283,1047,242,3.056610709
644.3,14853.26758,14.85326758,6443,564,1028,4945,5372,3506,4479,123519,289,905,180,2.95557591
644.55,14855.28538,14.85528538,6445.5,670,928,5230,8530,3743,5547,110167,275,1210,170,3.507299768
644.8,14857.30318,14.85730318,6448,610,846,5289,9538,3742,8251,100909,334,1396,181,3.060967865
645.05,14859.32098,14.85932098,6450.5,710,826,5791,10404,4097,7950,97766,189,1424,93,2.642438453
645.3,14861.33878,14.86133878,6453,691,824,5739,10263,4118,5436,95574,258,1501,109,2.701035284
645.55,14863.35658,14.86335658,6455.5,673,797,5615,9616,3931,3912,93532,184,1388,200,2.977362087
645.8,14865.37438,14.86537438,6458,703,810,5442,9547,4087,3282,92774,266,1379,115,3.504930966
646.05,14867.39218,14.86739218,6460.5,653,847,5665,9761,4046,2921,94924,202,1449,213,2.774268512
646.3,14869.40998,14.86940998,6463,651,769,5874,9669,4190,2677,94827,269,1463,161,3.140634723
646.55,14871.42777,14.87142777,6465.5,653,831,5794,9444,4162,2465,94999,277,1348,200,3.648438604
646.8,14873.44557,14.87344557,6468,678,820,5623,9434,4118,2502,95736,330,1340,201,3.183917984
647.05,14875.46337,14.87546337,6470.5,681,821,5654,9074,4025,2470,94893,272,1335,305,2.539833415
647.3,14877.48117,14.87748117,6473,652,812,5645,9306,4149,2684,95705,221,1403,178,3.120406942
647.55,14879.49897,14.87949897,6475.5,705,771,5701,9606,4162,2901,96922,126,1414,210,3.014860039
647.8,14881.51677,14.88151677,6478,659,817,5907,9550,4101,2982,96429,301,1491,228,2.786289468
648.05,14883.53457,14.88353457,6480.5,669,816,5650,9678,4106,3083,95925,357,1390,190,3.235870104
648.3,14885.55237,14.88555237,6483,662,800,5813,9584,4153,3258,96353,372,1426,254,2.609480122
648.55,14887.57017,14.88757017,6485.5,667,822,5741,9798,4207,3510,96053,374,1349,195,3.182606571
648.8,14889.58797,14.88958797,6488,686,818,5702,9902,4154,3589,95457,297,1497,227,2.92373461
649.05,14891.60577,14.89160577,6490.5,647,760,5804,9630,4090,3918,95338,257,1355,200,3.322271195
649.3,14893.62357,14.89362357,6493,653,801,5624,9432,3949,3772,95359,254,1257,282,2.633711845
649.55,14895.64137,14.89564137,6495.5,672,825,5504,9210,4084,4430,94824,453,1359,188,2.744079856
649.8,14897.65917,14.89765917,6498,634,783,5558,9490,4052,4746,95986,412,1393,120,3.188335046
650.05,14899.67697,14.89967697,6500.5,633,776,5457,9993,4122,4939,95328,280,1399,128,2.962059929
650.3,14901.69477,14.90169477,6503,652,832,5483,9947,3988,5086,94380,319,1400,226,2.848586654
650.55,14903.71257,14.90371257,6505.5,623,822,5594,9876,3996,5069,94818,292,1362,187,2.776664891
650.8,14905.73037,14.90573037,6508,666,771,5349,9707,4073,5267,93256,191,1414,168,2.58537104
651.05,14907.74817,14.90774817,6510.5,692,823,5297,10246,4042,5555,94961,212,1423,230,2.95003438
651.3,14909.76596,14.90976596,6513,652,802,5478,9957,4045,5714,94756,360,1377,217,4.25602156
651.55,14911.78376,14.91178376,6515.5,671,864,5564,9956,3895,6248,96998,145,1277,307,2.803304735
651.8,14913.80156,14.91380156,6518,664,841,5553,10188,4112,6064,97005,274,1503,155,2.635893725
652.05,14915.81936,14.91581936,6520.5,658,821,5464,9801,4075,6043,95795,358,1442,190,2.635378255
652.3,14917.83716,14.91783716,6523,675,814,5526,9955,4023,6069,95923,161,1375,184,2.649313963
652.55,14919.85496,14.91985496,6525.5,680,805,5565,9889,4203,6176,95228,220,1311,89,2.855526346
652.8,14921.87276,14.92187276,6528,678,828,5562,10064,4105,5866,94541,325,1499,219,2.643548387
653.05,14923.89056,14.92389056,6530.5,623,790,5469,9633,4090,6278,93595,265,1429,173,2.953924915
653.3,14925.90836,14.92590836,6533,701,809,5525,9688,4140,7031,96101,397,1237,121,2.349818598
653.55,14927.92616,14.92792616,6535.5,656,811,5472,9737,3983,6653,93779,190,1382,168,3.254512635
653.8,14929.94396,14.92994396,6538,674,817,5436,9988,4022,6862,95809,321,1449,201,2.607036005
654.05,14931.96176,14.93196176,6540.5,695,778,5524,9986,3988,7351,95241,296,1288,201,2.727729118
654.3,14933.97956,14.93397956,6543,726,770,5608,10009,4125,7366,96155,219,1428,208,2.546076459
654.55,14935.99736,14.93599736,6545.5,744,780,5645,9735,4168,7555,96865,158,1449,125,2.687663251
654.8,14938.01516,14.93801516,6548,664,768,5610,9715,4214,7581,95927,188,1374,155,2.240856301
655.05,14940.03296,14.94003296,6550.5,643,800,5490,9856,4077,7664,96050,321,1448,205,2.857853982
655.3,14942.02705,14.94202705,6553,668,806,5501,9890,3993,7464,95976,329,1329,212,2.680948331
655.55,14944.02115,14.94402115,6555.5,683,809,5465,9807,4153,7649,95838,265,1419,176,2.988298507
655.8,14946.01524,14.94601524,6558,641,820,5329,10037,4017,7318,93470,235,1387,103,2.917774273
656.05,14948.00933,14.94800933,6560.5,602,804,5297,9958,3981,7064,93096,336,1380,194,2.920937715
656.3,14950.00343,14.95000343,6563,683,785,5137,10728,3865,6526,92261,278,1462,281,3.128490208
656.55,14951.99752,14.95199752,6565.5,699,788,5232,10614,3776,6471,91994,329,1519,264,2.483883687
656.8,14953.99162,14.95399162,6568,673,805,5410,10812,3977,6684,92524,263,1467,169,2.790516474
657.05,14955.98571,14.95598571,6570.5,628,854,5608,10015,3938,7325,94180,285,1492,236,2.495152355
657.3,14957.97981,14.95797981,6573,675,750,5497,10305,4161,7425,95257,185,1419,178,2.935779817
657.55,14959.9739,14.9599739,6575.5,668,842,5360,10468,4107,7643,94593,333,1438,164,2.729010895
657.8,14961.968,14.961968,6578,725,846,5642,10407,4023,8069,96198,261,1476,228,2.733291951
658.05,14963.96209,14.96396209,6580.5,637,841,5561,10392,4011,7839,95343,185,1310,158,2.573418105
658.3,14965.95619,14.96595619,6583,715,841,5475,10196,4084,7676,95205,272,1356,203,2.880147305
658.55,14967.95028,14.96795028,6585.5,675,818,5420,10286,4012,7412,94483,334,1477,230,2.870743728
658.8,14969.94437,14.96994437,6588,660,818,5488,10208,3927,7736,94353,366,1436,217,2.54201005
659.05,14971.93847,14.97193847,6590.5,673,835,5451,10138,4053,7512,94748,274,1389,211,2.514140609
659.3,14973.93256,14.97393256,6593,665,865,5423,9769,3957,7330,94749,272,1442,253,2.656546881
659.55,14975.92666,14.97592666,6595.5,631,878,5306,9995,3916,7613,93140,312,1306,270,3.008621722
659.8,14977.92075,14.97792075,6598,652,841,5284,9729,3833,7607,93259,246,1377,193,2.589772494
660.3,14981.90894,14.98190894,6603,604,893,5323,9812,4066,7836,95483,269,1266,210,2.524566334
660.55,14983.90304,14.98390304,6605.5,599,837,5257,10291,3841,7856,96068,274,1360,323,2.917082442
660.8,14985.89713,14.98589713,6608,627,810,5437,10326,3997,7908,96518,205,1470,158,2.521328428
661.05,14987.89122,14.98789122,6610.5,727,770,5339,10556,4010,7875,94727,186,1564,178,2.561214097
661.3,14989.88532,14.98988532,6613,657,813,5282,10298,3983,7774,92829,361,1422,192,2.831793388
661.55,14991.87941,14.99187941,6615.5,718,873,5381,10148,3933,7646,93208,264,1459,188,3.026051133
661.8,14993.87351,14.99387351,6618,678,766,5430,10373,4109,8043,94449,263,1355,176,2.995307988
662.05,14995.8676,14.9958676,6620.5,660,788,5537,10495,4053,7906,95571,252,1271,250,2.480242225
662.3,14997.8617,14.9978617,6623,669,838,5341,9899,4007,7796,94635,173,1362,210,2.542765085
662.55,14999.85579,14.99985579,6625.5,680,835,5578,10542,4068,7838,94480,279,1515,216,2.550805818
662.8,15001.84989,15.00184989,6628,678,748,5364,9975,3974,7888,93972,264,1313,179,3.066447609
663.05,15003.84398,15.00384398,6630.5,720,799,5596,10594,4103,7737,94059,193,1347,150,2.695138122
663.3,15005.83807,15.00583807,6633,699,838,5395,10574,4072,7636,95315,228,1463,172,2.673724213
663.55,15007.83217,15.00783217,6635.5,617,831,5525,11251,3980,7845,94376,273,1493,237,2.73852485
663.8,15009.82626,15.00982626,6638,680,741,5132,10484,3900,7745,93407,152,1404,165,3.34294181
664.05,15011.82036,15.01182036,6640.5,649,791,5331,10405,3852,7263,93030,162,1437,206,3.483672573
664.3,15013.81445,15.01381445,6643,641,801,5461,10535,3888,7807,92851,286,1513,192,2.669707842
664.55,15015.80855,15.01580855,6645.5,674,774,5166,10547,3845,7764,92979,187,1444,215,2.91098123
664.8,15017.80264,15.01780264,6648,635,762,5434,11105,3946,7782,94033,359,1622,243,2.932869565
665.05,15019.79674,15.01979674,6650.5,739,761,5556,11133,3998,8152,94274,328,1455,266,2.509898503
665.3,15021.79083,15.02179083,6653,689,756,5405,10734,4010,8156,94633,267,1421,84,2.873154667
665.55,15023.78493,15.02378493,6655.5,678,814,5405,11015,4155,7649,95358,198,1472,151,3.31447298
665.8,15025.77902,15.02577902,6658,711,730,5364,10752,3955,6505,95869,281,1482,244,2.838308458
666.05,15027.77311,15.02777311,6660.5,731,804,5346,11067,3891,7229,92576,240,1536,179,2.716905565
666.3,15029.76721,15.02976721,6663,683,846,5295,10568,3985,7668,92019,263,1425,157,2.606979167
666.55,15031.7613,15.0317613,6665.5,686,757,5298,10806,4084,8224,93489,129,1448,98,2.737842664
666.8,15033.7554,15.0337554,6668,686,807,5243,10703,3913,8149,92686,295,1362,197,3.392331578
667.05,15035.74949,15.03574949,6670.5,646,741,5499,10525,4039,8637,94399,282,1515,180,3.03006656
667.3,15037.74359,15.03774359,6673,611,784,5309,10465,4037,8731,93789,317,1350,194,2.720165056
667.55,15039.73768,15.03973768,6675.5,609,847,5327,10377,4109,8723,93557,249,1401,169,2.591475879
667.8,15041.73178,15.04173178,6678,650,812,5243,10402,3758,9007,93073,333,1444,253,3.108464956
668.05,15043.72587,15.04372587,6680.5,679,772,5431,10404,4086,9162,94781,368,1480,208,3.233086546
668.3,15045.71996,15.04571996,6683,644,862,5456,10257,4142,9371,94047,356,1446,114,2.969267956
668.55,15047.71406,15.04771406,6685.5,664,819,5091,10515,3992,8694,93014,320,1411,219,2.367113528
668.8,15049.70815,15.04970815,6688,671,859,5335,10585,4128,8252,94999,397,1499,148,2.623319756
669.05,15051.70225,15.05170225,6690.5,690,838,5343,10632,4109,9012,93639,268,1405,100,2.419846623
669.3,15053.69634,15.05369634,6693,699,812,5272,10715,3976,9046,93764,350,1488,149,3.002554575
669.55,15055.69044,15.05569044,6695.5,699,763,5328,10113,4005,9561,93238,299,1404,165,2.376932446
669.8,15057.68453,15.05768453,6698,689,839,5378,10893,3957,9175,92818,348,1494,180,2.991712707
670.05,15059.67863,15.05967863,6700.5,685,832,5393,10986,4098,9596,94712,183,1495,182,2.940109706
670.3,15061.67272,15.06167272,6703,666,854,5269,10369,3986,8898,94127,124,1430,280,2.863476185
670.55,15063.66682,15.06366682,6705.5,636,826,5374,10891,4138,7913,93268,315,1461,136,2.650180545
670.8,15065.66091,15.06566091,6708,637,799,5469,10672,3993,8169,94927,258,1475,250,2.94081559
671.05,15067.655,15.067655,6710.5,687,810,5555,10623,4072,9166,95741,280,1451,158,2.76101892
671.3,15069.6491,15.0696491,6713,668,769,5417,10815,3910,8948,93953,289,1435,192,2.501332513
671.55,15071.64319,15.07164319,6715.5,647,784,5362,11912,4076,8601,95799,136,1544,93,2.504393673
671.8,15073.63729,15.07363729,6718,726,817,5207,11382,3801,8944,95119,437,1441,218,2.737590929
672.05,15075.63138,15.07563138,6720.5,617,880,5156,10625,3646,10097,95946,296,1606,297,2.831683168
672.3,15077.62548,15.07762548,6723,646,821,5228,10584,3979,10842,97002,108,1503,155,2.745952539
672.55,15079.61957,15.07961957,6725.5,636,773,5073,10511,3671,11684,97348,60,1676,236,3.03677403
672.8,15081.61367,15.08161367,6728,634,799,5018,8819,3830,15945,107659,318,1261,90,2.660828198
673.05,15083.60776,15.08360776,6730.5,574,985,4864,7827,3894,20594,116798,194,1095,156,2.492677211
673.3,15085.60185,15.08560185,6733,561,965,4591,6889,3530,23288,126729,218,1069,180,2.247961001
673.55,15087.59595,15.08759595,6735.5,553,871,4874,7107,3762,17112,129979,349,939,119,3.149296156
673.8,15089.59004,15.08959004,6738,567,776,5130,8397,3802,11724,108208,420,1118,156,2.81657325
674.05,15091.58414,15.09158414,6740.5,641,833,5392,9480,3984,8302,101583,318,1244,99,2.870270875
674.3,15093.57823,15.09357823,6743,651,912,5307,9164,3818,8239,102555,276,1352,248,2.734848485
674.55,15095.57233,15.09557233,6745.5,624,966,5094,8066,3648,7743,104908,314,1138,129,2.924084953
674.8,15097.56642,15.09756642,6748,519,841,4769,7681,3528,6571,105441,315,1116,176,2.682414152
675.05,15099.56052,15.09956052,6750.5,570,873,4880,8258,3449,5962,107844,431,1143,194,3.770283345
675.3,15101.64314,15.10164314,6753,588,930,4908,7929,3557,4029,105430,312,1264,182,3.496397223
675.55,15103.72576,15.10372576,6755.5,570,890,5051,10102,3701,3401,97588,368,1313,144,2.799891304
675.8,15105.80839,15.10580839,6758,600,836,5206,10577,3744,3261,95579,154,1497,203,3.019242051
676.05,15107.89101,15.10789101,6760.5,593,827,5058,10598,3696,3551,93027,199,1509,205,3.081856038
676.3,15109.97363,15.10997363,6763,677,849,5237,10483,3928,3727,92475,199,1380,146,2.602321921
676.55,15112.05626,15.11205626,6765.5,632,808,5356,11084,3960,3998,92952,300,1479,175,2.656389959
676.8,15114.13888,15.11413888,6768,611,871,5429,10684,3916,4169,91113,262,1502,144,2.750433651
677.05,15116.2215,15.1162215,6770.5,578,763,5334,10664,3807,4511,90625,238,1478,188,2.813076189
677.3,15118.30413,15.11830413,6773,640,824,5407,10686,4020,4705,92552,287,1356,189,2.86115917
677.55,15120.38675,15.12038675,6775.5,668,795,5399,10444,3939,4982,91435,268,1469,184,2.94964195
677.8,15122.46937,15.12246937,6778,603,822,5244,10660,4071,5201,91461,230,1552,83,2.851897597
678.05,15124.552,15.124552,6780.5,645,712,5238,10663,3869,5246,90648,236,1441,222,2.692560756
678.3,15126.63462,15.12663462,6783,585,809,5117,10129,3821,5321,89847,250,1506,197,2.92673031
678.55,15128.71724,15.12871724,6785.5,566,788,5155,10282,3794,5251,89129,181,1609,201,2.96722488
678.8,15130.79987,15.13079987,6788,591,852,5126,10492,3763,4970,89841,278,1519,228,2.486309294
679.05,15132.88249,15.13288249,6790.5,647,796,5338,9831,3992,4460,90519,271,1522,184,2.830815374
679.3,15134.96511,15.13496511,6793,628,722,5520,9306,3909,4148,92853,259,1663,247,2.483219483
679.55,15137.04774,15.13704774,6795.5,647,756,5454,7538,4136,4449,95163,256,1391,201,2.235782802
679.8,15139.13036,15.13913036,6798,700,805,5561,6710,3999,4889,98116,291,1184,210,2.365071949
680.05,15141.21298,15.14121298,6800.5,665,773,5657,6633,4249,5546,100447,223,1240,191,2.675739042
680.3,15143.29561,15.14329561,6803,636,822,5564,6358,3926,6259,100873,169,1182,299,2.398964672
680.55,15145.37823,15.14537823,6805.5,621,784,5352,6376,4128,6983,101943,294,1053,161,2.531951293
680.8,15147.46085,15.14746085,6808,614,822,5273,6500,4018,8176,102585,140,1050,121,2.736808713
681.05,15149.54348,15.14954348,6810.5,649,775,5424,6672,4108,8905,104326,147,1078,138,2.819019086
681.3,15151.6261,15.1516261,6813,650,847,5363,6978,4120,8949,103560,217,1046,211,2.50443686
681.55,15153.70872,15.15370872,6815.5,598,813,5219,7119,3966,7322,99611,300,1146,215,2.563146998
681.8,15155.79135,15.15579135,6818,632,826,5118,7160,3800,7566,101256,219,1197,223,2.867608819
682.05,15157.87397,15.15787397,6820.5,599,899,5160,7039,3674,7434,102518,266,1094,300,2.948384911
682.3,15159.95659,15.15995659,6823,656,823,5146,6356,3963,9823,104662,365,1040,145,3.174840085
682.55,15162.03922,15.16203922,6825.5,600,872,4862,6501,3516,15381,106092,158,966,192,2.763580313
682.8,15164.12184,15.16412184,6828,578,879,4951,6410,3548,8285,108802,314,1001,264,2.774200495
683.05,15166.20446,15.16620446,6830.5,614,857,4889,6764,3595,5807,108481,332,1106,212,2.499952258
683.3,15168.28709,15.16828709,6833,591,887,5160,6725,3827,4970,105581,213,1126,83,2.554608364
683.55,15170.36971,15.17036971,6835.5,622,831,5133,7315,3808,3540,107155,135,1029,276,2.652230971
683.8,15172.45233,15.17245233,6838,632,791,5329,7435,3945,2605,106485,336,1081,229,2.833404482
684.05,15174.53496,15.17453496,6840.5,676,773,5523,7589,3887,2266,106900,214,1258,168,3.403737804
684.3,15176.61758,15.17661758,6843,790,813,5408,8179,4016,2242,104436,222,1306,155,2.70834649
684.8,15180.78283,15.18078283,6848,680,783,5509,9156,3837,1991,102739,263,1235,258,2.61422481
685.05,15182.86545,15.18286545,6850.5,750,751,5440,9095,3888,1876,102228,260,1315,246,2.987086838
685.3,15184.94807,15.18494807,6853,720,780,5380,8951,3892,1996,100350,248,1379,212,3.757147156
685.55,15187.0307,15.1870307,6855.5,771,787,5511,8295,4125,1766,102983,264,1118,159,2.264632143
685.8,15189.11332,15.18911332,6858,577,873,5318,6909,3877,1540,107881,242,1034,300,2.6790111
686.3,15193.27857,15.19327857,6863,606,850,5115,8544,3529,1647,107960,318,1064,205,2.940981148
686.55,15195.36119,15.19536119,6865.5,651,853,5241,10083,3865,1815,101091,234,1409,158,2.558587786
686.8,15197.44381,15.19744381,6868,704,792,5333,10941,3970,1855,94083,165,1536,121,2.48828464
687.05,15199.52644,15.19952644,6870.5,652,657,5432,11746,3804,2096,91353,248,1618,250,3.274370136
687.3,15201.60906,15.20160906,6873,712,728,5477,11863,3923,1939,91660,318,1616,152,2.44818627
687.55,15203.69168,15.20369168,6875.5,669,710,5453,12285,4039,2034,91256,225,1611,135,3.254932302
687.8,15205.77431,15.20577431,6878,674,767,5459,12138,3946,2229,90809,178,1499,146,2.730761077
688.05,15207.85693,15.20785693,6880.5,578,829,5300,12104,3826,2292,89318,292,1590,225,2.498221325
688.3,15209.93955,15.20993955,6883,637,798,5491,12328,3937,2296,91114,304,1512,146,2.848085993
688.55,15212.02218,15.21202218,6885.5,634,889,5482,11851,3971,2633,92038,255,1575,206,2.908807212
688.8,15214.1048,15.2141048,6888,612,810,5306,12176,3805,2825,91159,375,1565,176,2.346914807
689.05,15216.18742,15.21618742,6890.5,595,800,5300,11975,3796,3041,90493,224,1550,264,1.931477852
689.3,15218.27005,15.21827005,6893,638,834,5327,12208,3879,3330,91314,371,1495,176,2.612981992
689.55,15220.35267,15.22035267,6895.5,636,744,5334,12239,3778,3668,92716,119,1552,217,2.66044616
690.3,15226.60054,15.22660054,6903,681,803,5327,12347,3744,4477,92025,250,1584,254,2.487753338
690.55,15228.68316,15.22868316,6905.5,654,814,5414,12115,3896,4625,92381,221,1470,183,2.561288305
690.8,15230.76579,15.23076579,6908,638,875,5340,12205,3901,4646,90977,368,1480,212,3.238909186
691.05,15232.84841,15.23284841,6910.5,663,848,5264,12328,3842,4705,91415,348,1629,245,2.304126018
691.55,15237.01366,15.23701366,6915.5,660,856,5529,12726,4044,5464,92494,311,1557,166,2.593723849
692.05,15241.1789,15.2411789,6920.5,626,786,5246,12546,3866,5729,91906,178,1630,203,2.074107215
692.3,15243.26153,15.24326153,6923,652,781,5469,12650,3913,5742,92946,391,1554,193,2.514500753
692.55,15245.34415,15.24534415,6925.5,658,729,5454,12548,3846,5824,93159,180,1581,188,2.419492328
692.8,15247.42677,15.24742677,6928,696,818,5305,12498,4018,5657,93774,339,1547,207,2.538696337
693.05,15249.5094,15.2495094,6930.5,718,685,5444,13049,3834,5910,93565,363,1600,289,2.201071459
693.55,15253.67464,15.25367464,6935.5,654,764,5549,12570,3775,5957,94986,247,1556,245,2.850124715
693.8,15255.75727,15.25575727,6938,686,754,5507,12472,4007,5903,92290,472,1649,229,2.625207297
694.05,15257.83989,15.25783989,6940.5,646,748,5438,12281,3939,5839,92451,188,1415,195,2.458509142
694.55,15262.00514,15.26200514,6945.5,709,795,5483,12641,4075,5820,92980,271,1472,158,2.901096442
694.8,15264.08776,15.26408776,6948,708,694,5388,12577,3931,5851,92891,312,1576,207,2.482402628
695.05,15266.17038,15.26617038,6950.5,695,709,5555,12895,3986,5839,91887,293,1508,222,2.641721639
695.3,15268.20536,15.26820536,6953,668,673,5387,12928,3826,5296,90912,221,1543,261,2.264378145
695.55,15270.24034,15.27024034,6955.5,806,685,5453,13951,3916,4884,89863,268,1625,262,2.360776883
695.8,15272.27532,15.27227532,6958,741,711,5277,14931,4027,4299,87629,250,1630,258,2.709953428
696.05,15274.3103,15.2743103,6960.5,789,661,5072,17324,3871,3989,83986,251,1836,138,2.439860362
696.3,15276.34528,15.27634528,6963,735,703,5227,16666,3688,4912,90469,50,1804,218,2.514074074
696.55,15278.38026,15.27838026,6965.5,752,655,5526,14518,3773,6213,88624,325,1554,298,2.796703297
696.8,15280.41523,15.28041523,6968,705,717,5559,12158,3883,7341,92509,327,1423,175,2.826602783
697.05,15282.45021,15.28245021,6970.5,679,660,5623,11448,3783,7453,92956,183,1365,202,3.082931166
697.3,15284.48519,15.28448519,6973,707,663,5570,11337,3788,7122,94595,152,1364,215,2.75295332
697.55,15286.52017,15.28652017,6975.5,758,604,5453,11858,3887,7081,95184,247,1413,236,2.506809339
698.05,15290.59013,15.29059013,6980.5,650,707,5450,11462,3838,6931,92751,211,1493,155,3.009122142
698.3,15292.62511,15.29262511,6983,664,639,5428,11797,3917,6445,92526,196,1497,191,2.378762946
698.55,15294.66008,15.29466008,6985.5,687,722,5466,11895,3936,6590,92306,124,1396,224,2.200728345
699.05,15298.73004,15.29873004,6990.5,761,660,5594,11289,3985,6588,93934,297,1477,211,2.284678993
699.3,15300.76502,15.30076502,6993,709,717,5659,11645,3964,6965,94670,423,1439,180,2.596056571
699.55,15302.8,15.3028,6995.5,718,767,5579,12303,4040,6899,94533,285,1579,183,2.506377809
699.8,15304.83498,15.30483498,6998,659,735,5528,11889,4005,6682,93860,354,1601,136,2.787919165
700.05,15306.86996,15.30686996,7000.5,729,694,5487,13070,3999,6067,92457,335,1496,220,1.995257453
700.3,15308.90493,15.30890493,7003,694,674,5613,12746,4030,5933,92369,372,1547,258,2.667016146
700.55,15310.93991,15.31093991,7005.5,706,680,5424,12290,4217,6309,93370,334,1592,172,2.745982374
700.8,15312.97489,15.31297489,7008,685,719,5720,11178,4035,6923,93227,87,1624,185,2.211384966
701.05,15315.00987,15.31500987,7010.5,697,756,5643,13366,3993,6221,93708,352,1555,197,2.571544798
701.3,15317.04485,15.31704485,7013,741,811,5508,11922,4027,7432,95104,202,1585,183,2.832261703
701.55,15319.07983,15.31907983,7015.5,750,726,5643,11260,4101,8189,98891,247,1566,213,2.655710422
701.8,15321.11481,15.32111481,7018,702,766,5380,12976,3931,9080,94629,360,1859,267,2.843623774
702.05,15323.14978,15.32314978,7020.5,771,676,5558,10330,4045,9982,101523,312,1595,170,3.194071803
702.3,15325.18476,15.32518476,7023,683,734,5544,8818,4086,14293,108469,204,1075,167,3.239030612
702.55,15327.21974,15.32721974,7025.5,709,746,5454,8013,3963,18093,110205,223,1083,205,2.562733163
702.8,15329.25472,15.32925472,7028,741,769,5464,7981,3831,18426,112380,256,1136,254,2.684544965
703.05,15331.2897,15.3312897,7030.5,626,790,5146,8010,3780,21159,122339,195,967,160,2.81569813
703.3,15333.32468,15.33332468,7033,654,820,5091,8148,3727,19843,119571,269,1040,179,2.567484663
703.55,15335.35966,15.33535966,7035.5,642,911,5019,7653,3838,20478,121618,251,1144,152,2.582679572
703.8,15337.39463,15.33739463,7038,647,810,5012,7423,3634,11989,120053,241,1064,207,2.978666974
704.05,15339.42961,15.33942961,7040.5,650,734,5158,9297,3793,7573,107411,141,1187,184,3.365477468
704.3,15341.46459,15.34146459,7043,724,635,5361,11303,3961,5309,98168,228,1317,110,2.607399687
704.55,15343.49957,15.34349957,7045.5,758,672,5427,12384,3990,4092,95110,250,1419,191,2.820086186
704.8,15345.53455,15.34553455,7048,806,668,5721,12479,4100,3673,92883,92,1499,179,3.39436238
705.05,15347.56953,15.34756953,7050.5,802,692,5529,12508,3962,3292,92748,244,1502,196,3.163389392
705.3,15349.60451,15.34960451,7053,678,604,5463,12277,4062,3328,90721,217,1471,141,3.060144652
705.55,15351.63948,15.35163948,7055.5,720,684,5419,11868,3998,3242,91154,221,1407,236,3.319233311
705.8,15353.67446,15.35367446,7058,779,692,5594,12258,4011,3654,93267,444,1434,176,2.70781267
706.05,15355.70944,15.35570944,7060.5,690,792,5352,11908,4050,3694,90961,193,1491,148,2.953539567
706.3,15357.74442,15.35774442,7063,694,745,5456,11654,3934,3650,91231,287,1439,199,2.252977732
706.55,15359.7794,15.3597794,7065.5,636,802,5385,11550,3969,4000,91472,309,1446,226,2.671759803
706.8,15361.81438,15.36181438,7068,677,763,5258,11393,4064,4109,93387,178,1481,167,2.621965197
707.05,15363.84936,15.36384936,7070.5,638,777,5399,11427,4008,4367,94975,377,1448,189,2.418574685
707.3,15365.88433,15.36588433,7073,724,766,5607,11760,4044,4643,94791,210,1464,211,2.335394996
707.55,15367.91931,15.36791931,7075.5,719,808,5508,11424,4036,4749,95194,330,1428,139,3.105851659
707.8,15369.95429,15.36995429,7078,657,788,5556,11450,3903,4838,95361,305,1409,257,2.595909452
708.05,15371.98927,15.37198927,7080.5,621,750,5419,11424,3982,5019,94900,349,1511,257,2.312792371
708.3,15374.02425,15.37402425,7083,667,830,5491,11653,4057,5012,94437,298,1498,237,2.782773976
708.55,15376.05923,15.37605923,7085.5,770,784,5390,11893,4124,4878,95735,284,1614,71,2.37190881
708.8,15378.09421,15.37809421,7088,601,806,5456,11790,4024,5188,93490,333,1398,215,2.366195883
709.05,15380.12918,15.38012918,7090.5,675,784,5649,11582,4022,5192,95518,178,1429,184,2.699536799
709.3,15382.16416,15.38216416,7093,747,807,5569,11759,4103,5373,96530,266,1368,196,2.695747801
709.55,15384.19914,15.38419914,7095.5,702,792,5583,11774,4214,5806,96273,267,1464,218,2.663828411
709.8,15386.23412,15.38623412,7098,681,759,5517,11667,3991,5840,95972,350,1458,235,2.587895377
710.05,15388.2691,15.3882691,7100.5,719,812,5541,11592,3938,5958,96732,138,1373,239,2.464309226
710.3,15390.30408,15.39030408,7103,736,796,5413,11784,3994,5636,95267,223,1471,256,2.546784487
710.55,15392.33906,15.39233906,7105.5,729,802,5519,11619,4001,5861,96113,234,1516,239,2.429567377
710.8,15394.37403,15.39437403,7108,683,803,5380,11137,4020,5592,94448,237,1375,179,2.758526752
711.05,15396.40901,15.39640901,7110.5,674,796,5487,11711,4069,5648,94380,329,1550,157,2.947069724
711.3,15398.44399,15.39844399,7113,672,877,5431,11603,4073,5666,93638,226,1407,233,2.165528866
711.55,15400.47897,15.40047897,7115.5,701,811,5639,11803,4123,5748,95983,219,1459,227,3.030815224
711.8,15402.51395,15.40251395,7118,713,816,5502,11622,4055,5789,94922,430,1448,231,2.729890554
712.05,15404.54893,15.40454893,7120.5,699,841,5451,11674,4002,5655,96669,299,1455,296,2.725093014
712.3,15406.58391,15.40658391,7123,748,787,5543,11953,3925,5680,96019,180,1550,259,2.850117346
712.55,15408.61888,15.40861888,7125.5,699,742,5577,12051,4304,5777,96678,302,1442,127,2.450104994
712.8,15410.65386,15.41065386,7128,718,810,5730,12007,4192,5921,97348,340,1461,176,2.831222293
713.05,15412.68884,15.41268884,7130.5,654,856,5495,11752,4027,6003,97133,385,1542,226,2.435685034
713.3,15414.72382,15.41472382,7133,620,842,5589,11828,4009,5952,95520,229,1530,264,2.414109601
713.55,15416.7588,15.4167588,7135.5,677,791,5300,11557,3866,6118,93691,306,1472,249,2.299974096
713.8,15418.79378,15.41879378,7138,672,854,5459,11745,3970,6076,94452,404,1453,226,2.219172437
714.05,15420.82876,15.42082876,7140.5,692,873,5476,11782,4219,6155,94991,269,1506,169,2.891986853
714.55,15424.89871,15.42489871,7145.5,732,776,5569,11612,4026,6079,94553,191,1430,207,2.799754162
714.8,15426.93369,15.42693369,7148,744,760,5461,11891,4150,6229,95043,155,1461,112,2.203325579
715.05,15428.96867,15.42896867,7150.5,669,825,5111,11376,3893,5978,91368,178,1451,160,2.254841349
715.3,15431.05922,15.43105922,7153,709,786,5720,11901,4133,6385,95819,348,1421,180,2.49910519
715.55,15433.14977,15.43314977,7155.5,738,741,5483,12101,4079,6074,96129,211,1347,208,2.375960483
715.8,15435.24032,15.43524032,7158,777,752,5591,12312,4134,6344,96615,340,1588,159,2.735025172
716.05,15437.33088,15.43733088,7160.5,835,747,5467,12844,4177,5916,93832,276,1608,120,3.349474267
716.3,15439.42143,15.43942143,7163,803,628,5533,12961,4348,6189,95461,233,1475,117,2.600940847
716.55,15441.51198,15.44151198,7165.5,818,741,5468,12434,4131,6170,94977,197,1462,185,2.325089336
716.8,15443.60253,15.44360253,7168,795,721,5346,12421,4066,6616,95449,168,1543,259,2.885694412
717.05,15445.69308,15.44569308,7170.5,803,668,5598,12732,4156,6239,95498,331,1573,157,2.699222494
717.3,15447.78363,15.44778363,7173,765,640,5579,12647,4049,6348,96179,248,1511,274,3.252023121
717.55,15449.87418,15.44987418,7175.5,816,657,5640,12932,4168,6315,96143,290,1527,189,2.848030673
717.8,15451.96473,15.45196473,7178,748,631,5557,13003,4208,5944,95598,312,1507,187,2.108286483
718.05,15454.05529,15.45405529,7180.5,850,632,5562,12587,4166,6101,97331,319,1551,167,1.918433562
718.3,15456.14584,15.45614584,7183,840,621,5619,13230,4233,6391,95212,322,1483,116,2.681872488
718.55,15458.23639,15.45823639,7185.5,799,594,5494,12884,4092,6272,95269,155,1457,232,2.33972527
718.8,15460.32694,15.46032694,7188,850,651,5637,13082,4040,6204,96293,337,1373,164,2.868627681
719.05,15462.41749,15.46241749,7190.5,749,638,5622,12797,4251,6028,96147,194,1410,146,2.703165194
719.3,15464.50804,15.46450804,7193,816,673,5747,12712,4267,5852,96606,267,1385,220,2.518751267
719.55,15466.59859,15.46659859,7195.5,824,634,5723,12326,4208,6126,96645,102,1507,198,2.645537581
719.8,15468.68915,15.46868915,7198,803,671,5678,11874,4104,6447,96583,232,1411,242,2.246180556
720.05,15470.7797,15.4707797,7200.5,797,672,5603,12025,4193,5942,95434,301,1455,237,2.442211982
720.3,15472.87025,15.47287025,7203,797,643,5757,12369,4234,5946,97406,206,1525,179,2.087992743
720.55,15474.9608,15.4749608,7205.5,777,654,5736,12770,4188,5691,97323,173,1453,173,2.538483796
720.8,15477.05135,15.47705135,7208,763,677,5723,12763,4198,5642,95678,170,1490,95,2.151887773
721.05,15479.1419,15.4791419,7210.5,785,633,5720,12877,4231,5185,95622,146,1462,159,2.87868625
721.3,15481.23245,15.48123245,7213,794,625,5493,13479,4234,5029,95500,131,1432,140,2.506484223
721.55,15483.323,15.483323,7215.5,856,623,5572,13014,4059,4957,95324,354,1586,256,2.168890419
721.8,15485.41356,15.48541356,7218,829,646,5723,13231,4288,4956,96034,330,1552,168,2.413401757
722.05,15487.50411,15.48750411,7220.5,820,632,5252,15092,3875,5009,90580,263,1575,144,2.529370976
722.3,15489.59466,15.48959466,7223,827,607,4826,16656,3480,4331,83779,272,1634,186,2.528000824
722.55,15491.68521,15.49168521,7225.5,930,630,4681,18311,3223,4247,79499,88,1961,197,2.2107698
723.8,15502.13797,15.50213797,7238,926,596,5184,12079,3660,5639,86496,151,1777,266,2.215846251
724.05,15504.22852,15.50422852,7240.5,887,681,5631,9026,3980,6692,99044,240,1171,219,2.706863167
724.3,15506.31907,15.50631907,7243,777,661,5847,6836,4146,9331,99930,201,1039,263,2.449207562
724.55,15508.40962,15.50840962,7245.5,797,663,5814,6546,4123,12444,100797,148,959,251,2.436071464
724.8,15510.50017,15.51050017,7248,797,631,5846,6291,4261,13681,104213,220,1023,166,3.045776838
725.05,15512.59072,15.51259072,7250.5,851,686,5816,6674,4243,19887,105409,254,1000,220,2.137540595
725.3,15514.68127,15.51468127,7253,759,769,5773,7009,4363,31726,107701,196,922,209,2.982469136
725.55,15516.77183,15.51677183,7255.5,766,775,5636,7167,4184,28144,111996,265,925,103,2.137737772
725.8,15518.86238,15.51886238,7258,708,752,5683,8206,4235,17635,111293,183,1065,172,2.608388661
726.05,15520.95293,15.52095293,7260.5,768,704,5664,10035,4185,10212,104680,339,1244,255,2.837006717
726.3,15523.04348,15.52304348,7263,795,742,5652,11104,4191,10679,104032,117,1387,167,2.903430889
726.55,15525.13403,15.52513403,7265.5,599,897,5486,11012,3973,12826,109970,347,1285,162,3.06592113
726.8,15527.22458,15.52722458,7268,678,830,5332,11596,3921,11940,112707,323,1325,190,2.667940427
727.05,15529.31513,15.52931513,7270.5,834,758,5714,10949,4289,8531,107194,201,1334,178,3.121375
727.3,15531.40569,15.53140569,7273,781,730,5844,11322,4097,17199,97661,175,1374,177,2.945795088
727.55,15533.49624,15.53349624,7275.5,803,752,5935,11448,4281,11793,97855,207,1632,181,2.746460323
727.8,15535.58679,15.53558679,7278,769,815,6042,10263,4374,7600,99121,200,1544,220,2.597077244
728.05,15537.67734,15.53767734,7280.5,808,827,6264,9335,4472,5844,101715,317,1469,228,2.837512427
728.3,15539.76789,15.53976789,7283,903,704,6193,8318,4479,5364,102202,315,1419,139,3.159808038
728.55,15541.85844,15.54185844,7285.5,830,690,6465,7118,4570,4451,105049,263,1253,170,2.694206122
728.8,15543.94899,15.54394899,7288,854,658,6171,6808,4267,4039,106967,286,1216,256,2.420853692
729.05,15546.03954,15.54603954,7290.5,863,732,6105,5853,4377,4297,111944,169,1217,141,2.638049174
729.3,15548.1301,15.5481301,7293,741,721,5774,5173,4475,5811,108884,205,1116,145,2.856107324
729.55,15550.22065,15.55022065,7295.5,681,887,5338,3943,4013,5597,117753,387,911,172,2.761273754
729.8,15552.3112,15.5523112,7298,590,949,5005,4131,3973,14888,126890,387,772,59,2.688624679
730.3,15556.4923,15.5564923,7303,633,924,5050,4317,3903,2885,127372,364,844,192,2.632853742
730.55,15558.58285,15.55858285,7305.5,726,826,5462,4991,4163,2670,116913,279,1021,94,4.445748299
730.8,15560.6734,15.5606734,7308,599,837,5210,5124,3704,2378,111544,312,790,206,2.85638757
731.05,15562.76396,15.56276396,7310.5,697,731,5422,7438,3896,2360,104492,300,1141,155,3.390002603
731.3,15564.85451,15.56485451,7313,712,713,5316,8880,3876,2372,98624,328,1307,120,2.439617641
731.55,15566.94506,15.56694506,7315.5,708,689,5488,10066,4182,2247,97847,291,1285,116,2.928367474
731.8,15569.03561,15.56903561,7318,680,768,5511,9674,3914,2228,94817,127,1440,236,1.991248817
732.05,15571.12616,15.57112616,7320.5,713,749,5751,10487,4023,2099,94314,289,1399,207,2.377861891
732.3,15573.21671,15.57321671,7323,689,759,5555,10792,4078,2049,91491,321,1507,148,3.093344965
732.55,15575.30726,15.57530726,7325.5,720,735,5639,11449,3987,1924,91345,292,1541,166,2.513196187
732.8,15577.39782,15.57739782,7328,744,774,5692,11429,4195,2186,94132,281,1401,217,2.811329072
733.05,15579.48837,15.57948837,7330.5,756,766,5698,11583,4272,2326,94294,206,1433,191,3.088443538
733.3,15581.57892,15.58157892,7333,687,786,5810,11320,4185,2532,95638,414,1466,214,2.703573333
733.55,15583.66947,15.58366947,7335.5,707,834,5714,11051,4268,2805,96041,365,1331,201,2.88566494
733.8,15585.76002,15.58576002,7338,757,865,5752,10655,4265,3242,96677,309,1423,144,2.748908529
734.05,15587.85057,15.58785057,7340.5,725,873,5742,11103,4191,3244,96694,274,1507,221,2.586060176
734.3,15589.94112,15.58994112,7343,775,800,5830,10795,4238,3486,96274,303,1396,308,2.966647024
734.55,15592.03167,15.59203167,7345.5,749,793,5826,10834,4290,3773,97804,182,1338,174,2.954534802
734.8,15594.12223,15.59412223,7348,728,909,5808,11166,4445,4000,98616,350,1406,167,2.758092361
735.05,15596.21278,15.59621278,7350.5,724,872,5776,11325,4348,4454,97422,288,1476,154,2.618082699
735.3,15598.30569,15.59830569,7353,743,847,5659,11499,4225,4606,98171,368,1441,211,2.736226864
735.55,15600.3986,15.6003986,7355.5,710,844,5774,11229,4187,4579,97631,354,1491,233,2.699936089
735.8,15602.49151,15.60249151,7358,699,823,5853,10925,4340,4713,97875,239,1365,170,3.254080729
736.05,15604.58442,15.60458442,7360.5,724,877,5721,10671,4321,4402,97780,238,1311,166,3.057624736
736.3,15606.67733,15.60667733,7363,619,930,5633,10842,4260,4425,98302,337,1377,251,2.491363505
736.55,15608.77024,15.60877024,7365.5,669,942,5613,10846,4335,4602,96739,338,1323,251,2.472214279
736.8,15610.86315,15.61086315,7368,708,924,5747,10399,4208,4988,97034,253,1367,210,2.648304663
737.05,15612.95606,15.61295606,7370.5,715,926,5855,10527,4212,5476,98619,360,1431,158,2.851114221
737.3,15615.04898,15.61504898,7373,675,885,5709,10471,4245,4928,99469,335,1335,158,2.810438103
737.55,15617.14189,15.61714189,7375.5,770,885,5971,10687,4166,4377,97683,134,1522,271,2.372302315
737.8,15619.2348,15.6192348,7378,681,889,5841,10895,4249,4276,98436,313,1418,238,2.112729627
738.05,15621.32771,15.62132771,7380.5,694,856,5799,10863,4189,5084,97458,270,1393,353,2.184680135
738.3,15623.42062,15.62342062,7383,739,960,5713,11423,4215,4676,97142,330,1352,199,2.60701342
738.55,15625.51353,15.62551353,7385.5,741,907,5536,12820,4082,4006,94787,223,1507,247,2.581070597
738.8,15627.60644,15.62760644,7388,698,818,5501,15587,4068,3853,91253,337,1603,181,2.267177638
739.05,15629.69935,15.62969935,7390.5,762,833,5337,23241,3450,3304,79906,121,2196,309,2.214299136
739.3,15631.79226,15.63179226,7393,794,806,5225,20374,3560,3203,84679,177,2061,236,2.251622137
739.8,15635.97809,15.63597809,7398,729,900,5727,5175,4240,6596,101806,249,1054,211,2.218823122
740.05,15638.071,15.638071,7400.5,689,892,5425,4654,4038,11945,108389,377,862,145,2.76988788
740.3,15640.16391,15.64016391,7403,650,993,5170,4074,3706,21043,112866,386,706,297,2.273653315
740.55,15642.25682,15.64225682,7405.5,627,995,5111,4712,3813,27738,115710,192,713,146,2.847482838
740.8,15644.34973,15.64434973,7408,613,988,5168,4652,3869,18307,113653,289,863,201,2.47075941
741.05,15646.44264,15.64644264,7410.5,617,890,5449,5520,3789,9107,106257,331,1072,244,2.440221016
741.3,15648.53555,15.64853555,7413,650,815,5334,6830,4133,6508,104434,291,1155,134,2.777536066
741.55,15650.62846,15.65062846,7415.5,656,843,5533,7320,4108,4621,106572,253,1284,131,2.641078411
741.8,15652.72137,15.65272137,7418,680,851,5521,8352,4148,3592,107481,247,1275,235,2.760942385
742.05,15654.81428,15.65481428,7420.5,660,784,5459,8815,4182,3396,102965,361,1335,112,2.974734357
742.3,15656.9072,15.6569072,7423,745,847,5586,8860,4057,3107,98278,370,1226,151,2.668831838
742.55,15659.00011,15.65900011,7425.5,770,840,5581,8991,4142,3356,96503,92,1293,183,2.439042845
742.8,15661.09302,15.66109302,7428,695,789,5767,9976,4361,3753,93994,228,1312,221,2.519802469
743.05,15663.18593,15.66318593,7430.5,710,801,5740,9926,4239,3815,92856,207,1235,200,3.704967603
743.3,15665.27884,15.66527884,7433,653,715,5693,10270,4040,3919,92607,181,1269,228,2.848339648
743.55,15667.37175,15.66737175,7435.5,683,861,5590,10726,4092,3947,91525,263,1382,266,2.821028345
743.8,15669.46466,15.66946466,7438,715,799,5706,10982,3955,4119,89746,324,1486,268,2.589035491
744.05,15671.55757,15.67155757,7440.5,712,803,5713,10698,4211,3811,91933,400,1427,183,3.12133734
744.3,15673.65048,15.67365048,7443,743,813,5617,9491,4207,4381,94067,297,1332,195,2.218462606
744.55,15675.74339,15.67574339,7445.5,700,950,5294,4586,3972,5179,107562,294,971,179,2.668264328
744.8,15677.8363,15.6778363,7448,677,991,5192,3091,3857,9510,111636,411,812,134,2.476038339
745.8,15686.20795,15.68620795,7458,615,974,4982,3780,3621,28623,114526,204,692,143,2.68189163
746.05,15688.30086,15.68830086,7460.5,605,983,5025,3416,3700,20445,110645,333,807,155,3.086202745
746.3,15690.39377,15.69039377,7463,580,1079,4802,2947,3488,13946,118570,373,817,120,2.85552926
746.55,15692.48668,15.69248668,7465.5,563,1102,4715,2705,3629,6190,120625,513,799,139,3.931431949
746.8,15694.57959,15.69457959,7468,500,1074,4565,2793,3318,3746,133561,317,826,226,3.135916507
747.05,15696.6725,15.6966725,7470.5,574,974,4670,3299,3680,2663,115492,258,770,119,2.479019967
747.3,15698.76541,15.69876541,7473,633,852,5022,4369,3665,2388,98947,390,936,196,2.910207831
747.55,15700.85833,15.70085833,7475.5,649,794,5271,6463,3616,2290,92634,183,1111,257,2.685311699
747.8,15702.95124,15.70295124,7478,687,801,5265,8055,3512,2378,87721,211,1174,267,2.69673492
748.05,15705.04415,15.70504415,7480.5,709,770,5496,9232,3700,2222,89972,254,1241,202,2.225573828
748.3,15707.13706,15.70713706,7483,767,804,5619,9881,3898,2520,92838,374,1315,148,2.478221957
748.55,15709.22997,15.70922997,7485.5,774,861,5896,11638,3919,2712,94114,145,1577,220,2.553917839
748.8,15711.32288,15.71132288,7488,791,807,5855,11656,3927,2524,93956,329,1581,237,2.451120649
749.05,15713.41579,15.71341579,7490.5,824,819,5881,11882,3992,2503,90787,241,1406,222,3.34929171
749.3,15715.5087,15.7155087,7493,719,767,5726,11467,4082,2736,90859,253,1452,184,3.163154652
750.25,15723.88035,15.72388035,7502.5,723,852,5540,11778,4211,3642,93135,250,1502,111,3.536768726
750.5,15725.97326,15.72597326,7505,722,839,5696,10981,3990,4112,92843,331,1529,173,3.146773991
750.75,15728.06617,15.72806617,7507.5,726,912,5518,11285,4005,4216,93457,366,1480,199,4.596982759
751,15730.15908,15.73015908,7510,636,893,5533,11251,3954,4270,93814,94,1493,169,2.833008236
751.25,15732.25199,15.73225199,7512.5,696,1008,5460,11221,3992,4430,95401,386,1522,152,3.966783217
751.5,15734.3449,15.7343449,7515,694,1007,5394,10905,3928,4424,94747,176,1471,229,3.087683911
751.75,15736.43781,15.73643781,7517.5,643,997,5279,10490,3814,4538,93205,217,1311,155,3.102485613
752,15738.53072,15.73853072,7520,638,910,5473,10895,3925,4549,93202,425,1453,207,3.43543938
752.25,15740.62363,15.74062363,7522.5,657,903,5386,10969,4138,4815,94243,472,1506,183,2.635463454
752.5,15742.71655,15.74271655,7525,614,998,5253,10805,3962,4968,92479,148,1429,115,3.487948581
752.75,15744.80946,15.74480946,7527.5,663,1009,5267,10900,3867,4836,93015,191,1363,252,2.736858974
753,15746.90237,15.74690237,7530,585,984,5150,10941,3915,4882,93751,276,1554,126,3.936309524
753.25,15748.99528,15.74899528,7532.5,639,994,5331,11058,4018,4712,93460,242,1465,185,3.150470603
753.5,15751.08819,15.75108819,7535,640,1005,5230,10917,3894,4959,94705,350,1381,155,3.655735437
753.75,15753.1811,15.7531811,7537.5,674,1010,5227,10886,3953,5089,94494,264,1440,170,2.78528639
754,15755.27401,15.75527401,7540,627,1007,5504,10864,3992,5120,94701,263,1380,208,3.309556527
754.25,15757.36692,15.75736692,7542.5,685,1002,5550,10996,3978,4988,94429,200,1592,169,2.664378861
754.5,15759.45983,15.75945983,7545,670,992,5433,10990,3895,5102,94518,391,1404,191,3.630419915
754.75,15761.55274,15.76155274,7547.5,632,1006,5565,10938,4009,5089,95957,343,1343,153,3.211028243
755,15763.64565,15.76364565,7550,647,1025,5456,10750,4141,5177,94445,287,1545,161,3.27401537
755.25,15765.69326,15.76569326,7552.5,647,973,5546,10922,4042,5147,94317,156,1393,186,3.792908008
755.5,15767.74086,15.76774086,7555,676,961,5385,10869,3932,5260,94224,402,1500,137,3.483382904
755.75,15769.78847,15.76978847,7557.5,674,994,5237,10604,3965,5138,93573,270,1456,176,2.863951569
756,15771.83607,15.77183607,7560,629,1083,5380,10929,3943,5337,94584,405,1489,221,3.061226865
756.25,15773.88367,15.77388367,7562.5,654,990,5291,10920,3987,5210,94240,175,1532,190,3.715399887
756.5,15775.93128,15.77593128,7565,687,1013,5306,11445,3787,5209,94470,383,1506,315,3.674040067
756.75,15777.97888,15.77797888,7567.5,721,978,5491,11736,4244,5400,96322,335,1555,145,2.723637441
757,15780.02649,15.78002649,7570,734,925,5522,11740,4121,5454,95960,413,1375,144,3.540288838
757.25,15782.07409,15.78207409,7572.5,794,875,5818,12432,4470,5740,99407,216,1527,171,3.349429999
757.5,15784.12169,15.78412169,7575,734,938,5788,12398,4336,5332,97141,288,1604,157,2.917825946
757.75,15786.1693,15.7861693,7577.5,697,1006,5358,12938,4236,4922,92628,264,1582,238,3.007716591
758,15788.2169,15.7882169,7580,719,998,5208,13451,3938,4637,93485,312,1683,181,3.013089907
758.25,15790.2645,15.7902645,7582.5,648,1049,4964,17314,3786,4491,96860,348,1963,312,3.358297872
758.5,15792.31211,15.79231211,7585,671,1009,4028,16108,3295,3079,87074,90,1907,139,2.528672087
758.75,15794.35971,15.79435971,7587.5,648,1010,4921,13110,3617,4709,90040,340,1562,135,2.982026684
759,15796.40732,15.79640732,7590,669,1070,5030,9902,3391,5546,89627,251,1455,212,2.733513827
759.25,15798.45492,15.79845492,7592.5,644,1161,4903,9399,3410,5731,88286,353,1101,122,3.221090404
759.5,15800.50252,15.80050252,7595,664,1161,4918,6675,3332,7643,95022,364,1046,172,3.23478892
759.75,15802.55013,15.80255013,7597.5,603,1031,4884,8690,3380,6004,87068,185,1283,243,3.268915663
760,15804.59773,15.80459773,7600,649,1000,4968,8989,3474,5176,85421,399,1404,101,3.368213102
760.25,15806.64534,15.80664534,7602.5,625,1028,4978,9711,3519,4939,86192,294,1322,204,2.850294275
760.5,15808.69294,15.80869294,7605,613,1016,4895,9366,3616,4592,86195,346,1355,78,2.946254433
760.75,15810.74054,15.81074054,7607.5,647,1000,5080,9367,3454,4591,85601,338,1315,243,4.323469388
761,15812.78815,15.81278815,7610,620,977,5027,9228,3477,4196,85954,398,1371,165,2.573868149
761.25,15814.83575,15.81483575,7612.5,624,914,5062,9419,3650,4014,85860,347,1351,64,3.468965517
761.5,15816.88335,15.81688335,7615,649,959,4948,9492,3497,4083,87387,269,1443,222,2.712917664
761.75,15818.93096,15.81893096,7617.5,619,959,5079,9775,3585,4358,87693,409,1431,216,2.667793388
762,15820.97856,15.82097856,7620,593,939,5099,9612,3687,4392,88879,425,1461,188,2.814104579
762.25,15823.02617,15.82302617,7622.5,620,1008,5139,9784,3668,4116,89079,310,1405,220,2.692507534
762.5,15825.07377,15.82507377,7625,616,1051,5065,9842,3656,4544,88207,350,1340,277,3.45087001
762.75,15827.12137,15.82712137,7627.5,599,945,5031,9425,3680,4408,89614,362,1383,146,3.428821785
763,15829.16898,15.82916898,7630,619,921,5045,9970,3578,4421,89990,337,1444,221,3.073226545
763.25,15831.21658,15.83121658,7632.5,563,937,5132,9770,3716,4487,90657,371,1428,225,2.631041525
763.5,15833.26418,15.83326418,7635,653,953,5208,9858,3697,4511,89732,226,1414,171,2.751800385
763.75,15835.31179,15.83531179,7637.5,675,920,5367,9910,3833,4655,91105,340,1353,200,2.661764706
764,15837.35939,15.83735939,7640,708,948,5182,9821,3693,4694,90685,342,1421,278,2.694291539
764.25,15839.407,15.839407,7642.5,656,932,5220,9995,3866,4720,90953,371,1343,147,2.650506512
764.5,15841.4546,15.8414546,7645,619,937,5180,9939,3883,4766,91289,179,1374,214,2.943117179
764.75,15843.5022,15.8435022,7647.5,604,975,5108,9902,3776,4695,90850,238,1433,195,2.897678512
765,15845.54981,15.84554981,7650,611,1023,5225,9677,3855,4879,92050,175,1413,130,2.904108047
765.25,15847.59741,15.84759741,7652.5,609,1038,5159,9858,3613,4738,91279,422,1457,294,3.086047869
765.5,15849.64502,15.84964502,7655,631,973,5247,9868,3775,5074,91314,278,1465,229,2.747864138
765.75,15851.69262,15.85169262,7657.5,602,1047,5110,9926,3895,5088,91784,251,1406,82,2.98195375
766,15853.74022,15.85374022,7660,585,1093,5114,10107,3943,4972,92475,293,1502,212,3.137137377
766.25,15855.78783,15.85578783,7662.5,590,1082,4980,9953,3920,4963,91864,359,1453,211,2.787451311
766.5,15857.83543,15.85783543,7665,655,1036,5205,10086,3792,4847,92587,286,1421,141,2.933680669
766.75,15859.88303,15.85988303,7667.5,625,901,4956,10184,3866,5188,92879,389,1475,118,2.576470588
767,15861.93064,15.86193064,7670,632,1008,5176,10080,4004,5293,92957,265,1509,210,3.173561467
767.25,15863.97824,15.86397824,7672.5,567,1054,5235,10197,3842,5351,92823,449,1389,279,2.654104847
767.5,15866.02585,15.86602585,7675,633,1050,5169,10042,3708,5442,92982,267,1421,322,2.813505527
767.75,15868.07345,15.86807345,7677.5,616,1030,5124,9899,3930,5185,92176,450,1259,129,2.784138152
768,15870.12105,15.87012105,7680,626,1034,5121,10105,3969,5622,93909,292,1295,219,3.395901318
768.25,15872.16866,15.87216866,7682.5,547,1007,5042,10197,3921,5265,93327,267,1418,115,2.648646006
768.5,15874.21626,15.87421626,7685,596,1050,5321,10525,4157,5645,96598,300,1465,127,3.03965385
768.75,15876.26387,15.87626387,7687.5,556,977,5077,9933,3825,5338,94341,250,1474,201,3.006938422
769,15878.31147,15.87831147,7690,496,1060,4981,9718,3542,4236,97307,287,1369,297,2.837247973
769.5,15882.40668,15.88240668,7695,582,927,5312,10425,3962,5660,93805,171,1511,187,2.79088724
769.75,15884.45428,15.88445428,7697.5,596,912,5421,10181,3844,5409,93170,427,1418,307,2.818829787
770,15886.50188,15.88650188,7700,531,965,5273,10082,3846,5694,93514,267,1507,250,2.897917839
770.25,15888.54949,15.88854949,7702.5,595,959,5270,10044,3822,5567,93595,334,1452,226,2.672364971
770.5,15890.59709,15.89059709,7705,610,904,5289,10167,3878,5526,93906,351,1438,201,2.840311587
770.75,15892.6447,15.8926447,7707.5,591,1027,5291,9943,3931,5642,94572,407,1384,164,3.469032343
771,15894.6923,15.8946923,7710,501,974,5196,9930,3791,5678,93969,515,1434,230,2.395015519
771.25,15896.7399,15.8967399,7712.5,598,987,5373,10419,3758,5731,94665,312,1501,323,3.243459563
771.5,15898.78751,15.89878751,7715,531,974,5204,9975,3915,5736,93773,322,1415,151,2.75529485
771.75,15900.83511,15.90083511,7717.5,627,991,5325,10048,3925,5645,94023,208,1447,241,3.016906632
772,15902.88271,15.90288271,7720,596,1011,5192,10292,3944,5841,94253,356,1440,226,2.823055177
772.25,15904.93032,15.90493032,7722.5,620,1002,5342,10400,4059,5706,94977,342,1405,152,3.061523787
772.5,15906.97792,15.90697792,7725,605,982,5479,10464,4144,5767,95720,351,1367,218,2.599866144
772.75,15909.02553,15.90902553,7727.5,686,946,5372,10397,4050,5596,95722,276,1580,256,2.534782196
773,15911.07313,15.91107313,7730,633,966,5578,10624,4049,5937,97298,306,1453,240,2.612619577
773.25,15913.12073,15.91312073,7732.5,653,967,5513,10989,4219,5984,95994,241,1308,146,2.644380231
773.5,15915.16834,15.91516834,7735,554,949,5347,14962,3762,5735,97593,146,1539,194,3.005254797
773.75,15917.21594,15.91721594,7737.5,586,968,5179,11135,4008,5566,105950,354,1478,150,2.053967706
774,15919.26355,15.91926355,7740,619,865,5067,10220,3824,5908,93600,228,1350,191,2.876950916
774.25,15921.31115,15.92131115,7742.5,632,962,5379,10366,3748,5959,94716,379,1472,328,2.42104269
774.5,15923.35875,15.92335875,7745,693,896,5213,9982,3823,5858,94679,335,1426,278,2.774005522
774.75,15925.40636,15.92540636,7747.5,617,934,5311,10164,4052,6195,93303,349,1335,123,3.451650485
775,15927.45396,15.92745396,7750,638,1010,5072,10204,3923,6057,97398,339,1334,257,2.727444444
775.25,15929.50415,15.92950415,7752.5,564,998,5427,10241,4032,6156,94796,312,1379,135,3.120098326
775.5,15931.55435,15.93155435,7755,615,939,5382,10105,3965,5808,93876,296,1368,136,3.005786367
775.75,15933.60454,15.93360454,7757.5,590,967,5312,10264,3950,6008,94710,394,1422,176,2.51479345
776,15935.65473,15.93565473,7760,500,1019,5469,10091,3812,5901,94434,433,1359,234,2.436929023
776.25,15937.70492,15.93770492,7762.5,593,1007,5393,10099,3925,5866,94467,272,1301,212,3.271766849
776.5,15939.75512,15.93975512,7765,602,910,5389,10180,3986,6072,95028,348,1388,140,2.371091703
776.75,15941.80531,15.94180531,7767.5,656,981,5315,10148,4016,5929,95724,333,1380,168,2.876124496
777,15943.8555,15.9438555,7770,634,936,5261,10274,4054,5812,95605,317,1464,113,2.975267749
777.25,15945.90569,15.94590569,7772.5,605,978,5347,10436,3951,5534,94777,305,1425,201,2.960148181
777.5,15947.95589,15.94795589,7775,659,916,5520,10129,4033,5251,96726,326,1431,204,3.031261018
777.75,15950.00608,15.95000608,7777.5,641,915,5528,10343,4042,5915,98486,406,1488,227,2.399484093
778,15952.05627,15.95205627,7780,614,978,5372,10169,4090,5925,95613,315,1362,155,2.857373737
778.25,15954.10647,15.95410647,7782.5,573,897,5460,9905,3835,5656,93209,202,1381,294,2.981292517
778.5,15956.15666,15.95615666,7785,603,878,5145,10183,3752,5551,94123,174,1400,239,2.857142857
778.75,15958.20685,15.95820685,7787.5,611,895,5352,10178,3957,5546,94635,184,1346,235,2.881527232
779,15960.25704,15.96025704,7790,659,882,5371,10612,4096,5771,95737,354,1360,188,2.730886539
779.25,15962.30724,15.96230724,7792.5,625,838,5437,10527,4146,6143,96830,417,1346,195,2.798214478
779.5,15964.35743,15.96435743,7795,614,893,5275,10052,3812,6069,93822,383,1412,278,2.820521102
779.75,15966.40762,15.96640762,7797.5,555,915,5228,10275,3944,5990,95073,375,1422,192,2.619305097
780,15968.45781,15.96845781,7800,623,948,5265,9974,3787,6192,93626,302,1337,308,3.355788675
780.25,15970.50801,15.97050801,7802.5,579,955,5045,10093,3863,6276,92692,272,1366,137,3.539240831
780.5,15972.5582,15.9725582,7805,587,953,5074,9725,3846,6090,90667,305,1536,175,2.779977549
780.75,15974.60839,15.97460839,7807.5,631,954,5018,10289,3953,6151,93117,292,1415,196,2.604378721
781,15976.65858,15.97665858,7810,649,873,5329,10216,3983,6025,93359,346,1310,168,3.097801274
781.25,15978.70878,15.97870878,7812.5,607,907,5095,10367,3997,6206,92968,251,1414,142,3.46
781.5,15980.75897,15.98075897,7815,647,954,5184,10478,3798,6186,93991,245,1426,269,2.950643069
781.75,15982.80916,15.98280916,7817.5,611,982,5231,10317,3937,6057,93465,381,1363,162,3.259186673
782,15984.85936,15.98485936,7820,606,972,5255,10079,3997,6197,93219,473,1396,197,3.058809774
782.25,15986.90955,15.98690955,7822.5,618,1020,5082,10036,3721,5978,93158,304,1430,182,2.934019955
782.5,15988.95974,15.98895974,7825,594,944,5098,10255,3850,6072,93504,274,1311,223,2.490506631
782.75,15991.00993,15.99100993,7827.5,636,1038,5093,10192,3746,6065,93237,252,1477,225,2.635011329
783,15993.06013,15.99306013,7830,675,1046,5128,10010,3859,5894,92213,347,1358,182,2.58262234
783.25,15995.11032,15.99511032,7832.5,602,959,5261,10279,4081,6123,93007,340,1408,134,3.260351395
783.5,15997.16051,15.99716051,7835,663,988,5342,10358,3828,5869,93507,353,1426,218,3.383646999
783.75,15999.2107,15.9992107,7837.5,594,996,5125,10088,3980,6061,93420,217,1381,179,3.142636212
784,16001.2609,16.0012609,7840,592,977,5050,9985,3693,6076,92633,326,1423,297,3.0371096
784.25,16003.31109,16.00331109,7842.5,585,975,5123,10023,4053,6013,93486,259,1393,172,3.058816637
784.5,16005.36128,16.00536128,7845,590,1047,5035,10272,3828,6188,94461,399,1379,203,3.139268349
784.75,16007.41148,16.00741148,7847.5,615,942,5228,10135,3868,6131,93669,156,1323,248,2.784022734
785,16009.46167,16.00946167,7850,619,971,5104,10269,4007,6102,95110,373,1375,202,2.73675615
785.25,16011.51186,16.01151186,7852.5,650,961,5358,10642,4165,6133,94819,379,1280,128,3.031897927
785.5,16013.56205,16.01356205,7855,650,914,5366,10721,3856,6167,93866,267,1384,216,2.507294746
785.75,16015.61225,16.01561225,7857.5,632,857,5186,10444,3967,6199,93508,243,1471,204,2.678509971
786,16017.66244,16.01766244,7860,635,1012,5126,10560,3967,6190,96014,329,1438,217,2.783664459
786.25,16019.71263,16.01971263,7862.5,648,919,5296,10588,3716,6066,94820,553,1500,360,2.724246104
786.5,16021.76282,16.02176282,7865,665,947,5065,10341,3768,6092,95012,292,1475,316,3.333626761
786.75,16023.81302,16.02381302,7867.5,683,931,5181,10255,3870,6155,94145,175,1492,220,2.529727727
787,16025.86321,16.02586321,7870,579,945,5054,10058,3675,5922,93161,300,1411,269,3.397123894
787.25,16027.9134,16.0279134,7872.5,611,1001,4981,10137,3772,6062,95868,248,1376,228,2.690797673
787.5,16029.96359,16.02996359,7875,586,996,5113,10420,3903,6109,93482,356,1362,222,2.637896427
787.75,16032.01379,16.03201379,7877.5,628,987,5242,10311,3929,6093,93176,221,1424,131,2.829735191
788,16034.06398,16.03406398,7880,653,946,5302,10366,3976,6308,96134,395,1451,118,3.006590706
788.25,16036.11417,16.03611417,7882.5,623,963,5076,10704,4012,6352,94560,352,1423,228,2.733736762
788.5,16038.16437,16.03816437,7885,620,919,5185,10368,3895,6468,95797,375,1349,231,2.892282609
788.75,16040.21456,16.04021456,7887.5,639,900,5109,10455,4090,6462,94148,316,1432,59,2.444580849
789,16042.26475,16.04226475,7890,613,902,5185,10245,3811,6134,93433,409,1432,212,3.166353383
789.25,16044.31494,16.04431494,7892.5,721,928,5328,10256,3806,6295,93822,288,1423,268,2.797674915
789.5,16046.36514,16.04636514,7895,622,943,5396,10428,4001,6539,94600,337,1322,178,2.398463624
789.75,16048.41533,16.04841533,7897.5,685,929,5289,10440,3976,6219,94753,515,1362,205,2.607669903
790,16050.46552,16.05046552,7900,649,947,5194,10286,3964,6201,94812,311,1468,160,3.373674121
790.25,16052.51571,16.05251571,7902.5,700,947,5316,10632,4027,6315,94481,257,1505,214,2.551043536
790.5,16054.56591,16.05456591,7905,672,940,5387,10546,4035,6411,95279,286,1322,122,3.186619301
790.75,16056.6161,16.0566161,7907.5,637,953,4955,9955,3861,6246,92349,239,1321,216,2.720700765
791,16058.66629,16.05866629,7910,669,920,5202,10441,4068,6417,94588,173,1413,170,2.627312512
791.25,16060.71648,16.06071648,7912.5,582,974,5372,10040,3964,6445,93789,401,1479,206,2.829614604
791.5,16062.76668,16.06276668,7915,662,922,5108,10099,3749,6364,93518,154,1441,265,2.335170604
791.75,16064.81687,16.06481687,7917.5,616,947,5237,10230,3781,6317,93562,468,1410,243,3.106557377
792,16066.86706,16.06686706,7920,571,937,5213,10285,3918,6322,93493,311,1440,215,3.001215738
792.25,16068.91726,16.06891726,7922.5,615,950,5192,9976,3844,6230,92669,496,1277,218,2.762480294
792.5,16070.96745,16.07096745,7925,617,947,5068,10188,3983,6433,93837,220,1434,238,2.888768313
792.75,16073.01764,16.07301764,7927.5,604,882,5223,9927,3771,6146,92544,175,1448,254,2.901115242
793,16075.06783,16.07506783,7930,644,997,5221,9957,3845,6297,92955,181,1345,288,2.88918178
793.25,16077.11803,16.07711803,7932.5,605,1017,5046,10140,3985,6271,91913,298,1310,183,2.866502408
793.5,16079.16822,16.07916822,7935,623,1013,5187,10016,3869,6434,93258,243,1464,208,2.371395514
793.75,16081.21841,16.08121841,7937.5,639,1001,5150,9781,3808,6412,93176,157,1357,263,2.702338693
794,16083.2686,16.0832686,7940,577,988,5212,10178,3786,6362,92654,302,1426,262,2.310868653
794.25,16085.3188,16.0853188,7942.5,576,967,5036,10031,3945,6528,94756,218,1341,185,2.759431045
794.5,16087.36899,16.08736899,7945,589,949,5006,9948,3769,6461,93645,262,1434,227,2.680596409
794.75,16089.41918,16.08941918,7947.5,552,955,5022,9822,3929,6531,93493,515,1282,102,2.625909458
795,16091.46938,16.09146938,7950,562,948,5082,9936,3857,6398,93759,399,1449,171,3.063434527
795.25,16093.53699,16.09353699,7952.5,603,929,5134,10004,3851,6404,93599,250,1424,246,3.232423795
795.5,16095.6046,16.0956046,7955,585,970,5075,9897,3818,6668,93311,297,1432,235,2.726452508
795.75,16097.67222,16.09767222,7957.5,590,976,5091,9850,3652,6638,92131,245,1380,349,2.366883117
796,16099.73983,16.09973983,7960,608,976,5212,9933,3917,6477,93519,166,1341,173,3.292382042
796.25,16101.80744,16.10180744,7962.5,637,1023,5281,10282,4018,6800,94367,366,1413,200,2.84299569
796.5,16103.87506,16.10387506,7965,614,1072,5156,10250,3948,7084,95716,469,1451,318,2.612103465
796.75,16105.94267,16.10594267,7967.5,567,999,5045,9640,3718,6653,91652,352,1391,200,2.784588441
797,16108.01028,16.10801028,7970,591,972,4927,10796,3979,6355,90305,371,1470,160,2.291666667
797.25,16110.0779,16.1100779,7972.5,652,1081,4755,11155,3866,6058,91026,301,1458,144,2.901468189
797.5,16112.14551,16.11214551,7975,588,960,4627,11804,3926,5842,88633,241,1548,159,2.54726034
797.75,16114.21313,16.11421313,7977.5,601,994,4883,10953,4004,6014,89344,194,1500,163,2.747398784
798,16116.28074,16.11628074,7980,615,985,4832,10599,3862,5830,89873,243,1521,244,2.65983234
798.25,16118.34835,16.11834835,7982.5,612,974,4894,11810,3831,5625,88930,321,1368,166,2.526217779
798.5,16120.41597,16.12041597,7985,646,1013,4792,13542,3631,5073,84770,285,1677,168,2.823091455
798.75,16122.48358,16.12248358,7987.5,636,958,4512,15577,3588,4893,83671,223,1907,207,2.633984077
799,16124.55119,16.12455119,7990,685,1061,4547,18885,3455,4642,81875,114,2011,236,2.8
799.25,16126.61881,16.12661881,7992.5,687,914,4353,16663,3263,4658,83894,252,1671,148,2.652948279
799.5,16128.68642,16.12868642,7995,626,984,4959,9017,3401,6321,86345,335,1345,206,2.876223555
799.75,16130.75403,16.13075403,7997.5,628,1034,4851,8972,3477,7150,88513,354,1226,175,2.830981466
800,16132.82165,16.13282165,8000,633,1023,4791,8792,3545,6923,88604,452,1435,112,2.961969403
800.25,16134.88926,16.13488926,8002.5,608,1015,4890,8895,3412,6362,87503,295,1307,218,3.065976429
800.5,16136.95688,16.13695688,8005,666,882,5103,8931,3443,6156,88350,338,1319,198,2.803979994
800.75,16139.02449,16.13902449,8007.5,677,826,4997,8481,3732,5893,86989,165,1319,137,2.529406084
801,16141.0921,16.1410921,8010,750,884,5002,8704,3718,5600,88906,243,1151,155,3.103143894
801.25,16143.15972,16.14315972,8012.5,680,809,5006,9098,3697,5396,90287,290,1599,249,2.707754932
801.5,16145.22733,16.14522733,8015,703,857,5064,9626,3835,5288,90973,339,1714,190,2.830289776
801.75,16147.29494,16.14729494,8017.5,604,847,4932,9103,3638,5412,89600,300,1152,239,2.461573401
802,16149.36256,16.14936256,8020,723,822,5311,9418,3774,5241,90310,236,1312,205,3.046405611
802.25,16151.43017,16.15143017,8022.5,692,953,5191,9528,3692,5251,94998,293,1410,248,2.6475977
802.5,16153.49778,16.15349778,8025,701,861,5124,9778,3735,4557,102968,240,1377,177,2.725654664
802.75,16155.5654,16.1555654,8027.5,797,912,5139,9604,3761,5112,97074,333,1397,162,3.144393064
803,16157.63301,16.15763301,8030,718,860,5136,9636,3796,5649,92263,258,1391,192,3.051305755
803.25,16159.70063,16.15970063,8032.5,709,926,5224,9549,3793,5586,90998,360,1399,193,2.777686375
803.5,16161.76824,16.16176824,8035,685,880,5150,9364,3760,5594,90881,360,1295,170,2.871230202
803.75,16163.83585,16.16383585,8037.5,640,924,5296,9192,3811,5473,92747,326,1326,106,2.577941901
804,16165.90347,16.16590347,8040,662,1050,5153,8933,3804,5575,89932,452,1412,250,2.537412459
804.25,16167.97108,16.16797108,8042.5,655,923,5107,9149,3869,5663,89740,310,1275,160,3.001315357
804.5,16170.03869,16.17003869,8045,659,794,5225,9186,3816,5260,91127,120,1261,199,2.598794109
804.75,16172.10631,16.17210631,8047.5,629,870,5221,9391,3909,5087,90891,367,1312,267,2.524499201
805,16174.17392,16.17417392,8050,762,895,5461,9385,4042,4718,92308,226,1325,246,2.829372002
805.25,16176.24153,16.17624153,8052.5,720,803,5506,9575,4150,3784,93697,170,1363,273,2.841881774
805.75,16180.37676,16.18037676,8057.5,819,786,5572,9591,4200,4714,94297,145,1425,180,2.661725345
806,16182.44438,16.18244438,8060,784,873,5364,9517,3893,5324,96462,355,1359,241,2.65881137
806.25,16184.51199,16.18451199,8062.5,765,784,5453,9461,4076,5816,94638,149,1428,224,2.696184597
806.5,16186.5796,16.1865796,8065,813,752,5598,9649,4048,5812,95055,339,1368,272,2.401155857
806.75,16188.64722,16.18864722,8067.5,771,771,5565,9732,4116,6052,95087,352,1360,201,2.914516999
807,16190.71483,16.19071483,8070,719,785,5357,9743,4006,5993,95019,174,1376,228,2.738085371
807.25,16192.78244,16.19278244,8072.5,774,872,5431,9962,4087,6268,96472,318,1384,257,2.391595357
807.5,16194.85006,16.19485006,8075,652,851,5324,9713,4115,6260,95481,288,1358,191,3.415025253
807.75,16196.91767,16.19691767,8077.5,729,939,5297,9491,4022,6012,94889,369,1256,256,3.259610764
808.25,16201.0529,16.2010529,8082.5,698,897,5293,9766,4177,6307,95506,379,1521,229,2.811720971
808.5,16203.12051,16.20312051,8085,734,887,5366,10063,4062,6343,96234,265,1361,294,2.456647399
808.75,16205.18813,16.20518813,8087.5,799,937,5328,9691,4203,6399,95810,469,1396,217,2.955689829
809,16207.25574,16.20725574,8090,699,953,5477,9663,3986,6209,95007,544,1315,258,2.880155055
809.25,16209.32335,16.20932335,8092.5,642,963,5115,9704,4059,5967,95622,290,1461,218,3.03567143
809.5,16211.39097,16.21139097,8095,629,929,5145,9347,3962,6092,94494,389,1358,233,2.828118438
809.75,16213.45858,16.21345858,8097.5,662,905,5255,9591,3818,6175,93976,340,1404,244,2.905593309
810,16215.52619,16.21552619,8100,682,932,5146,9398,4045,6436,93992,192,1388,192,2.399464286
810.25,16217.59381,16.21759381,8102.5,667,964,5072,9655,3843,6245,93620,392,1302,301,2.896559504
810.5,16219.66142,16.21966142,8105,659,998,5202,9365,3831,6065,93660,344,1394,259,2.576289055
810.75,16221.72904,16.22172904,8107.5,604,964,5038,9624,3862,6197,94528,244,1229,250,2.736635852
811,16223.79665,16.22379665,8110,633,1044,5098,9593,3820,6092,92919,361,1346,199,2.74240475
811.25,16225.86426,16.22586426,8112.5,737,909,5071,9583,3977,6208,93121,416,1248,153,2.689695058
811.5,16227.93188,16.22793188,8115,662,957,5110,9662,4078,6138,94346,336,1312,155,2.38238342
811.75,16229.99949,16.22999949,8117.5,709,921,5010,9717,3942,6049,93499,467,1368,126,3.064360971
812,16232.0671,16.2320671,8120,655,930,5060,9581,3912,6299,92552,249,1444,215,3.05552382
812.25,16234.13472,16.23413472,8122.5,678,987,5240,9610,3913,6158,95524,352,1362,138,2.768577914
812.5,16236.20233,16.23620233,8125,646,963,5065,9831,3917,6046,92906,362,1323,217,2.437788018
812.75,16238.26994,16.23826994,8127.5,618,966,5018,9560,3850,5715,93830,323,1343,231,2.677258691
813,16240.33756,16.24033756,8130,688,941,4930,9690,4029,5999,94189,346,1473,100,2.872516895
813.25,16242.40517,16.24240517,8132.5,648,934,5090,9566,4029,5536,93092,389,1325,174,2.32704565
813.5,16244.47279,16.24447279,8135,631,963,5163,9867,3993,5502,92550,353,1412,201,3.187643546
813.75,16246.5404,16.2465404,8137.5,729,975,5204,9897,4136,5117,92446,251,1458,212,2.959072153
814,16248.60801,16.24860801,8140,731,921,5217,9449,3933,4503,93583,411,1421,195,2.689437837
814.25,16250.67563,16.25067563,8142.5,711,862,5256,9709,3965,4472,92605,248,1329,222,2.649152712
814.5,16252.74324,16.25274324,8145,704,966,5053,9800,4052,5297,92754,299,1295,186,3.316775545
814.75,16254.81085,16.25481085,8147.5,713,938,5273,9589,4010,5590,93934,353,1224,203,2.919622519
815,16256.87847,16.25687847,8150,692,927,5326,9558,3879,5907,96428,200,1297,233,2.695889003
815.25,16258.89119,16.25889119,8152.5,727,901,5085,9568,3743,6097,94474,271,1422,247,2.728776185
815.5,16260.90392,16.26090392,8155,670,901,5123,9498,3886,6275,95638,448,1355,284,2.624771788
815.75,16262.91664,16.26291664,8157.5,704,948,5301,9549,4009,6256,95287,240,1398,161,2.405574614
816,16264.92937,16.26492937,8160,717,910,5169,9705,4141,6589,95945,151,1275,124,2.788969823
816.25,16266.94209,16.26694209,8162.5,701,891,5412,9638,4150,7010,95524,249,1277,191,2.573369303
816.5,16268.95482,16.26895482,8165,721,846,5378,9692,3943,7276,95948,291,1356,192,2.55332784
816.75,16270.96754,16.27096754,8167.5,696,846,5266,9554,4106,6909,98231,329,1366,205,2.896911608
817,16272.98027,16.27298027,8170,672,813,5300,9656,4017,7015,95584,143,1256,148,2.372482639
817.25,16274.99299,16.27499299,8172.5,648,824,5121,9516,3977,6925,95010,372,1313,126,2.604932158
817.5,16277.00572,16.27700572,8175,733,800,5417,9804,4054,6786,96625,318,1404,130,2.902076199
817.75,16279.01844,16.27901844,8177.5,741,831,5345,9671,4088,6083,96657,364,1283,155,2.392618347
818,16281.03117,16.28103117,8180,704,833,5199,9491,3964,6368,94682,234,1351,269,2.830164766
818.25,16283.04389,16.28304389,8182.5,683,888,5236,9577,4050,6301,94313,494,1275,107,2.577517162
818.5,16285.05662,16.28505662,8185,734,891,5231,10035,4067,6520,95565,151,1499,184,2.754752107
818.75,16287.06934,16.28706934,8187.5,729,931,4983,9539,3941,6622,94172,232,1254,259,2.855572676
819,16289.08207,16.28908207,8190,663,885,4946,9285,3887,6142,92171,288,1321,190,3.053909557
819.25,16291.09479,16.29109479,8192.5,622,969,4985,9325,3882,6091,93369,149,1297,214,2.83376832
819.5,16293.10752,16.29310752,8195,635,901,5109,9526,4037,6355,94676,367,1327,240,3.221232547
819.75,16295.12024,16.29512024,8197.5,743,838,5157,9827,4088,6277,94174,274,1269,102,2.867510549
820,16297.13297,16.29713297,8200,667,910,4999,9600,3984,6122,92680,397,1285,140,2.72125579
820.25,16299.14569,16.29914569,8202.5,652,945,4996,9416,4064,6410,92368,326,1302,187,2.483342639
820.5,16301.15842,16.30115842,8205,633,907,4900,9405,3907,6335,91511,403,1351,182,2.850802139
820.75,16303.17114,16.30317114,8207.5,654,982,4907,9683,3765,6028,91395,393,1381,283,2.556834957
821,16305.18387,16.30518387,8210,660,869,4955,9823,3779,5876,90944,373,1408,219,2.676392048
821.25,16307.19659,16.30719659,8212.5,665,869,4915,9987,3761,5571,90788,282,1424,256,2.826560232
821.5,16309.20931,16.30920931,8215,677,1056,4947,10129,3694,5410,91838,358,1401,242,3.35394703
821.75,16311.22204,16.31122204,8217.5,598,962,4974,10031,3750,5318,90607,341,1457,249,2.731543624
822,16313.23476,16.31323476,8220,620,944,4939,9658,3978,5200,92255,371,1318,176,2.882268722
822.25,16315.24749,16.31524749,8222.5,560,936,4946,9282,3910,5424,91534,274,1317,157,2.751346871
822.5,16317.26021,16.31726021,8225,617,963,4913,9520,3889,4783,92265,267,1331,153,2.38718663
822.75,16319.27294,16.31927294,8227.5,603,895,4910,9676,3911,5015,89916,252,1383,93,2.632054176
823,16321.28566,16.32128566,8230,566,898,4823,9875,3896,4934,92959,299,1445,141,2.593244054
823.25,16323.29839,16.32329839,8232.5,575,904,4923,9232,3775,5387,92229,256,1365,170,3.083709621
823.5,16325.31111,16.32531111,8235,578,971,4802,9055,3810,5699,90752,227,1260,214,2.54328215
823.75,16327.32384,16.32732384,8237.5,577,897,5064,9119,3962,5822,92897,294,1340,144,2.959608057
824,16329.33656,16.32933656,8240,596,951,4772,9055,3806,5894,91909,204,1385,155,2.394899883
824.25,16331.34929,16.33134929,8242.5,533,975,4880,8889,3833,5987,91491,479,1291,222,2.897871874
824.5,16333.36201,16.33336201,8245,604,938,4826,9115,3877,6092,93850,358,1293,131,3.5164791
824.75,16335.37474,16.33537474,8247.5,587,1032,4636,8880,3803,6714,92767,320,1239,172,2.671719074
825,16337.38746,16.33738746,8250,595,1008,4863,8537,3753,7432,93731,143,1291,129,3.203514262
825.25,16339.40019,16.33940019,8252.5,523,997,4887,8329,3686,7504,91340,400,1223,152,3.087303423
825.5,16341.41291,16.34141291,8255,485,990,4743,8407,3863,6979,92084,316,1274,177,2.825522788
825.75,16343.42564,16.34342564,8257.5,533,991,4809,8490,3671,6149,90779,233,1387,231,2.660093515
826,16345.43836,16.34543836,8260,582,930,4772,8735,3826,5491,90691,190,1279,135,2.792167426
826.25,16347.45109,16.34745109,8262.5,590,1019,4768,8836,3781,5158,89186,438,1215,254,2.762717058
826.5,16349.46381,16.34946381,8265,609,974,4771,8558,3916,4998,87776,496,1362,125,2.908558654
826.75,16351.47654,16.35147654,8267.5,578,972,4844,8634,3901,5071,89197,388,1299,169,2.785451573
827,16353.48926,16.35348926,8270,569,1007,4743,8975,3765,5225,88363,247,1402,170,2.972721368
827.25,16355.50199,16.35550199,8272.5,615,1000,4876,9375,3950,4856,87869,279,1315,152,2.587974325
827.5,16357.51471,16.35751471,8275,640,994,4746,9874,3858,4775,87149,267,1314,238,2.479642789
827.75,16359.52744,16.35952744,8277.5,597,949,4833,9217,3938,5904,90153,193,1270,188,2.612307692
828,16361.54016,16.36154016,8280,617,880,4865,9535,4021,5101,88182,253,1327,158,3.083691236
828.25,16363.55289,16.36355289,8282.5,686,862,4895,9508,3885,4515,88711,312,1339,183,2.340445999
828.5,16365.56561,16.36556561,8285,591,901,4827,9330,3714,4154,84449,275,1424,237,2.516070054
828.75,16367.57834,16.36757834,8287.5,614,901,5113,9082,3677,5186,85983,347,1683,242,3.005714286
829,16369.59106,16.36959106,8290,695,885,5010,7932,3690,5345,87176,230,1419,282,2.532962448
829.25,16371.60379,16.37160379,8292.5,610,886,4974,5845,3988,6198,96270,221,1209,242,2.380694912
829.5,16373.61651,16.37361651,8295,624,900,5106,4089,3906,7197,101943,261,990,196,2.83740434
829.75,16375.62924,16.37562924,8297.5,594,902,4902,3897,3890,9178,103227,227,901,156,2.904142012
830,16377.64196,16.37764196,8300,641,901,4799,4058,3891,10704,100630,366,872,163,2.748399091
830.25,16379.65469,16.37965469,8302.5,570,934,4906,3969,3833,8459,99063,343,960,189,2.566295979
830.5,16381.66741,16.38166741,8305,542,1077,4823,4111,3924,6978,101278,343,981,137,2.527780287
830.75,16383.68014,16.38368014,8307.5,586,1030,4688,3815,3800,7012,107275,326,958,77,2.555968762
831,16385.69286,16.38569286,8310,555,1078,4744,4587,3770,2823,115337,430,898,226,2.839234143
831.25,16387.70559,16.38770559,8312.5,494,991,4824,5684,3679,2655,132198,345,1065,219,2.642004049
831.5,16389.71831,16.38971831,8315,581,992,4989,6086,3864,2765,104331,231,1126,214,2.330481193
831.75,16391.73104,16.39173104,8317.5,640,952,5253,6428,4130,2712,95612,171,1289,164,2.264207721
832,16393.74376,16.39374376,8320,622,956,5043,6521,3814,2169,94993,309,1140,199,2.604756086
832.25,16395.75649,16.39575649,8322.5,554,1093,4821,5286,3648,1918,106150,308,1103,205,3.159454322
832.5,16397.76921,16.39776921,8325,629,1016,5071,6295,3667,1800,100474,293,1026,166,2.552994962
832.75,16399.78194,16.39978194,8327.5,669,917,5380,7327,4217,2081,96539,143,1145,130,2.68703254
833,16401.79466,16.40179466,8330,640,920,5058,7343,3831,2010,94398,283,1140,227,2.628476302
833.25,16403.80739,16.40380739,8332.5,657,919,5252,7536,3900,1873,96070,296,1171,193,2.673069715
833.5,16405.82011,16.40582011,8335,641,905,5224,7068,4095,1855,98576,223,1156,209,2.466240718
833.75,16407.83284,16.40783284,8337.5,673,836,5282,8594,4204,1997,93896,333,1236,171,2.815394051
834,16409.84556,16.40984556,8340,696,920,5134,8509,4041,1970,90440,301,1174,120,2.880384325
834.25,16411.85828,16.41185828,8342.5,699,933,5178,8330,3978,2039,92374,308,1338,281,2.454244861
834.5,16413.87101,16.41387101,8345,717,981,5170,8583,4136,1841,91566,337,1249,161,2.971686813
834.75,16415.88373,16.41588373,8347.5,675,1017,4935,7992,3744,1941,92906,271,1194,244,2.578817491
835,16417.89646,16.41789646,8350,651,980,4779,8042,3777,1855,93464,292,1232,198,3.365508836
835.25,16419.89084,16.41989084,8352.5,613,1009,4888,9578,3901,1904,92255,392,1393,94,2.869086796
835.5,16421.88521,16.42188521,8355,600,1048,4878,10566,3580,1941,89860,339,1355,182,3.075158401
835.75,16423.87959,16.42387959,8357.5,587,996,4606,10417,3538,1893,89053,241,1416,153,3.07141302
836,16425.87397,16.42587397,8360,674,949,4756,11569,3709,2093,86297,248,1468,212,2.803909206
836.25,16427.86835,16.42786835,8362.5,726,839,5195,11736,3922,2056,86057,351,1435,192,2.692723451
836.5,16429.86272,16.42986272,8365,672,979,4806,8405,3585,2444,85244,370,1193,195,2.395138266
836.75,16431.8571,16.4318571,8367.5,709,1082,4383,6754,3393,2532,88475,410,1157,138,2.957508498
837,16433.85148,16.43385148,8370,639,1090,3878,9559,2810,1238,109790,283,1254,239,3.017001381
837.25,16435.84586,16.43584586,8372.5,617,1103,3962,7725,3172,2291,83754,481,1096,138,2.647891311
837.5,16437.84024,16.43784024,8375,604,1034,4176,10076,3119,2526,83515,315,1383,172,2.623909986
837.75,16439.83461,16.43983461,8377.5,619,1089,4307,11108,3065,2653,75232,327,1677,176,2.732467779
838,16441.82899,16.44182899,8380,645,976,4453,11150,3054,2432,75034,311,1482,265,2.527582106
838.25,16443.82337,16.44382337,8382.5,743,950,4333,11648,3331,2673,76913,351,1572,188,2.835358025
838.5,16445.81775,16.44581775,8385,615,1031,4087,11223,3261,2658,74971,409,1452,143,2.730452281
838.75,16447.81212,16.44781212,8387.5,621,1042,4168,10959,3124,2786,72735,303,1487,192,2.574806689
839,16449.8065,16.4498065,8390,638,1029,4199,10501,3141,3301,73504,289,1424,66,3.188191882
839.25,16451.80088,16.45180088,8392.5,658,1067,4118,10388,3103,3169,74399,457,1589,154,2.901706345
839.5,16453.79526,16.45379526,8395,617,1120,4017,10677,3025,3166,73983,496,1513,191,2.773776722
839.75,16455.78963,16.45578963,8397.5,599,1051,4070,10730,3003,3138,73140,382,1405,121,2.716901408
840,16457.78401,16.45778401,8400,690,1071,4031,10865,3151,2895,74273,434,1528,126,2.824797062
840.25,16459.77839,16.45977839,8402.5,639,1121,4058,10959,3017,3074,73824,367,1539,186,2.708799267
840.5,16461.77277,16.46177277,8405,635,1043,3998,11111,2829,3329,73711,487,1397,170,2.593317252
840.75,16463.76714,16.46376714,8407.5,629,1141,3894,10676,3007,2922,80858,396,1376,183,2.193317782
841,16465.76152,16.46576152,8410,650,1146,4009,10473,2929,3475,73137,282,1387,190,2.768839801
841.25,16467.7559,16.4677559,8412.5,629,1147,4016,10776,3043,3975,74261,254,1441,137,2.640787217
841.5,16469.75028,16.46975028,8415,582,1110,3901,11327,3104,4354,74326,365,1436,145,2.124090842
841.75,16471.74465,16.47174465,8417.5,691,1180,4043,10996,2928,3932,78770,375,1499,297,2.924200278
842,16473.73903,16.47373903,8420,664,1090,4052,10977,3007,4246,77420,453,1458,196,2.751929438
842.25,16475.73341,16.47573341,8422.5,645,1077,3997,10545,3003,3038,76840,342,1421,177,2.894865765
842.5,16477.72779,16.47772779,8425,689,1076,4023,11275,2973,3647,78873,442,1359,225,3.076159279
842.75,16479.72216,16.47972216,8427.5,635,1123,3819,10465,2945,3133,77566,558,1582,176,2.763420724
843,16481.71654,16.48171654,8430,678,1143,3822,10779,3133,3264,76754,315,1382,89,2.822635135
843.25,16483.71092,16.48371092,8432.5,711,1049,4228,11577,3213,4349,78790,351,1555,164,2.555623525
843.5,16485.7053,16.4857053,8435,712,1116,4026,11297,3057,4171,77451,490,1435,231,2.785086502
843.75,16487.69967,16.48769967,8437.5,688,1011,4113,10791,3100,3596,78435,467,1441,156,2.522391946
844,16489.69405,16.48969405,8440,720,1175,4036,11243,3192,3906,79694,309,1522,149,2.235660391
844.25,16491.68843,16.49168843,8442.5,676,1009,4139,11049,3058,3731,79295,315,1434,151,2.651359462
844.5,16493.68281,16.49368281,8445,735,1019,4199,11045,3055,4225,78862,349,1391,208,2.699470996
844.75,16495.67718,16.49567718,8447.5,696,986,4373,11071,3108,4776,79367,438,1448,154,3.029120262
845,16497.67156,16.49767156,8450,751,993,4307,11103,3148,4878,78857,296,1518,151,2.378138848
845.25,16499.66594,16.49966594,8452.5,686,1045,4139,10918,3297,4854,78962,443,1314,192,2.958238043
845.5,16501.66032,16.50166032,8455,637,1036,4147,11361,3312,5778,80379,287,1296,101,2.965217391
845.75,16503.65469,16.50365469,8457.5,709,1055,4448,11070,3177,4982,80354,396,1402,196,2.925099447
846,16505.64907,16.50564907,8460,692,1173,4133,11191,3073,4800,81023,360,1359,176,3.111309274
846.25,16507.64345,16.50764345,8462.5,659,1174,4007,11042,3116,4362,77973,579,1399,136,2.286856195
846.5,16509.63783,16.50963783,8465,669,1232,3997,10745,2975,4487,78328,478,1420,164,2.891873932
846.75,16511.6322,16.5116322,8467.5,629,1186,3876,10712,3034,4323,76516,425,1464,145,2.515641945
847,16513.62658,16.51362658,8470,635,1290,3767,10289,2862,4393,72536,365,1394,177,2.766824237
847.5,16517.61534,16.51761534,8475,553,1287,3701,10435,2900,4797,71799,394,1309,97,3.480663616
848,16521.60409,16.52160409,8480,655,1208,3829,11391,2732,4907,73199,242,1430,234,2.778394107
848.25,16523.59847,16.52359847,8482.5,695,1235,3996,11710,3169,4999,76856,419,1529,167,2.662201867
848.5,16525.59285,16.52559285,8485,699,1187,3901,11030,2891,5063,74594,558,1449,152,2.959887798
848.75,16527.58722,16.52758722,8487.5,677,1156,3926,10634,2874,4787,74595,413,1540,171,2.712942624
849,16529.5816,16.5295816,8490,636,1341,3633,10864,3031,4917,73751,373,1341,74,2.788894664
849.25,16531.57598,16.53157598,8492.5,638,1150,3784,11037,2906,4680,74707,538,1431,185,2.755346299
849.5,16533.57036,16.53357036,8495,652,1145,3845,10525,3101,4715,74405,436,1338,92,3.126253748
849.75,16535.56474,16.53556474,8497.5,669,1266,3560,10202,2731,4723,70145,405,1286,134,2.807003755
850,16537.55911,16.53755911,8500,683,1226,3715,11605,2855,6261,73693,412,1500,184,2.587609565
850.25,16539.55349,16.53955349,8502.5,718,1169,3844,12333,3030,5939,73512,457,1582,171,2.727824922
850.5,16541.54787,16.54154787,8505,693,1199,3924,13601,3133,5611,76318,539,1551,201,3.050775595
850.75,16543.54225,16.54354225,8507.5,695,1153,3703,11967,2941,5342,76997,427,1478,177,2.9897441
851,16545.53662,16.54553662,8510,641,1094,3677,12112,2929,5366,72902,417,1508,150,2.859485003
851.25,16547.531,16.547531,8512.5,706,1133,3648,11402,2804,5338,70346,413,1468,151,3.378438426
852,16553.51413,16.55351413,8520,695,1297,3201,10289,2580,3819,66939,431,1522,129,2.504486229
852.25,16555.50851,16.55550851,8522.5,638,1255,3318,10032,2547,4148,71802,526,1445,160,2.664217549
853.25,16563.48602,16.56348602,8532.5,701,1275,3292,9697,2510,5830,67811,622,1293,216,2.683110853
854,16569.46915,16.56946915,8540,578,1247,3317,10772,2784,5532,67150,395,1430,115,2.916038256
854.25,16571.46353,16.57146353,8542.5,731,1111,3649,9872,2951,6070,71483,361,1334,206,2.799091511
854.5,16573.45791,16.57345791,8545,638,1187,3753,5991,2946,16904,70661,480,1062,181,3.03627291
858.5,16605.44018,16.60544018,8585,630,1380,2050,5835,1584,779,74858,567,1046,67,2.744541846
858.75,16607.43972,16.60743972,8587.5,680,1150,3938,8536,2609,1009,84485,307,1400,216,2.807557029
859,16609.43926,16.60943926,8590,716,851,5699,11375,3763,1527,100013,225,1548,253,2.54523319
859.25,16611.4388,16.6114388,8592.5,701,818,5418,11372,3817,1479,112617,244,1458,216,2.803428076
859.5,16613.43833,16.61343833,8595,674,872,5448,11353,3906,2902,108832,261,1414,178,3.041170348
859.75,16615.43787,16.61543787,8597.5,717,839,5666,12351,3940,9400,93313,233,1525,284,2.429112817
860,16617.43741,16.61743741,8600,801,764,5700,14174,4026,10393,89640,196,1537,253,2.543176641
860.25,16619.43695,16.61943695,8602.5,740,802,5570,14225,3966,8677,90740,135,1668,268,3.074692757
860.5,16621.43648,16.62143648,8605,719,813,5667,13898,3931,6941,91428,244,1576,317,2.519500933
860.75,16623.43602,16.62343602,8607.5,758,816,5685,14021,3875,5788,91714,346,1663,324,2.244666441
861,16625.43556,16.62543556,8610,770,844,5795,13966,3979,4995,94249,173,1684,227,2.47565758
861.25,16627.43509,16.62743509,8612.5,715,830,5589,13724,3989,4949,93782,209,1490,292,2.539783517
861.5,16629.43463,16.62943463,8615,727,801,5630,14182,3980,4700,93089,385,1653,276,3.145592958
861.75,16631.43417,16.63143417,8617.5,774,811,5426,14358,4090,5038,91175,300,1714,179,2.641061592
862,16633.43371,16.63343371,8620,707,850,5510,15266,4127,5033,90548,220,1662,174,3.011562719
862.25,16635.43324,16.63543324,8622.5,755,800,5314,15855,3942,4784,89982,142,1707,211,3.04376705
862.5,16637.43278,16.63743278,8625,790,813,5293,16015,3917,4283,88353,142,1701,303,2.636541855
862.75,16639.43232,16.63943232,8627.5,723,832,5470,15882,3825,4423,86951,101,1735,213,2.36792625
863,16641.43185,16.64143185,8630,671,803,5746,14033,4003,4082,88020,54,1671,228,2.087191919
863.25,16643.43139,16.64343139,8632.5,750,846,5757,13396,3989,3817,92529,296,1522,203,2.833225038
863.5,16645.43093,16.64543093,8635,722,842,5471,12655,3928,4086,91729,375,1451,204,2.480617924
863.75,16647.43047,16.64743047,8637.5,657,879,5540,12816,3869,4559,91250,233,1497,197,2.543499511
864,16649.43,16.64943,8640,742,932,5403,13083,3976,4776,90718,230,1502,199,2.656740606
864.25,16651.42954,16.65142954,8642.5,728,905,5435,13388,3893,4295,91685,326,1526,256,2.449171271
864.5,16653.42908,16.65342908,8645,709,910,5593,13778,3892,4562,91988,123,1586,264,2.400125967
864.75,16655.42862,16.65542862,8647.5,701,988,5480,14278,3851,4887,91871,350,1554,276,2.260950923
865,16657.42815,16.65742815,8650,581,1012,5279,14077,3783,4937,91762,321,1507,288,2.33727758
865.25,16659.42769,16.65942769,8652.5,684,977,5329,13597,3934,4698,92037,412,1634,229,2.952998748
865.5,16661.42723,16.66142723,8655,616,953,5502,14031,3858,4700,92393,190,1606,349,2.57141495
865.75,16663.42676,16.66342676,8657.5,634,936,5294,14064,3857,4456,90867,354,1505,303,2.689472007
866,16665.4263,16.6654263,8660,683,967,5292,13925,4008,4615,92497,222,1418,241,2.534703604
866.25,16667.42584,16.66742584,8662.5,652,980,5284,13985,3928,4376,93781,312,1584,257,2.573692552
866.5,16669.42538,16.66942538,8665,659,1010,5295,13231,4137,4656,93618,263,1636,310,2.274647285
866.75,16671.42491,16.67142491,8667.5,670,1003,5324,13790,4100,4421,93173,372,1548,230,2.410348668
867,16673.42445,16.67342445,8670,670,1007,5418,13639,4077,4537,94687,312,1515,243,2.324095122
867.25,16675.42399,16.67542399,8672.5,643,1047,5476,14342,4009,4293,93617,278,1532,268,2.24697479
867.5,16677.42352,16.67742352,8675,652,927,5436,12885,4014,4123,93508,301,1521,223,2.6592667
867.75,16679.42306,16.67942306,8677.5,633,993,5537,13804,4142,4746,95535,347,1545,220,3.025187507
868,16681.4226,16.6814226,8680,734,924,5513,14215,4166,4550,93546,303,1562,114,2.47212932
868.25,16683.42214,16.68342214,8682.5,703,877,5332,13941,4264,4001,93665,336,1659,165,2.379868444
868.5,16685.42167,16.68542167,8685,755,888,5479,13447,4060,4596,95415,167,1520,246,2.446049122
868.75,16687.42121,16.68742121,8687.5,732,981,5740,12632,4167,4842,97875,160,1511,179,2.492099945
869,16689.42075,16.68942075,8690,711,926,5449,12567,4302,4851,97030,224,1551,146,2.766029365
869.25,16691.42029,16.69142029,8692.5,708,944,5577,12447,4095,5672,96990,353,1537,254,2.756010686
869.5,16693.41982,16.69341982,8695,708,1009,5504,12112,4167,6147,97211,292,1518,238,2.567278145
869.75,16695.41936,16.69541936,8697.5,658,924,5107,11861,4078,6223,93996,415,1633,219,2.322827287
870,16697.4189,16.6974189,8700,668,934,5192,12723,4125,6004,92807,355,1637,136,2.274003272
870.25,16699.41843,16.69941843,8702.5,730,938,5228,12649,3914,6673,92627,279,1749,220,2.877135279
870.5,16701.41797,16.70141797,8705,656,929,5297,12607,3962,4909,89833,345,1788,181,2.473573344
871,16705.41705,16.70541705,8710,693,934,5260,9162,4044,5846,94590,204,1473,187,2.660363859
871.25,16707.41658,16.70741658,8712.5,663,922,5548,9875,3954,5691,92467,339,1365,212,2.25094229
871.5,16709.41612,16.70941612,8715,749,889,5602,9401,4018,5056,95668,176,1352,240,2.413103252
871.75,16711.41566,16.71141566,8717.5,712,942,5595,9624,4103,5809,96468,268,1453,199,2.448936943
872,16713.41519,16.71341519,8720,688,802,5567,9634,4159,5744,95826,212,1288,199,2.474533681
872.25,16715.41473,16.71541473,8722.5,732,916,5359,9607,4017,4601,92263,270,1408,306,2.552210183
872.5,16717.41427,16.71741427,8725,728,904,5440,10216,4199,3968,94057,321,1439,208,2.44031854
872.75,16719.41381,16.71941381,8727.5,685,884,5362,10330,4035,4065,92570,207,1404,257,2.350021468
873,16721.41334,16.72141334,8730,722,872,5411,8644,4216,5546,95550,204,1429,229,2.455350815
873.5,16723.41288,16.72341288,8735,658,1016,5230,5821,3969,9797,109901,383,1100,246,3.272170534
874,16729.41149,16.72941149,8740,619,1125,5036,4245,3892,15114,116811,349,963,202,2.330834195
875.25,16739.02251,16.73902251,8752.5,598,1109,4808,5061,3790,10135,115044,513,865,40,2.889430732
875.5,16740.63537,16.74063537,8755,644,1020,4941,5945,3785,6064,106167,338,1033,234,3.403253636
875.75,16742.24823,16.74224823,8757.5,637,1073,5087,7146,3778,4369,104749,310,1098,197,2.472248434
876,16743.8611,16.7438611,8760,609,991,5049,7670,3688,3770,100521,354,1192,137,2.869175992
876.25,16745.47396,16.74547396,8762.5,675,1056,5125,8251,3727,4005,93346,324,1298,203,3.431389796
876.5,16747.08683,16.74708683,8765,655,1003,5016,8558,3681,4015,89789,246,1303,213,3.073672566
876.75,16748.69969,16.74869969,8767.5,613,996,4831,7819,3596,2689,91488,335,1094,176,3.30242073
877,16750.31256,16.75031256,8770,657,1163,4571,5838,3393,2447,96256,371,853,143,3.005551558
877.25,16751.92542,16.75192542,8772.5,584,1009,4496,8503,3412,2562,85098,365,1223,114,2.748233655
877.5,16753.53829,16.75353829,8775,580,979,4620,9558,3248,2652,82031,344,1370,219,3.091273375
877.75,16755.15115,16.75515115,8777.5,610,979,4669,10164,3282,2721,80462,309,1408,236,2.505530973
878,16756.76401,16.75676401,8780,665,1038,4751,10207,3408,2772,81449,285,1402,180,2.704011065
878.25,16758.37688,16.75837688,8782.5,646,985,4712,10462,3661,2540,82158,323,1513,145,2.907044907
878.5,16759.98974,16.75998974,8785,633,1006,4660,10535,3457,2804,81597,368,1356,215,2.7748686
878.75,16761.60261,16.76160261,8787.5,648,900,4975,10767,3528,2703,81530,350,1419,240,2.858481915
879,16763.21547,16.76321547,8790,631,959,4988,11072,3543,3077,82883,289,1442,258,2.751496409
879.25,16764.82834,16.76482834,8792.5,629,1010,4940,10997,3478,3142,82154,309,1440,161,2.703518082
879.5,16766.4412,16.7664412,8795,636,1069,4747,11040,3629,3300,84499,354,1438,105,2.650906373
879.75,16768.05406,16.76805406,8797.5,641,1154,4568,10703,3514,3556,83074,448,1392,262,2.617792109
880,16769.66693,16.76966693,8800,633,1055,4615,10470,3566,4231,82755,361,1639,153,3.195452964
880.25,16771.27979,16.77127979,8802.5,605,989,4637,10712,3400,4251,83680,292,1428,250,2.618585821
880.5,16772.89266,16.77289266,8805,638,1057,4908,10930,3606,4665,84232,388,1407,179,2.599047619
880.75,16774.50552,16.77450552,8807.5,629,1071,4801,10745,3523,4853,84863,236,1521,188,2.857699006
881,16776.11839,16.77611839,8810,635,1056,4866,10754,3719,4962,85951,256,1427,143,3.024708233
881.25,16777.73125,16.77773125,8812.5,633,1122,4615,11037,3575,5509,88443,348,1352,205,3.247100296
881.5,16779.34412,16.77934412,8815,649,1121,4791,11130,3654,5730,87777,385,1453,129,2.905428716
881.75,16780.95698,16.78095698,8817.5,697,1028,4970,11474,3851,6707,88784,277,1465,119,3.235902802
882,16782.56984,16.78256984,8820,593,1097,4860,11107,3598,7143,88344,263,1428,253,2.88356599
882.25,16784.18271,16.78418271,8822.5,691,1024,4859,11048,3566,6920,88866,352,1530,229,2.492694948
882.5,16785.79557,16.78579557,8825,595,1032,4835,11401,3543,7741,92226,403,1387,233,2.803437816
882.75,16787.40844,16.78740844,8827.5,651,1073,4918,11683,3860,7579,89777,376,1434,199,2.436699486
883,16789.0213,16.7890213,8830,692,1160,5004,11611,3808,7753,89514,369,1410,231,2.81871345
883.25,16790.63417,16.79063417,8832.5,644,1136,4838,11541,3728,7831,88712,290,1436,177,2.877074059
883.5,16792.24703,16.79224703,8835,631,1101,4865,11329,3773,8205,89358,381,1496,191,3.05002713
883.75,16793.8599,16.7938599,8837.5,668,1067,4733,11336,3644,8051,89560,298,1496,187,3.044937795
884,16795.47276,16.79547276,8840,612,1078,4865,11290,3764,7981,89922,186,1506,185,2.855043082
884.25,16797.08562,16.79708562,8842.5,703,999,4818,11317,3771,8100,89246,412,1585,114,2.643512937
884.5,16798.69849,16.79869849,8845,648,1115,4731,11474,3638,8002,87389,384,1445,164,2.44143989
884.75,16800.31135,16.80031135,8847.5,586,977,4909,11282,3699,8202,87556,271,1423,147,2.977171845
885,16801.92422,16.80192422,8850,670,1042,4810,11232,3737,7713,87847,233,1529,163,3.088464411
885.25,16803.53708,16.80353708,8852.5,608,989,4738,11000,3449,7832,85542,311,1452,239,2.785530228
885.5,16805.14995,16.80514995,8855,584,1096,4706,10983,3635,7783,85780,378,1400,169,3.431258508
885.75,16806.76281,16.80676281,8857.5,600,1031,4673,11060,3652,7717,85680,357,1347,77,2.665970574
886,16808.37567,16.80837567,8860,619,1072,4577,11129,3722,7589,85689,377,1376,112,2.445104647
886.25,16809.98854,16.80998854,8862.5,562,1031,4549,10795,3399,7753,83524,344,1399,200,2.902717564
886.5,16811.6014,16.8116014,8865,602,986,4517,11100,3362,8084,83443,220,1464,214,2.660633046
886.75,16813.21427,16.81321427,8867.5,640,1083,4465,11214,3609,8144,84092,225,1325,193,3.471136185
887,16814.82713,16.81482713,8870,631,958,4340,10985,3367,8217,81495,448,1329,185,2.333303957
887.25,16816.44,16.81644,8872.5,549,1061,4235,10876,3208,8141,80989,376,1483,246,2.618575553
887.5,16818.05286,16.81805286,8875,557,1019,4035,10698,3349,8100,79003,498,1440,91,3.097146055
887.75,16819.66573,16.81966573,8877.5,576,1179,4466,11220,3395,8226,80947,375,1385,121,2.989466965
888,16821.27859,16.82127859,8880,654,1139,4371,12200,3412,8354,81948,336,1544,194,3.129744341
888.25,16822.89145,16.82289145,8882.5,660,1122,4422,12966,3387,8103,82029,335,1513,162,2.9961257
888.5,16824.50432,16.82450432,8885,687,1060,4401,13452,3331,7528,76782,357,1629,233,2.417175314
888.75,16826.11718,16.82611718,8887.5,658,1073,4226,12999,3302,7399,76970,364,1598,157,3.488239034
889,16827.73005,16.82773005,8890,619,1154,4109,11653,3268,6046,77417,372,1603,149,2.201743462
889.25,16829.34291,16.82934291,8892.5,629,1076,4342,14072,3335,5270,82125,391,1646,169,2.200477327
889.5,16830.95578,16.83095578,8895,567,1096,3969,7184,3191,4891,97301,224,1222,76,3.042260961
889.75,16832.56864,16.83256864,8897.5,614,1103,4298,6333,3262,5614,85125,413,1057,107,3.329085116
890,16834.18151,16.83418151,8900,572,1067,3910,8608,2938,3585,84235,435,1193,127,2.442357625
890.25,16835.79437,16.83579437,8902.5,581,1163,3740,9411,2782,3007,81026,358,1435,190,3.417587757
890.5,16837.40723,16.83740723,8905,520,1202,3743,10104,2958,4593,71645,313,1457,98,2.933375702
890.75,16839.0201,16.8390201,8907.5,581,1129,4085,10360,3014,5254,73228,312,1453,134,2.909644449
891,16840.63296,16.84063296,8910,574,1083,3901,10255,3014,5002,71670,326,1346,115,3.165201507
891.25,16842.24583,16.84224583,8912.5,596,1094,3913,10088,2987,4964,73302,238,1434,157,3.101036552
891.5,16843.85869,16.84385869,8915,554,1027,3891,10785,3068,5458,73111,281,1491,145,2.312459283
892,16847.08442,16.84708442,8920,547,1057,4353,10467,3172,4937,75387,336,1369,204,3.046650974
892.25,16848.69728,16.84869728,8922.5,579,1061,4227,10820,3272,4093,80325,212,1435,179,3.429295908
892.5,16850.31015,16.85031015,8925,614,1226,4122,10696,3280,3773,83810,464,1469,144,2.7081857
892.75,16851.92301,16.85192301,8927.5,670,1231,4395,11143,3412,4020,85146,347,1431,71,2.645059841
893,16853.53588,16.85353588,8930,631,1156,4419,11221,3477,3799,86579,364,1549,64,2.797028766
893.25,16855.14874,16.85514874,8932.5,587,1229,4334,10889,3147,4139,79962,320,1597,190,3.403124271
893.5,16856.76161,16.85676161,8935,604,1141,4290,11045,3239,3578,86621,411,1443,168,3.713598379
893.75,16858.37447,16.85837447,8937.5,644,1113,4370,11514,3383,3807,87371,445,1491,195,2.7301812
894,16859.98734,16.85998734,8940,678,1082,4647,11696,3706,4298,84175,398,1506,119,3.003982349
894.25,16861.6002,16.8616002,8942.5,604,1166,4260,10863,3195,3528,83092,371,1407,259,3.162162162
894.5,16863.21306,16.86321306,8945,607,1157,4183,10212,3242,3355,87832,316,1440,203,3.203654778
894.75,16864.82593,16.86482593,8947.5,575,1238,3961,9311,3224,2964,95718,359,1289,50,3.328138914
895,16866.43879,16.86643879,8950,651,1171,4245,10799,3197,3485,83278,362,1381,200,2.66090325
895.25,16868.13963,16.86813963,8952.5,662,1062,4441,10929,3366,3893,82241,437,1484,53,3.358643352
895.5,16869.84047,16.86984047,8955,647,1166,4235,10800,3366,3340,85300,431,1297,146,2.660830695
895.75,16871.54131,16.87154131,8957.5,632,1118,3861,10647,3083,3075,85753,368,1329,222,2.629043853
896,16873.24215,16.87324215,8960,630,1238,4338,10442,3223,3556,80963,150,1359,166,3.013286278
896.25,16874.94299,16.87494299,8962.5,676,1198,4364,10856,3316,4103,79596,437,1304,150,2.929006085
896.5,16876.64383,16.87664383,8965,654,1194,4330,11469,3377,4133,84477,417,1395,195,2.634663227
896.75,16878.34467,16.87834467,8967.5,741,1148,4488,11566,3434,4474,84078,362,1471,164,2.662692273
897,16880.04551,16.88004551,8970,646,1096,4497,11619,3546,4398,85159,365,1411,109,2.916309013
897.25,16881.74635,16.88174635,8972.5,675,1141,4410,11442,3347,4217,82917,417,1334,166,2.664415048
897.5,16883.44719,16.88344719,8975,559,1105,4398,11136,3209,4298,82716,322,1416,177,3.443196751
897.75,16885.14803,16.88514803,8977.5,602,1068,4448,11186,3437,4351,85489,290,1476,88,3.087103456
898,16886.84887,16.88684887,8980,695,1067,4491,11264,3610,4568,84567,191,1398,46,3.08888406
898.25,16888.54971,16.88854971,8982.5,558,1084,4268,11223,3389,4644,83010,371,1474,207,3.140174528
898.5,16890.25055,16.89025055,8985,698,1028,4296,11286,3400,4588,82523,261,1361,185,2.573301981
898.75,16891.95139,16.89195139,8987.5,603,943,3764,10098,2989,4357,76965,175,1213,140,2.606389047
900.15,16902.15643,16.90215643,9001.5,652,907,4055,10661,3112,4440,76076,230,1332,168,3.736300377
900.4,16903.85727,16.90385727,9004,668,859,4010,11198,3122,5148,77759,346,1396,104,3.325336927
900.65,16905.55812,16.90555812,9006.5,642,819,4196,11423,3252,5498,78781,220,1415,156,3.630874395
900.9,16907.25896,16.90725896,9009,628,815,4065,10815,3198,4886,79119,386,1402,63,3.01902525
901.15,16908.9598,16.9089598,9011.5,759,960,4512,11654,3562,5028,83351,463,1604,142,2.86383157
901.4,16910.66064,16.91066064,9014,744,1028,4744,12367,3734,5441,87963,295,1571,129,4.490099794
901.65,16912.36148,16.91236148,9016.5,703,1196,4591,11965,3559,5606,87586,345,1498,110,3.133209078
901.9,16914.06232,16.91406232,9019,624,1085,4370,11205,3293,5328,84810,436,1481,123,3.206356413
902.15,16915.76316,16.91576316,9021.5,624,1082,4422,11329,3394,5457,85164,562,1531,147,2.889832201
902.4,16917.464,16.917464,9024,734,1067,4533,11442,3534,5127,85697,414,1510,62,3.472972973
902.65,16919.16484,16.91916484,9026.5,625,1005,4234,11360,3363,4637,87543,393,1437,191,3.775581552
902.9,16920.86568,16.92086568,9029,697,1046,4473,11926,3571,4985,91090,350,1517,67,4.280023781
903.15,16922.56652,16.92256652,9031.5,638,1082,4543,11382,3445,5025,85548,451,1473,86,4.058555998
903.4,16924.26736,16.92426736,9034,655,1038,4613,11383,3418,4916,86546,413,1489,143,3.425577465
903.65,16925.9682,16.9259682,9036.5,665,1070,4396,11292,3457,4802,86343,326,1377,149,3.812143709
903.9,16927.66904,16.92766904,9039,722,1105,4569,11418,3493,5202,86840,486,1455,111,3.089795918
904.15,16929.36988,16.92936988,9041.5,656,1200,4522,11705,3599,5313,89663,483,1487,123,4.115055249
904.4,16931.07072,16.93107072,9044,653,1250,4537,11603,3462,4959,92455,436,1539,168,3.697265867
904.65,16932.77156,16.93277156,9046.5,660,1167,4540,11499,3487,5111,87836,519,1573,182,3.733417085
904.9,16934.4724,16.9344724,9049,739,1137,4591,11592,3512,5794,84681,524,1495,148,4.530959752
905.15,16936.17324,16.93617324,9051.5,725,1157,4519,11216,3475,5265,86564,476,1590,52,4.576646707
905.4,16937.87408,16.93787408,9054,617,1161,4433,10985,3354,4936,85983,476,1486,171,3.745803357
905.65,16939.57492,16.93957492,9056.5,656,1089,4280,11194,3458,5479,84281,436,1485,50,3.383873415
905.9,16941.27576,16.94127576,9059,679,1079,4327,11088,3197,4971,87287,467,1506,120,4.332079446
906.15,16942.9766,16.9429766,9061.5,750,979,4391,11025,3160,4826,84730,557,1587,184,3.654027261
906.4,16944.67744,16.94467744,9064,713,1183,4215,10814,3383,5165,81152,411,1434,57,3.393840028
906.65,16946.37828,16.94637828,9066.5,653,1109,4160,10877,3335,4928,85874,361,1451,36,3.753020476
906.9,16948.07912,16.94807912,9069,693,1029,4129,10450,3372,5167,83804,559,1476,100,3.482389163
907.15,16949.77996,16.94977996,9071.5,636,1096,4291,10937,3220,4669,87389,448,1340,99,3.765659448
907.4,16951.4808,16.9514808,9074,632,1088,4057,10418,3321,4521,85798,423,1370,103,4.231371453
907.65,16953.18164,16.95318164,9076.5,689,1020,4177,10531,3514,4966,85129,368,1484,22,3.975623117
907.9,16954.88248,16.95488248,9079,707,1088,4164,10768,3324,4845,85226,418,1359,143,3.684879288
908.15,16956.58332,16.95658332,9081.5,658,1106,4148,10887,3373,4745,87485,422,1432,39,3.96807152
908.4,16958.28416,16.95828416,9084,622,1080,4130,11057,3340,4818,82206,509,1546,114,4.634597451
908.65,16959.985,16.959985,9086.5,638,1085,4401,11026,3369,5311,80013,502,1499,125,3.757556515
908.9,16961.68584,16.96168584,9089,649,1106,4396,11280,3335,5286,81077,492,1417,141,3.501341791
909.15,16963.38668,16.96338668,9091.5,610,1087,4283,10903,3367,5369,81622,306,1432,26,3.917543176
909.4,16965.08752,16.96508752,9094,630,1128,3981,11119,3307,6015,80735,408,1434,87,3.534860924
909.65,16966.78836,16.96678836,9096.5,621,1092,4031,10765,3298,5037,85927,432,1548,44,3.500975134
909.9,16968.4892,16.9684892,9099,658,1024,4446,11517,3436,5670,83138,562,1544,79,3.959314192
910.15,16970.19004,16.97019004,9101.5,620,1089,4438,11310,3209,5251,84985,362,1531,85,3.518730613
910.4,16971.89088,16.97189088,9104,599,1030,4189,11001,3163,5485,82078,449,1391,153,3.513080685
910.65,16973.59172,16.97359172,9106.5,592,1104,4237,11198,3327,5589,82259,550,1423,104,4.303731912
910.9,16975.29256,16.97529256,9109,628,1056,4303,11104,3321,5538,84399,518,1443,54,3.492526431
911.15,16976.9934,16.9769934,9111.5,627,1077,4198,10916,3358,5196,81888,570,1345,67,3.920489297
911.4,16978.69424,16.97869424,9114,698,1046,4244,11185,3402,5372,82149,437,1530,79,4.468730259
911.65,16980.39508,16.98039508,9116.5,663,1046,4290,10955,3327,5431,80855,330,1527,136,4.035975115
911.9,16982.09592,16.98209592,9119,678,1013,4222,11323,3328,5399,81612,371,1387,144,3.464151856
912.15,16983.79676,16.98379676,9121.5,620,1043,4255,11038,3366,5259,84987,340,1483,87,4.108236309
912.4,16985.4976,16.9854976,9124,642,1042,4136,11316,3455,5764,83601,527,1540,56,3.79338843
912.65,16987.19844,16.98719844,9126.5,607,1087,4132,11438,3314,5681,82465,352,1506,160,4.279790419
912.9,16988.89928,16.98889928,9129,595,1125,4240,10944,3303,6233,81905,505,1490,54,3.631652483
913.15,16990.60012,16.99060012,9131.5,693,1074,4423,12506,3450,6278,85260,421,1512,79,4.019394773
913.4,16992.30096,16.99230096,9134,679,952,4138,11853,3412,6203,83970,392,1585,63,3.881444004
913.65,16994.0018,16.9940018,9136.5,711,1037,4153,11614,3312,6427,82317,413,1508,107,3.961672474
913.9,16995.70264,16.99570264,9139,641,1042,3995,11313,3210,6589,80914,405,1491,96,3.752473887
914.15,16997.40348,16.99740348,9141.5,674,1014,4014,11262,3188,6303,82593,325,1356,115,3.625970999
914.4,16999.10432,16.99910432,9144,696,977,3877,10814,3233,6340,78548,401,1496,22,3.092992939
914.65,17000.80516,17.00080516,9146.5,817,1025,3786,9682,2871,6468,74155,436,1363,94,4.311829537
914.9,17002.506,17.002506,9149,790,1029,3446,9133,2852,6657,70516,480,1317,24,4.808398531
915.15,17004.14803,17.00414803,9151.5,768,1095,3551,9903,2937,5890,71904,403,1483,89,3.794550541
915.65,17005.79006,17.00579006,9156.5,701,1017,3847,10032,3211,5984,76220,490,1415,122,3.816688062
915.9,17009.07412,17.00907412,9159,669,1074,3959,10412,3125,6125,81756,443,1565,112,4.561349693
916.15,17010.71616,17.01071616,9161.5,711,1034,3861,10166,2973,5857,77253,416,1443,101,4.327436154
916.4,17012.35819,17.01235819,9164,651,1003,3961,9853,3102,5736,77989,556,1426,87,3.186777574
916.65,17014.00022,17.01400022,9166.5,674,1107,3780,10084,2987,6161,78255,563,1445,114,3.877616131
916.9,17015.64225,17.01564225,9169,658,1054,4019,10064,3247,5919,78748,566,1353,89,3.698029007
917.15,17017.28428,17.01728428,9171.5,674,1060,3855,10156,3197,5682,79276,379,1440,60,4.109731131
917.4,17018.92631,17.01892631,9174,668,1022,3833,9824,3114,5607,79740,509,1414,76,3.277539813
917.65,17020.56834,17.02056834,9176.5,650,1085,3742,9755,3109,6012,78877,326,1302,44,3.039510914
917.9,17022.21037,17.02221037,9179,665,1060,3884,9906,3047,5242,79532,506,1156,71,4.359267047
918.15,17023.8524,17.0238524,9181.5,695,1072,3860,9876,3157,5486,80519,467,1363,140,3.46058428
918.4,17025.49444,17.02549444,9184,651,1122,3706,9484,3026,5125,80482,448,1331,141,3.240457607
918.65,17027.13647,17.02713647,9186.5,626,1140,3987,9866,3020,5052,83549,564,1391,142,3.469263878
918.9,17028.7785,17.0287785,9189,597,1090,3810,9594,3170,4988,80240,606,1300,43,3.402832598
919.15,17030.42053,17.03042053,9191.5,652,1068,3912,9751,3094,5256,83080,467,1336,156,5.021643498
919.4,17032.06256,17.03206256,9194,651,988,3990,9946,3147,5439,79782,567,1324,86,3.932806853
919.65,17033.70459,17.03370459,9196.5,687,1008,3842,9779,3175,6055,79249,588,1501,191,3.644185752
919.9,17035.34662,17.03534662,9199,641,1109,4011,10290,3245,6270,79694,512,1273,58,3.442475636
920.15,17036.98865,17.03698865,9201.5,646,1062,3966,10541,3174,5878,79135,286,1307,171,3.552816901
920.4,17038.63068,17.03863068,9204,639,994,3938,11392,3213,6314,80713,367,1395,108,4.071225476
920.65,17040.27272,17.04027272,9206.5,658,1005,3991,10823,3238,7369,79952,304,1453,82,3.976955982
920.9,17041.91475,17.04191475,9209,688,992,4106,10734,3037,7802,78932,221,1503,182,3.629394166
921.15,17043.55678,17.04355678,9211.5,717,994,3932,10933,3018,6932,77919,485,1465,109,4.702256117
921.4,17045.19881,17.04519881,9214,634,1011,3894,12545,3046,6631,78875,369,1575,108,3.66649912
921.9,17048.48287,17.04848287,9219,604,999,3458,9732,2837,6887,71995,434,1428,66,3.185922975
922.15,17050.1249,17.0501249,9221.5,697,1220,4042,10757,2987,8370,79228,411,1448,121,4.423026792
922.4,17051.76693,17.05176693,9224,616,1081,3893,10943,3016,6091,77793,490,1478,57,3.739697322
922.9,17055.051,17.055051,9229,721,1181,3619,10818,2973,6476,76442,287,1551,74,3.076946503
923.4,17058.33506,17.05833506,9234,626,1103,3216,9837,2612,5785,70753,509,1355,103,3.944975459
923.65,17059.97709,17.05997709,9236.5,706,1168,3178,9792,2538,6411,73861,522,1348,63,2.831514703
924.15,17063.26115,17.06326115,9241.5,715,1120,3582,10314,2754,7236,72518,523,1508,80,3.940432477
924.65,17064.90318,17.06490318,9246.5,686,1158,3347,9999,2793,7444,72418,306,1461,106,3.308264915
924.9,17068.18724,17.06818724,9249,699,1139,3212,10096,2584,5735,69271,422,1289,141,4.650372578
925.15,17069.82928,17.06982928,9251.5,641,1077,3185,10549,2656,6481,71852,599,1413,149,3.570037727
925.65,17071.47131,17.07147131,9256.5,636,1127,3045,9317,2578,5803,74778,493,1309,66,4.223752386
925.9,17074.75537,17.07475537,9259,630,1207,3002,9138,2607,6541,66260,452,1306,91,4.135060799
926.15,17076.3974,17.0763974,9261.5,702,1075,3262,10171,2717,7829,69054,407,1316,82,3.32012432
926.4,17078.03943,17.07803943,9264,801,1069,3298,11402,2526,7638,67879,603,1402,199,3.596310232
926.65,17079.68146,17.07968146,9266.5,615,1119,3759,15337,2974,5913,73942,269,1686,117,4.030491415
926.9,17081.32349,17.08132349,9269,649,1039,3772,18297,2854,8941,73504,446,1880,107,3.446670815
927.4,17084.60756,17.08460756,9274,684,1140,3672,16478,2863,5438,75176,292,1680,198,3.475285171
927.65,17086.24959,17.08624959,9276.5,676,1011,3899,15096,3025,3303,85847,233,1661,153,4.663712457
927.9,17087.89162,17.08789162,9279,640,1136,3791,7264,3039,5802,73298,465,1202,39,3.853500712
928.15,17089.53365,17.08953365,9281.5,577,1158,3672,4857,2932,7988,79892,576,969,19,3.575356532
928.65,17092.81771,17.09281771,9286.5,612,935,4061,10932,3200,4710,72893,432,1582,78,3.584066284
928.9,17094.45974,17.09445974,9289,671,1029,4153,8725,3390,2784,81098,423,1362,36,3.393470595
929.15,17096.10177,17.09610177,9291.5,644,994,3913,8481,3159,3202,76609,554,1293,25,3.651154269
935.15,17135.53009,17.13553009,9351.5,839,1217,2741,8630,2107,1261,76682,437,1349,115,4.313121679
935.4,17137.19169,17.13719169,9354,796,1114,2627,8245,2103,1002,66811,507,1297,70,4.128932439
936.15,17142.1765,17.1421765,9361.5,699,1036,3494,10091,2581,2003,77852,483,1305,140,4.043723
936.4,17143.83811,17.14383811,9364,723,855,4419,10463,3237,4155,88526,309,1266,134,3.256407228
936.65,17145.49971,17.14549971,9366.5,724,712,5695,11094,4023,6737,108608,225,1416,221,3.422348485
936.9,17147.16131,17.14716131,9369,759,750,5663,11039,4088,9163,106302,367,1470,137,3.213226453
937.15,17148.82292,17.14882292,9371.5,708,808,5366,10392,4082,15424,107080,319,1429,110,2.875735627
937.4,17150.48452,17.15048452,9374,706,796,5318,9911,4061,27806,106054,183,1392,130,2.87556293
937.65,17152.14612,17.15214612,9376.5,700,739,5365,11289,4030,17793,105475,233,1439,173,3.872835912
937.9,17153.80773,17.15380773,9379,770,739,5448,12577,4022,9850,106470,282,1447,151,2.87995338
938.15,17155.46933,17.15546933,9381.5,722,810,5490,13654,4181,6992,109414,270,1552,198,3.154809197
938.4,17157.13093,17.15713093,9384,708,855,5575,14216,4284,6174,108281,193,1579,195,3.390224778
938.65,17158.79254,17.15879254,9386.5,816,866,5556,14043,4396,6403,108573,182,1621,40,3.435275081
938.9,17160.45414,17.16045414,9389,666,918,5604,13800,4230,3439,108630,275,1596,132,3.752575844
939.15,17162.11574,17.16211574,9391.5,733,776,5441,13503,3951,2436,108796,462,1726,193,3.913175471
939.4,17163.77735,17.16377735,9394,775,795,5542,14460,4233,2638,109380,158,1656,202,3.150513113
939.65,17165.43895,17.16543895,9396.5,822,835,5643,13907,4279,2701,113059,300,1556,132,3.524196942
939.9,17167.10055,17.16710055,9399,681,829,5412,14896,3970,1951,118701,98,1839,181,2.899689991
940.15,17168.76216,17.16876216,9401.5,677,777,5377,16958,3951,2644,104472,421,1870,178,3.996868149
940.4,17170.42376,17.17042376,9404,743,701,5770,14033,4447,4641,94538,239,1623,139,2.942184644
940.65,17172.08536,17.17208536,9406.5,717,731,5844,14047,4127,4917,92840,368,1669,208,2.980414228
940.9,17173.74697,17.17374697,9409,759,710,5813,14160,4177,4024,93315,398,1623,169,3.696234664
941.15,17175.40857,17.17540857,9411.5,788,735,5547,14029,4275,3988,92619,373,1602,78,2.658085531
941.4,17177.07017,17.17707017,9414,746,692,5557,14285,4117,4171,89813,208,1571,123,4.424541861
941.65,17178.73178,17.17873178,9416.5,874,716,5605,14709,4136,4247,91409,337,1677,193,4.094254788
941.9,17180.39338,17.18039338,9419,843,640,5782,14280,4380,4049,93753,170,1653,115,4.572771719
942.15,17182.05498,17.18205498,9421.5,734,724,5736,14428,4386,4133,93959,210,1562,142,3.847675121
942.4,17183.71659,17.18371659,9424,765,773,5626,14174,4278,3880,92939,255,1610,167,3.842700015
942.65,17185.37819,17.18537819,9426.5,765,681,5672,14100,4295,4104,92863,204,1558,94,3.58637943
942.9,17187.03979,17.18703979,9429,726,773,5469,14221,4184,4042,92589,302,1566,224,3.62752925
943.15,17188.7014,17.1887014,9431.5,690,847,5205,14118,3981,3746,90155,393,1526,201,3.287751371
943.4,17190.363,17.190363,9434,633,900,5116,14220,3972,3576,88014,308,1759,147,4.363695617
943.65,17192.0246,17.1920246,9436.5,643,899,5204,16708,4168,3992,88930,342,1722,149,3.042813456
943.9,17193.68621,17.19368621,9439,715,905,5121,18038,3986,3816,90063,379,1750,198,3.061674009
944.15,17195.34781,17.19534781,9441.5,668,883,5351,16377,4022,5483,88509,472,1731,181,3.209970164
944.4,17197.00941,17.19700941,9444,767,946,5037,21276,3623,6455,84609,297,2008,256,3.460870803
944.65,17198.67102,17.19867102,9446.5,697,908,5620,10571,4134,6563,94303,310,1297,167,4.203500343
944.9,17200.33262,17.20033262,9449,734,849,5379,10330,4145,3893,94407,144,1333,221,3.543522681
945.15,17201.99422,17.20199422,9451.5,691,937,5584,9308,4123,4475,96819,249,1341,177,3.580658608
945.4,17203.65583,17.20365583,9454,656,909,5082,7495,3950,7980,100053,374,1107,185,3.560995402
945.65,17205.31743,17.20531743,9456.5,632,911,4973,8014,4005,17096,99319,220,1011,70,4.461691873
945.9,17206.97903,17.20697903,9459,657,935,5556,10676,4185,15040,101873,273,1271,190,3.831691901
946.15,17208.64064,17.20864064,9461.5,699,907,5467,11979,4099,4249,98331,426,1464,175,3.105496757
946.4,17210.30224,17.21030224,9464,812,852,5906,14312,4404,5361,95996,274,1717,176,3.456110823
946.65,17211.96384,17.21196384,9466.5,736,862,5699,14392,4385,5750,93997,417,1699,144,2.936837551
946.9,17213.62545,17.21362545,9469,783,847,5749,12550,4297,4168,95660,378,1634,122,3.56291661
947.15,17215.28705,17.21528705,9471.5,728,893,5731,10170,4316,5012,96780,155,1404,154,3.944607268
947.4,17216.94865,17.21694865,9474,715,835,5884,9917,4295,5532,98462,224,1404,187,3.266523246
947.65,17218.61026,17.21861026,9476.5,632,850,5541,9739,4246,6148,100665,154,1407,189,2.953819594
947.9,17220.27186,17.22027186,9479,658,921,5370,9421,4211,8272,105891,350,1310,128,3.249322493
948.15,17221.93346,17.22193346,9481.5,675,1040,4911,7170,3810,30557,107034,440,972,144,3.519859021
948.4,17223.59507,17.22359507,9484,608,1068,4528,7208,3638,34008,105754,223,889,73,3.63433978
948.65,17225.25667,17.22525667,9486.5,612,919,4849,7106,3817,14738,107629,282,1043,165,3.264476131
948.9,17226.91827,17.22691827,9489,645,875,4865,7779,3964,5976,103542,364,1040,223,3.259770396
949.15,17228.57988,17.22857988,9491.5,679,855,5128,11664,3902,3758,94640,370,1413,140,3.22224966
949.4,17230.24148,17.23024148,9494,697,839,5272,14186,3953,3138,88103,381,1817,152,3.340092999
949.65,17231.90308,17.23190308,9496.5,717,906,5249,12561,4003,2532,93039,325,1577,167,2.995506395
949.9,17233.56469,17.23356469,9499,676,923,5359,10798,3942,2142,101368,253,1405,217,3.123164485
950.15,17235.22629,17.23522629,9501.5,684,961,5474,9626,3989,2436,104735,322,1330,177,3.51877535
950.4,17236.88789,17.23688789,9504,637,943,5403,8236,4079,1776,101252,367,1188,197,4.431505715
950.65,17238.5495,17.2385495,9506.5,670,858,5379,7340,4017,1994,101689,277,1149,114,3.631353734
950.9,17240.2111,17.2402111,9509,623,967,5345,7842,4057,2028,104311,262,1285,117,3.419194972
951.15,17241.8727,17.2418727,9511.5,663,884,5298,10956,3898,2936,97219,373,1464,229,3.253100542
951.4,17243.53431,17.24353431,9514,653,967,5205,13197,3863,2987,94936,262,1482,169,3.772758479
951.65,17245.19591,17.24519591,9516.5,614,974,5395,13647,3990,2661,92845,301,1558,146,3.335454886
951.9,17246.85751,17.24685751,9519,650,978,5324,13941,4082,2015,91462,283,1685,144,3.320995373
952.15,17248.51912,17.24851912,9521.5,636,918,5409,14479,3912,2272,89623,466,1774,153,3.280245984
952.4,17250.18072,17.25018072,9524,694,866,5314,14152,4221,2624,89259,420,1691,88,3.35414874
952.65,17251.84232,17.25184232,9526.5,634,877,5402,14763,4063,2494,89397,324,1598,219,3.86331673
952.9,17253.50393,17.25350393,9529,690,927,5358,14829,3874,2639,88584,321,1776,167,3.427554059
953.15,17255.16553,17.25516553,9531.5,627,908,5111,18120,3743,2263,87668,349,1870,150,3.362196021
953.4,17256.82713,17.25682713,9534,612,928,5058,15977,3964,2181,88779,338,1904,159,3.350531302
953.65,17258.48874,17.25848874,9536.5,578,821,5208,10954,4253,2028,90283,413,1683,103,2.907682016
953.9,17260.15034,17.26015034,9539,634,966,5172,9183,4038,2492,93451,494,1603,137,2.921127401
954.15,17261.81194,17.26181194,9541.5,650,905,5429,8303,4136,3041,99684,422,1559,160,3.766152165
954.4,17263.47355,17.26347355,9544,633,1031,5201,7538,3996,2909,101943,255,1301,85,3.01340694
954.65,17265.13515,17.26513515,9546.5,670,1032,5322,6310,3976,3271,107034,371,1334,135,3.343651073
954.9,17266.79675,17.26679675,9549,643,1060,5020,5130,3914,2735,108201,454,1184,161,3.975452378
955.15,17268.3825,17.2683825,9551.5,663,1022,5224,5492,4013,2214,109425,367,1035,98,3.774085488
955.4,17269.96824,17.26996824,9554,681,1066,5097,6974,4077,2246,107298,405,1033,56,3.076432444
955.65,17271.55398,17.27155398,9556.5,656,953,5142,8773,3830,1788,104315,357,1037,146,3.075065617
955.9,17273.13973,17.27313973,9559,626,973,5097,10333,4107,1639,100385,353,1297,67,3.33033544
956.15,17274.72547,17.27472547,9561.5,669,893,5366,11038,3946,1638,97413,232,1366,149,4.219566603
956.4,17276.31121,17.27631121,9564,648,874,5369,11746,3970,1695,97319,327,1548,210,3.080504144
956.65,17277.89695,17.27789695,9566.5,642,874,5156,12450,3957,2084,93320,354,1490,183,3.506099961
956.9,17279.4827,17.2794827,9569,653,919,5190,12847,4109,2043,91055,370,1429,97,3.333375283
957.15,17281.06844,17.28106844,9571.5,627,957,5289,12826,4137,2032,91613,355,1597,121,3.017827111
957.4,17282.65418,17.28265418,9574,694,971,5232,12805,3902,2495,94388,388,1503,204,3.622011542
957.65,17284.23992,17.28423992,9576.5,693,862,5495,12949,3954,2375,93682,421,1558,172,3.977700768
957.9,17285.82567,17.28582567,9579,704,911,5430,13126,3981,2532,93789,144,1559,113,3.575326371
958.15,17287.41141,17.28741141,9581.5,661,926,5135,12686,3998,2533,94768,327,1488,103,4.152643103
958.4,17288.99715,17.28899715,9584,601,931,5210,12988,3878,2534,97059,243,1557,144,3.753523152
958.65,17290.5829,17.2905829,9586.5,607,972,4913,13168,3812,2450,89357,374,1594,167,3.070902613
958.9,17292.16864,17.29216864,9589,646,931,4890,13017,3620,2545,84390,288,1515,149,3.022000481
959.15,17293.75438,17.29375438,9591.5,681,927,5027,12327,3705,2511,85999,242,1593,144,3.675653141
959.4,17295.34012,17.29534012,9594,616,989,5412,10945,3851,2907,93291,340,1583,203,2.748650332
959.65,17296.92587,17.29692587,9596.5,637,1059,5242,11269,3915,3523,94074,397,1464,144,3.78442623
959.9,17298.51161,17.29851161,9599,613,1029,5370,11764,4016,3801,93500,324,1535,195,3.112916328
960.15,17300.09735,17.30009735,9601.5,642,882,5360,11757,4041,3770,91983,374,1429,119,3.07761194
960.4,17301.68309,17.30168309,9604,575,981,5279,11854,3982,3510,91531,464,1411,80,3.581382463
960.65,17303.26884,17.30326884,9606.5,707,904,5133,11996,4049,3649,93674,373,1596,138,3.212518741
960.9,17304.85458,17.30485458,9609,673,874,5211,11820,4026,3980,92327,256,1541,92,3.550409079
961.15,17306.44032,17.30644032,9611.5,712,837,5270,12209,4116,3861,93132,293,1481,129,3.663547486
961.4,17308.02607,17.30802607,9614,674,839,5262,12004,3992,3648,91961,329,1500,155,3.82859375
961.65,17309.61181,17.30961181,9616.5,660,887,5186,11474,3899,3923,91711,360,1518,136,3.512898936
961.9,17311.19755,17.31119755,9619,709,913,5213,11661,3864,4193,91834,307,1587,188,3.837321272
962.15,17312.78329,17.31278329,9621.5,690,883,5090,12092,4035,4381,92988,314,1548,117,3.008615928
962.4,17314.36904,17.31436904,9624,623,879,5112,12247,3806,4181,90938,283,1374,194,3.621595598
962.65,17315.95478,17.31595478,9626.5,619,951,5109,11878,3904,3975,91771,339,1465,233,3.521310231
962.9,17317.54052,17.31754052,9629,697,907,5048,12187,3837,4191,92792,317,1658,161,3.786926638
963.15,17319.12626,17.31912626,9631.5,596,966,5073,11566,3976,4651,92174,451,1438,162,3.472722527
963.4,17320.71201,17.32071201,9634,705,961,5261,12053,3926,5236,93257,284,1532,195,3.782683734
963.65,17322.29775,17.32229775,9636.5,675,899,5188,12275,4169,4749,94916,348,1555,177,3.073767666
963.9,17323.88349,17.32388349,9639,710,900,5362,12112,4121,5052,94680,219,1569,240,3.484172754
964.15,17325.46924,17.32546924,9641.5,710,997,5235,11536,3940,4550,94016,319,1646,210,3.124601003
964.4,17327.05498,17.32705498,9644,635,928,5208,11591,4051,4553,94370,480,1464,165,3.208634772
964.65,17328.64072,17.32864072,9646.5,649,854,5299,12437,3963,4775,95225,389,1536,169,2.684746446
964.9,17330.22646,17.33022646,9649,672,930,5228,12021,4095,4720,94746,160,1512,84,2.579519293
965.15,17331.81221,17.33181221,9651.5,686,891,5275,12838,3951,4523,90434,427,1528,144,3.257943699
965.4,17333.39795,17.33339795,9654,700,920,4982,12677,3821,4105,90818,296,1614,203,2.998887777
965.65,17334.98369,17.33498369,9656.5,693,964,5104,12747,3878,4063,89104,327,1555,148,3.806962921
965.9,17336.56943,17.33656943,9659,671,1031,5173,12323,4008,3854,91842,411,1515,140,3.401298065
966.15,17338.15518,17.33815518,9661.5,650,976,4928,13008,3815,3339,90945,295,1602,196,3.072691778
966.4,17339.74092,17.33974092,9664,648,973,4563,12708,3751,2759,86154,374,1555,143,3.007386789
966.65,17341.32666,17.34132666,9666.5,664,1011,4369,14303,3443,3112,80572,358,1526,204,3.097505411
966.9,17342.91241,17.34291241,9669,670,883,4564,15136,3556,2980,81429,375,1763,209,3.089733131
967.15,17344.49815,17.34449815,9671.5,668,935,5133,12897,3702,3673,86940,254,1708,149,3.140843402
967.4,17346.08389,17.34608389,9674,672,840,5115,9181,4083,5116,92699,283,1587,113,3.675709691
967.65,17347.66963,17.34766963,9676.5,666,880,5042,8609,4152,4845,92232,250,1410,162,2.875830013
967.9,17349.25538,17.34925538,9679,685,905,5172,7705,3956,5817,94435,302,1139,155,3.129747555
968.15,17350.84112,17.35084112,9681.5,690,910,5172,6646,4007,7600,98149,291,1271,124,3.386489899
968.4,17352.42686,17.35242686,9684,652,962,5049,6463,3945,8405,97122,345,1153,159,3.42837904
968.65,17354.01261,17.35401261,9686.5,640,933,5240,6643,3987,8318,97392,407,1026,172,3.760820368
968.9,17355.59835,17.35559835,9689,600,963,5002,4670,3883,16873,100966,453,967,137,3.95878915
969.15,17357.18409,17.35718409,9691.5,528,1068,4763,4969,3553,27081,102861,495,826,203,2.902165874
969.4,17358.76983,17.35876983,9694,548,1021,4501,5856,3602,29068,98797,431,1020,193,4.105452836
969.65,17360.35558,17.36035558,9696.5,597,1059,4948,7455,3537,10706,95737,364,1122,251,3.196990269
969.9,17361.94132,17.36194132,9699,618,935,5074,9425,3556,11233,95500,357,1287,114,3.158321306
970.15,17363.52706,17.36352706,9701.5,572,1063,4836,9255,3453,9173,98025,450,1233,147,3.447192169
970.4,17365.1128,17.3651128,9704,595,1038,4608,9225,3527,3862,94553,295,1449,149,3.360066635
970.65,17366.69855,17.36669855,9706.5,518,1089,4654,8992,3635,4057,94315,426,1286,165,3.852308575
970.9,17368.28429,17.36828429,9709,614,924,4807,10932,3633,4024,88608,481,1467,230,3.273893056
971.15,17369.87003,17.36987003,9711.5,624,1025,4822,11541,3508,3915,85126,357,1537,210,2.670764618
971.4,17371.45578,17.37145578,9714,570,882,4755,12231,3838,3877,85231,382,1545,95,3.381069533
971.65,17373.04152,17.37304152,9716.5,615,926,4658,11848,3766,3911,84635,508,1504,169,3.226521366
971.9,17374.62726,17.37462726,9719,586,963,4780,11115,3809,3815,82646,404,1619,151,2.723554014
972.15,17376.213,17.376213,9721.5,652,996,4873,9835,3731,3684,87833,239,1495,282,3.249794577
972.4,17377.79875,17.37779875,9724,671,992,5244,9748,4081,3734,94851,321,1437,191,3.105216029
972.65,17379.38449,17.37938449,9726.5,695,1003,5000,7794,4075,4156,95346,346,1308,204,3.420560748
972.9,17380.97023,17.38097023,9729,693,948,5218,7202,4083,4036,97434,392,1244,143,4.094867359
973.15,17382.55597,17.38255597,9731.5,657,929,5203,7154,4042,3748,92578,365,1119,187,3.312042013
973.4,17384.14172,17.38414172,9734,654,977,5180,6004,3997,3741,92259,399,1062,186,3.109499136
973.65,17385.72746,17.38572746,9736.5,623,1043,4845,3863,3563,10922,109630,464,916,243,3.099529965
974.15,17388.89895,17.38889895,9741.5,491,1122,4241,3551,3395,9838,122558,281,950,135,3.374357749
974.4,17390.48469,17.39048469,9744,458,1171,4183,3286,3098,5429,124060,357,798,271,3.52047825
974.65,17392.07043,17.39207043,9746.5,472,1189,4308,6478,3444,3344,117838,405,1113,124,3.428074385
974.9,17393.65617,17.39365617,9749,574,995,5002,10502,3706,3543,97239,377,1294,168,3.350526698
975.15,17395.34115,17.39534115,9751.5,623,975,5281,11514,3919,3638,91914,313,1467,101,2.942336389
975.4,17397.02612,17.39702612,9754,589,905,5293,11553,3884,2901,87406,261,1462,101,2.653099255
975.65,17398.71109,17.39871109,9756.5,625,800,5570,11154,3730,2780,87845,255,1615,209,3.024724963
975.9,17400.39606,17.40039606,9759,754,905,5590,11648,3924,2964,89751,276,1589,233,2.488313151
976.15,17402.08103,17.40208103,9761.5,669,898,5682,11333,4072,2754,89820,256,1481,189,2.523188406
976.4,17403.76601,17.40376601,9764,663,887,5684,11658,4144,2811,89865,211,1564,138,2.780098403
976.65,17405.45098,17.40545098,9766.5,674,975,5532,11333,3954,2808,89714,291,1421,200,3.20715281
976.9,17407.13595,17.40713595,9769,674,838,5599,11517,4014,3095,89197,352,1552,242,2.7731
977.15,17408.82092,17.40882092,9771.5,694,914,5413,10621,3857,3133,89921,310,1501,219,2.712155726
977.4,17410.50589,17.41050589,9774,643,924,5558,9435,4065,3108,91079,321,1399,161,2.752533609
977.65,17412.19087,17.41219087,9776.5,604,967,5494,7125,3728,3852,95381,250,1327,248,2.841650672
978.15,17415.56081,17.41556081,9781.5,591,1056,5086,5656,3533,6622,103960,386,975,281,3.367951807
978.4,17417.24578,17.41724578,9784,587,1043,5061,8740,3560,4482,100142,105,1049,193,3.280400049
978.65,17418.93076,17.41893076,9786.5,614,885,5123,10590,3863,3693,93693,269,1343,163,2.614176245
978.9,17420.61573,17.42061573,9789,645,958,5142,10696,3817,3272,92528,454,1477,206,2.716582598
979.15,17422.3007,17.4223007,9791.5,604,1059,5143,10815,3867,2490,91473,293,1466,274,2.539335837
979.4,17423.98567,17.42398567,9794,703,937,5376,11186,4085,2382,91273,228,1428,192,3.469508197
979.65,17425.67064,17.42567064,9796.5,736,896,5452,11308,4068,2462,92523,243,1514,239,2.805293202
979.9,17427.35562,17.42735562,9799,711,896,5434,11121,4062,2295,93541,176,1628,188,2.976072879
980.15,17429.04059,17.42904059,9801.5,717,877,5433,11097,4071,2471,91654,318,1560,235,2.77873444
980.4,17430.72556,17.43072556,9804,672,865,5265,11100,4031,2502,92598,435,1286,243,2.507501389
980.65,17432.41053,17.43241053,9806.5,682,851,5117,11154,4079,2966,91999,283,1407,236,2.649780614
980.9,17434.0955,17.4340955,9809,663,935,5532,11436,4198,3138,92726,306,1439,154,2.527535131
981.15,17435.78048,17.43578048,9811.5,718,859,5481,11574,4184,3216,92399,359,1491,222,2.907932161
981.4,17437.46545,17.43746545,9814,688,909,5229,10968,4142,3363,92763,333,1398,125,2.769074881
981.9,17440.83539,17.44083539,9819,672,876,5424,11044,4068,3853,93748,292,1503,268,2.694338455
982.15,17442.52037,17.44252037,9821.5,709,893,5368,11420,4079,4097,93894,375,1375,225,2.470856021
982.65,17445.89031,17.44589031,9826.5,639,879,5497,11302,4156,4483,93456,251,1497,151,2.844134976
982.9,17447.57528,17.44757528,9829,658,910,5377,11111,4049,4635,92637,363,1465,258,2.287631912
983.15,17449.26025,17.44926025,9831.5,644,908,5279,11356,3909,4840,92125,345,1464,278,2.600689457
986.15,17469.47992,17.46947992,9861.5,688,900,5026,11291,3881,5379,90859,359,1504,193,2.858962215
986.9,17474.53484,17.47453484,9869,678,971,5347,11594,3890,5540,91989,350,1432,296,2.647275823
988.15,17482.9597,17.4829597,9881.5,644,927,4985,11048,3990,5621,91592,401,1457,232,2.365535933
989.65,17493.06953,17.49306953,9896.5,686,944,5426,11795,4172,5936,94713,337,1441,197,2.812379893
989.9,17494.7545,17.4947545,9899,616,991,5061,11451,4001,5632,93846,349,1430,232,2.488988012
990.15,17496.43947,17.49643947,9901.5,656,951,5068,11337,3989,5732,93120,417,1378,150,2.476784731
990.4,17498.12445,17.49812445,9904,598,981,5034,10708,3741,5832,91808,325,1422,263,2.787795715
990.65,17499.80942,17.49980942,9906.5,624,942,5113,11270,3933,5613,92291,337,1328,247,2.921761437
990.9,17501.49439,17.50149439,9909,598,937,5109,11097,3768,5871,90888,361,1353,266,2.946483516
991.15,17503.17936,17.50317936,9911.5,656,1033,5221,10932,3958,5735,91033,316,1424,215,3.419655392
991.4,17504.86433,17.50486433,9914,651,949,4948,10980,3917,5677,89824,488,1372,183,3.009902144
991.65,17506.54931,17.50654931,9916.5,597,912,5033,11256,3891,5508,90572,301,1500,277,2.835010278
992.15,17509.91925,17.50991925,9921.5,681,908,5067,11470,4001,5496,92248,456,1504,151,3.156929189
992.4,17511.60422,17.51160422,9924,662,880,5182,11356,3932,6052,93093,281,1381,254,2.874867694
992.65,17513.28919,17.51328919,9926.5,597,952,5078,11450,3769,5797,92480,297,1385,295,2.55619184
992.9,17514.97417,17.51497417,9929,690,849,5151,11508,3979,5843,94110,357,1363,141,3.860506442
993.15,17516.65914,17.51665914,9931.5,680,904,5319,11395,3866,5735,94475,169,1426,257,2.774061153
993.9,17521.71406,17.52171406,9939,726,812,5088,11370,3961,5910,92189,416,1429,254,2.65688301
994.15,17523.39903,17.52339903,9941.5,774,792,5273,11753,3926,5656,91577,249,1417,238,2.31546849
994.4,17525.084,17.525084,9944,713,846,5194,11246,4012,5739,92512,379,1493,198,2.964784917
994.9,17528.45394,17.52845394,9949,720,812,5383,11683,4115,5932,94236,296,1443,207,2.800283132
995.15,17529.83503,17.52983503,9951.5,736,798,5355,11892,4005,6260,93627,299,1409,323,2.252841159
995.4,17531.21612,17.53121612,9954,750,833,5402,11723,4074,5910,94865,200,1521,239,2.910726564
995.65,17532.59721,17.53259721,9956.5,713,820,5330,11865,4032,5901,95171,163,1360,303,2.361031783
995.9,17533.97829,17.53397829,9959,735,808,5640,11926,4252,6083,96112,273,1403,198,3.175684118
996.15,17535.35938,17.53535938,9961.5,670,905,5300,11920,4137,5929,94361,324,1510,234,2.713288866
996.4,17536.74047,17.53674047,9964,745,821,5381,11668,4068,6239,95019,314,1415,248,3.139562672
996.65,17538.12156,17.53812156,9966.5,747,822,5558,11842,4135,6644,95396,420,1415,240,2.345544297
996.9,17539.50264,17.53950264,9969,766,843,5726,11996,4085,6218,97145,384,1416,262,3.064206725
997.15,17540.88373,17.54088373,9971.5,825,749,5710,12296,4143,6002,98927,167,1535,322,2.823412283
997.4,17542.26482,17.54226482,9974,817,905,5735,11997,4256,6405,99515,313,1500,237,2.683506686
997.65,17543.64591,17.54364591,9976.5,759,856,5426,11859,4187,6018,95647,224,1534,155,3.081453634
997.9,17545.027,17.545027,9979,742,847,5329,11736,4209,5890,96322,239,1511,177,2.79237243
998.15,17546.40808,17.54640808,9981.5,779,858,5581,12111,4099,6250,99149,304,1491,270,2.742701633
998.4,17547.78917,17.54778917,9984,761,852,5365,12482,4073,5985,95575,333,1474,256,2.788467733
998.65,17549.17026,17.54917026,9986.5,745,834,5169,11615,4143,5992,94590,231,1492,205,2.452018531
998.9,17550.55135,17.55055135,9989,788,829,5422,11768,4133,5807,94470,254,1380,165,3.384714691
999.15,17551.93243,17.55193243,9991.5,778,736,5345,11769,4165,5929,92258,239,1358,160,2.629747465
999.4,17553.31352,17.55331352,9994,737,759,5180,12014,4087,5713,96938,223,1399,209,2.219805761
999.65,17554.69461,17.55469461,9996.5,761,788,5377,11711,3870,5718,93403,338,1459,278,2.609981516
999.9,17556.0757,17.5560757,9999,735,794,5198,12072,4044,5872,95041,401,1479,235,2.760056688
1000.15,17557.45678,17.55745678,10001.5,753,850,5245,11821,4199,5986,93551,340,1410,166,2.770287816
1000.4,17558.83787,17.55883787,10004,684,815,5485,11794,4183,5976,94376,312,1528,159,2.666942149
1000.65,17560.21896,17.56021896,10006.5,732,832,5420,11512,4207,5801,94759,282,1508,161,2.46095903
1000.9,17561.60005,17.56160005,10009,720,853,5429,12315,4225,5999,94459,158,1428,128,2.937472672
1001.15,17562.98113,17.56298113,10011.5,770,888,5353,12055,3993,5999,94200,247,1380,309,2.605205394
1001.4,17564.36222,17.56436222,10014,725,847,5308,11884,3902,6008,94141,291,1366,347,2.651014844
1001.65,17565.74331,17.56574331,10016.5,655,844,5241,11336,4110,5744,92879,427,1445,172,3.19919719
1001.9,17567.1244,17.5671244,10019,699,931,5196,11618,4003,5765,94923,380,1342,202,2.709371043
1002.15,17568.50548,17.56850548,10021.5,660,900,5051,11256,3985,6056,92465,118,1374,301,3.287769784
1002.4,17569.88657,17.56988657,10024,704,896,5065,11974,4067,6345,93382,162,1436,155,2.885606061
1002.65,17571.26766,17.57126766,10026.5,653,995,5187,12364,3882,5851,93021,247,1423,304,2.954596792
1002.9,17572.64875,17.57264875,10029,595,918,5192,11583,4126,6145,95350,270,1465,162,2.811158798
1003.15,17574.02983,17.57402983,10031.5,675,965,5263,11615,4024,6094,94293,307,1546,197,2.826755993
1003.4,17575.41092,17.57541092,10034,682,962,5235,12181,3752,5991,93259,398,1452,212,2.839784264
1003.65,17576.79201,17.57679201,10036.5,626,964,5021,12544,3848,5886,91986,412,1548,288,2.645234793
1003.9,17578.1731,17.5781731,10039,638,1037,5347,11881,4086,5764,93670,271,1446,214,3.132680424
1004.15,17579.55419,17.57955419,10041.5,609,970,5280,11763,4190,6181,95216,544,1582,155,2.684355617
1004.4,17580.93527,17.58093527,10044,648,1002,5204,12154,4031,6166,93573,353,1397,149,2.727989619
1004.65,17582.31636,17.58231636,10046.5,706,983,5285,11857,4206,6392,95255,305,1579,238,2.736397935
1004.9,17583.69745,17.58369745,10049,705,891,5293,11286,3934,6051,94238,366,1430,192,3.087031304
1005.15,17585.07854,17.58507854,10051.5,642,995,5270,11713,3948,6186,93938,407,1404,243,2.861188058
1005.4,17586.45962,17.58645962,10054,695,1043,5222,11723,4021,5828,95096,329,1494,249,2.343155894
1005.65,17587.84071,17.58784071,10056.5,662,968,4963,12159,3883,5909,96540,299,1420,163,2.680740531
1005.9,17589.2218,17.5892218,10059,692,968,5169,11727,3923,6340,93865,349,1413,163,2.927507448
1006.15,17590.60289,17.59060289,10061.5,683,966,5218,11856,4134,6145,93218,318,1387,198,3.035762332
1006.4,17591.98397,17.59198397,10064,665,1024,5156,11803,4007,6158,94785,315,1485,273,2.453130655
1006.65,17593.36506,17.59336506,10066.5,687,944,5189,11618,4008,6598,93034,275,1617,224,2.775495751
1006.9,17594.74615,17.59474615,10069,683,910,5083,11464,3953,6474,91734,327,1553,195,2.899742355
1007.15,17596.12724,17.59612724,10071.5,648,931,5048,11722,3994,6410,91182,513,1526,255,2.988256149
1007.4,17597.50832,17.59750832,10074,612,1013,5000,11421,3907,5954,92346,321,1446,230,3.053359456
1007.65,17598.88941,17.59888941,10076.5,622,971,4974,11058,3889,6333,92007,216,1464,228,3.038746439
1007.9,17600.2705,17.6002705,10079,606,1058,5172,11439,3903,6429,92474,281,1442,205,2.935770858
1008.15,17601.65159,17.60165159,10081.5,645,963,4944,11626,3724,6140,92909,356,1445,232,2.820542352
1008.4,17603.03267,17.60303267,10084,598,950,4989,11544,3878,6498,93911,421,1409,219,2.640611225
1008.65,17604.41376,17.60441376,10086.5,595,976,5169,11373,3966,6794,91338,422,1447,252,2.892544352
1008.9,17605.79485,17.60579485,10089,603,1029,4965,11655,3876,6353,93369,427,1477,277,2.63631005
1009.15,17607.17594,17.60717594,10091.5,653,906,5091,11355,3808,6698,90350,279,1388,242,3.276833291
1009.4,17608.55702,17.60855702,10094,672,1009,5089,11643,3820,6286,92899,348,1354,220,2.813863097
1009.65,17609.93811,17.60993811,10096.5,629,927,5023,11537,3821,6860,92485,403,1321,261,2.72176007
1009.9,17611.3192,17.6113192,10099,610,918,5269,12148,4073,6502,92559,324,1537,130,2.082725975
1010.15,17612.70029,17.61270029,10101.5,653,1014,5096,11536,3730,6669,91551,284,1464,265,2.590407674
1010.4,17614.08138,17.61408138,10104,696,1034,5082,12100,4154,6774,92283,345,1401,189,2.770243852
1010.65,17615.46246,17.61546246,10106.5,680,938,4928,12556,4049,7010,91812,347,1398,155,3.634660746
1010.9,17616.84355,17.61684355,10109,763,956,5160,11994,3972,7385,95344,322,1486,209,2.591975928
1011.15,17618.22464,17.61822464,10111.5,688,934,5328,11564,4144,7375,98083,286,1392,176,2.438870893
1011.4,17619.60573,17.61960573,10114,619,936,5314,11277,3914,6964,95762,303,1452,284,2.390034364
1011.65,17620.98681,17.62098681,10116.5,698,967,5306,11338,3952,6503,95861,320,1426,246,2.647669409
1011.9,17622.3679,17.6223679,10119,686,980,5412,11142,3899,6392,96415,480,1322,290,3.064338451
1012.15,17623.74899,17.62374899,10121.5,642,913,5302,10893,4031,6931,95127,352,1442,210,2.854381306
1012.4,17625.13008,17.62513008,10124,681,1005,5027,11726,3946,6948,93732,342,1496,212,2.648091828
1012.65,17626.51116,17.62651116,10126.5,617,1033,4785,11502,3808,5686,85593,370,1551,222,2.942247002
1012.9,17627.89225,17.62789225,10129,670,1037,4835,12149,3672,6841,90017,337,1482,241,3.052625661
1013.15,17629.27334,17.62927334,10131.5,644,1036,5124,12234,4009,6455,94766,389,1541,221,2.585478985
1013.4,17630.65443,17.63065443,10134,679,1025,5283,12736,4050,5811,90957,258,1633,327,2.476975502
1013.65,17632.03551,17.63203551,10136.5,683,1015,5389,13973,4110,5973,94164,418,1649,223,3.450753048
1013.9,17633.4166,17.6334166,10139,682,1028,5413,12853,4261,6604,95592,246,1536,215,3.202910174
1014.15,17634.79769,17.63479769,10141.5,606,1015,5466,11858,3934,7646,97623,213,1407,274,2.876469965
1014.4,17636.17878,17.63617878,10144,683,1034,5243,13591,3999,4650,93718,269,1572,277,2.553078042
1014.65,17637.55986,17.63755986,10146.5,677,960,5098,14699,3955,4297,90779,315,1631,212,2.781234168
1014.9,17638.94095,17.63894095,10149,675,968,5110,17958,3700,3822,82811,267,1852,270,3.297943445
1015.15,17640.33699,17.64033699,10151.5,733,975,5372,8723,4237,4162,93037,404,1438,213,2.42204398
1015.4,17641.73302,17.64173302,10154,695,1031,5425,6462,3985,6771,99297,262,1148,289,2.572631185
1015.65,17643.12906,17.64312906,10156.5,665,1044,5077,5900,3855,9587,96136,360,1131,221,3.41165887
1015.9,17644.5251,17.6445251,10159,555,1073,4577,5323,3708,27116,98299,333,1044,204,3.190532685
1016.4,17647.31717,17.64731717,10164,591,975,4864,6820,3715,22478,101479,398,869,196,3.286559705
1016.65,17648.71321,17.64871321,10166.5,624,1107,5010,7226,3685,11204,101335,294,827,228,3.103874883
1016.9,17650.10924,17.65010924,10169,618,1046,5003,8915,3999,4787,94232,293,1111,132,2.872689938
1017.15,17651.50528,17.65150528,10171.5,595,964,5054,9806,3928,4602,95043,413,1407,233,3.218141798
1017.4,17652.90131,17.65290131,10174,654,1004,5308,10625,4051,4831,100014,357,1425,235,2.850170482
1017.65,17654.29735,17.65429735,10176.5,631,969,5525,9311,4125,5524,98215,298,1435,226,2.252955083
1017.9,17655.69339,17.65569339,10179,682,1010,5266,8086,4093,5129,98054,294,1273,147,2.591200466
1018.15,17657.08942,17.65708942,10181.5,637,970,5236,7294,4050,6676,97897,422,1240,209,2.577522255
1018.4,17658.48546,17.65848546,10184,645,917,5326,7515,4151,10643,100469,204,1223,212,3.414995529
1018.65,17659.8815,17.6598815,10186.5,645,1004,5261,8105,3903,21197,101852,288,1143,214,2.397490681
1018.9,17661.27753,17.66127753,10189,585,1070,4906,5071,3859,16866,108122,402,1089,247,3.053103147
1019.15,17662.67357,17.66267357,10191.5,624,1101,5013,4417,3919,15820,112311,252,816,178,2.936593407
1019.4,17664.0696,17.6640696,10194,545,1065,4684,4267,3747,24848,109007,441,924,134,3.264337349
1019.65,17665.46564,17.66546564,10196.5,575,1054,4922,4115,3630,15007,109674,427,914,192,2.472965879
1019.9,17666.86168,17.66686168,10199,568,1022,4925,4553,3769,10369,108878,397,938,206,2.88165259
1020.15,17668.25771,17.66825771,10201.5,544,1038,4932,4584,3700,8461,110154,278,1005,292,2.77834682
1020.4,17669.65375,17.66965375,10204,573,1145,4766,5729,3459,7139,122323,329,1092,350,2.941150588
1020.9,17672.44582,17.67244582,10209,534,1066,4542,4968,3599,3636,111614,412,914,239,2.40188383
1021.4,17675.23789,17.67523789,10214,554,1069,4835,9725,3612,3364,91556,177,1362,246,2.41328982
1021.65,17676.63393,17.67663393,10216.5,609,954,5071,11122,3650,3165,91991,328,1388,175,2.521445554
1021.9,17678.02997,17.67802997,10219,678,973,5264,10566,3721,2778,91393,269,1386,296,2.885907481
1022.15,17679.426,17.679426,10221.5,735,997,5460,10677,3909,2858,92808,231,1475,205,2.607235381
1022.4,17680.82204,17.68082204,10224,689,991,5337,10169,3738,2549,90229,332,1491,335,2.486587983
1022.65,17682.21808,17.68221808,10226.5,696,958,5465,8959,3876,2431,92132,220,1348,175,2.291629236
1022.9,17683.61411,17.68361411,10229,628,1005,5298,6856,3558,2231,94345,295,1139,223,2.826018645
1023.15,17685.01015,17.68501015,10231.5,611,957,5102,7806,3928,2231,97283,272,1202,112,2.618499857
1023.4,17686.40618,17.68640618,10234,587,1023,4807,4881,3684,2241,102658,427,1001,213,2.55453149
1023.9,17689.19826,17.68919826,10239,656,948,4751,11334,3736,2155,97170,309,1579,183,2.213194154
1024.15,17690.59429,17.69059429,10241.5,680,838,5154,11844,3619,2478,88023,250,1493,295,2.668367347
1024.4,17691.99033,17.69199033,10244,700,758,5178,11872,3806,2327,86659,463,1398,273,2.09392037
1024.65,17693.38637,17.69338637,10246.5,704,870,5173,10979,3740,1985,87532,221,1524,243,2.941519078
1024.9,17694.7824,17.6947824,10249,694,836,5093,10581,3771,2041,85325,274,1489,230,2.776649192
1025.15,17696.17844,17.69617844,10251.5,716,843,5191,10603,3901,2183,86335,190,1425,216,2.414337789
1025.4,17697.57447,17.69757447,10254,694,803,5210,11096,3785,2496,87130,241,1438,274,2.27199382
1025.65,17698.97051,17.69897051,10256.5,666,808,5257,10979,3853,2212,87622,249,1564,168,3.053561122
1025.9,17700.36655,17.70036655,10259,723,879,5178,10767,3661,2586,87974,225,1380,301,2.510746884
1026.65,17704.55466,17.70455466,10266.5,714,951,5521,11574,4059,3474,92565,332,1487,264,2.615615016
1026.9,17705.95069,17.70595069,10269,691,998,5506,11328,3971,3701,91324,215,1447,234,2.432507629
1027.15,17707.34673,17.70734673,10271.5,720,998,5262,11251,3805,3910,90157,322,1563,273,2.504817306
1027.4,17708.74276,17.70874276,10274,652,882,5275,11448,3890,4440,92550,381,1517,243,2.568037223
1027.65,17710.1388,17.7101388,10276.5,677,1009,5529,11693,4040,4705,94621,241,1542,336,2.597804103
1028.15,17712.93087,17.71293087,10281.5,677,981,5453,11586,4023,5154,95438,476,1484,248,2.494850144
1028.4,17714.32691,17.71432691,10284,666,957,5159,10909,3750,5078,91487,334,1437,283,2.945271985
1028.65,17715.72295,17.71572295,10286.5,645,1016,5237,11500,3990,5298,91651,256,1457,171,2.964348206
1028.9,17717.11898,17.71711898,10289,671,970,5188,11467,3886,5382,91460,340,1475,254,2.476059439
1029.4,17719.91105,17.71991105,10294,647,951,5191,11261,4028,5851,92985,202,1435,167,2.694854018
1029.65,17721.30709,17.72130709,10296.5,645,895,5344,11105,3979,5864,91140,288,1497,194,2.239234057
1029.9,17722.70313,17.72270313,10299,647,889,5293,11474,3901,5810,91426,329,1495,238,3.153072097
1030.15,17724.09916,17.72409916,10301.5,732,888,5273,11499,4032,5721,92712,305,1528,207,2.451335878
1030.4,17725.4952,17.7254952,10304,703,908,5418,11680,4031,5140,93049,263,1406,259,2.593807273
1030.65,17726.89124,17.72689124,10306.5,699,892,5251,11908,3913,6061,92027,306,1453,327,2.532542038
1031.15,17729.68331,17.72968331,10311.5,732,806,5445,11550,4085,6728,93650,347,1413,243,2.339726974
1031.4,17731.07934,17.73107934,10314,711,916,5554,11518,4075,6782,94464,319,1544,200,2.073937153
1031.65,17732.47538,17.73247538,10316.5,717,938,5342,11544,4211,6914,95081,200,1527,173,2.873706667
1031.9,17733.87142,17.73387142,10319,722,935,5165,11479,4164,7022,95231,323,1464,242,2.540513198
1032.15,17735.26745,17.73526745,10321.5,658,924,5335,11362,4195,7396,96169,284,1426,154,2.332284015
1032.4,17736.66349,17.73666349,10324,737,992,5481,11535,4291,7566,95460,334,1431,136,2.812393345
1032.65,17738.05953,17.73805953,10326.5,680,971,5415,11895,4159,7967,96251,365,1437,241,3.008097592
1032.9,17739.45556,17.73945556,10329,611,1035,5253,11636,4026,8226,95588,406,1464,240,2.3958856
1033.15,17740.8516,17.7408516,10331.5,587,1021,5176,11502,4112,7825,96693,256,1457,259,2.644558796
1033.4,17742.24763,17.74224763,10334,653,947,5287,11608,4133,8409,97203,390,1512,211,2.790519095
1033.65,17743.64367,17.74364367,10336.5,604,1053,5320,11739,4156,8550,96684,246,1394,194,2.784206333
1033.9,17745.03971,17.74503971,10339,635,982,5164,11429,3919,8486,94156,339,1348,300,2.840812614
1034.15,17746.43574,17.74643574,10341.5,661,1093,5198,11386,4074,8363,96184,273,1461,219,2.321725529
1034.4,17747.83178,17.74783178,10344,667,951,5122,11342,4126,8418,95096,244,1482,190,2.520595807
1034.65,17749.22781,17.74922781,10346.5,641,1031,5198,10828,4049,8640,96659,394,1557,182,2.715341782
1034.9,17750.62385,17.75062385,10349,619,1055,5183,10985,3935,8740,94803,361,1361,235,2.327502511
1035.4,17753.35478,17.75335478,10354,649,1059,4990,10927,3760,8859,93802,271,1262,289,2.413575735
1035.65,17754.72025,17.75472025,10356.5,619,1002,5033,10711,3774,8605,93120,412,1490,246,2.662409986
1035.9,17756.08572,17.75608572,10359,582,1057,4913,10633,3897,8675,93844,413,1409,152,2.905718212
1036.15,17757.45118,17.75745118,10361.5,610,998,5140,10774,3837,8429,93009,419,1421,237,2.730903491
1036.4,17758.81665,17.75881665,10364,571,942,5045,10495,3791,7804,93006,229,1493,204,2.861374534
1036.65,17760.18212,17.76018212,10366.5,590,997,4944,10893,3925,7827,95527,167,1392,160,2.723451777
1036.9,17761.54758,17.76154758,10369,660,942,5116,10593,3865,8102,91440,399,1388,186,3.249642517
1037.15,17762.91305,17.76291305,10371.5,551,989,4921,10323,3730,8014,89984,351,1397,154,2.589786316
1037.4,17764.27851,17.76427851,10374,624,895,4994,10457,3809,7864,90136,335,1391,130,2.809482666
1037.65,17765.64398,17.76564398,10376.5,625,955,4849,10685,3689,7943,89921,370,1445,183,3.009664059
1037.9,17767.00945,17.76700945,10379,646,956,4829,10750,3728,7182,89474,276,1277,211,3.115
1038.15,17768.37491,17.76837491,10381.5,575,919,4993,11520,3622,6677,86337,371,1453,222,2.995319448
1038.4,17769.74038,17.76974038,10384,630,899,4912,11510,3808,6635,87135,279,1451,121,2.442188543
1038.65,17771.10585,17.77110585,10386.5,542,920,5063,11318,3732,6011,89441,210,1453,192,2.959658905
1038.9,17772.47131,17.77247131,10389,646,893,4830,11049,3701,6745,86475,249,1364,231,3.084544899
1039.15,17773.83678,17.77383678,10391.5,627,851,4670,10598,3666,6892,85330,364,1449,251,2.811508588
1039.4,17775.20225,17.77520225,10394,683,954,5032,10523,3702,7843,90898,324,1571,270,2.699455176
1039.65,17776.56771,17.77656771,10396.5,632,964,4914,10711,3814,8340,90940,212,1300,79,2.425363158
1039.9,17777.93318,17.77793318,10399,700,953,4758,11212,3846,7735,91130,261,1332,203,2.371348213
1040.15,17779.29864,17.77929864,10401.5,614,971,4822,11518,3890,7804,90229,382,1345,221,2.682366049
1040.4,17780.66411,17.78066411,10404,659,955,4943,11524,3691,6956,89090,112,1305,267,2.902681992
1040.65,17782.02958,17.78202958,10406.5,625,937,5010,11820,3891,6775,87988,284,1449,235,2.426421405
1040.9,17783.39504,17.78339504,10409,630,919,4940,12078,3931,6887,88046,468,1475,109,2.744060817
1041.15,17784.76051,17.78476051,10411.5,671,976,4894,12717,3799,6146,87547,281,1466,242,2.996847268
1041.4,17786.12598,17.78612598,10414,597,947,5038,11629,3926,5853,88264,424,1554,162,2.669229171
1041.65,17787.49144,17.78749144,10416.5,637,984,5045,11276,3849,5755,87173,400,1510,233,2.580858086
1041.9,17788.85691,17.78885691,10419,710,1033,5059,12134,3924,5763,87133,320,1607,228,2.420481821
1042.15,17790.22238,17.79022238,10421.5,638,995,4839,10866,3769,5075,86729,342,1531,221,2.511082902
1042.4,17791.58784,17.79158784,10424,613,1004,4803,10450,3933,7066,87739,286,1312,149,2.645912453
1042.65,17792.95331,17.79295331,10426.5,642,943,5136,8829,3942,10337,92489,329,1333,275,2.271483354
1042.9,17794.31877,17.79431877,10429,612,947,5134,7368,3868,11787,94884,329,1049,183,2.435958843
1043.15,17795.68424,17.79568424,10431.5,564,1023,4638,6341,3708,17378,104362,220,1088,177,3.033863867
1043.4,17797.04971,17.79704971,10434,548,1056,4650,5884,3541,17765,106642,278,945,140,2.701021356
1043.65,17798.41517,17.79841517,10436.5,517,1046,4272,5352,3694,12047,104184,270,912,139,2.56422828
1043.9,17799.78064,17.79978064,10439,615,998,4437,5193,3582,7267,96872,380,907,186,2.808287353
1044.15,17801.14611,17.80114611,10441.5,533,981,4706,5193,3618,4300,94741,413,993,239,3.038607454
1044.4,17802.51157,17.80251157,10444,533,898,4529,5606,3616,2879,93700,405,968,155,3.350508906
1044.65,17803.87704,17.80387704,10446.5,552,937,4643,7303,3336,2256,90738,214,967,207,2.905743095
1044.9,17805.24251,17.80524251,10449,577,895,4725,9330,3382,2174,89554,317,1026,227,2.495445582
1045.15,17806.60797,17.80660797,10451.5,620,872,4881,10632,3680,2222,85432,329,1315,160,2.567200487
1045.4,17807.97344,17.80797344,10454,681,891,4865,11660,3587,2452,82491,198,1359,254,2.669329558
1045.65,17809.3389,17.8093389,10456.5,690,789,4939,11730,3734,2363,82796,281,1445,177,2.171050384
1045.9,17810.70437,17.81070437,10459,682,747,5069,12146,3969,2713,85319,289,1407,116,2.565235091
1046.15,17812.06984,17.81206984,10461.5,699,838,5175,12807,3884,3190,87103,263,1395,249,2.320708826
1046.4,17813.4353,17.8134353,10464,652,821,5126,11858,3835,2645,86206,238,1551,195,2.998448502
1046.65,17814.80077,17.81480077,10466.5,638,836,5104,12636,3757,3176,86926,214,1435,203,2.193372519
1046.9,17816.16624,17.81616624,10469,640,880,5089,12764,3743,3195,84801,388,1540,220,2.408633354
1047.15,17817.5317,17.8175317,10471.5,622,791,4797,12656,3572,3375,83512,355,1359,268,2.698994177
1047.4,17818.89717,17.81889717,10474,656,819,4754,12414,3572,3120,82565,279,1428,245,2.892297432
1047.65,17820.26264,17.82026264,10476.5,630,779,4616,12712,3611,3925,81873,237,1476,183,2.266151298
1047.9,17821.6281,17.8216281,10479,581,805,4685,12162,3591,3149,78889,394,1454,197,2.813974489
1048.15,17822.99357,17.82299357,10481.5,727,842,5418,14122,3900,3345,89714,350,1703,255,2.2790921
1048.4,17824.35904,17.82435904,10484,777,946,5242,15584,3813,2982,87668,405,1712,302,2.36995791
1048.65,17825.7245,17.8257245,10486.5,708,888,5119,17894,3589,2801,86302,314,1801,262,2.771728948
1048.9,17827.08997,17.82708997,10489,742,974,4928,19032,3713,3018,85848,231,1866,272,2.321259124
1049.15,17828.45543,17.82845543,10491.5,720,953,5107,15590,3815,2841,92226,243,1830,243,2.28429865
1049.4,17829.8209,17.8298209,10494,734,939,5014,12345,3911,3349,90333,295,1624,168,2.109212935
1049.65,17831.18637,17.83118637,10496.5,718,1028,5062,9847,3875,4631,89970,378,1286,233,2.721986794
1050.25,17833.9173,17.8339173,10502.5,813,931,5709,13611,4113,2917,94852,308,1551,318,3.228306154
1050.5,17835.28277,17.83528277,10505,854,912,5711,13595,4392,2972,93863,324,1610,185,2.774489077
1050.75,17836.64823,17.83664823,10507.5,844,981,5400,10946,3858,2748,95711,428,1527,384,3.510223835
1051,17838.0137,17.8380137,10510,876,1030,5676,10647,4260,3080,97371,388,1507,185,3.196445374
1051.25,17839.37917,17.83937917,10512.5,895,1110,5644,9844,4030,3189,94704,486,1458,209,4.04412719
1051.5,17840.74463,17.84074463,10515,842,1060,5354,9618,3854,3491,93342,573,1416,195,3.024164474
1051.75,17842.1101,17.8421101,10517.5,861,980,5281,9693,3863,3708,91988,544,1409,162,3.697384503
1052,17843.47556,17.84347556,10520,818,988,5293,9692,4040,5254,92182,555,1293,185,3.32207644
1052.25,17844.84103,17.84484103,10522.5,828,1029,5169,9500,3910,9513,96196,329,1326,171,3.18971368
1052.5,17846.2065,17.8462065,10525,821,993,5267,10725,3804,6884,98143,505,1470,287,3.402703026
1052.75,17847.57196,17.84757196,10527.5,832,960,5234,12438,3913,3862,91927,330,1519,213,3.312390107
1053,17848.93743,17.84893743,10530,874,887,5023,11826,3866,3258,86189,334,1509,202,3.776509573
1053.25,17850.3029,17.8503029,10532.5,880,892,4843,9399,3706,3267,82587,357,1383,180,4.007227601
1053.5,17851.66836,17.85166836,10535,805,989,5136,7698,3857,4803,90916,439,1219,221,3.391524586
1053.75,17853.03383,17.85303383,10537.5,784,980,5334,6554,4054,10772,101048,441,1104,148,3.017289772
1054,17854.3993,17.8543993,10540,698,1092,5087,5377,3741,20539,110761,484,1042,231,2.74454193
1055,17859.86116,17.85986116,10550,676,1132,4738,3957,3525,7593,117337,378,1078,157,3.169152462
1055.25,17861.24584,17.86124584,10552.5,684,1024,5157,7599,3793,3351,111810,461,1340,188,3.0094392
1055.5,17862.63051,17.86263051,10555,732,1058,5247,12446,3761,3675,99817,387,1574,270,3.554313099
1055.75,17864.01519,17.86401519,10557.5,708,879,5490,14339,3892,3550,90020,521,1678,221,3.232115869
1056,17865.39986,17.86539986,10560,785,848,5563,14423,3997,3156,89669,258,1676,211,3.068039806
1056.25,17866.78454,17.86678454,10562.5,798,891,5759,14391,4053,3225,89531,326,1640,173,2.825816485
1056.5,17868.16921,17.86816921,10565,764,888,5654,14562,4136,3460,90053,263,1787,160,3.699871557
1056.75,17869.55389,17.86955389,10567.5,738,850,5523,14362,4010,3233,90676,380,1750,186,2.764731322
1057,17870.93857,17.87093857,10570,798,852,5405,14289,3945,3311,89766,290,1654,235,2.57947895
1057.25,17872.32324,17.87232324,10572.5,750,966,5620,13664,3936,3564,91703,354,1628,293,3.142987979
1057.5,17873.70792,17.87370792,10575,720,929,5660,13422,4208,3569,93833,428,1659,205,3.176484366
1057.75,17875.09259,17.87509259,10577.5,768,1034,5649,12817,3862,3859,95695,416,1680,285,3.491566573
1058,17876.47727,17.87647727,10580,751,950,5419,12985,4049,3664,94856,312,1613,212,2.894581489
1058.25,17877.86194,17.87786194,10582.5,757,878,5605,13419,3857,3620,94736,333,1689,288,2.815155732
1058.5,17879.24662,17.87924662,10585,750,851,5232,13219,3980,3514,92703,247,1601,259,3.153220014
1058.75,17880.63129,17.88063129,10587.5,743,924,5379,13319,3979,3745,91873,307,1681,266,3.540109141
1059,17882.01597,17.88201597,10590,763,839,5660,13034,3990,3633,92277,435,1557,174,3.217658396
1059.25,17883.40065,17.88340065,10592.5,766,865,5522,13349,4042,4577,90121,375,1664,328,2.694799406
1059.5,17884.78532,17.88478532,10595,759,858,5531,14533,3909,4107,87453,264,1756,304,2.814236293
1059.75,17886.17,17.88617,10597.5,823,873,5924,12914,3861,3357,89675,262,1631,287,2.625670967
1060,17887.55467,17.88755467,10600,753,917,5839,11306,4046,3901,93587,354,1473,313,2.78332343
1060.25,17888.93935,17.88893935,10602.5,765,896,5561,10920,4007,4928,99919,358,1472,266,3.791853971
1060.5,17890.32402,17.89032402,10605,671,968,5137,11049,3544,7098,110925,363,1257,267,3.00253304
1061,17893.09337,17.89309337,10610,716,1098,5050,6000,3738,10337,113574,249,1255,207,2.787403139
1061.25,17894.47805,17.89447805,10612.5,671,1101,5034,8931,3769,6044,111381,385,1520,148,2.914995224
1061.5,17895.86273,17.89586273,10615,749,1053,5230,11805,3712,5197,106012,427,1564,239,2.767019365
1061.75,17897.2474,17.8972474,10617.5,712,1030,5363,12155,3972,4553,101164,352,1409,257,2.837941209
1062,17898.63208,17.89863208,10620,739,899,5377,12005,3951,3532,96024,346,1572,223,2.892043714
1062.25,17900.01675,17.90001675,10622.5,741,880,5607,12425,4125,3118,94289,176,1540,289,2.764699888
1062.5,17901.40143,17.90140143,10625,785,867,5628,12355,4061,2883,94223,399,1511,263,3.168978271
1062.75,17902.7861,17.9027861,10627.5,807,901,5628,12191,4038,2836,94427,400,1536,274,2.771686185
1063,17904.17078,17.90417078,10630,750,914,5769,12528,3992,2875,95248,260,1592,274,2.867802109
1063.25,17905.55546,17.90555546,10632.5,760,869,5706,12387,3995,3036,95184,191,1500,304,2.74001996
1063.75,17908.32481,17.90832481,10637.5,850,805,5509,12772,4123,3239,92825,310,1648,217,3.018489814
1064,17909.70948,17.90970948,10640,766,861,5502,12246,4075,3404,93847,365,1542,271,3.20062097
1064.25,17911.09416,17.91109416,10642.5,681,854,5472,12023,4012,3585,94790,193,1560,251,2.50531094
1064.5,17912.47883,17.91247883,10645,729,898,5429,12077,3976,3677,92620,367,1536,274,2.747546918
1064.75,17913.86351,17.91386351,10647.5,728,837,5403,11769,3960,3725,93029,227,1637,273,2.80522589
1065,17915.24818,17.91524818,10650,713,929,5512,12038,4045,4066,93666,476,1538,203,2.749492695
1065.5,17918.01754,17.91801754,10655,736,914,5427,11592,3933,4252,93569,394,1469,332,3.088878914
1065.75,17919.40221,17.91940221,10657.5,725,868,5609,11900,3996,4540,93647,379,1543,238,3.119681483
1066,17920.78689,17.92078689,10660,761,896,5442,11515,3940,4836,92921,420,1521,366,2.605965612
1066.25,17922.17156,17.92217156,10662.5,751,803,5375,11387,4035,4925,93880,356,1389,241,2.703561311
1066.75,17924.94091,17.92494091,10667.5,744,833,5374,11400,4026,4883,93893,328,1470,185,2.549147346
1067,17926.32559,17.92632559,10670,717,912,5332,11290,4191,4823,93130,228,1393,185,3.570754081
1067.25,17927.71026,17.92771026,10672.5,693,870,5435,11510,3960,5239,93887,236,1558,279,2.660879743
1067.5,17929.09494,17.92909494,10675,685,904,5293,11275,4027,5299,93668,265,1450,251,3.00758185
1067.75,17930.47962,17.93047962,10677.5,772,836,5329,11464,4175,5533,94695,276,1574,139,3.331944775
1068,17931.86429,17.93186429,10680,740,924,5317,10849,3826,6067,92649,372,1564,260,2.479220896
1068.25,17933.24897,17.93324897,10682.5,707,878,5254,11175,3950,5876,91910,279,1458,264,2.987539971
1068.5,17934.63364,17.93463364,10685,749,876,5233,10890,3908,5653,92164,398,1570,253,2.848178138
1068.75,17936.01832,17.93601832,10687.5,665,842,5393,11088,3833,5407,93090,329,1478,306,2.882479321
1069,17937.40299,17.93740299,10690,688,864,5241,11081,3821,5245,92935,279,1528,277,3.058288216
1069.25,17938.78767,17.93878767,10692.5,704,876,5150,11366,3916,5306,91184,465,1520,188,3.178993542
1069.5,17940.17235,17.94017235,10695,812,820,5375,11197,3867,5337,92188,510,1415,217,3.006255393
1069.75,17941.55702,17.94155702,10697.5,686,752,4654,10665,3486,5794,86085,306,1374,231,3.456503613
1070,17942.9417,17.9429417,10700,696,800,4933,11261,3663,5241,87620,463,1420,276,2.728707935
1070.25,17944.32637,17.94432637,10702.5,716,803,5173,11181,3746,5275,90500,193,1485,275,2.398838067
1070.5,17945.71105,17.94571105,10705,746,863,5393,11536,4140,5310,94291,305,1533,170,2.896494891
1070.75,17947.09572,17.94709572,10707.5,825,838,5525,11822,4210,5575,96041,151,1498,276,2.463933327
1071,17948.4804,17.9484804,10710,806,859,5449,11516,4166,5732,96504,360,1463,206,2.982905028
1071.25,17949.86507,17.94986507,10712.5,729,769,5527,11557,4090,5557,95871,207,1438,238,2.693322671
1072.25,17955.40378,17.95540378,10722.5,677,897,5262,11578,3992,5818,96325,312,1316,204,2.472930986
1073,17959.5578,17.9595578,10730,747,888,5342,11823,4022,5654,95121,334,1531,264,2.434766107
1074.25,17966.48118,17.96648118,10742.5,794,870,5437,11728,3988,5824,96561,435,1525,267,2.79792694
1074.5,17967.86586,17.96786586,10745,704,867,5382,11375,3987,5784,94926,297,1472,291,2.455271422
1074.75,17969.25053,17.96925053,10747.5,695,886,5299,11770,3975,5733,96243,585,1468,258,2.727064449
1075,17970.63521,17.97063521,10750,684,849,5392,11789,4121,5749,94983,315,1411,173,3.211621234
1075.25,17972.00046,17.97200046,10752.5,658,884,5321,11654,4092,5622,95241,343,1551,219,2.491616882
1075.5,17973.36571,17.97336571,10755,690,821,5356,11721,4072,4964,94293,257,1531,281,2.452690001
1075.75,17974.73095,17.97473095,10757.5,719,964,5344,13110,4040,4027,98909,286,1492,288,2.718457468
1076,17976.0962,17.9760962,10760,703,803,5251,11833,4139,4046,92999,302,1654,222,2.912149735
1076.25,17977.46145,17.97746145,10762.5,720,826,5162,11432,4067,4602,91251,217,1551,226,3.066481353
1077.25,17982.92245,17.98292245,10772.5,764,871,5550,11810,4015,5795,96283,381,1546,293,2.825709861
1077.5,17984.2877,17.9842877,10775,664,837,5396,11628,3964,5995,94363,223,1527,217,2.602559242
1077.75,17985.65294,17.98565294,10777.5,707,819,5283,11600,4001,6012,94845,192,1466,309,2.251913317
1078,17987.01819,17.98701819,10780,732,892,5373,11564,4075,6266,96301,356,1520,247,2.598101566
1078.25,17988.38344,17.98838344,10782.5,661,895,5238,12023,4022,6114,95773,341,1529,175,2.838325853
1078.5,17989.74869,17.98974869,10785,626,869,5225,11317,4019,5887,92988,252,1476,214,2.894736842
1079,17992.47919,17.99247919,10790,668,934,5355,11824,4010,6191,94546,425,1582,246,2.52973425
1079.25,17993.84444,17.99384444,10792.5,635,841,5088,12598,3865,5917,99881,374,1562,236,2.364336442
1079.5,17995.20968,17.99520968,10795,711,927,5247,11289,3799,6342,95715,441,1469,362,2.785596538
1079.75,17996.57493,17.99657493,10797.5,642,880,5000,11278,3865,6129,92659,396,1411,316,2.834850993
1080,17997.94018,17.99794018,10800,643,908,5181,11483,3858,6218,95138,466,1395,269,2.593958112
1080.25,17999.30543,17.99930543,10802.5,672,891,5181,11770,3939,6068,93726,234,1407,261,3.021290752
1080.5,18000.67068,18.00067068,10805,675,923,5272,11843,4100,6152,94329,318,1447,161,2.441410085
1081,18003.40118,18.00340118,10810,757,933,5374,11722,4033,6121,96172,361,1545,185,3.017676499
1081.25,18004.76643,18.00476643,10812.5,686,865,5284,11789,4028,6415,97342,277,1442,296,2.312687398
1081.75,18007.49692,18.00749692,10817.5,753,939,5438,12324,4132,6317,96422,429,1454,242,2.473722038
1082,18008.86217,18.00886217,10820,719,818,5321,11555,3965,6118,94911,254,1404,233,2.549408203
1082.25,18010.22742,18.01022742,10822.5,724,823,5166,11573,3924,6445,94142,344,1619,186,2.981507215
1082.5,18011.59267,18.01159267,10825,682,865,5375,11354,3967,6464,93435,287,1525,218,2.734234689
1082.75,18012.95792,18.01295792,10827.5,701,857,5143,11449,3971,6369,93149,321,1543,279,2.384921738
1083,18014.32317,18.01432317,10830,718,875,5184,11802,3833,6492,92685,253,1594,232,2.457651896
1083.25,18015.68842,18.01568842,10832.5,704,795,5164,11738,4076,6523,92966,259,1446,185,2.597214326
1083.5,18017.05366,18.01705366,10835,747,826,5105,11327,4041,6706,93713,306,1530,343,2.207074312
1083.75,18018.41891,18.01841891,10837.5,651,822,5043,11386,4037,6576,92486,258,1416,187,2.884000852
1084,18019.78416,18.01978416,10840,650,843,5109,11248,3951,6846,93631,278,1464,223,2.714057667
1084.25,18021.14941,18.02114941,10842.5,760,790,5490,11501,4062,6636,95154,274,1420,270,3.405513284
1084.5,18022.51466,18.02251466,10845,676,895,5632,11741,4124,6422,95951,351,1370,184,2.799417395
1084.75,18023.87991,18.02387991,10847.5,723,792,5371,11676,3997,6355,94183,380,1570,197,2.868864546
1085,18025.24516,18.02524516,10850,738,770,5465,11679,3963,6674,93770,256,1541,290,3.072506192
1085.25,18026.6104,18.0266104,10852.5,732,861,5236,12014,4077,6549,94707,403,1545,191,2.628185328
1085.5,18027.97565,18.02797565,10855,652,846,5129,11596,4012,6440,93309,493,1614,174,2.895802882
1085.75,18029.3409,18.0293409,10857.5,725,882,4984,11392,3886,6605,92899,444,1378,226,2.375960867
1086,18030.70615,18.03070615,10860,725,867,5101,11217,3993,6777,95072,317,1382,273,2.889879058
1086.25,18032.0714,18.0320714,10862.5,736,832,5153,11744,4000,6463,92015,405,1330,176,2.906657593
1086.5,18033.43665,18.03343665,10865,747,848,5297,11327,3888,6371,91928,386,1463,252,3.138374899
1086.75,18034.8019,18.0348019,10867.5,696,899,5157,11513,3954,6163,93385,424,1505,250,2.848071596
1087,18036.16715,18.03616715,10870,723,919,5256,11377,3975,5647,91288,393,1561,338,2.361246682
1087.5,18037.53239,18.03753239,10875,803,825,5207,12123,4016,5601,93175,214,1486,268,2.951439049
1087.75,18040.26289,18.04026289,10877.5,745,833,5282,11510,4006,5660,92485,382,1508,252,2.772755228
1088,18041.62814,18.04162814,10880,753,892,5285,12031,3926,5959,93100,254,1472,286,2.533043317
1088.5,18042.99339,18.04299339,10885,728,875,5183,11388,3930,6924,93695,288,1485,298,2.555011782
1088.75,18045.72389,18.04572389,10887.5,707,850,5131,11807,3991,7297,94394,330,1394,263,2.841052089
1089,18047.08914,18.04708914,10890,709,917,5127,11652,4067,7525,93312,490,1471,236,2.722962066
1089.25,18048.45438,18.04845438,10892.5,598,913,5288,11806,3890,7405,93263,236,1464,286,2.562126368
1089.5,18049.81963,18.04981963,10895,714,888,5325,11783,3830,7684,94798,429,1512,309,2.984669295
1089.75,18051.18488,18.05118488,10897.5,682,858,5128,11776,3968,7763,94101,279,1406,311,2.328774149
1090,18052.55013,18.05255013,10900,682,863,5085,11876,3914,7840,93874,417,1433,225,2.621669803
1090.25,18053.91538,18.05391538,10902.5,695,851,5130,11881,3971,8019,94048,258,1495,249,2.367754252
1090.5,18055.28063,18.05528063,10905,719,906,5207,11948,4042,6683,92389,208,1470,242,3.097566628
1090.75,18056.64588,18.05664588,10907.5,735,890,5158,14128,4016,5154,91957,370,1576,225,2.982156973
1091,18058.01112,18.05801112,10910,765,857,5034,15514,3770,5451,85026,349,1729,213,2.344999577
1091.25,18059.37637,18.05937637,10912.5,784,890,4991,17019,3770,6256,85471,335,1835,277,2.702899273
1091.5,18060.74162,18.06074162,10915,706,897,5199,17369,3857,7497,84362,454,1830,189,2.950807636
1091.75,18062.10687,18.06210687,10917.5,730,855,5183,8870,4138,7655,101234,399,1189,248,2.941249611
1092.25,18064.83737,18.06483737,10922.5,687,930,5142,9058,3759,4123,105294,408,1304,321,3.40652675
1092.5,18066.20262,18.06620262,10925,734,851,5376,9655,3949,3915,96975,359,1369,298,2.687898724
1092.75,18067.56787,18.06756787,10927.5,737,856,5581,8552,3957,3115,96667,259,1201,243,2.5377061
1093,18068.93311,18.06893311,10930,759,872,5555,8716,4002,2593,97312,296,1203,258,2.662144213
1093.25,18070.29836,18.07029836,10932.5,725,844,5339,10934,3934,2269,95475,496,1471,300,2.179572601
1093.5,18071.66361,18.07166361,10935,729,851,5225,13464,3867,2272,90533,407,1658,320,2.551740054
1093.75,18073.02886,18.07302886,10937.5,705,783,4950,16373,3767,1874,81482,367,1887,293,3.059990497
1094,18074.39411,18.07439411,10940,724,866,5350,13401,3933,2306,86083,354,1637,249,2.277777778
1094.25,18075.75936,18.07575936,10942.5,788,807,5615,11336,4073,1975,89799,182,1466,229,2.604902806
1094.5,18077.12461,18.07712461,10945,648,823,5384,10932,4209,1845,90924,204,1512,203,2.517085926
1094.75,18078.48986,18.07848986,10947.5,818,873,5533,11660,4236,1893,91771,158,1568,246,2.619091411
1095,18079.8551,18.0798551,10950,719,888,5546,9822,4233,2066,94308,534,1417,231,2.686717527
1095.25,18081.22591,18.08122591,10952.5,663,934,5333,5742,3945,2337,102518,428,1119,232,2.276867921
1095.5,18082.59672,18.08259672,10955,761,898,5256,5806,3813,2224,101432,332,1256,220,2.38401785
1095.75,18083.96753,18.08396753,10957.5,647,888,5363,6125,3943,2136,100313,415,1193,212,3.169218464
1096.25,18086.70916,18.08670916,10962.5,630,971,4771,7510,3437,1942,104670,391,1615,270,3.118139333
1097,18090.82159,18.09082159,10970,674,894,5237,7193,3839,1607,96464,486,1164,251,2.801282051
1098.25,18097.67564,18.09767564,10982.5,679,846,5382,12345,3843,1820,89754,312,1582,256,2.355329949
1098.5,18099.04645,18.09904645,10985,736,811,5375,12870,3996,1908,89546,242,1652,297,2.794417551
1098.75,18100.41726,18.10041726,10987.5,700,819,5389,12875,3980,2068,89540,358,1517,226,2.971805317
1100.25,18108.64212,18.10864212,11002.5,664,800,5298,11855,3908,3085,90217,450,1526,283,3.307757576
1101,18112.75455,18.11275455,11010,657,848,5226,12108,3967,3436,90164,266,1535,227,2.265700881
1101.75,18116.86698,18.11686698,11017.5,716,875,5103,11574,3794,3600,88672,298,1459,264,2.957073621
1102.5,18120.97941,18.12097941,11025,714,811,5353,11891,3940,3581,92131,150,1376,309,2.390972664
1102.75,18122.35022,18.12235022,11027.5,661,827,5195,12142,3731,3842,90490,393,1525,376,2.349253213
1103.25,18125.09184,18.12509184,11032.5,744,814,5325,12037,3902,3873,92169,298,1571,205,2.556588149
1103.5,18126.46265,18.12646265,11035,650,906,5300,11974,3991,3585,95520,279,1532,235,2.836233367
1103.75,18127.83346,18.12783346,11037.5,701,876,5086,12331,3862,4538,94832,350,1661,285,2.340067912
1104,18129.20427,18.12920427,11040,679,841,5207,12481,3892,3527,94422,347,1570,316,2.693416627
1105,18134.68751,18.13468751,11050,698,854,5247,11662,3880,4363,90652,329,1407,291,2.345241069
1105.25,18136.05832,18.13605832,11052.5,693,915,5301,11989,3791,3893,93300,282,1473,333,2.789479124
1105.5,18137.42913,18.13742913,11055,709,898,5155,12423,3810,3676,97249,555,1489,247,2.508810776
1105.75,18138.79994,18.13879994,11057.5,713,953,5251,12256,4066,3841,93337,398,1488,254,2.188731253
1106,18140.17075,18.14017075,11060,692,837,5258,12325,4023,3501,93659,295,1429,279,2.520489873
1106.25,18141.54156,18.14154156,11062.5,710,817,5349,13095,3925,4061,91148,263,1541,189,2.239580692
1106.5,18142.91238,18.14291238,11065,746,846,5340,13061,3950,3899,91452,275,1475,188,2.960645161
1106.75,18144.28319,18.14428319,11067.5,726,904,5390,12884,4093,3604,95041,379,1665,195,2.713594151
1107.25,18147.02481,18.14702481,11072.5,698,828,5084,13054,3942,3689,89550,253,1603,183,2.642050476
1107.5,18148.39562,18.14839562,11075,650,847,5243,12483,3743,3490,88744,326,1550,222,2.609404807
1107.75,18149.76643,18.14976643,11077.5,708,808,5021,13046,3796,2924,87540,388,1574,199,2.499778428
1108,18151.13724,18.15113724,11080,703,831,5028,14234,3685,3200,86498,445,1592,216,2.525537886
1108.25,18152.50805,18.15250805,11082.5,665,867,4886,15175,3538,2746,83079,366,1739,281,2.512508198
1108.5,18153.87886,18.15387886,11085,748,731,4801,16040,3568,2297,80980,221,1699,268,2.577449425
1108.75,18155.24967,18.15524967,11087.5,712,861,4895,13931,3649,2284,82684,231,1654,305,2.63618601
1109,18156.62048,18.15662048,11090,699,783,5127,12312,3726,2170,86250,294,1651,295,2.095065312
1109.25,18157.99129,18.15799129,11092.5,704,771,5166,10869,3859,2034,85470,395,1490,284,2.291229258
1109.5,18159.3621,18.1593621,11095,729,816,5303,9970,4068,2245,91568,304,1508,229,2.28254667
1109.75,18160.73291,18.16073291,11097.5,681,793,5463,8302,4081,2242,96532,208,1277,254,2.396794126
1110,18162.10372,18.16210372,11100,694,839,5161,7567,4021,2398,92025,230,1245,247,2.640335966
1110.25,18163.47453,18.16347453,11102.5,635,819,5284,7465,4229,3072,96024,299,1115,162,2.835901148
1110.5,18164.84534,18.16484534,11105,758,867,5712,8449,4221,3141,101486,179,1316,248,2.495229008
1110.75,18166.21615,18.16621615,11107.5,712,850,5524,7769,4155,2925,98115,294,1278,213,2.45492816
1111,18167.58696,18.16758696,11110,743,854,5533,7330,4275,3715,101689,236,1241,235,2.623107927
1111.25,18168.95777,18.16895777,11112.5,772,886,5513,5364,4189,5141,104163,354,1119,202,2.630261248
1111.5,18170.32858,18.17032858,11115,677,876,5319,5082,4099,5136,101956,208,1061,187,2.471343338
1111.75,18171.69939,18.17169939,11117.5,653,894,5332,5194,4189,3461,101546,238,1038,190,2.426831406
1112,18173.0702,18.1730702,11120,707,931,5250,4700,4050,4215,102094,496,1087,138,2.912100791
1112.25,18174.44101,18.17444101,11122.5,635,953,4711,3459,3601,7898,98917,410,873,296,2.428811565
1112.5,18175.81182,18.17581182,11125,676,900,4945,3482,3939,6127,107270,305,1097,228,2.391347261
1112.75,18177.18263,18.17718263,11127.5,683,993,4831,3151,3820,6657,107768,363,864,176,2.216032005
1113,18178.55344,18.17855344,11130,665,996,4666,3064,3785,7103,107341,329,810,209,3.313791935
1113.25,18179.92425,18.17992425,11132.5,685,1039,4798,3045,3846,2236,105699,500,784,117,2.592042807
1113.5,18181.29506,18.18129506,11135,694,1125,3808,4094,3124,1914,95932,365,926,78,2.760205803
1113.75,18182.66587,18.18266587,11137.5,709,1186,3287,4099,2639,1597,83307,433,972,111,2.774171507
1114,18184.03668,18.18403668,11140,767,1083,3792,3166,2951,1518,92219,379,949,183,2.852371171
1114.25,18185.40749,18.18540749,11142.5,806,1078,4052,5147,3123,1530,93399,451,1094,131,2.663177602
1114.5,18186.7783,18.1867783,11145,668,993,4540,7338,3430,1418,100703,357,1074,144,2.448535234
1114.75,18188.14911,18.18814911,11147.5,750,904,4834,9596,3576,1795,86877,205,1228,258,2.56122449
1115,18189.51992,18.18951992,11150,819,901,4902,6603,3609,2976,82483,336,1197,253,2.982703263
1115.25,18190.90854,18.19090854,11152.5,837,865,4570,6731,3426,3174,80898,354,1127,124,2.49261005
1115.5,18192.29716,18.19229716,11155,895,941,4041,7010,3294,2374,73697,528,1150,132,2.812527726
1116.5,18197.85163,18.19785163,11165,904,917,2660,5999,2023,952,68482,401,1106,109,3.081685373
1117,18200.62887,18.20062887,11170,722,843,4134,11430,2875,2010,85672,302,1607,233,2.440574745
1117.25,18202.01748,18.20201748,11172.5,683,858,5095,14614,3476,3837,100919,277,1715,326,2.268331143
1117.5,18203.4061,18.2034061,11175,618,832,5102,11245,3768,6193,104381,233,1533,282,2.340137334
1117.75,18204.79472,18.20479472,11177.5,633,953,5116,10613,3821,10808,105643,168,1482,427,3.017596722
1118,18206.18334,18.20618334,11180,600,885,4874,10709,3828,11589,102404,294,1567,370,2.272767937
1118.25,18207.57196,18.20757196,11182.5,680,864,5202,12192,3768,5758,103319,237,1700,394,3.266298204
1118.5,18208.96057,18.20896057,11185,679,872,5235,12892,3862,4965,104188,213,1624,368,2.577606404
1118.75,18210.34919,18.21034919,11187.5,619,885,5187,12591,3695,4184,101586,430,1590,364,2.516590823
1119,18211.73781,18.21173781,11190,590,885,4873,11781,3676,3823,100304,354,1600,659,2.386769854
1119.25,18213.12643,18.21312643,11192.5,625,920,4792,11633,3456,3139,97034,270,1682,833,2.840098127
1119.5,18214.51505,18.21451505,11195,575,907,4681,12606,3599,2804,97562,279,1801,620,2.432388117
1119.75,18215.90366,18.21590366,11197.5,483,848,4656,14904,3382,2470,97010,209,1804,369,2.547494832
1120,18217.29228,18.21729228,11200,543,777,4423,11935,3574,2645,98716,100,1513,377,1.996628844
1120.25,18218.6809,18.2186809,11202.5,572,836,4654,12622,3570,2970,95720,311,1535,689,2.124303187
1120.5,18220.06952,18.22006952,11205,590,881,4566,13755,3678,2516,96997,139,1576,401,2.395462216
1120.75,18221.45814,18.22145814,11207.5,641,851,4970,13588,3630,2653,90013,227,1691,397,2.527014036
1121,18222.84675,18.22284675,11210,644,827,4767,17812,3533,2339,77266,265,1875,362,2.439869155
1121.25,18224.23537,18.22423537,11212.5,734,890,5003,17013,3579,2756,80499,234,1817,296,2.44080967
1121.5,18225.62399,18.22562399,11215,719,780,5227,14786,3656,2542,84599,258,1701,242,2.57195868
1121.75,18227.01261,18.22701261,11217.5,775,812,5206,12678,3831,2838,88553,267,1434,369,2.428425453
1122,18228.40123,18.22840123,11220,691,758,5289,12265,3962,2867,88791,215,1470,201,2.853434631
1122.25,18229.78984,18.22978984,11222.5,664,827,5390,11893,4021,2642,89413,217,1401,284,2.460387919
1122.5,18231.17846,18.23117846,11225,743,777,5421,11710,3970,3008,91043,303,1479,240,2.140612474
1122.75,18232.56708,18.23256708,11227.5,674,815,5454,10441,4061,4142,94956,299,1351,316,2.551483768
1123,18233.9557,18.2339557,11230,700,868,5475,10838,4197,4471,97139,316,1527,233,2.763501326
1123.25,18235.34431,18.23534431,11232.5,705,810,5497,10601,4065,4449,95872,348,1350,221,2.417313699
1123.5,18236.73293,18.23673293,11235,707,818,5690,10916,4156,3938,93846,224,1335,246,2.521796194
1123.75,18238.12155,18.23812155,11237.5,682,793,5440,10864,4066,4433,95123,278,1361,251,2.692276587
1124,18239.51017,18.23951017,11240,660,782,5673,11377,4047,2944,92324,195,1303,287,2.444703686
1124.25,18240.89879,18.24089879,11242.5,634,778,5415,11094,4033,2933,92483,416,1509,242,2.643448612
1124.5,18242.2874,18.2422874,11245,680,871,5761,10676,4197,3707,95239,244,1377,303,2.715725806
1124.75,18243.67602,18.24367602,11247.5,729,864,5698,10609,4145,3549,96111,285,1329,317,2.59962157
1125,18245.06464,18.24506464,11250,717,838,5698,10415,4039,4365,96634,129,1325,290,2.449894756
1125.25,18246.45326,18.24645326,11252.5,731,888,5488,8728,4116,8019,103496,400,1182,236,2.446430167
1125.75,18249.23049,18.24923049,11257.5,723,968,5348,8157,3951,9158,106499,384,1274,356,2.708844416
1126,18250.61911,18.25061911,11260,695,831,5444,9683,4009,4953,103432,194,1348,284,2.713207917
1126.25,18252.00773,18.25200773,11262.5,724,893,5710,11882,3985,3722,98932,180,1485,288,2.576941001
1126.5,18253.39635,18.25339635,11265,688,857,5829,12464,4045,3808,98938,216,1622,299,2.556765894
1126.75,18254.78497,18.25478497,11267.5,738,849,5407,14378,4042,3750,93895,163,1702,280,2.647506855
1127,18256.17358,18.25617358,11270,699,785,5390,18976,3826,3493,82296,373,1867,254,2.089414019
1127.25,18257.5622,18.2575622,11272.5,661,802,5451,14217,4004,3704,89316,252,1460,329,2.291394104
1127.5,18258.95082,18.25895082,11275,697,810,5557,11996,3989,3419,90141,354,1285,323,2.76096761
1127.75,18260.33944,18.26033944,11277.5,838,761,5830,11022,3965,3369,91025,358,1347,277,3.030181777
1128,18261.72806,18.26172806,11280,681,651,5414,8676,4045,3514,92345,223,1153,302,2.795685144
1128.25,18263.11667,18.26311667,11282.5,760,773,5834,8913,4181,3110,93428,196,1348,298,2.850923206
1128.5,18264.50529,18.26450529,11285,801,802,5806,7902,4067,3440,97404,257,1236,328,2.312317192
1128.75,18265.89391,18.26589391,11287.5,792,886,5769,5642,4070,4982,105938,201,1012,287,2.48397734
1129,18267.28253,18.26728253,11290,654,974,5270,4182,3888,11121,111801,357,855,227,3.059468881
1129.25,18268.67115,18.26867115,11292.5,601,1016,5044,3629,3904,9156,114168,431,731,186,3.255273548
1130,18272.837,18.272837,11300,642,847,5574,6408,3904,3079,114981,131,1087,242,2.358605664
1130.25,18274.22562,18.27422562,11302.5,767,757,5767,9880,4099,3067,96914,207,1440,277,2.442821449
1130.5,18275.61423,18.27561423,11305,730,787,5908,10674,4177,2571,96524,255,1437,248,2.393202147
1130.75,18277.00285,18.27700285,11307.5,780,777,5854,11291,4169,2653,93255,386,1445,289,2.70956486
1131,18278.39147,18.27839147,11310,733,779,5752,11915,4142,2677,92995,197,1435,251,2.735890964
1131.25,18279.78009,18.27978009,11312.5,807,819,5902,12366,4329,2672,96045,321,1543,220,2.370027435
1131.5,18281.16871,18.28116871,11315,798,781,5862,11679,4068,2939,94640,316,1469,279,2.532082216
1131.75,18282.55732,18.28255732,11317.5,754,824,5625,11324,4147,2942,93087,219,1547,246,2.720696517
1132,18283.94594,18.28394594,11320,724,822,5778,11027,4009,2987,93366,330,1440,237,2.479155338
1132.25,18285.33456,18.28533456,11322.5,720,836,5548,11477,3887,3169,90784,313,1443,265,2.696539757
1132.5,18286.72318,18.28672318,11325,718,742,5427,11408,4077,3391,91217,232,1458,149,2.378438529
1132.75,18288.1118,18.2881118,11327.5,641,813,5576,11426,4171,3401,93610,265,1469,311,2.594117066
1133,18289.50041,18.28950041,11330,759,831,5656,11822,4262,2982,94062,303,1513,280,2.500241476
1133.25,18290.88903,18.29088903,11332.5,709,764,5624,11326,4120,2931,93060,407,1423,180,3.379598868
1133.5,18292.27765,18.29227765,11335,701,819,5690,11727,4133,3343,93517,337,1427,226,2.490423573
1133.75,18293.66627,18.29366627,11337.5,685,832,5554,11376,4044,3790,94500,125,1515,335,2.735789577
1134,18295.05489,18.29505489,11340,751,814,5613,11270,4216,3795,95934,165,1376,151,2.357377924
1134.25,18296.4435,18.2964435,11342.5,698,806,5660,11139,4185,4061,96303,353,1456,297,2.932633142
1134.5,18297.83212,18.29783212,11345,718,863,5648,11181,4168,4170,95730,389,1324,240,2.356008075
1134.75,18299.22074,18.29922074,11347.5,778,881,5698,11093,4082,4022,95619,173,1376,390,3.085383343
1135,18300.60936,18.30060936,11350,751,875,5658,11203,4177,4121,96849,249,1490,369,2.576015545
1135.25,18301.98874,18.30198874,11352.5,721,893,5615,10836,3984,4408,95949,236,1448,312,2.703611695
1135.75,18304.7475,18.3047475,11357.5,720,794,5516,11019,4059,4372,96260,278,1481,256,2.624155741
1136,18306.12688,18.30612688,11360,736,847,5590,11026,4054,4350,94760,316,1575,317,2.674983011
1136.25,18307.50626,18.30750626,11362.5,712,786,5671,11081,4082,3857,94931,280,1374,251,2.719156974
1136.5,18308.88564,18.30888564,11365,689,855,5581,11207,4262,4377,95689,460,1334,208,2.375375118
1136.75,18310.26502,18.31026502,11367.5,717,874,5551,11166,4209,4761,97280,408,1374,249,2.609991403
1137,18311.64441,18.31164441,11370,676,811,5671,11132,4191,4770,97200,360,1432,245,2.396289165
1137.25,18313.02379,18.31302379,11372.5,667,836,5538,11092,4228,4455,96861,278,1319,205,2.279663096
1137.5,18314.40317,18.31440317,11375,764,896,5656,11518,4291,4124,97369,370,1460,326,2.3873631
1137.75,18315.78255,18.31578255,11377.5,723,825,5690,11153,4406,3562,96785,351,1506,302,2.691090675
1138,18317.16193,18.31716193,11380,716,847,5508,11860,4322,4119,96688,251,1485,245,3.31473516
1138.25,18318.54131,18.31854131,11382.5,764,862,5566,12168,4127,4548,98176,440,1557,356,2.433658105
1138.5,18319.92069,18.31992069,11385,689,815,5687,11503,4078,4613,96238,357,1487,310,2.591271312
1138.75,18321.30007,18.32130007,11387.5,725,891,5767,11344,4351,4395,97993,344,1533,305,2.481464738
1139,18322.67945,18.32267945,11390,685,835,5406,11040,4160,4913,97559,376,1533,374,2.736672525
1139.5,18325.43822,18.32543822,11395,703,815,5365,10528,4111,4771,95515,362,1408,210,2.387906137
1139.75,18326.8176,18.3268176,11397.5,724,879,5476,10535,4139,4734,95292,362,1418,212,2.752026245
1140,18328.19698,18.32819698,11400,777,845,5334,10730,4276,4759,94890,289,1319,105,2.533799111
1140.25,18329.57636,18.32957636,11402.5,709,850,5297,10863,4111,5073,96323,192,1377,276,3.314006024
1140.5,18330.95574,18.33095574,11405,743,825,5329,10860,4083,4740,95075,399,1310,258,2.526185034
1140.75,18332.33512,18.33233512,11407.5,706,784,5414,10970,4026,4395,93119,217,1393,278,2.664333596
1141,18333.7145,18.3337145,11410,690,837,5616,11436,4042,4218,95271,184,1335,291,2.663751906
1141.25,18335.09388,18.33509388,11412.5,766,788,5338,11522,4114,3962,92464,287,1470,230,2.478809992
1141.5,18336.47326,18.33647326,11415,720,775,5397,11206,3995,4062,91050,186,1376,304,1.983191981
1141.75,18337.85265,18.33785265,11417.5,737,784,5293,11063,4171,4039,92565,351,1494,237,2.457639524
1142,18339.23203,18.33923203,11420,762,804,5319,11126,4187,4041,93175,377,1498,254,2.552875148
1142.25,18340.61141,18.34061141,11422.5,755,784,5333,11430,4162,3678,93792,221,1502,268,2.416188655
1142.5,18341.99079,18.34199079,11425,710,837,5349,11162,3904,3739,93355,254,1494,409,2.548760331
1142.75,18343.37017,18.34337017,11427.5,707,830,5597,11924,4121,3656,94470,184,1506,291,2.266603169
1143,18344.74955,18.34474955,11430,700,836,5341,11206,4005,3285,92726,219,1450,249,2.291814947
1143.25,18346.12893,18.34612893,11432.5,738,831,5503,12502,4063,3051,90475,185,1567,290,3.00067446
1143.5,18347.50831,18.34750831,11435,707,843,5362,15120,4006,2748,87523,222,1744,246,2.276366767
1143.75,18348.88769,18.34888769,11437.5,719,794,5098,18374,3750,2496,80489,109,1804,282,2.472627737
1144,18350.26707,18.35026707,11440,763,767,5227,14196,3927,2222,85565,225,1773,276,2.599723265
1144.25,18351.64646,18.35164646,11442.5,753,820,5630,9845,4147,2362,90597,268,1245,300,2.568742656
1144.5,18353.02584,18.35302584,11445,740,823,5730,7532,4286,2930,97057,397,1188,253,2.635496183
1144.75,18354.40522,18.35440522,11447.5,735,860,5560,5351,4211,5185,102686,411,1071,255,2.634392523
1145,18355.7846,18.3557846,11450,676,925,5187,4519,3957,7455,107259,323,1110,701,2.574109854
1145.25,18357.16398,18.35716398,11452.5,593,1019,4610,4614,3641,11360,111825,318,1118,1570,2.680370943
1145.5,18358.54336,18.35854336,11455,540,955,4567,4050,3579,16864,111028,188,1110,1404,2.135825647
1145.75,18359.92274,18.35992274,11457.5,621,931,4456,4312,3633,11802,110057,297,1034,929,2.877621622
1146,18361.30212,18.36130212,11460,620,1061,4708,5903,3758,4530,106339,453,1228,431,3.025853046
1146.25,18362.6815,18.3626815,11462.5,645,958,4666,7837,3702,2839,109910,411,1223,376,2.821674312
1146.5,18364.06089,18.36406089,11465,609,965,4804,9326,3581,2512,102018,404,1262,347,2.573635427
1146.75,18365.44027,18.36544027,11467.5,660,879,5037,10669,3590,3042,93550,277,1442,376,2.632686084
1147,18366.81965,18.36681965,11470,717,846,5291,10620,3683,3506,84742,329,1642,333,2.389301231
1147.25,18368.19903,18.36819903,11472.5,640,846,5402,9396,3596,3410,87039,278,1311,252,2.373204055
1147.5,18369.57841,18.36957841,11475,735,842,4971,8927,3565,3461,80910,304,1419,264,2.347116875
1147.75,18370.95779,18.37095779,11477.5,755,862,5010,9702,3570,3504,84367,280,1285,310,2.749010052
1148,18372.33717,18.37233717,11480,711,873,5192,10204,3932,3714,86344,183,1415,147,3.680659082
1148.25,18373.71655,18.37371655,11482.5,704,914,5029,10491,3688,4351,87400,320,1379,262,2.314841317
1148.5,18375.09593,18.37509593,11485,735,837,4992,10249,3888,3909,86406,319,1321,162,2.612082821
1148.75,18376.47531,18.37647531,11487.5,701,832,5083,10833,3689,4330,89274,512,1390,270,3.018496485
1149,18377.8547,18.3778547,11490,784,842,5199,10682,3977,4593,90080,394,1506,234,2.89558363
1149.25,18379.23408,18.37923408,11492.5,780,908,5203,10612,3780,4458,89737,372,1409,272,3.539927872
1149.5,18380.61346,18.38061346,11495,720,897,5039,10792,4012,4575,90085,406,1438,205,2.736349454
1149.75,18381.99284,18.38199284,11497.5,693,833,5266,10780,3900,4901,90983,133,1246,252,2.566745394
1150,18383.37222,18.38337222,11500,726,880,5151,11002,3919,4977,91181,375,1417,259,2.58305537
1150.25,18384.7516,18.3847516,11502.5,788,864,5420,11061,3998,5134,92321,301,1472,248,3.102941176
1150.5,18386.13098,18.38613098,11505,671,805,5227,11397,4041,4748,91850,228,1532,250,2.374275486
1150.75,18387.51036,18.38751036,11507.5,697,861,5266,11845,3876,4445,92637,361,1482,240,2.166293214
1151,18388.88974,18.38888974,11510,711,896,5157,12044,3856,4252,90109,330,1472,257,3.054689266
1151.25,18390.26912,18.39026912,11512.5,699,895,5120,12015,3778,4019,90039,151,1419,327,2.484916704
1151.5,18391.64851,18.39164851,11515,768,801,5033,12954,3817,3283,83813,293,1567,220,2.571441843
1151.75,18393.02789,18.39302789,11517.5,670,860,4875,15023,3604,3098,81069,199,1907,427,2.265298996
1152,18394.40727,18.39440727,11520,799,852,4722,13326,3431,3084,81421,387,1636,363,3.080848749
1152.25,18395.78665,18.39578665,11522.5,732,882,4849,10909,3682,3044,83283,245,1447,195,2.409531431
1152.5,18397.16603,18.39716603,11525,696,867,5265,9572,3977,3332,88639,399,1283,158,2.537028455
1152.75,18398.54541,18.39854541,11527.5,745,879,5172,8885,4063,4167,92145,108,1269,152,2.659416708
1153,18399.92479,18.39992479,11530,720,819,5248,7750,3891,4940,94489,289,1203,244,2.239938739
1153.25,18401.30417,18.40130417,11532.5,697,861,5220,7394,4084,5676,92740,242,1198,173,2.243738443
1153.5,18402.68355,18.40268355,11535,673,834,5235,7395,3975,5832,94007,320,1231,196,2.249578983
1153.75,18404.06294,18.40406294,11537.5,751,771,5501,7788,4263,5974,95075,245,1188,163,2.845606961
1154,18405.44232,18.40544232,11540,667,885,5325,7440,4004,5265,93041,314,1269,269,2.423783493
1154.25,18406.8217,18.4068217,11542.5,722,908,5496,7728,4259,4800,94146,336,1238,241,2.753803042
1154.5,18408.20108,18.40820108,11545,702,852,5461,7389,4150,5134,94239,265,1213,467,2.596002306
1154.75,18409.58046,18.40958046,11547.5,777,837,5441,6043,4186,4859,94518,355,1151,155,2.564119476
1155,18410.95984,18.41095984,11550,700,902,5438,5237,4198,5010,97360,311,1069,290,2.511185996
1155.25,18412.35271,18.41235271,11552.5,697,872,5507,3968,4326,5594,101942,226,975,219,2.830775928
1155.5,18413.74558,18.41374558,11555,685,873,5508,3477,4318,7883,105021,245,884,178,2.526827012
1155.75,18415.13845,18.41513845,11557.5,694,846,5379,3347,4159,11124,106939,174,880,210,2.536677709
1156,18416.53132,18.41653132,11560,667,935,5308,3306,4003,17208,109854,207,793,169,3.336293008
1156.25,18417.92419,18.41792419,11562.5,651,1015,5267,3430,3970,20736,107232,283,834,235,2.713839645
1156.5,18419.31706,18.41931706,11565,672,890,5007,3485,3926,21969,105957,49,865,206,3.140048854
1156.75,18420.70993,18.42070993,11567.5,661,927,5297,3422,4099,12228,105753,243,910,117,2.702772791
1158.25,18429.06715,18.42906715,11582.5,605,933,5007,2468,4015,1973,114829,291,873,91,2.801276387
1158.5,18430.46002,18.43046002,11585,666,899,5142,3323,4098,2102,108359,342,899,182,2.737310684
1158.75,18431.85289,18.43185289,11587.5,587,896,5089,4879,3929,1982,104705,378,1022,252,2.98130531
1159,18433.24576,18.43324576,11590,666,803,5034,6230,3976,2249,103648,521,907,119,2.152522841
1159.25,18434.63863,18.43463863,11592.5,638,831,5028,7216,3857,2156,99669,256,1040,145,2.593507269
1159.5,18436.03149,18.43603149,11595,599,840,4975,7768,3858,2164,96815,205,1284,119,2.302179883
1159.75,18437.42436,18.43742436,11597.5,642,772,4772,10141,3500,2220,87525,253,1345,221,2.057360906
1160,18438.81723,18.43881723,11600,648,815,5162,10778,3954,2253,90444,219,1378,217,2.598636768
1160.25,18440.2101,18.4402101,11602.5,669,765,5402,11340,4122,2573,92681,200,1574,197,3.111914641
1160.5,18441.60297,18.44160297,11605,732,823,5553,13061,4127,2688,92768,247,1589,169,2.763557033
1160.75,18442.99584,18.44299584,11607.5,745,837,5531,13085,4113,2650,91303,252,1459,214,2.766632017
1161,18444.38871,18.44438871,11610,794,806,5541,13692,4146,2773,90437,336,1571,192,2.437401098
1161.25,18445.78158,18.44578158,11612.5,712,844,5446,13179,3975,2620,88829,167,1593,286,2.424466192
1161.5,18447.17445,18.44717445,11615,727,786,5463,13359,3875,2818,89201,294,1519,194,2.488772455
1161.75,18448.56732,18.44856732,11617.5,757,803,5250,13576,3851,2781,87704,251,1773,221,2.613068353
1162,18449.96019,18.44996019,11620,722,830,5242,14508,3922,2867,85487,90,1735,275,2.975278121
1162.25,18451.35306,18.45135306,11622.5,755,832,5264,13542,3799,2795,87440,108,1668,233,2.961676378
1162.5,18452.74593,18.45274593,11625,716,815,5392,12590,3727,3301,91634,82,1503,168,2.568573593
1162.75,18454.1388,18.4541388,11627.5,741,844,5385,11571,3875,3434,91120,181,1439,179,2.270137443
1163,18455.53167,18.45553167,11630,725,889,5598,11693,3911,3566,91326,256,1467,187,2.688868977
1163.25,18456.92454,18.45692454,11632.5,775,861,5576,12050,3987,3537,90630,283,1370,168,2.676282367
1163.5,18458.31741,18.45831741,11635,786,926,5450,12242,4054,4171,93804,232,1480,208,3.213645597
1163.75,18459.71028,18.45971028,11637.5,734,882,5446,12632,4092,4703,92276,225,1497,229,2.673273098
1164,18461.10315,18.46110315,11640,754,914,5605,12594,4032,4291,92577,357,1594,202,2.573338538
1164.25,18462.49602,18.46249602,11642.5,731,820,5540,12530,4101,4417,90903,253,1539,211,2.525244984
1164.5,18463.88889,18.46388889,11645,792,827,5435,12603,4110,4390,91029,217,1463,188,2.549561699
1164.75,18465.28176,18.46528176,11647.5,713,814,5533,12356,4103,4119,91604,216,1615,238,2.5062372
1165,18466.67463,18.46667463,11650,697,866,5494,12296,3964,4392,90366,159,1530,254,2.836655476
1165.25,18468.0675,18.4680675,11652.5,753,890,5362,12171,3982,4807,90751,233,1443,213,2.560338201
1165.5,18469.46037,18.46946037,11655,675,892,5282,12239,3832,4823,91996,349,1426,259,2.643029087
1165.75,18470.85324,18.47085324,11657.5,728,850,5324,12455,4018,3995,89554,319,1606,253,2.533449573
1166,18472.24611,18.47224611,11660,751,836,5244,12630,3942,4106,90379,215,1529,247,2.250212838
1166.25,18473.63898,18.47363898,11662.5,693,901,5205,12645,3962,4159,89617,302,1580,247,2.736125126
1166.5,18475.03185,18.47503185,11665,776,844,5312,12938,4069,4158,89887,376,1621,235,2.021630371
1166.75,18476.42472,18.47642472,11667.5,738,802,5259,15254,3896,3176,88406,189,1613,235,2.931677019
1167,18477.81759,18.47781759,11670,747,912,5314,15046,3842,2892,87545,509,1726,232,2.780490317
1167.25,18479.21046,18.47921046,11672.5,720,851,5217,13906,3843,2660,87603,275,1520,185,2.502942852
1167.5,18480.60333,18.48060333,11675,748,854,5065,12863,4058,3106,88781,219,1659,124,2.810130516
1167.75,18481.99619,18.48199619,11677.5,723,918,5201,11193,3980,3731,90399,262,1321,224,2.756622166
1168,18483.38906,18.48338906,11680,685,832,5274,10889,3927,3510,88528,377,1402,204,2.756596173
1168.25,18484.78193,18.48478193,11682.5,745,891,5226,10161,3900,3566,87893,302,1471,171,2.466908833
1168.5,18486.1748,18.4861748,11685,766,825,5254,8884,3655,4741,92043,278,1346,288,2.710495398
1168.75,18487.56767,18.48756767,11687.5,674,904,5085,7548,3601,8678,106039,392,1209,217,2.535660801
1169,18488.96054,18.48896054,11690,625,921,5022,6394,3617,12933,107425,252,1112,192,2.557812354
1169.25,18490.35341,18.49035341,11692.5,670,900,5276,8413,3717,7369,96582,419,1263,260,2.894446214
1169.5,18491.74628,18.49174628,11695,741,945,5160,9982,3907,6034,92420,265,1356,207,2.32630505
1169.75,18493.13915,18.49313915,11697.5,763,833,5325,10601,3826,4148,89744,340,1360,195,2.368904038
1170,18494.53202,18.49453202,11700,740,886,5282,10584,3809,3501,89034,290,1363,207,2.373326192
1170.25,18495.92489,18.49592489,11702.5,711,835,5417,11888,3977,3581,87633,319,1569,222,2.689101634
1170.5,18497.31776,18.49731776,11705,719,859,5307,11891,3940,3488,88140,273,1326,237,2.414243536
1170.75,18498.71063,18.49871063,11707.5,772,858,5419,11106,3920,3327,88737,259,1431,243,2.206354249
1171,18500.1035,18.5001035,11710,769,855,5305,10544,3998,3666,88527,200,1383,205,2.428663239
1171.25,18501.49637,18.50149637,11712.5,748,848,5309,10365,3856,4392,90170,384,1369,203,2.572744514
1171.5,18502.88924,18.50288924,11715,667,904,5380,9845,3894,4915,90757,276,1342,291,2.368510783
1171.75,18504.28211,18.50428211,11717.5,726,870,5358,9812,4059,5017,92976,316,1302,143,3.353132425
1172.25,18507.06785,18.50706785,11722.5,762,904,5226,9733,4041,6002,92481,388,1271,202,2.537209302
1172.75,18509.85359,18.50985359,11727.5,744,969,5153,9524,3955,8008,93180,278,1210,186,2.74011528
1173,18511.24646,18.51124646,11730,783,945,5200,9287,3970,9160,92706,245,1190,198,2.526833156
1173.25,18512.63933,18.51263933,11732.5,708,953,4960,9114,3810,9299,91629,310,1310,190,3.180633147
1173.5,18514.0322,18.5140322,11735,711,948,5173,9117,3913,8304,90682,157,1159,186,2.736651318
1173.75,18515.42507,18.51542507,11737.5,693,873,5080,9055,3906,8950,90505,288,1253,117,3.113945015
1174,18516.81794,18.51681794,11740,741,967,5160,9230,3801,8530,91004,304,1258,243,2.607347552
1174.25,18518.21081,18.51821081,11742.5,726,954,5235,9478,4088,6438,93330,293,1303,203,2.909100677
1174.5,18519.60368,18.51960368,11745,674,884,5091,9210,3899,4827,91271,378,1310,137,2.624001504
1174.75,18520.99655,18.52099655,11747.5,672,890,5118,8114,3733,5744,95971,326,1189,200,2.699359921
1175,18522.38942,18.52238942,11750,702,950,4795,6813,3676,16700,94743,269,1009,212,2.513752091
1175.25,18523.7715,18.5237715,11752.5,648,1004,4631,6435,3633,18432,100967,335,1004,155,2.429939911
1175.5,18525.15358,18.52515358,11755,622,972,4543,7568,3477,8750,103686,329,1008,310,2.250424654
1175.75,18526.53566,18.52653566,11757.5,733,991,5334,7570,3928,4793,102293,386,1206,140,2.601813472
1176,18527.91774,18.52791774,11760,748,953,5126,12315,3829,3008,89567,368,1404,199,2.533763479
1176.25,18529.29983,18.52929983,11762.5,764,901,5178,11677,3866,2331,85965,223,1574,129,3.241606785
1176.5,18530.68191,18.53068191,11765,828,932,5229,11009,3767,2047,86060,309,1497,191,3.151648836
1176.75,18532.06399,18.53206399,11767.5,788,954,5471,7533,3908,2001,94119,256,1244,190,2.775232373
1177,18533.44607,18.53344607,11770,765,977,4734,4288,3523,1833,91695,288,1008,145,3.101549919
1177.25,18534.82815,18.53482815,11772.5,727,1083,4493,3050,3115,2050,103849,419,825,177,2.864746628
1177.5,18536.21024,18.53621024,11775,641,1088,4565,4735,3083,3569,121539,318,1008,197,2.522074659
1177.75,18537.59232,18.53759232,11777.5,641,956,5184,9026,3323,2682,106043,352,1272,145,2.718713105
1178,18538.9744,18.5389744,11780,746,808,5702,10899,3644,2504,89495,246,1512,191,2.587457791
1178.25,18540.35648,18.54035648,11782.5,805,871,5547,12586,3880,3240,88431,310,1641,225,2.880679312
1178.5,18541.73856,18.54173856,11785,768,838,5776,12360,3735,3940,90041,198,1566,318,2.582768173
1178.75,18543.12065,18.54312065,11787.5,784,782,5643,12898,4100,4709,93658,260,1459,244,2.594840081
1179,18544.50273,18.54450273,11790,721,829,5585,12342,3962,4319,94328,320,1559,241,2.507292882
1179.25,18545.88481,18.54588481,11792.5,691,890,5565,11729,3889,3596,95823,237,1534,250,2.750184931
1179.5,18547.26689,18.54726689,11795,712,847,5543,11461,3837,3869,89279,246,1572,230,2.78045751
1179.75,18548.64897,18.54864897,11797.5,685,890,5514,11883,3816,4063,88181,366,1495,217,2.677925337
1180,18550.03106,18.55003106,11800,686,762,5402,12426,3773,4265,88971,257,1646,205,2.485079738
1180.25,18551.41314,18.55141314,11802.5,702,848,5404,12339,3887,4366,89141,226,1435,192,2.389411548
1180.5,18552.79522,18.55279522,11805,635,813,5447,12926,3677,5260,91510,241,1570,267,2.145384744
1180.75,18554.1773,18.5541773,11807.5,730,844,5260,12735,3780,5040,90862,269,1588,247,2.238800767
1181,18555.55938,18.55555938,11810,660,859,5264,12461,3753,4563,88780,466,1558,228,2.680552794
1181.25,18556.94147,18.55694147,11812.5,788,818,5402,12546,3763,4220,88802,222,1428,272,2.617875648
1181.5,18558.32355,18.55832355,11815,719,871,5418,12623,4071,4452,91015,254,1494,152,2.710088637
1181.75,18559.70563,18.55970563,11817.5,686,795,5587,12576,3998,4625,91879,187,1586,247,2.907490975
1182,18561.08771,18.56108771,11820,674,872,5443,12789,3827,4582,92946,243,1457,255,2.84923144
1182.25,18562.46979,18.56246979,11822.5,749,832,5450,12542,3856,4049,91718,197,1463,269,2.920595533
1182.5,18563.85188,18.56385188,11825,719,791,5552,12545,3936,4223,91542,241,1532,200,2.555122828
1182.75,18565.23396,18.56523396,11827.5,622,846,5440,12679,3854,4764,91790,159,1477,218,2.289956564
1183,18566.61604,18.56661604,11830,719,870,5542,13039,3895,4880,94240,183,1556,252,2.858308287
1183.25,18567.99812,18.56799812,11832.5,714,812,5838,13733,4156,4261,93333,77,1546,179,2.771754329
1183.5,18569.3802,18.5693802,11835,720,848,5737,13198,4092,4298,94446,335,1533,190,2.241665271
1183.75,18570.76229,18.57076229,11837.5,654,901,5549,13271,3879,4838,94457,243,1512,302,2.171193214
1184,18572.14437,18.57214437,11840,708,909,5691,13439,4074,5177,95608,316,1675,200,2.344940345
1184.25,18573.52645,18.57352645,11842.5,693,866,5605,13712,4036,4627,95502,265,1748,270,2.657677381
1184.5,18574.90853,18.57490853,11845,784,804,5678,13961,4074,4747,95431,165,1596,293,2.353441023
1184.75,18576.29061,18.57629061,11847.5,710,855,5705,13573,4030,4695,95886,156,1598,214,2.227992345
1185,18577.6727,18.5776727,11850,683,831,5685,13639,4162,4701,96472,166,1634,121,2.343527738
1185.25,18579.05478,18.57905478,11852.5,675,857,5863,13289,3977,4871,96062,194,1582,264,2.80057983
1185.5,18580.43686,18.58043686,11855,659,838,5483,13006,3836,4564,95217,116,1549,325,2.275871035
1185.75,18581.81894,18.58181894,11857.5,722,875,5288,13258,3939,4629,96849,242,1552,171,2.526368159
1186,18583.20102,18.58320102,11860,614,808,5213,12586,3820,5045,95173,237,1349,144,2.337951918
1186.25,18584.58311,18.58458311,11862.5,667,777,5231,12301,3794,4412,92087,357,1520,181,2.353412545
1186.5,18585.96519,18.58596519,11865,659,809,5047,12237,3575,3917,88363,129,1445,233,2.412447659
1186.75,18587.34727,18.58734727,11867.5,607,762,5123,12072,3676,3702,87123,314,1502,197,2.563534768
1187,18588.72935,18.58872935,11870,602,828,5067,12197,3622,3908,89190,201,1481,248,2.261047953
1187.25,18590.11143,18.59011143,11872.5,638,846,5287,12579,3752,4164,91228,223,1587,243,2.676032886
1187.5,18591.49352,18.59149352,11875,618,809,5390,12799,3777,4525,91760,270,1498,234,2.413608871
1187.75,18592.8756,18.5928756,11877.5,592,768,5241,12975,3698,3826,88648,161,1489,320,2.480974274
1188,18594.25768,18.59425768,11880,714,842,5345,13258,3825,3954,90251,220,1587,202,2.445290859
1188.25,18595.63976,18.59563976,11882.5,723,813,5741,13851,4151,3390,92139,138,1560,177,2.350292826
1188.5,18597.02184,18.59702184,11885,782,840,5758,13593,4140,3844,94912,132,1573,273,2.65551906
1188.75,18598.40393,18.59840393,11887.5,737,894,5665,13943,3963,4184,94955,236,1502,242,2.383018201
1189,18599.78601,18.59978601,11890,727,844,5529,13796,3973,4102,94692,250,1525,282,2.421420359
1189.25,18601.16809,18.60116809,11892.5,776,854,5657,13838,4016,3535,95435,226,1538,248,2.31850077
1189.5,18602.55017,18.60255017,11895,797,763,5795,14008,4257,3753,94238,190,1620,160,2.316696113
1189.75,18603.93225,18.60393225,11897.5,729,859,5544,13530,4138,3888,94941,389,1485,144,2.298301206
1190,18605.31434,18.60531434,11900,709,869,5538,13259,3861,4048,94059,271,1589,272,2.498339816
1190.25,18606.69642,18.60669642,11902.5,721,838,5845,13697,3967,4336,96853,215,1516,261,2.034683001
1190.5,18608.0785,18.6080785,11905,774,851,5502,13465,4011,4198,95497,516,1568,273,2.774473877
1190.75,18609.46058,18.60946058,11907.5,698,861,5713,13071,4091,4287,95753,288,1497,191,2.843373494
1191,18610.84266,18.61084266,11910,738,896,5786,13189,4065,4025,95064,178,1479,188,3.020499608
1191.25,18612.22475,18.61222475,11912.5,766,859,5675,13274,4138,4361,97087,214,1514,248,2.299651256
1191.5,18613.60683,18.61360683,11915,753,880,5766,13276,3991,4306,97998,340,1610,210,2.755238894
1191.75,18614.98891,18.61498891,11917.5,735,905,5607,13263,4003,4348,102015,290,1546,248,2.571097372
1192,18616.37099,18.61637099,11920,704,885,5538,12749,3807,4001,100270,212,1434,314,2.164630173
1192.25,18617.75307,18.61775307,11922.5,629,818,5421,12710,4038,4269,98588,326,1529,165,2.236158192
1192.5,18619.13516,18.61913516,11925,693,875,5558,13407,3977,4526,96580,285,1477,196,2.621177149
1192.75,18620.51724,18.62051724,11927.5,710,856,5515,13297,4110,4719,95223,251,1503,231,2.93650266
1193,18621.89932,18.62189932,11930,743,936,5728,13383,4129,4600,96981,261,1447,143,2.668615788
1193.25,18623.2814,18.6232814,11932.5,638,847,5435,13182,3862,4681,95977,272,1507,242,2.745403553
1193.5,18624.66348,18.62466348,11935,742,899,5701,13209,4006,4814,95702,151,1530,197,2.24307402
1193.75,18626.04557,18.62604557,11937.5,739,885,5632,13345,4058,5118,97723,367,1507,269,2.503574413
1194,18627.42765,18.62742765,11940,774,878,5566,13220,4164,5145,96782,212,1538,242,2.743801653
1194.25,18628.80973,18.62880973,11942.5,706,908,5604,13371,4110,5371,97706,316,1392,206,3.356235416
1194.5,18630.19181,18.63019181,11945,724,884,5597,12989,3958,5156,96838,256,1453,226,2.7282881
1194.75,18631.57389,18.63157389,11947.5,762,850,5743,13088,4150,5297,98369,239,1509,232,2.847429346
1195,18632.95598,18.63295598,11950,654,893,5513,13154,4077,5392,97471,181,1398,129,2.258443959
1195.25,18634.33248,18.63433248,11952.5,689,845,5705,13210,4129,5429,97209,253,1530,309,2.82871728
1195.5,18635.70898,18.63570898,11955,682,873,5921,13456,4208,5464,99759,240,1497,216,2.737760443
1195.75,18637.08548,18.63708548,11957.5,781,883,5885,13786,4144,5606,101072,244,1563,257,2.746316332
1196,18638.46198,18.63846198,11960,811,884,5998,13527,4316,5751,101777,182,1518,218,2.39094499
1196.25,18639.83848,18.63983848,11962.5,800,845,5887,13424,4221,5640,99908,283,1537,225,2.925281257
1196.5,18641.21497,18.64121497,11965,745,846,5879,13511,4199,5619,99257,178,1526,249,2.826373864
1196.75,18642.59147,18.64259147,11967.5,751,881,5797,13618,4129,5464,100051,191,1410,223,2.542840658
1197,18643.96797,18.64396797,11970,766,908,5746,13128,3971,5091,99123,300,1575,205,2.787310287
1197.25,18645.34447,18.64534447,11972.5,762,867,6001,13206,4021,5213,98657,239,1503,446,2.891971279
1197.5,18646.72097,18.64672097,11975,789,858,5789,13227,4262,5449,98342,321,1542,175,2.684569391
1197.75,18648.09747,18.64809747,11977.5,718,806,5679,13155,3898,5646,97153,291,1450,253,2.615628719
1198,18649.47397,18.64947397,11980,712,846,5706,13021,3954,5362,94828,272,1486,254,2.444764097
1198.25,18650.85047,18.65085047,11982.5,656,858,5379,12918,4106,5192,94907,202,1511,157,2.344280241
1198.5,18652.22697,18.65222697,11985,682,854,5542,12684,3764,5308,92045,205,1413,244,2.350051177
1198.75,18653.60347,18.65360347,11987.5,634,865,5267,12625,3835,4445,95305,136,1453,166,2.507566706
1199,18654.97997,18.65497997,11990,699,884,5354,14128,4026,4309,100876,187,1696,199,3.228065803
1199.25,18656.35647,18.65635647,11992.5,487,919,4692,22289,3419,3544,92249,263,2283,1440,2.561310133
1199.5,18657.73297,18.65773297,11995,614,762,4945,12471,4145,4028,89437,352,1549,1866,2.655884898
1200.1,18660.48597,18.66048597,12001,639,842,4770,11907,3845,4320,84521,284,1375,268,3.94829932
1200.35,18661.86247,18.66186247,12003.5,664,815,4950,11987,3806,4522,88111,389,1492,59,3.799430797
1200.6,18663.23897,18.66323897,12006,686,808,5235,12014,3815,5237,91750,204,1522,117,4.020271324
1200.85,18664.61547,18.66461547,12008.5,681,804,5263,12407,3732,4815,91392,184,1406,192,2.945216974
1201.1,18665.99197,18.66599197,12011,692,943,5172,12893,3803,4537,91767,185,1788,331,3.445958584
1201.35,18667.36847,18.66736847,12013.5,760,892,5554,13606,4099,4589,97802,218,1693,152,3.637115676
1201.6,18668.74497,18.66874497,12016,797,927,5576,13956,4186,4649,98794,350,1694,115,2.929353439
1201.85,18670.12147,18.67012147,12018.5,806,946,5567,14445,4271,4437,98975,186,1610,97,3.531289269
1202.1,18671.49797,18.67149797,12021,805,974,5411,15124,4319,4307,99170,177,1808,110,3.007129331
1202.35,18672.87447,18.67287447,12023.5,785,988,5420,15129,3926,4531,95975,237,1768,163,2.323801066
1202.6,18674.25097,18.67425097,12026,775,993,5419,15706,4023,4517,93580,387,1652,126,3.737211221
1202.85,18675.62747,18.67562747,12028.5,775,1013,5393,15175,4076,5364,94727,272,1611,125,3.036421945
1203.1,18677.00397,18.67700397,12031,731,1079,5198,16245,3784,5112,92645,332,1723,167,3.410208874
1203.35,18678.38047,18.67838047,12033.5,687,1095,4880,16327,3789,5189,94839,306,1972,189,3.719571282
1203.6,18679.75697,18.67975697,12036,731,1073,4951,22922,3544,5291,102002,152,2049,255,3.040121297
1203.85,18681.13347,18.68113347,12038.5,741,1032,5495,13611,3813,4408,98419,413,1746,111,2.949945829
1204.1,18682.50997,18.68250997,12041,706,978,5562,11805,3955,4053,96077,280,1592,190,3.327890825
1204.35,18683.88647,18.68388647,12043.5,745,951,5607,11243,3841,4398,97148,272,1535,158,4.317874693
1204.6,18685.26297,18.68526297,12046,718,894,5910,11064,3921,4566,96276,461,1550,151,3.420002542
1204.85,18686.63947,18.68663947,12048.5,733,954,5938,10607,3880,4622,95700,411,1489,116,3.434066609
1205.1,18688.01597,18.68801597,12051,713,919,5755,11324,3696,4806,94799,223,1394,211,3.815651186
1205.35,18689.39247,18.68939247,12053.5,730,865,5609,11266,3928,4407,93683,186,1632,123,3.175870761
1205.6,18690.76897,18.69076897,12056,828,943,5578,11458,3942,4609,94565,410,1483,398,3.590581644
1205.85,18692.14547,18.69214547,12058.5,714,923,5641,11682,3993,4355,95061,224,1527,169,3.131861913
1206.1,18693.52197,18.69352197,12061,769,902,5502,11395,3662,4707,94518,197,1564,249,3.139660223
1206.35,18694.89847,18.69489847,12063.5,730,883,5577,11686,4075,4965,95518,408,1559,120,3.015731573
1206.6,18696.27497,18.69627497,12066,739,977,5631,11626,3994,4507,93700,253,1560,205,3.062791214
1206.85,18697.65147,18.69765147,12068.5,762,889,5801,11271,4007,4531,95833,246,1547,176,3.595902689
1207.1,18699.02797,18.69902797,12071,726,941,5715,11263,4049,4819,95993,398,1606,91,3.026013114
1207.35,18700.40446,18.70040446,12073.5,734,913,5695,11089,4017,4665,94732,407,1562,186,3.570842941
1207.6,18701.78096,18.70178096,12076,729,1016,5389,11058,3963,4424,93114,422,1551,187,4.104382588
1207.85,18703.15746,18.70315746,12078.5,742,1006,5614,10802,4018,4686,94378,290,1489,104,3.926665755
1208.1,18704.53396,18.70453396,12081,635,958,5451,11049,3850,4239,93500,179,1518,196,3.268492834
1208.35,18705.91046,18.70591046,12083.5,686,978,5226,10917,3847,4435,92400,358,1545,140,3.834553838
1208.6,18707.28696,18.70728696,12086,615,978,5276,11456,3983,4439,93475,249,1487,90,3.510464523
1208.85,18708.66346,18.70866346,12088.5,705,914,5216,11450,3952,4362,93857,295,1448,115,3.575440888
1209.1,18710.03996,18.71003996,12091,686,933,5158,11704,4066,4545,94624,313,1449,46,4.473463462
1209.35,18711.41646,18.71141646,12093.5,644,922,5168,11264,3824,4567,93326,287,1398,188,3.246173618
1209.6,18712.79296,18.71279296,12096,654,1009,5003,11288,3803,4441,93253,278,1465,154,3.664371773
1209.85,18714.16946,18.71416946,12098.5,607,854,5152,11604,3907,4465,93266,430,1385,132,3.14552594
1210.1,18715.54596,18.71554596,12101,685,905,5296,11788,4022,4632,94577,258,1457,109,3.614984249
1210.35,18716.92246,18.71692246,12103.5,711,898,5273,11729,3766,4449,95108,337,1644,243,3.771371769
1210.6,18718.29896,18.71829896,12106,671,967,5332,11818,4069,4833,95073,216,1453,75,3.276961662
1210.85,18719.67546,18.71967546,12108.5,694,899,5259,12060,4177,4385,96158,291,1472,107,3.537366065
1211.1,18721.05196,18.72105196,12111,722,943,5341,12066,4047,4453,96529,256,1433,182,4.111725168
1211.35,18722.42846,18.72242846,12113.5,662,966,5217,12172,4039,4515,102280,290,1687,214,3.873566473
1211.6,18723.80496,18.72380496,12116,669,984,5321,11677,4052,4379,106463,383,1601,300,3.165886517
1211.85,18725.18146,18.72518146,12118.5,687,959,5600,12305,4224,4994,99246,379,1545,171,4.486238532
1212.1,18726.55796,18.72655796,12121,680,938,5331,12138,4423,5146,98713,201,1451,174,3.716865757
1212.35,18727.93446,18.72793446,12123.5,710,1020,5264,12071,4006,5347,97859,380,1480,184,3.304279875
1212.6,18729.31096,18.72931096,12126,688,949,5194,12578,4098,5773,98275,267,1613,81,3.033940656
1212.85,18730.68746,18.73068746,12128.5,639,989,5227,12411,4128,5576,97646,332,1541,203,3.553502694
1213.1,18732.06396,18.73206396,12131,664,968,5177,12318,4239,5557,97867,474,1514,207,2.78678501
1213.35,18733.44046,18.73344046,12133.5,711,950,5206,12302,4020,5927,98837,445,1516,203,4.116761962
1213.6,18734.81696,18.73481696,12136,634,991,5380,12637,4214,5913,97876,388,1564,89,3.694149294
1213.85,18736.19346,18.73619346,12138.5,735,943,5158,12794,4131,5999,97970,127,1447,159,4.002149613
1214.1,18737.56996,18.73756996,12141,703,957,5323,12651,4070,6018,98865,290,1529,157,3.783108108
1214.35,18738.94646,18.73894646,12143.5,691,954,5266,12699,4088,6295,97737,269,1663,158,4.200628437
1214.6,18740.32296,18.74032296,12146,729,987,5132,12619,4133,6168,97452,181,1499,125,3.986537348
1214.85,18741.69946,18.74169946,12148.5,620,883,4959,12154,3907,6030,96310,333,1569,224,3.398963075
1215.1,18743.07596,18.74307596,12151,602,957,5095,12258,4000,5943,95483,268,1476,141,3.101752022
1215.35,18744.47822,18.74447822,12153.5,600,1024,4959,12275,4053,6178,94009,182,1519,169,3.259715413
1215.6,18745.88048,18.74588048,12156,618,1057,4895,12275,4144,6050,94317,355,1531,85,3.58239249
1215.85,18747.28274,18.74728274,12158.5,639,917,5068,12263,3792,5884,94526,397,1433,125,3.190336233
1216.1,18748.685,18.748685,12161,665,1080,5049,11783,3955,5948,95564,108,1454,142,3.926372155
1216.35,18750.08727,18.75008727,12163.5,643,962,4991,12198,3957,6038,94800,283,1497,146,3.736704326
1216.6,18751.48953,18.75148953,12166,595,956,5177,12319,3811,6100,95281,419,1513,197,3.71464917
1216.85,18752.89179,18.75289179,12168.5,610,975,5089,12330,4037,5962,94726,272,1548,25,2.930450379
1217.1,18754.29405,18.75429405,12171,629,1023,5148,12356,4040,6149,94562,200,1598,75,3.081056874
1217.35,18755.69631,18.75569631,12173.5,627,1003,5100,12212,3900,5635,95834,253,1515,129,4.047877964
1217.6,18757.09857,18.75709857,12176,545,974,4896,11739,3827,5674,97480,319,1552,191,3.17763466
1217.85,18758.50084,18.75850084,12178.5,643,1019,5013,11972,4056,5448,94822,275,1398,43,3.770243766
1218.1,18759.9031,18.7599031,12181,640,1038,4883,12011,3891,5549,94378,301,1426,75,3.168298368
1218.35,18761.30536,18.76130536,12183.5,639,968,5020,11521,4049,5760,93904,280,1589,59,3.948499117
1218.6,18762.70762,18.76270762,12186,658,1028,5158,11869,3943,5577,94175,267,1538,94,3.721229353
1218.85,18764.10988,18.76410988,12188.5,617,927,4967,12113,4039,5329,94967,272,1467,128,2.612414326
1219.1,18765.51215,18.76551215,12191,651,959,5151,11949,3991,5215,94679,161,1480,117,2.514106876
1219.35,18766.91441,18.76691441,12193.5,617,862,5238,12092,3925,5546,94290,237,1516,131,3.346181384
1219.6,18768.31667,18.76831667,12196,625,929,5148,12056,3902,5214,95252,301,1606,101,3.230760288
1219.85,18769.71893,18.76971893,12198.5,662,959,5076,11789,4031,5251,95945,248,1509,103,3.818914334
1220.1,18771.12119,18.77112119,12201,627,1016,4953,11576,4003,5126,95575,236,1549,83,3.48982848
1220.35,18772.52345,18.77252345,12203.5,610,1010,4960,11305,3953,5158,93914,406,1550,82,2.875330755
1220.6,18773.92572,18.77392572,12206,596,977,4931,11208,4040,5294,93522,367,1491,0,3.324566719
1220.85,18775.32798,18.77532798,12208.5,575,943,5005,11374,4044,4991,95720,286,1586,221,2.656854173
1221.1,18776.73024,18.77673024,12211,626,1009,5187,11584,3849,4995,95388,341,1509,206,3.494055311
1221.35,18778.1325,18.7781325,12213.5,638,916,5080,11795,3963,5028,95775,443,1477,169,4.084720121
1221.6,18779.53476,18.77953476,12216,639,973,5035,12164,3818,4681,101791,330,1534,126,4.174330392
1221.85,18780.93702,18.78093702,12218.5,601,906,4830,11716,4043,4770,100996,244,1560,77,4.166408189
1222.1,18782.33929,18.78233929,12221,614,934,5051,11665,4077,4938,96652,544,1527,325,4.708988169
1222.35,18783.74155,18.78374155,12223.5,678,917,5052,11730,3919,5259,95321,460,1575,202,3.139019092
1222.6,18785.14381,18.78514381,12226,619,928,5210,11579,3999,5337,95279,309,1702,86,3.227187427
1222.85,18786.54607,18.78654607,12228.5,614,971,5229,12056,4035,5278,94542,153,1628,103,3.220823245
1223.1,18787.94833,18.78794833,12231,666,939,5242,12010,4135,5052,96484,393,1527,43,3.327773144
1223.35,18789.35059,18.78935059,12233.5,683,966,5082,11831,3942,5027,95651,313,1581,132,3.116040575
1223.6,18790.75286,18.79075286,12236,676,969,5213,11886,3954,5182,96273,469,1577,106,3.397126223
1223.85,18792.15512,18.79215512,12238.5,672,995,5157,11718,4033,5085,96097,345,1440,197,3.480594338
1224.1,18793.55738,18.79355738,12241,610,975,5419,11907,4023,5279,95968,332,1493,116,2.907829743
1224.35,18794.95964,18.79495964,12243.5,550,983,5288,11938,4027,5219,96082,364,1458,82,3.818935244
1224.6,18796.3619,18.7963619,12246,638,1007,5053,11592,3818,5220,93630,303,1445,93,3.571713147
1224.85,18797.76416,18.79776416,12248.5,637,991,5146,11285,3851,4755,94324,269,1439,79,3.71935617
1225.1,18799.16643,18.79916643,12251,624,967,4972,11242,3846,4675,92955,429,1531,204,3.326992754
1225.35,18800.56869,18.80056869,12253.5,615,915,5055,11316,3834,5087,92368,316,1608,196,2.992331115
1225.6,18801.97095,18.80197095,12256,662,922,5269,11698,3959,5306,93975,260,1486,89,2.84771118
1225.85,18803.37321,18.80337321,12258.5,666,934,5067,11737,3933,4911,92911,400,1434,134,3.394514768
1226.1,18804.77547,18.80477547,12261,621,979,5013,11380,4010,4830,93223,264,1444,156,4.104410441
1226.35,18806.17774,18.80617774,12263.5,678,959,4948,11278,3843,5348,93550,288,1589,160,3.344671771
1226.6,18807.58,18.80758,12266,645,981,5132,11710,3755,5657,94199,354,1538,189,3.372553939
1226.85,18808.98226,18.80898226,12268.5,674,944,5177,11830,3967,5231,94291,381,1483,100,3.22921532
1227.1,18810.38452,18.81038452,12271,626,982,5244,11615,3859,4805,94623,356,1492,335,3.349672783
1227.35,18811.78678,18.81178678,12273.5,611,906,5104,11440,4070,4905,95920,175,1567,339,3.892919836
1227.6,18813.18904,18.81318904,12276,603,890,5122,14673,3763,4962,106136,139,1621,289,3.441129032
1227.85,18814.59131,18.81459131,12278.5,629,932,5065,12612,4003,4765,97710,248,1603,303,4.429087921
1228.1,18815.99357,18.81599357,12281,681,1023,5329,11763,4104,5090,98193,202,1441,165,4.410734372
1228.35,18817.39583,18.81739583,12283.5,644,922,5109,11711,3943,5132,94830,178,1525,73,3.445188794
1228.6,18818.79809,18.81879809,12286,707,932,5336,11900,4029,5096,96378,271,1487,131,3.176978242
1228.85,18820.20035,18.82020035,12288.5,697,926,5297,12201,4102,5119,96533,217,1482,175,4.119678476
1229.1,18821.60261,18.82160261,12291,679,914,5338,11894,4121,4987,96846,189,1437,30,3.072298409
1229.35,18823.00488,18.82300488,12293.5,653,935,5277,12058,4084,4992,96725,182,1551,18,3.442442826
1229.6,18824.40714,18.82440714,12296,649,967,5093,11567,3788,5117,95923,293,1524,181,2.615024876
1229.85,18825.8094,18.8258094,12298.5,658,941,5110,11685,3983,5511,96010,304,1556,121,3.641527002
1230.1,18827.21166,18.82721166,12301,611,952,5002,11634,4001,5340,95609,257,1511,160,3.409264507
1230.35,18828.61392,18.82861392,12303.5,625,1009,5323,12027,4066,5039,96015,317,1518,106,4.219375379
1230.6,18830.01618,18.83001618,12306,651,992,5312,11680,3883,5326,96556,207,1556,180,3.59403025
1230.85,18831.41845,18.83141845,12308.5,668,861,5225,11933,3863,5682,96375,365,1471,128,3.504433498
1231.1,18832.82071,18.83282071,12311,608,927,5274,11803,4088,5458,95441,248,1562,45,4.642671292
1231.35,18834.22297,18.83422297,12313.5,620,1029,5060,11656,3893,5300,95966,176,1529,144,3.988715278
1231.6,18835.62523,18.83562523,12316,603,914,5042,11688,3903,5400,96733,354,1411,131,3.135693916
1231.85,18837.02749,18.83702749,12318.5,669,1027,5337,11939,3946,5501,97660,283,1568,175,4.342925278
1232.1,18838.42975,18.83842975,12321,667,945,5163,11836,4075,5246,96571,373,1480,85,4.403797254
1232.35,18839.83202,18.83983202,12323.5,645,900,4958,11551,3760,5157,96388,342,1436,129,3.377318561
1232.6,18841.23428,18.84123428,12326,601,967,5089,11471,3878,5524,94158,516,1433,43,3.410278638
1232.85,18842.63654,18.84263654,12328.5,672,948,5059,11627,3896,5114,95166,406,1478,61,3.421649879
1233.1,18844.0388,18.8440388,12331,604,996,5028,11442,3814,5394,95386,391,1532,146,3.37262995
1233.35,18845.44106,18.84544106,12333.5,638,960,5235,11557,3882,5051,95016,304,1530,114,4.517148621
1233.6,18846.84332,18.84684332,12336,639,882,5166,11549,3903,5185,94567,168,1441,85,3.457045574
1233.85,18848.24559,18.84824559,12338.5,566,922,5045,11510,3754,5249,93222,367,1458,121,4.429289653
1234.1,18849.64785,18.84964785,12341,602,877,4974,11239,3617,4955,92729,272,1403,188,3.902519496
1234.35,18851.05011,18.85105011,12343.5,668,832,4931,11563,3811,5112,93438,295,1596,132,3.463047149
1234.6,18852.45237,18.85245237,12346,614,846,4936,11375,3925,5100,93902,210,1472,65,3.519597169
1234.85,18853.85463,18.85385463,12348.5,661,936,5154,12065,4047,5229,98537,140,1520,137,3.311270983
1235.1,18855.2569,18.8552569,12351,686,954,5240,11731,3911,4947,97445,432,1580,148,3.437507651
1235.35,18856.64985,18.85664985,12353.5,658,1029,5307,11634,3978,5003,96790,413,1571,136,3.174372677
1235.6,18858.04281,18.85804281,12356,628,917,5339,11767,4069,5477,97600,315,1591,455,3.459345973
1235.85,18859.43576,18.85943576,12358.5,649,1031,5296,11784,3884,5159,97384,314,1546,206,3.415891905
1236.1,18860.82872,18.86082872,12361,591,1055,5116,11876,3929,4964,96122,354,1591,195,3.853491361
1236.35,18862.22167,18.86222167,12363.5,620,970,5162,12016,4053,5229,96903,371,1441,143,3.611713666
1236.6,18863.61463,18.86361463,12366,598,896,5191,11962,3991,5206,97118,338,1523,164,3.194832161
1236.85,18865.00758,18.86500758,12368.5,713,912,5259,11852,4060,4955,96110,442,1531,141,2.892299522
1237.1,18866.40054,18.86640054,12371,627,877,5202,11713,4011,4894,96917,156,1437,9,2.699323993
1237.35,18867.7935,18.8677935,12373.5,636,967,5133,11989,3996,5282,96845,440,1433,41,4.692073716
1237.6,18869.18645,18.86918645,12376,596,1015,4925,11774,4048,4982,94207,311,1675,1415,4.417019834
1237.85,18870.57941,18.87057941,12378.5,615,950,5112,11861,4060,5013,95301,332,1477,295,3.260838748
1238.1,18871.97236,18.87197236,12381,610,901,5286,11746,4143,4805,95628,267,1514,0,3.976782259
1238.35,18873.36532,18.87336532,12383.5,653,957,5208,11828,3942,5096,93885,348,1487,217,3.250744136
1238.6,18874.75827,18.87475827,12386,638,1004,5104,11966,3977,4987,94244,286,1469,68,2.897584973
1238.85,18876.15123,18.87615123,12388.5,630,936,5216,11850,4011,5176,95208,275,1616,146,3.57124285
1239.1,18877.54418,18.87754418,12391,689,975,5231,11917,3951,5503,94838,331,1540,149,3.667372041
1239.35,18878.93714,18.87893714,12393.5,660,954,5041,12153,3875,5363,95212,395,1640,182,3.040814081
1239.6,18880.3301,18.8803301,12396,617,1041,4932,11792,3923,5397,94744,241,1532,140,3.457805044
1239.85,18881.72305,18.88172305,12398.5,591,991,5064,11842,3926,5584,94767,286,1593,158,3.072045786
1240.1,18883.11601,18.88311601,12401,642,1007,5156,12024,3956,5517,95948,326,1474,142,3.158112298
1240.35,18884.50896,18.88450896,12403.5,665,1015,5267,11998,4019,5502,97147,374,1598,106,3.490553995
1240.6,18885.90192,18.88590192,12406,665,892,5187,12096,4006,5482,97450,243,1391,89,3.821325648
1240.85,18887.29487,18.88729487,12408.5,653,990,5278,12113,4022,5155,96650,308,1417,135,3.315283524
1241.1,18888.68783,18.88868783,12411,630,959,5044,11949,3963,5440,95360,340,1459,124,3.214053803
1241.35,18890.08078,18.89008078,12413.5,661,947,5101,12115,3922,5050,95610,247,1533,126,3.683283256
1241.6,18891.47374,18.89147374,12416,632,937,5106,11950,4027,5066,95575,371,1424,173,2.886512628
1241.85,18892.8667,18.8928667,12418.5,614,963,5077,11779,4076,5710,96111,419,1530,72,3.009744624
1242.1,18894.25965,18.89425965,12421,637,957,4903,12010,3972,5860,96443,500,1491,116,3.238334698
1242.35,18895.65261,18.89565261,12423.5,678,1000,5184,12150,3889,5221,96573,372,1628,273,3.570013387
1242.6,18897.04556,18.89704556,12426,636,938,5193,12618,4224,5340,96977,198,1543,110,4.101766681
1242.85,18898.43852,18.89843852,12428.5,607,926,5174,11897,4050,5642,96403,187,1511,75,4.043108504
1243.1,18899.83147,18.89983147,12431,640,1002,5166,12362,3938,5725,96922,217,1532,148,3.090816327
1243.35,18901.22443,18.90122443,12433.5,674,991,5212,12399,4186,5720,96428,364,1551,105,2.825851314
1243.6,18902.61738,18.90261738,12436,723,947,5373,12531,4122,4920,95973,317,1519,163,3.484644292
1243.85,18904.01034,18.90401034,12438.5,620,899,5418,11949,4068,5180,95677,457,1568,126,3.177200903
1244.1,18905.4033,18.9054033,12441,675,897,5424,12222,4127,4751,95909,268,1481,158,4.252444302
1244.35,18906.79625,18.90679625,12443.5,682,930,5426,12325,4095,4975,95625,431,1586,218,3.511530664
1244.6,18908.18921,18.90818921,12446,697,937,5374,12051,4180,5016,95666,385,1531,236,3.105675611
1244.85,18909.58216,18.90958216,12448.5,687,953,5141,12062,4095,5448,97192,393,1533,154,3.334158708
1245.1,18910.97512,18.91097512,12451,719,911,5276,11967,4080,5224,97621,326,1542,186,3.572369288
1245.35,18912.36807,18.91236807,12453.5,643,995,5073,11915,4023,5827,96414,381,1413,94,2.814091595
1245.6,18913.76103,18.91376103,12456,613,987,4925,11669,3738,5656,95501,374,1641,113,3.066842859
1245.85,18915.15398,18.91515398,12458.5,603,1033,4942,11713,3924,5151,95082,289,1461,170,2.686816406
1246.1,18916.54694,18.91654694,12461,610,961,5044,11411,3958,4983,94671,375,1522,129,3.430989242
1246.35,18917.9399,18.9179399,12463.5,620,996,5154,11962,3848,4803,94847,285,1524,157,3.333659013
1246.6,18919.33285,18.91933285,12466,605,1003,5114,12181,4083,5219,95289,483,1578,64,3.184385002
1246.85,18920.72581,18.92072581,12468.5,649,967,5201,12271,3897,4934,96908,280,1551,139,3.793957197
1247.1,18922.11876,18.92211876,12471,652,969,4959,12009,4004,4953,93793,295,1607,71,4.531331593
1247.35,18923.51172,18.92351172,12473.5,559,900,4946,11628,4088,5126,93592,313,1471,90,3.920192308
1247.6,18924.90467,18.92490467,12476,640,921,5105,11799,3865,5012,97099,241,1543,80,4.71634368
1247.85,18926.29763,18.92629763,12478.5,698,909,5113,11940,3893,4821,92523,410,1452,132,3.200973236
1248.1,18927.69058,18.92769058,12481,597,851,5096,12311,4156,4461,93438,281,1687,27,3.790406527
1248.35,18929.08354,18.92908354,12483.5,607,890,5010,11769,3804,5206,92303,262,1448,146,3.138826585
1248.6,18930.4765,18.9304765,12486,651,872,4753,10885,3633,5222,91450,306,1518,91,2.952092511
1248.85,18931.86945,18.93186945,12488.5,607,924,4893,11709,3771,5620,94909,252,1533,84,2.927297814
1249.1,18933.26241,18.93326241,12491,613,927,4970,11368,3849,5249,92638,344,1501,9,4.100015223
1249.35,18934.65536,18.93465536,12493.5,629,946,4957,11410,3813,5058,93561,302,1589,127,4.794597534
1249.6,18936.04832,18.93604832,12496,581,901,4779,11545,3673,4975,93194,247,1685,220,3.685742133
1249.85,18937.44127,18.93744127,12498.5,621,975,5127,11412,3819,4763,94611,411,1727,91,3.187929342
1250.1,18938.83423,18.93883423,12501,598,978,4980,12110,3972,4749,94459,382,1523,82,4.19873817
1250.35,18940.22718,18.94022718,12503.5,632,874,4947,12195,4052,4866,93146,200,1485,78,3.00331656
1250.6,18941.62014,18.94162014,12506,659,912,5055,11735,3956,4643,92874,496,1542,168,3.949629406
1250.85,18943.0131,18.9430131,12508.5,618,879,5015,11736,3965,5113,92443,369,1526,55,3.363603031
1251.1,18944.40605,18.94440605,12511,612,925,5084,11812,3984,5236,93822,386,1535,88,3.419350581
1251.35,18945.79901,18.94579901,12513.5,602,895,5050,11714,3710,5208,92375,171,1292,178,3.1730792
1251.6,18947.19196,18.94719196,12516,583,962,4948,11616,3663,5477,94522,184,1469,138,3.111175786
1251.85,18948.58492,18.94858492,12518.5,620,968,4875,11599,3966,5660,94182,208,1485,91,3.310145284
1252.1,18949.97787,18.94997787,12521,647,916,4957,11667,3924,5267,93653,437,1483,165,2.835048299
1252.35,18951.37083,18.95137083,12523.5,594,1038,4993,11511,3792,5447,94055,360,1411,221,2.908359065
1252.6,18952.76378,18.95276378,12526,563,966,4797,11041,4032,5651,92339,359,1481,131,3.076291758
1252.85,18954.15674,18.95415674,12528.5,608,978,4905,11685,3962,5770,94091,400,1429,203,3.003763257
1253.1,18955.5497,18.9555497,12531,591,938,5004,12113,4048,5797,95612,459,1542,9,3.863112392
1253.35,18956.94265,18.95694265,12533.5,705,970,5033,11929,3924,6123,95933,450,1490,183,3.390220857
1253.6,18958.33561,18.95833561,12536,649,907,5208,11968,3935,6090,96140,281,1456,159,2.883959044
1253.85,18959.72856,18.95972856,12538.5,654,909,5016,11811,4141,5770,97476,482,1454,112,4.171740827
1254.1,18961.12152,18.96112152,12541,627,901,5089,12077,3988,5885,97710,335,1614,127,3.273238776
1254.35,18962.51447,18.96251447,12543.5,644,885,5194,11823,4110,5869,99973,308,1428,132,3.528954988
1254.6,18963.90743,18.96390743,12546,652,966,5287,11873,4115,6128,97872,401,1545,119,3.573420195
1254.85,18965.30038,18.96530038,12548.5,667,946,5137,12212,4149,6271,98617,410,1467,124,3.376940667
1255.1,18966.69334,18.96669334,12551,667,987,5126,12383,3934,5948,99028,448,1518,149,3.016670206
1255.35,18968.10537,18.96810537,12553.5,642,1037,4945,12248,4002,5779,97801,437,1485,135,3.323275338
1255.6,18969.5174,18.9695174,12556,599,941,5025,11864,4068,6209,97483,593,1587,137,3.815867211
1255.85,18970.92943,18.97092943,12558.5,624,955,4969,11777,4148,6123,96925,367,1528,83,4.133553563
1256.1,18972.34146,18.97234146,12561,624,973,4968,11825,3958,5991,97152,277,1596,158,4.244043983
1256.35,18973.7535,18.9737535,12563.5,588,978,5147,11899,4110,6009,95642,435,1467,64,3.423530873
1256.6,18975.16553,18.97516553,12566,571,1029,5006,11811,4113,6062,96206,307,1615,208,3.235971715
1256.85,18976.57756,18.97657756,12568.5,579,1070,5015,11836,4024,5799,96022,374,1529,190,3.181930972
1257.1,18977.98959,18.97798959,12571,554,1126,4784,11647,3986,5471,97094,255,1487,156,4.05454018
1257.35,18979.40162,18.97940162,12573.5,522,1031,4843,11659,3979,5618,95837,435,1442,91,3.284101599
1257.6,18980.81365,18.98081365,12576,535,1100,4844,11675,3787,5519,94571,282,1476,194,4.254380273
1257.85,18982.22568,18.98222568,12578.5,533,1089,4893,11275,3935,5985,95044,336,1467,179,3.04084507
1258.1,18983.63771,18.98363771,12581,573,1042,5050,11781,4032,5810,95699,263,1428,158,2.886665216
1258.35,18985.04974,18.98504974,12583.5,576,1058,4903,11703,3824,5359,97218,404,1621,261,3.810599479
1258.6,18986.46177,18.98646177,12586,636,1002,4933,11826,4098,5477,95160,311,1380,78,3.600055586
1258.85,18987.87381,18.98787381,12588.5,623,956,5110,11791,3984,5690,96429,244,1570,70,3.656587769
1259.1,18989.28584,18.98928584,12591,587,1010,5088,11785,4038,5961,96426,435,1562,167,3.023886235
1259.35,18990.69787,18.99069787,12593.5,597,997,5050,11743,3865,6139,96218,550,1552,175,3.21829912
1259.6,18992.1099,18.9921099,12596,577,1039,4900,11928,3968,5324,95568,403,1513,187,3.305017921
1259.85,18993.52193,18.99352193,12598.5,561,1020,5103,11774,3926,5480,96345,365,1493,159,3.045711061
1260.1,18994.93396,18.99493396,12601,691,924,5245,12474,4256,5884,97416,429,1476,82,2.743157477
1260.35,18996.34599,18.99634599,12603.5,646,1031,5278,12443,3999,5830,99072,363,1650,194,3.223992716
1260.6,18997.75802,18.99775802,12606,589,934,5123,12068,3970,5990,97262,366,1550,157,3.424033149
1260.85,18999.17005,18.99917005,12608.5,592,1069,5052,12119,3826,5719,97925,399,1547,185,3.438961675
1261.1,19000.58208,19.00058208,12611,586,956,5215,12293,3971,5607,96794,283,1523,123,2.831021175
1261.35,19001.99412,19.00199412,12613.5,623,924,5025,11974,4055,5559,97302,292,1483,151,3.11155108
1261.6,19003.40615,19.00340615,12616,597,1026,5035,11741,3779,5743,95668,398,1526,173,3.201949541
1261.85,19004.81818,19.00481818,12618.5,620,1038,5048,11854,3998,5998,94401,216,1490,199,3.692942131
1262.1,19006.23021,19.00623021,12621,662,1022,5042,14037,3934,5684,95477,300,1508,140,3.157390343
1262.35,19007.64224,19.00764224,12623.5,611,903,4885,12208,3940,5757,96798,400,1503,131,3.159532164
1262.6,19009.05427,19.00905427,12626,596,1028,4861,11854,3796,5637,98217,339,1545,153,4.142857143
1262.85,19010.4663,19.0104663,12628.5,648,996,4952,11371,3912,5737,97814,227,1389,142,3.033007057
1263.1,19011.87833,19.01187833,12631,659,931,5029,11698,3866,5918,94066,349,1380,169,2.84414765
1263.35,19013.29036,19.01329036,12633.5,593,1005,5028,11806,4073,5452,95736,276,1485,103,3.321854466
1263.6,19014.70239,19.01470239,12636,607,988,4829,11418,3757,5895,93387,197,1478,162,3.6511189
1263.85,19016.11442,19.01611442,12638.5,618,945,5017,11786,3742,5865,94005,372,1468,125,4.017615972
1264.1,19017.52646,19.01752646,12641,595,952,5024,11448,4099,5682,92418,400,1502,74,3.245768772
1264.35,19018.93849,19.01893849,12643.5,607,973,4876,11578,4061,5816,93356,107,1474,54,3.705277402
1264.6,19020.35052,19.02035052,12646,589,928,4812,11602,3933,5759,93057,358,1504,60,3.630827783
1264.85,19021.76255,19.02176255,12648.5,617,912,4891,11461,3914,5783,91997,377,1309,184,3.053301606
1265.1,19023.17458,19.02317458,12651,586,1027,4868,11446,3993,5954,92512,271,1476,100,3.33349386
1265.35,19024.58661,19.02458661,12653.5,545,1026,4892,11147,4062,5979,92858,192,1493,160,4.280227828
1265.6,19025.99864,19.02599864,12656,566,1019,4793,11110,3797,5906,93190,398,1640,229,3.504023216
1265.85,19027.41067,19.02741067,12658.5,504,958,4784,11385,3935,5872,92464,256,1517,137,3.292825058
1266.1,19028.8227,19.0288227,12661,632,976,5030,11472,3783,5955,93780,302,1449,181,3.248263027
1266.35,19030.23473,19.03023473,12663.5,589,1016,4821,11842,3888,5969,93565,278,1411,123,3.519536338
1266.6,19031.64677,19.03164677,12666,579,966,4916,11642,4034,6000,93727,256,1393,173,3.467857143
1266.85,19033.0588,19.0330588,12668.5,572,951,5023,11217,4025,5897,95147,199,1510,206,3.605152471
1267.1,19034.47083,19.03447083,12671,613,929,5082,11440,3970,5944,94661,304,1458,148,2.971241968
1267.35,19035.88286,19.03588286,12673.5,573,986,4961,11332,3974,5730,94724,505,1528,176,3.659788289
1267.6,19037.29489,19.03729489,12676,539,955,4948,11231,3909,5994,94781,381,1484,151,3.752824859
1267.85,19038.70692,19.03870692,12678.5,585,994,5104,11496,3885,5832,94617,208,1458,118,4.685063201
1268.1,19040.11895,19.04011895,12681,560,941,4751,11455,3898,5853,93557,263,1547,190,3.637435619
1268.35,19041.53098,19.04153098,12683.5,563,1044,4880,11274,4093,6170,92716,341,1547,298,3.064595166
1268.6,19042.94301,19.04294301,12686,598,938,5168,11375,3872,5686,95129,355,1527,206,4.018939973
1268.85,19044.35504,19.04435504,12688.5,580,926,4904,11467,4066,5010,94938,561,1427,446,4.280544436
1269.1,19045.76708,19.04576708,12691,661,831,4901,11279,3911,5714,92364,250,1429,177,3.736197951
1269.35,19047.17911,19.04717911,12693.5,641,914,4938,11508,4014,5506,93964,449,1423,154,3.552915767
1269.6,19048.59114,19.04859114,12696,616,970,5047,11188,4000,6122,95447,340,1446,110,3.419501134
1269.85,19050.00317,19.05000317,12698.5,687,929,5052,11038,3921,6148,95742,169,1387,147,4.509404925
1270.1,19051.4152,19.0514152,12701,562,922,5117,11256,4050,5789,95433,305,1375,91,3.595581301
1270.35,19052.82723,19.05282723,12703.5,637,897,5056,11116,4055,5873,95152,268,1436,65,3.463537724
1270.6,19054.23926,19.05423926,12706,623,911,4879,11185,3952,5754,96147,387,1510,55,3.130295029
1270.85,19055.65129,19.05565129,12708.5,639,948,4988,11298,3844,5507,95607,431,1346,148,3.399336142
1271.1,19057.06332,19.05706332,12711,650,879,4908,11295,3878,5431,99026,281,1472,130,3.075814751
1271.35,19058.47535,19.05847535,12713.5,635,908,5075,11211,3894,6036,98792,435,1446,150,4.597492577
1271.6,19059.88739,19.05988739,12716,598,946,4867,11067,4065,6031,93460,280,1325,42,3.189245327
1271.85,19061.29942,19.06129942,12718.5,598,971,4874,11470,3784,5575,92429,343,1375,124,4.088736658
1272.1,19062.71145,19.06271145,12721,668,881,4886,11597,3954,5631,93608,277,1499,96,3.031430754
1272.35,19064.12348,19.06412348,12723.5,561,898,4851,11716,3947,5577,93965,278,1457,197,3.904923599
1272.6,19065.53551,19.06553551,12726,660,865,4939,11439,3853,5602,92668,513,1506,139,3.195862884
1272.85,19066.94754,19.06694754,12728.5,543,952,4797,11237,3876,5682,91859,441,1559,136,3.305169938
1273.1,19068.35957,19.06835957,12731,539,940,4541,10730,3638,5351,88927,371,1394,137,4.349737866
1273.35,19069.7716,19.0697716,12733.5,642,865,4873,11870,3795,5128,92964,398,1413,127,3.070666969
1273.6,19071.18363,19.07118363,12736,588,881,5091,11575,3826,5645,92970,202,1343,133,4.563750217
1273.85,19072.59566,19.07259566,12738.5,638,894,4968,11586,3855,5303,92905,105,1477,119,3.662099242
1274.1,19074.0077,19.0740077,12741,589,882,4889,11297,3986,4921,91051,295,1456,60,4.155827636
1274.35,19075.41973,19.07541973,12743.5,656,844,4884,11129,3906,4782,90270,188,1513,155,2.957392932
1274.6,19076.83176,19.07683176,12746,623,941,4895,11193,3908,4725,89441,335,1502,26,3.413878725
1274.85,19078.24379,19.07824379,12748.5,624,967,5041,11593,4188,4972,93298,310,1505,24,3.664575983
1275.1,19079.65582,19.07965582,12751,609,1026,5132,11483,3900,5085,93989,256,1480,158,4.502355316
1275.35,19081.1499,19.0811499,12753.5,654,901,5021,11608,4102,5299,93218,272,1458,94,3.698528381
1275.6,19082.64397,19.08264397,12756,664,921,5039,11690,3912,6089,93092,361,1477,127,2.966787989
1275.85,19084.13805,19.08413805,12758.5,698,835,4923,11934,4047,5250,91172,277,1615,199,3.1134339
1276.1,19085.63213,19.08563213,12761,637,870,4640,12119,3846,4784,95149,138,1484,140,3.333291107
1276.35,19087.1262,19.0871262,12763.5,724,895,5009,12277,3898,4859,88481,377,1509,117,3.116698982
1276.6,19088.62028,19.08862028,12766,717,862,4926,11997,4004,5088,89963,119,1494,75,3.120219216
1276.85,19090.11436,19.09011436,12768.5,648,879,4982,11958,4030,5652,90988,322,1546,91,4.461551519
1277.1,19091.60843,19.09160843,12771,687,857,4964,11948,3919,5298,91371,339,1544,185,3.697192696
1277.35,19093.10251,19.09310251,12773.5,609,867,5057,11722,3804,6236,91875,296,1539,346,3.355053358
1277.6,19094.59659,19.09459659,12776,652,843,5066,11761,4057,5599,88801,305,1479,252,3.599256096
1277.85,19096.09066,19.09609066,12778.5,573,853,4851,11516,3993,6626,90504,297,1505,214,2.591912877
1278.1,19097.58474,19.09758474,12781,659,893,4889,11815,3813,6381,92105,375,1453,386,3.060721721
1278.35,19099.07882,19.09907882,12783.5,713,912,4803,12350,3880,6806,94441,323,1555,343,3.121418054
1278.6,19100.5729,19.1005729,12786,661,926,5000,12534,4156,6352,93228,229,1559,265,4.532311792
1278.85,19102.06697,19.10206697,12788.5,709,853,5104,11868,3985,5645,91125,326,1498,433,3.331172199
1279.1,19103.56105,19.10356105,12791,680,905,5074,11454,4004,5514,91631,475,1566,361,3.155081556
1279.35,19105.05513,19.10505513,12793.5,651,940,4958,11083,3978,5793,91627,289,1374,365,2.771070052
1279.6,19106.5492,19.1065492,12796,639,913,4901,11703,3911,6645,93435,346,1491,279,3.469379845
1279.85,19108.04328,19.10804328,12798.5,647,931,4947,11850,4007,6619,94402,290,1478,239,2.938164046
1280.1,19109.53736,19.10953736,12801,680,888,5019,11957,4081,6510,94189,338,1463,132,3.413241179
1280.35,19111.03143,19.11103143,12803.5,696,899,4865,11485,3679,6040,93837,286,1506,282,3.225318847
1280.6,19112.52551,19.11252551,12806,634,911,5028,11852,3994,6450,92389,187,1534,258,3.44246984
1280.85,19114.01959,19.11401959,12808.5,633,916,4946,12122,3707,6461,87746,260,1652,103,4.020901933
1281.1,19115.51366,19.11551366,12811,642,942,4550,12541,3594,5240,81444,255,1714,185,2.849433922
1281.35,19117.00774,19.11700774,12813.5,655,819,4546,14496,3774,5531,83575,353,1653,107,3.547875973
1281.6,19118.50182,19.11850182,12816,632,965,4573,13579,3693,5284,83650,265,1645,99,3.372620698
1281.85,19119.99589,19.11999589,12818.5,653,963,4360,13941,3607,4671,79564,355,1792,134,4.091117566
1282.1,19121.48997,19.12148997,12821,667,954,4355,15164,3413,4520,78653,175,1702,178,3.121446716
1282.35,19122.98405,19.12298405,12823.5,628,1002,4539,14387,3591,4465,80039,241,1772,123,3.876196084
1282.6,19124.47812,19.12447812,12826,676,905,4439,14721,3485,4110,76587,384,1637,160,3.166647024
1282.85,19125.9722,19.1259722,12828.5,614,959,4441,14907,3637,4081,78514,250,1784,121,3.769553275
1283.1,19127.46628,19.12746628,12831,620,926,4374,15172,3406,4401,74445,146,1747,126,2.875375723
1283.35,19128.96035,19.12896035,12833.5,598,961,4481,17691,3502,5103,81161,242,1363,73,3.25813423
1283.6,19130.45443,19.13045443,12836,596,816,4799,11407,3624,6328,87977,300,1283,139,4.444977717
1283.85,19131.94851,19.13194851,12838.5,582,932,5033,7333,3729,8017,94998,291,1077,188,3.321487996
1284.1,19133.44259,19.13344259,12841,564,948,4860,5499,3747,13204,105655,411,920,136,4.008319468
1284.6,19136.43074,19.13643074,12846,541,1097,4448,5137,3624,23292,120191,283,885,132,2.682276734
1284.85,19137.92482,19.13792482,12848.5,573,1116,4629,5487,3586,10158,119526,276,940,212,3.307692308
1285.1,19139.41889,19.13941889,12851,514,1112,4652,6074,3508,7348,117813,332,1104,201,3.503858435
1285.6,19142.40705,19.14240705,12856,573,1044,4546,6272,3549,4423,113543,413,1206,111,4.450023245
1285.85,19143.90112,19.14390112,12858.5,554,1056,4673,7043,3615,3289,111065,443,1041,60,3.571720788
1286.1,19145.3952,19.1453952,12861,641,1042,4953,8298,3954,3261,103434,290,1319,32,3.200138664
1286.35,19146.88928,19.14688928,12863.5,582,1004,5128,9312,3807,3419,95304,298,1416,165,3.71123927
1286.6,19148.38335,19.14838335,12866,637,948,5355,10202,4022,3385,93321,351,1508,397,3.465976714
1286.85,19149.87743,19.14987743,12868.5,713,1014,5069,10549,3981,3422,91704,210,1294,292,2.888542897
1287.1,19151.37151,19.15137151,12871,592,968,4947,8996,3799,3310,94494,205,1398,242,3.291761149
1287.35,19152.86558,19.15286558,12873.5,641,927,5169,10308,4100,3045,91962,216,1490,267,2.670214863
1287.6,19154.35966,19.15435966,12876,649,895,5467,10423,3833,2901,92080,349,1445,241,4.052697616
1287.85,19155.85374,19.15585374,12878.5,633,900,5207,10701,3904,3194,92331,382,1407,125,3.973515592
1288.1,19157.34781,19.15734781,12881,634,926,5345,10329,4006,2929,91780,218,1544,72,3.108656447
1288.35,19158.84189,19.15884189,12883.5,652,972,5026,10046,3914,3053,91291,404,1326,118,3.020972146
1288.6,19160.33597,19.16033597,12886,627,1007,5134,10116,4102,3235,92224,394,1463,141,3.595900248
1288.85,19161.83004,19.16183004,12888.5,641,983,5150,10517,4091,3636,93063,340,1392,85,3.052954048
1289.1,19163.32412,19.16332412,12891,689,955,5161,10992,4013,3568,93545,412,1407,152,3.186559204
1289.35,19164.8182,19.1648182,12893.5,622,1010,5131,10668,4159,3787,92945,218,1362,0,3.047022967
1289.6,19166.31228,19.16631228,12896,684,917,5095,11127,4033,3848,94213,258,1433,131,3.893511059
1289.85,19167.80635,19.16780635,12898.5,640,926,5142,11082,4060,3757,95978,408,1458,73,2.931112549
1290.1,19169.30043,19.16930043,12901,600,1001,5099,10646,3861,4108,93940,152,1289,173,3.081712963
1290.35,19170.79451,19.17079451,12903.5,650,965,5117,10807,4032,4203,94382,268,1440,97,3.696495452
1290.6,19172.28858,19.17228858,12906,658,972,5084,10642,4285,4235,95347,446,1479,42,3.839873765
1290.85,19173.78266,19.17378266,12908.5,619,930,5083,10269,3989,4360,94330,374,1353,124,3.514665624
1291.1,19175.27674,19.17527674,12911,555,968,5089,10455,3928,4832,94024,300,1452,203,4.298172243
1291.35,19176.77081,19.17677081,12913.5,646,997,5133,10511,4109,4757,95450,327,1480,85,3.254428523
1291.6,19178.26489,19.17826489,12916,656,1112,5045,10469,4240,4724,95268,342,1368,92,3.933877075
1291.85,19179.75897,19.17975897,12918.5,584,997,4967,10641,4026,5000,94856,483,1393,184,4.275389702
1292.1,19181.25304,19.18125304,12921,637,1020,5013,10692,4153,5289,94820,273,1448,105,4.097846442
1292.35,19182.74712,19.18274712,12923.5,650,954,5171,10416,3929,5339,94811,311,1491,182,3.557165231
1292.6,19184.2412,19.1842412,12926,674,952,4994,10493,4007,5604,97631,197,1352,128,2.74855462
1292.85,19185.73527,19.18573527,12928.5,675,922,5126,10767,3921,5582,97259,242,1410,204,3.256107937
1293.1,19187.22935,19.18722935,12931,656,912,4922,10557,4041,5546,93746,256,1322,102,3.815603879
1293.35,19188.72343,19.18872343,12933.5,655,871,5221,10821,4064,5600,95188,275,1538,46,3.983372922
1293.6,19190.2175,19.1902175,12936,672,900,4839,11023,3949,5160,95427,243,1433,233,2.810355849
1293.85,19191.71158,19.19171158,12938.5,641,962,4913,11044,4026,4504,96601,276,1445,64,3.570006636
1294.1,19193.20566,19.19320566,12941,666,964,4921,10571,4222,4512,91473,464,1489,8,4.516017173
1294.35,19194.69973,19.19469973,12943.5,681,932,5005,10580,3937,4389,91352,271,1475,95,3.614443249
1294.6,19196.19381,19.19619381,12946,712,943,4912,11253,4114,4376,91700,329,1359,124,3.30803464
1294.85,19197.68789,19.19768789,12948.5,678,1002,4895,11078,3998,4259,89646,475,1483,137,3.09213532
1295.1,19199.18197,19.19918197,12951,724,954,5025,10992,3987,4748,92010,173,1280,222,2.97540896
1295.35,19200.73262,19.20073262,12953.5,619,985,4989,10704,3803,4816,93177,179,1368,183,4.84375
1295.6,19202.28328,19.20228328,12956,566,1023,4797,10228,3902,5035,91811,333,1424,121,3.599673425
1295.85,19203.83393,19.20383393,12958.5,649,1013,4886,10078,3857,5344,91963,399,1307,94,3.986327835
1296.1,19205.38459,19.20538459,12961,657,945,4894,9930,3819,3784,89733,266,1503,223,3.056779469
1296.35,19206.93525,19.20693525,12963.5,607,904,4871,10170,3801,3321,85484,276,1494,365,4.525601375
1296.6,19208.4859,19.2084859,12966,625,936,4717,10042,3932,4736,88227,265,1370,178,3.329592737
1296.85,19210.03656,19.21003656,12968.5,647,942,5106,10362,3872,5193,91220,369,1351,136,3.839042568
1297.1,19211.58722,19.21158722,12971,631,888,4952,10476,3841,5012,92531,356,1455,180,2.84455519
1297.35,19213.13787,19.21313787,12973.5,725,881,5034,12157,4001,4181,90197,234,1519,102,3.258840864
1297.6,19214.68853,19.21468853,12976,654,911,5061,13157,3868,4001,88332,340,1530,87,3.823026792
1297.85,19216.23919,19.21623919,12978.5,693,936,4962,12748,4195,3950,88156,334,1539,28,4.238198758
1298.1,19217.78984,19.21778984,12981,676,937,5087,12481,4113,4024,88986,393,1578,68,3.770916609
1298.35,19219.3405,19.2193405,12983.5,661,976,5131,15208,3973,3844,90457,203,1802,77,3.217386033
1298.6,19220.89116,19.22089116,12986,623,1057,4503,17642,3510,2817,86546,367,1760,110,2.900887902
1298.85,19222.44181,19.22244181,12988.5,692,998,4397,14480,3311,2930,77010,452,1930,144,3.643072702
1299.1,19223.99247,19.22399247,12991,697,945,5033,11764,3991,3202,82512,314,1787,51,3.313505425
1299.35,19225.54313,19.22554313,12993.5,785,948,5391,8706,4270,3558,94013,237,1253,138,3.372005351
1299.6,19227.09378,19.22709378,12996,705,868,5569,5762,4225,7733,99493,397,945,171,4.089460605
1299.85,19228.64444,19.22864444,12998.5,662,866,5302,4430,4236,11889,102234,186,1007,149,3.313730345
1300.1,19230.1951,19.2301951,13001,630,1003,5281,3958,4271,14370,104000,432,948,75,3.529983163
1300.35,19231.74575,19.23174575,13003.5,647,960,5169,3971,4069,16509,104796,482,954,92,3.493412719
1300.6,19233.29641,19.23329641,13006,627,1000,5102,4501,3955,19427,104872,360,967,116,3.856961669
1301.35,19237.94838,19.23794838,13013.5,594,1073,4692,3411,3804,6739,108607,408,925,82,3.601372427
1301.6,19239.49903,19.23949903,13016,638,1011,5135,4558,4229,2964,104876,452,1050,145,3.873327873
1301.85,19241.04969,19.24104969,13018.5,683,1054,4961,5653,4077,1972,100838,442,1136,0,3.062941554
1302.1,19242.60035,19.24260035,13021,534,1084,4474,7463,3298,2273,107661,501,1172,91,3.935215054
1302.35,19244.151,19.244151,13023.5,519,1162,4506,8226,3464,1948,113807,338,1201,103,3.777555911
1302.6,19245.70166,19.24570166,13026,601,944,5014,9357,3674,2329,97036,326,1363,118,3.444873279
1302.85,19247.25232,19.24725232,13028.5,709,873,5255,10281,4145,2378,90559,347,1507,39,3.465168539
1303.1,19248.80297,19.24880297,13031,630,914,5165,10121,3867,2142,89449,357,1338,122,3.380540672
1303.35,19250.35363,19.25035363,13033.5,619,859,5099,10420,3981,2231,89058,367,1443,72,3.344198826
1303.6,19251.90429,19.25190429,13036,678,811,4958,10481,3834,2482,87934,206,1534,100,3.890723506
1303.85,19253.45494,19.25345494,13038.5,694,845,4848,10798,3803,2351,85306,281,1474,161,3.659292035
1304.1,19255.0056,19.2550056,13041,635,942,4989,11121,3851,2402,85768,206,1550,74,4.2277796
1304.35,19256.55626,19.25655626,13043.5,642,932,5063,11465,3829,2533,87759,231,1397,127,3.671778701
1304.6,19258.10691,19.25810691,13046,639,875,5028,11477,4077,2659,88949,320,1421,65,3.352534846
1304.85,19259.65757,19.25965757,13048.5,647,869,4971,11467,3902,2665,87559,331,1360,106,2.963218903
1305.1,19261.20823,19.26120823,13051,708,806,4961,11164,4062,2542,87296,355,1404,210,3.014247027
1305.35,19262.75888,19.26275888,13053.5,765,813,4990,11824,3898,2856,87926,356,1481,125,3.171572854
1305.6,19264.30954,19.26430954,13056,692,859,4943,11325,3830,2661,90191,214,1540,72,3.625035765
1305.85,19265.8602,19.2658602,13058.5,699,836,5090,11322,3917,3089,89787,385,1527,171,2.928306967
1306.1,19267.41085,19.26741085,13061,691,904,4906,10586,3989,3670,89401,414,1372,81,3.193412261
1306.35,19268.96151,19.26896151,13063.5,643,783,5075,10119,3715,3878,91416,357,1346,149,2.576277543
1306.6,19270.51216,19.27051216,13066,603,859,5076,9478,3898,4324,90480,406,1232,80,3.826295045
1306.85,19272.06282,19.27206282,13068.5,690,872,5012,9315,3838,4061,90193,285,1303,210,3.125142857
1307.1,19273.61348,19.27361348,13071,624,906,4973,9550,3835,3694,91308,480,1359,176,4.444197573
1307.35,19275.16413,19.27516413,13073.5,649,897,5042,10274,3892,3270,88791,280,1324,208,3.243531576
1307.6,19276.71479,19.27671479,13076,592,895,5006,9401,3893,3592,89407,274,1399,86,4.643798118
1307.85,19278.26545,19.27826545,13078.5,612,882,4983,8258,3906,4082,90932,276,1236,72,3.781915644
1308.1,19279.8161,19.2798161,13081,615,929,4986,7975,3888,4825,94834,394,1168,105,3.039066008
1308.35,19281.36676,19.28136676,13083.5,619,929,4902,7285,3810,5657,96480,323,1093,131,3.528208469
1308.6,19282.91742,19.28291742,13086,602,941,4710,6744,3823,4670,99134,460,1047,121,3.208044383
1308.85,19284.46807,19.28446807,13088.5,578,945,4677,6108,3703,7852,105385,169,1062,184,4.656392887
1309.1,19286.01873,19.28601873,13091,580,993,4593,6739,3635,6987,107398,358,1028,236,3.781087729
1309.35,19287.56939,19.28756939,13093.5,588,939,4927,9844,3938,3006,97861,212,1276,219,3.623225632
1309.6,19289.12004,19.28912004,13096,639,986,5195,10706,4106,2561,94995,391,1363,51,3.467855768
1309.85,19290.6707,19.2906707,13098.5,633,926,5111,10630,4086,2597,95413,164,1437,154,3.207853838
1310.1,19292.22136,19.29222136,13101,626,969,5138,10691,4066,2459,96524,414,1371,111,3.649657064
1310.35,19293.77201,19.29377201,13103.5,592,927,4975,10451,3797,2410,96719,195,1434,141,3.25395908
1310.6,19295.32267,19.29532267,13106,657,820,5119,11616,4033,2426,94841,355,1399,238,4.180983505
1310.85,19296.87333,19.29687333,13108.5,639,940,5296,11463,4146,2648,92589,263,1351,183,4.10813367
1311.1,19298.42398,19.29842398,13111,648,967,5146,11916,4151,2630,91295,302,1407,189,3.288793103
1311.35,19299.97464,19.29997464,13113.5,665,932,5112,12495,3864,2644,90400,307,1539,178,3.172146772
1311.6,19301.5253,19.3015253,13116,624,979,4899,14573,3861,2708,89601,403,1721,264,4.160852407
1311.85,19303.07595,19.30307595,13118.5,621,914,5173,13820,4010,2996,86696,427,1701,172,2.944589878
1312.1,19304.62661,19.30462661,13121,653,927,5157,11952,3963,2565,90976,457,1405,141,3.384060584
1312.35,19306.17726,19.30617726,13123.5,685,954,5209,10970,3967,2613,90670,401,1475,131,3.174409222
1312.6,19307.72792,19.30772792,13126,682,913,5375,11335,4258,2960,89539,441,1488,68,3.563291139
1312.85,19309.27858,19.30927858,13128.5,682,870,5419,11976,4064,2970,89898,264,1488,118,3.456535335
1313.1,19310.82923,19.31082923,13131,704,868,5448,9820,4104,2874,93084,251,1272,114,3.254536656
1313.35,19312.37989,19.31237989,13133.5,637,931,5217,8813,4072,2605,95061,300,1284,73,3.099158721
1313.6,19313.93055,19.31393055,13136,601,958,4978,7536,4126,2543,94610,475,1133,123,3.386402967
1313.85,19315.4812,19.3154812,13138.5,625,992,4795,6970,3896,2930,97044,506,1173,219,4.316237967
1314.1,19317.03186,19.31703186,13141,619,1032,5093,7535,3846,3256,97089,439,1288,102,4.51792
1314.35,19318.58252,19.31858252,13143.5,669,936,5177,8172,4063,2684,92324,410,1338,100,3.212936733
1314.6,19320.13317,19.32013317,13146,698,1006,5576,7391,4298,2766,99107,437,1201,83,3.537427765
1314.85,19321.68383,19.32168383,13148.5,649,1022,5289,7073,4117,2757,100112,428,1083,113,3.18953569
1315.1,19323.23449,19.32323449,13151,595,1152,5316,6148,4231,4876,107605,382,1238,84,3.54800965
1315.35,19324.72191,19.32472191,13153.5,690,1036,5230,6600,4107,4587,105384,385,1349,125,4.357753358
1315.6,19326.20933,19.32620933,13156,703,959,5302,7997,4049,3160,102153,395,1316,157,3.410484174
1315.85,19327.69675,19.32769675,13158.5,704,931,5350,8903,4399,3233,105554,357,1350,5,3.21126597
1316.1,19329.18417,19.32918417,13161,686,959,5084,7551,4166,3611,106438,334,1435,165,4.085846868
1316.35,19330.67159,19.33067159,13163.5,642,983,4885,7234,4043,3818,99551,464,1162,82,3.421910859
1316.6,19332.15901,19.33215901,13166,623,979,4952,4952,3813,4326,104508,436,1089,90,4.053042581
1316.85,19333.64643,19.33364643,13168.5,601,1008,5050,4212,3921,3858,105654,374,1262,122,3.033063924
1317.1,19335.13385,19.33513385,13171,664,920,5147,4847,3936,3532,107403,273,1139,213,4.023894692
1317.35,19336.62127,19.33662127,13173.5,676,1000,4952,5443,3905,2929,108417,438,1048,121,2.678494321
1317.6,19338.10869,19.33810869,13176,579,982,4925,5617,3733,2486,110665,302,924,121,3.268444036
1317.85,19339.59611,19.33959611,13178.5,582,962,4976,4664,3816,2118,106915,332,968,111,3.27089508
1318.1,19341.08353,19.34108353,13181,678,1003,4987,5977,3890,1949,107530,186,1142,118,3.150371768
1318.35,19342.57095,19.34257095,13183.5,556,974,4878,7217,3798,1975,102025,385,1067,71,3.52461174
1318.6,19344.05837,19.34405837,13186,597,941,4898,7601,3895,2057,101401,308,1103,31,3.466666667
1318.85,19345.54579,19.34554579,13188.5,580,969,4685,7403,3798,2162,104001,491,940,56,2.954637917
1319.1,19347.03321,19.34703321,13191,599,918,4812,8074,3862,2019,101966,274,1080,99,3.407119579
1319.35,19348.52063,19.34852063,13193.5,625,840,5110,9192,3869,2164,94864,258,1391,151,3.400763861
1319.6,19350.00805,19.35000805,13196,671,798,4957,12183,3790,1921,84640,320,1580,117,4.535380272
1319.85,19351.49547,19.35149547,13198.5,712,786,4860,13440,3672,1903,83198,340,1808,79,3.318411179
1320.1,19352.98289,19.35298289,13201,750,902,5364,12437,4001,2226,91557,255,1659,145,3.670861298
1320.35,19354.47031,19.35447031,13203.5,730,943,5445,10958,4135,1845,94506,346,1597,36,4.235065339
1320.6,19355.95773,19.35595773,13206,709,863,5443,10109,4309,1867,93940,307,1657,0,3.524623891
1320.85,19357.44515,19.35744515,13208.5,718,969,5413,9827,4230,2226,95058,325,1507,107,3.469891412
1321.1,19358.93257,19.35893257,13211,730,923,5242,8800,4196,1551,94994,323,1479,135,2.699169917
1321.35,19360.41999,19.36041999,13213.5,754,861,5385,9015,4326,1696,96286,365,1336,83,3.553490842
1321.6,19361.90741,19.36190741,13216,831,787,5397,8115,4263,1616,98267,281,1252,94,6.046371833
1321.85,19363.39483,19.36339483,13218.5,686,881,5157,7198,4191,1560,101071,224,1089,60,4.328367571
1322.1,19364.88225,19.36488225,13221,605,961,5001,6051,4028,1540,106540,471,1073,6,4.012493059
1322.35,19366.36967,19.36636967,13223.5,669,1031,4804,6326,3991,1428,108351,437,921,51,3.624311467
1322.6,19367.85709,19.36785709,13226,617,1059,5023,6164,4053,1552,104607,383,1154,142,3.766138693
1322.85,19369.34451,19.36934451,13228.5,664,1155,4907,6910,3893,1489,100802,452,1192,106,3.603413905
1323.1,19370.83193,19.37083193,13231,498,1027,4912,7361,3843,1541,98752,410,1326,14,3.989149058
1323.35,19372.31935,19.37231935,13233.5,471,1133,4645,7645,3567,1421,110728,336,1368,73,3.397866219
1323.6,19373.80677,19.37380677,13236,497,1118,4352,7702,3356,1218,115487,401,1294,137,3.509933775
1323.85,19375.29419,19.37529419,13238.5,546,961,4658,8729,3513,1592,98616,443,1255,101,3.116769607
1324.1,19376.78161,19.37678161,13241,636,935,4936,8628,3647,1350,98158,200,1310,153,4.365787802
1324.35,19378.26903,19.37826903,13243.5,591,903,4975,8125,3709,1461,99370,358,1292,122,3.654056214
1324.6,19379.75645,19.37975645,13246,633,907,5109,11118,3756,1651,92622,222,1533,159,3.835880023
1324.85,19381.24387,19.38124387,13248.5,644,833,5459,11583,3887,1644,91909,101,1547,141,3.785097932
1325.1,19382.73129,19.38273129,13251,651,989,5513,11997,4213,1676,92945,371,1669,73,2.828051523
1325.35,19384.21871,19.38421871,13253.5,681,980,5326,12213,4012,1650,92751,392,1531,82,3.481027068
1325.6,19385.70613,19.38570613,13256,601,986,5176,11657,3913,1667,90597,312,1665,113,4.572179813
1325.85,19387.19355,19.38719355,13258.5,628,945,5064,11410,3792,1539,89143,311,1531,170,3.610094806
1326.1,19388.68097,19.38868097,13261,649,946,4976,11583,3797,1697,87687,365,1534,121,3.110186149
1326.35,19390.16839,19.39016839,13263.5,624,957,4935,11303,3775,1779,89872,420,1497,39,3.494430612
1326.6,19391.65581,19.39165581,13266,645,804,5179,10887,3863,2389,90106,234,1503,24,3.730422535
1326.85,19393.14323,19.39314323,13268.5,584,885,5047,10464,3907,2836,91287,154,1508,118,4.03139571
1327.1,19394.63065,19.39463065,13271,684,997,4973,9838,3705,3132,92559,234,1364,115,3.117477519
1327.35,19396.11807,19.39611807,13273.5,579,1040,4878,9158,3710,3069,93112,495,1289,194,4.348630022
1327.6,19397.60549,19.39760549,13276,578,983,4900,10344,3720,2639,91546,364,1446,193,3.852869265
1327.85,19399.09291,19.39909291,13278.5,609,891,4918,11610,3680,2507,88627,91,1545,172,3.992522805
1328.1,19400.58033,19.40058033,13281,705,978,5165,13820,3943,2591,91239,293,1844,103,3.775507267
1328.35,19402.06775,19.40206775,13283.5,639,941,5068,13301,3862,2647,90233,313,1557,137,5.492531288
1328.6,19403.55517,19.40355517,13286,692,929,5100,13760,3832,2724,89781,280,1666,178,3.462634409
1328.85,19405.04259,19.40504259,13288.5,564,926,5244,14015,4070,2546,89380,398,1611,92,4.144211344
1329.1,19406.53001,19.40653001,13291,609,918,4619,15796,3453,2421,111231,285,1954,179,3.270513633
1329.35,19408.01743,19.40801743,13293.5,635,894,4924,15237,4071,2852,90059,347,1796,75,3.41128274
1329.6,19409.50485,19.40950485,13296,689,923,5197,14189,4026,2873,93078,397,1657,60,3.5365722
1329.85,19410.99227,19.41099227,13298.5,652,920,5137,13276,4136,2968,90437,385,1734,140,3.156849076
1330.1,19412.47969,19.41247969,13301,657,939,5141,11919,3937,2660,89376,341,1531,43,3.166485966
1330.35,19413.96711,19.41396711,13303.5,656,863,5409,11378,3903,2309,90957,281,1660,188,3.893523921
1330.6,19415.45453,19.41545453,13306,717,857,5456,10405,3958,3209,93609,268,1425,77,3.5632994
1330.85,19416.94195,19.41694195,13308.5,690,914,5410,8307,3904,3203,98668,176,1238,174,3.334477047
1331.1,19418.42937,19.41842937,13311,591,1028,4817,6103,3645,5449,107030,324,1050,113,4.54282818
1331.35,19419.91679,19.41991679,13313.5,561,961,4832,7833,3746,3769,101313,370,1165,158,3.21110838
1331.6,19421.40421,19.42140421,13316,709,926,5061,10875,4005,2725,93901,399,1422,9,3.876255641
1331.85,19422.89163,19.42289163,13318.5,574,949,4990,10625,3835,2646,92376,348,1457,125,2.872237424
1332.1,19424.37905,19.42437905,13321,601,890,5020,10778,3802,2294,92220,421,1386,86,4.203019859
1332.35,19425.86647,19.42586647,13323.5,611,866,4843,10618,3873,2316,87855,270,1446,89,3.696917065
1332.6,19427.35389,19.42735389,13326,707,926,5039,10843,3986,2535,89398,232,1449,17,3.754142814
1332.85,19428.84131,19.42884131,13328.5,654,781,5081,11202,4052,2283,89624,279,1548,71,4.247885076
1333.1,19430.32873,19.43032873,13331,679,801,5157,11154,3860,2866,92398,327,1468,124,3.431501446
1333.35,19431.81615,19.43181615,13333.5,675,882,5265,11538,4073,2801,93933,245,1490,98,3.498168995
1333.6,19433.30357,19.43330357,13336,686,916,5403,11704,4031,3140,95252,326,1537,124,3.38873057
1333.85,19434.79099,19.43479099,13338.5,657,910,5456,11656,4195,2931,97601,264,1594,58,3.688967468
1334.1,19436.27841,19.43627841,13341,696,885,5042,11627,4216,3193,95499,230,1505,88,4.183702532
1334.35,19437.76583,19.43776583,13343.5,712,950,5090,12194,4043,3451,94818,498,1447,228,3.774157616
1334.6,19439.25325,19.43925325,13346,714,886,5558,11569,4175,3446,96558,268,1435,193,3.597026403
1334.85,19440.74067,19.44074067,13348.5,704,938,5346,11592,4151,3210,95560,254,1478,107,3.270602556
1335.1,19442.22809,19.44222809,13351,708,892,5458,11929,4157,3496,97514,277,1570,78,3.205723669
1335.35,19443.79456,19.44379456,13353.5,705,908,5461,11779,4228,3506,97860,326,1518,165,4.111693922
1335.6,19445.36103,19.44536103,13356,692,866,5467,12010,4114,3592,96806,290,1528,146,4.097435119
1335.85,19446.92751,19.44692751,13358.5,711,949,5188,11894,3878,3535,94724,215,1436,192,4.166284929
1336.1,19448.49398,19.44849398,13361,704,912,5425,12626,4190,3520,97010,412,1518,64,3.474652087
1336.35,19450.06045,19.45006045,13363.5,718,828,5365,12218,4084,3735,95365,225,1654,137,3.532078473
1336.6,19451.62693,19.45162693,13366,712,888,5236,12489,4220,3276,95405,433,1648,80,3.108357349
1336.85,19453.1934,19.4531934,13368.5,659,810,5392,13088,4105,3073,93993,280,1695,147,3.39317526
1337.1,19454.75987,19.45475987,13371,730,885,5069,12854,4080,3332,91368,386,1705,127,3.915968945
1337.35,19456.32635,19.45632635,13373.5,665,807,4977,12760,4179,2928,92889,385,1630,58,5.910797034
1337.6,19457.89282,19.45789282,13376,602,920,5143,12366,3807,3293,90766,159,1681,185,4.211383451
1337.85,19459.45929,19.45945929,13378.5,634,956,5233,12155,3951,2768,91236,185,1546,93,4.328947368
1338.1,19461.02577,19.46102577,13381,662,926,5266,11027,3971,3058,91129,357,1719,131,3.423453576
1338.35,19462.59224,19.46259224,13383.5,683,966,5085,9708,4044,3639,92328,435,1503,174,3.399115965
1338.6,19464.15871,19.46415871,13386,627,975,4813,9460,4120,4138,92777,296,1515,0,3.140513301
1338.85,19465.72518,19.46572518,13388.5,641,948,4971,8746,3969,5189,95072,166,1394,117,3.7800437
1339.1,19467.29166,19.46729166,13391,642,967,5271,8648,4068,4422,93987,266,1377,173,4.001052473
1339.35,19468.85813,19.46885813,13393.5,682,947,5156,9103,4190,3916,94369,460,1378,8,3.753668172
1339.6,19470.4246,19.4704246,13396,687,946,5038,9063,4275,3824,92502,237,1331,41,3.355436992
1339.85,19471.99108,19.47199108,13398.5,677,956,5367,8079,4365,3491,96807,372,1279,62,3.445387592
1340.1,19473.55755,19.47355755,13401,672,1020,5123,6001,4008,3840,95793,360,1060,79,3.989426419
1340.35,19475.12402,19.47512402,13403.5,602,1039,4695,4448,3693,5353,101487,403,921,130,3.601978892
1340.6,19476.6905,19.4766905,13406,573,1097,4744,3910,3706,7951,106424,334,921,71,3.586408013
1340.85,19478.25697,19.47825697,13408.5,573,1166,4415,3936,3784,9866,103759,316,951,84,4.047147846
1341.35,19481.38992,19.48138992,13413.5,510,1051,4079,3291,3352,15517,103844,397,802,0,3.448526598
1341.6,19482.95639,19.48295639,13416,593,958,4535,4355,3817,6199,97881,318,1006,39,3.515414013
1341.85,19484.52286,19.48452286,13418.5,495,1171,3853,3417,3347,3562,108095,412,894,41,3.932151231
1342.1,19486.08933,19.48608933,13421,532,1104,3988,3509,3283,2572,106939,404,870,128,3.115361908
1342.35,19487.65581,19.48765581,13423.5,598,955,4464,6080,3602,2952,89263,315,1133,60,3.38286429
1342.6,19489.22228,19.48922228,13426,593,934,4525,8624,3597,2444,83857,398,1293,40,4.010278305
1342.85,19490.78875,19.49078875,13428.5,626,865,4436,9935,3585,2594,78918,251,1444,87,3.697109513
1343.1,19492.35523,19.49235523,13431,622,878,4585,10305,3605,2728,79985,467,1437,23,4.779943768
1343.35,19493.9217,19.4939217,13433.5,652,979,4566,10679,3623,2925,82315,388,1365,50,3.863523573
1343.6,19495.48817,19.49548817,13436,624,941,4538,10641,3669,2960,81723,323,1519,85,4.256584014
1343.85,19497.05465,19.49705465,13438.5,594,931,4588,10643,3577,3413,81739,345,1491,104,3.776722774
1344.1,19498.62112,19.49862112,13441,543,864,4504,10643,3623,3489,81385,360,1577,90,3.298100641
1344.35,19500.18759,19.50018759,13443.5,582,1032,4620,10279,3623,3491,84652,325,1476,0,3.645991333
1344.6,19501.75407,19.50175407,13446,626,1002,4489,10389,3610,3630,83611,340,1480,55,4.050329906
1344.85,19503.32054,19.50332054,13448.5,550,1036,4277,10324,3700,3650,83038,278,1448,37,4.485728346
1345.1,19504.88701,19.50488701,13451,564,977,4403,10250,3548,3745,83446,356,1360,101,3.391277024
1345.35,19506.45348,19.50645348,13453.5,595,952,4484,10544,3433,3684,85968,371,1392,170,3.85623946
1345.6,19508.01996,19.50801996,13456,622,1035,4364,10483,3672,3891,85020,299,1505,34,4.025079274
1345.85,19509.58643,19.50958643,13458.5,625,1104,4455,10211,3598,3599,84646,230,1475,67,4.130493073
1346.1,19511.1529,19.5111529,13461,586,979,4269,9836,3470,3588,84587,520,1308,78,5.319698173
1346.35,19512.71938,19.51271938,13463.5,559,1066,4045,9318,3338,3517,84439,557,1532,65,3.627029116
1346.6,19514.28585,19.51428585,13466,592,1039,4178,9598,3272,3362,85817,284,1302,70,4.208320634
1346.85,19515.85232,19.51585232,13468.5,595,1067,4202,9335,3478,3559,83501,336,1356,87,3.961880388
1347.1,19517.4188,19.5174188,13471,599,1088,4486,10091,3541,3896,84656,492,1320,117,4.639070079
1347.35,19518.98527,19.51898527,13473.5,604,1048,4409,10837,3574,4020,83375,211,1513,36,3.446065535
1347.6,19520.55174,19.52055174,13476,644,1082,4461,10938,3556,3767,86574,561,1560,170,4.336228288
1347.85,19522.11822,19.52211822,13478.5,635,1009,4515,11220,3634,3965,88099,224,1491,160,3.872411782
1348.1,19523.68469,19.52368469,13481,671,1087,4506,10753,3634,3537,86787,275,1474,142,4.836388793
1348.35,19525.25116,19.52525116,13483.5,662,1078,4539,11102,3757,3491,83422,409,1463,4,3.795463861
1348.6,19526.81763,19.52681763,13486,621,991,4886,11919,3608,3214,84971,494,1536,148,4.760677849
1348.85,19528.38411,19.52838411,13488.5,623,1211,4188,7979,3259,2510,88004,566,1491,114,4.82433098
1349.1,19529.95058,19.52995058,13491,629,1094,4044,6389,3330,4795,95611,330,1337,178,3.606343042
1349.35,19531.51705,19.53151705,13493.5,651,1060,4242,9520,3234,4578,79588,438,1265,128,2.972190516
1349.6,19533.08353,19.53308353,13496,693,1156,4152,9523,3269,3349,81765,354,1404,118,4.494548287
1349.85,19534.65,19.53465,13498.5,673,1156,4304,10166,3528,2540,83625,474,1487,30,4.217650566
1350.1,19536.21647,19.53621647,13501,625,1110,4536,10967,3738,2921,90843,306,1482,100,3.811788897
1350.6,19539.34942,19.53934942,13506,627,1047,3978,10358,3324,1965,83635,590,1460,467,3.611396368
1350.85,19540.91589,19.54091589,13508.5,702,1192,3988,10367,3742,2545,84392,471,1554,221,4.477477477
1351.1,19542.48237,19.54248237,13511,754,1290,4577,11069,3632,3965,87548,562,1582,425,3.316203756
1351.35,19544.04884,19.54404884,13513.5,734,1169,4500,10875,3601,3464,89022,614,1636,244,3.40942277
1351.6,19545.61531,19.54561531,13516,735,1207,4647,10526,3927,2724,89467,323,1514,163,3.736313533
1351.85,19547.18179,19.54718179,13518.5,758,1132,4715,10448,3679,2683,90283,574,1505,133,3.224361658
1352.1,19548.74826,19.54874826,13521,699,1188,4717,9929,3701,3335,88698,511,1481,102,3.521723896
1352.35,19550.31473,19.55031473,13523.5,748,1164,4763,9753,3678,3289,85806,534,1523,144,3.865491427
1352.6,19551.8812,19.5518812,13526,782,1143,4413,8684,3560,2998,81369,539,1403,103,3.984128968
1352.85,19553.44768,19.55344768,13528.5,759,1123,4266,8407,3421,2572,78920,592,1364,96,3.764497619
1353.1,19555.01415,19.55501415,13531,817,1091,4936,9110,3771,2919,85380,500,1409,143,3.205078325
1353.35,19556.58062,19.55658062,13533.5,802,1012,5159,8438,3942,2529,91323,397,1345,121,3.9611891
1353.6,19558.1471,19.5581471,13536,762,1073,5487,7054,4147,2993,98125,189,1176,165,4.21449617
1353.85,19559.71357,19.55971357,13538.5,727,1031,5357,5555,4133,4388,101855,341,1171,219,3.75684678
1354.85,19565.97946,19.56597946,13548.5,577,1185,4830,6618,3790,12976,106625,369,1125,283,4.326182203
1355.1,19567.54594,19.56754594,13551,665,1122,4910,9956,3770,7907,98787,482,1406,200,4.272007042
1355.35,19569.07565,19.56907565,13553.5,626,1063,4943,11559,3901,7481,94347,351,1504,212,5.658966565
1355.6,19570.60536,19.57060536,13556,725,1118,5109,11181,4071,4110,92704,322,1580,548,5.540808241
1355.85,19572.13508,19.57213508,13558.5,737,975,5145,10272,4223,3049,96259,360,1485,489,3.326781327
1356.1,19573.66479,19.57366479,13561,720,873,5356,10039,4466,3145,92507,263,1403,536,3.554527264
1356.35,19575.1945,19.5751945,13563.5,742,964,5513,6950,4273,2588,96933,287,1221,489,3.049832088
1356.6,19576.72422,19.57672422,13566,707,998,5646,5372,4457,2450,104951,125,1190,290,3.482979716
1356.85,19578.25393,19.57825393,13568.5,657,1043,5300,4120,4261,3804,108452,417,1023,205,4.439456406
1357.1,19579.78364,19.57978364,13571,616,1136,5106,3681,4220,7732,109579,544,947,132,4.425718608
1358.85,19590.49164,19.59049164,13588.5,537,1088,4543,6325,3658,1993,123299,434,1148,246,3.138548854
1359.1,19592.02135,19.59202135,13591,648,1043,4982,7794,3966,2703,108855,423,1179,238,4.303456906
1359.35,19593.55106,19.59355106,13593.5,767,1031,5184,10592,4102,2382,102616,356,1499,226,3.468662868
1359.6,19595.08078,19.59508078,13596,757,870,5369,12207,4273,2663,94623,361,1596,470,4.045645559
1359.85,19596.61049,19.59661049,13598.5,673,947,5407,12123,4171,2511,92786,430,1702,389,4.002926829
1360.1,19598.1402,19.5981402,13601,693,906,5250,12280,4170,2471,90423,340,1514,272,3.891549296
1360.35,19599.66992,19.59966992,13603.5,688,909,5272,12407,4183,2247,90779,397,1553,217,3.811294575
1360.6,19601.19963,19.60119963,13606,602,908,5052,12079,3916,2355,88195,270,1676,319,3.172046825
1360.85,19602.72935,19.60272935,13608.5,635,960,5250,11782,4084,2402,88241,307,1484,537,4.193543356
1361.1,19604.25906,19.60425906,13611,658,898,5144,11053,4132,2330,88088,350,1458,320,3.759411453
1361.35,19605.78877,19.60578877,13613.5,605,893,4823,9094,3847,2331,88345,304,1315,403,3.350144273
1361.6,19607.31849,19.60731849,13616,670,1003,4922,7364,3872,3132,93794,435,1352,306,3.223989782
1361.85,19608.8482,19.6088482,13618.5,592,1032,4601,5852,3884,5197,99961,375,1040,155,5.312884654
1362.1,19610.37791,19.61037791,13621,606,1006,4733,5026,3971,5907,102438,252,1001,176,4.817699115
1362.35,19611.90763,19.61190763,13623.5,577,1067,4727,3955,3680,6826,112541,440,884,236,3.835062089
1362.6,19613.43734,19.61343734,13626,647,951,4821,6468,3950,3170,100742,322,1114,304,4.064723398
1362.85,19614.96705,19.61496705,13628.5,614,942,4827,9746,3951,3091,93899,424,1403,239,4.659784872
1363.1,19616.49677,19.61649677,13631,624,1050,4795,11332,3920,2713,93548,270,1586,572,3.509352518
1363.35,19618.02648,19.61802648,13633.5,663,923,5107,12952,4026,3174,88185,323,1624,443,2.989901232
1363.6,19619.55619,19.61955619,13636,602,946,5033,12834,4085,2930,88424,381,1772,397,4.023642077
1363.85,19621.08591,19.62108591,13638.5,616,960,5060,11945,3846,3154,87888,402,1594,335,2.854319478
1364.1,19622.61562,19.62261562,13641,704,942,5499,11762,4113,2770,90457,295,1556,217,3.695992569
1364.35,19624.14533,19.62414533,13643.5,673,958,5188,10918,3985,2862,89482,269,1659,245,3.426008429
1364.6,19625.67505,19.62567505,13646,680,986,5418,11072,3950,2705,91387,277,1494,244,4.105178467
1364.85,19627.20476,19.62720476,13648.5,740,941,5627,8974,3950,2862,93783,422,1428,320,5.400370028
1365.1,19628.73447,19.62873447,13651,731,953,5806,8753,4275,3153,97379,418,1240,124,4.330254391
1365.35,19630.26419,19.63026419,13653.5,666,1002,5712,7669,4221,3309,105206,173,1216,313,3.76006755
1365.6,19631.7939,19.6317939,13656,614,1102,4992,5011,3890,6561,112505,188,1011,309,3.162559965
1365.85,19633.32361,19.63332361,13658.5,585,1043,4732,5548,3741,8049,106531,319,1058,256,4.990851382
1366.1,19634.85333,19.63485333,13661,631,987,4998,8856,3810,4682,96155,284,1310,208,3.263798794
1366.35,19636.38304,19.63638304,13663.5,660,929,5065,10489,3806,6400,92834,360,1555,189,3.588173456
1366.6,19637.91275,19.63791275,13666,600,950,4981,10255,3867,4859,90685,304,1491,181,4.004092371
1366.85,19639.44247,19.63944247,13668.5,641,893,5013,11013,3883,3747,88688,342,1650,431,3.232250443
1367.1,19640.97218,19.64097218,13671,641,891,5102,10977,3897,3536,90011,422,1604,553,3.698914388
1367.35,19642.5019,19.6425019,13673.5,679,929,4762,10660,3882,4077,89163,300,1507,556,3.692143239
1367.6,19644.03161,19.64403161,13676,669,897,5166,10671,3935,3504,90276,294,1384,169,3.646806296
1367.85,19645.56132,19.64556132,13678.5,636,904,4750,9843,3688,2941,85210,492,1385,238,4.827755388
1368.1,19647.09104,19.64709104,13681,608,1009,4687,10319,3782,3927,87806,427,1575,347,3.453885883
1368.35,19648.62075,19.64862075,13683.5,539,1059,4814,10908,3715,4122,87132,597,1510,475,3.516960295
1368.6,19650.15046,19.65015046,13686,639,1057,5032,10383,3911,3426,86657,370,1474,285,4.822713258
1368.85,19651.68018,19.65168018,13688.5,637,975,5000,10095,3814,4001,85561,360,1518,314,3.88739757
1369.1,19653.20989,19.65320989,13691,636,953,5085,8649,3588,3067,85314,342,1168,334,5.157865787
1369.35,19654.7396,19.6547396,13693.5,680,915,4903,7336,3720,3577,88615,442,1265,499,4.216627974
1369.6,19656.26932,19.65626932,13696,589,1084,4517,5417,3702,3484,104909,420,1411,668,3.842002091
1369.85,19657.79903,19.65779903,13698.5,615,1107,4346,4099,3420,8220,110754,379,1124,635,3.871037077
1370.1,19659.32874,19.65932874,13701,554,977,4794,6466,3568,6261,98459,435,1202,321,3.461547852
1370.35,19660.85846,19.66085846,13703.5,633,999,4879,8412,3613,5004,92241,423,1248,230,3.544771446
1370.6,19662.38817,19.66238817,13706,630,1012,4914,8661,3677,4968,89242,321,1327,137,3.636035572
1370.85,19663.91788,19.66391788,13708.5,642,1000,4984,8719,3791,4382,88305,407,1301,88,3.38192699
1371.1,19665.4476,19.6654476,13711,691,929,4750,8696,3739,3875,87309,520,1406,257,3.532243872
1371.35,19666.97731,19.66697731,13713.5,673,948,4885,8409,3866,3446,87560,342,1382,222,4.87647854
1371.6,19668.50702,19.66850702,13716,693,1032,4832,8597,3748,3150,87546,377,1369,287,4.914458874
1371.85,19670.03674,19.67003674,13718.5,730,989,4874,8545,3695,3281,87360,433,1441,282,3.523520117
1372.1,19671.56645,19.67156645,13721,622,916,4875,8617,3577,3163,87631,366,1457,562,3.375755421
1372.35,19673.09616,19.67309616,13723.5,593,999,4752,8859,3702,3372,87133,551,1396,686,3.543034826
1372.6,19674.62588,19.67462588,13726,688,917,4942,8893,3851,3758,88024,250,1350,366,3.68956289
1372.85,19676.15559,19.67615559,13728.5,694,997,4791,9301,3761,3575,89608,417,1480,252,4.823509656
1373.1,19677.68531,19.67768531,13731,650,1007,4737,8997,3841,4326,89551,437,1394,360,3.300444343
1373.35,19679.21502,19.67921502,13733.5,702,1078,5084,9494,4115,4117,94564,373,1458,680,4.341615831
1373.6,19680.74473,19.68074473,13736,695,939,4655,8962,3630,5154,87121,470,1363,186,3.122765197
1373.85,19682.27445,19.68227445,13738.5,616,976,4561,8787,3751,4797,88370,436,1472,204,3.609524982
1374.1,19683.80416,19.68380416,13741,667,1006,4749,8658,3560,4529,87315,423,1350,219,3.558498619
1374.35,19685.33387,19.68533387,13743.5,660,976,4708,8895,3784,4878,87646,315,1344,163,3.750786056
1374.6,19686.86359,19.68686359,13746,688,1001,4675,8915,3782,4889,88096,245,1409,204,3.582507821
1374.85,19688.3933,19.6883933,13748.5,586,989,4694,9150,3704,4619,90233,263,1318,192,3.235729042
1375.1,19689.92301,19.68992301,13751,617,927,5016,9672,4129,5061,92269,160,1423,28,3.215623518
1375.35,19691.51637,19.69151637,13753.5,624,951,4928,9097,4020,6072,90566,308,1409,97,4.074571766
1375.6,19693.10974,19.69310974,13756,660,947,4768,9488,3841,5035,90668,284,1339,160,3.408599478
1375.85,19694.7031,19.6947031,13758.5,613,922,4574,9445,4010,5351,90676,438,1420,124,3.184170293
1376.1,19696.29646,19.69629646,13761,601,1013,4742,9531,3900,5453,91456,337,1318,329,3.608244716
1376.35,19697.88982,19.69788982,13763.5,599,930,4695,9576,4018,5805,91591,443,1426,511,4.615877968
1376.6,19699.48318,19.69948318,13766,604,960,4808,9880,3938,5661,90653,411,1422,636,3.761943987
1376.85,19701.07655,19.70107655,13768.5,584,976,4913,9854,3976,5447,91370,449,1372,246,3.270953333
1377.1,19702.66991,19.70266991,13771,611,968,4792,9574,3862,5843,90524,409,1403,435,4.038953315
1377.35,19704.26327,19.70426327,13773.5,595,896,4726,9482,3874,5941,91134,420,1401,567,4.272384685
1377.6,19705.85663,19.70585663,13776,629,919,4648,9674,3822,7539,90324,398,1462,721,3.778798683
1377.85,19707.44999,19.70744999,13778.5,571,950,4600,9478,3954,6174,90280,379,1301,914,3.430705191
1378.1,19709.04335,19.70904335,13781,586,876,4737,9396,3950,5509,91372,411,1404,758,3.262549657
1378.35,19710.63672,19.71063672,13783.5,598,906,4692,9624,3980,5290,90871,224,1409,623,3.8124
1378.6,19712.23008,19.71223008,13786,603,948,4596,9461,3933,5542,91266,423,1395,495,4.273757764
1378.85,19713.82344,19.71382344,13788.5,599,909,4603,9508,3954,5749,91020,447,1334,387,3.543863972
1379.1,19715.4168,19.7154168,13791,655,953,4698,9253,3951,6141,90631,336,1392,276,5.230066296
1379.35,19717.01016,19.71701016,13793.5,652,954,4837,9363,3965,6109,90988,419,1409,267,4.24651581
1379.6,19718.60352,19.71860352,13796,643,909,4677,9267,3959,5906,92293,348,1270,298,3.60002573
1379.85,19720.19689,19.72019689,13798.5,681,887,4744,9332,3698,5971,90490,355,1354,316,3.133148559
1380.1,19721.79025,19.72179025,13801,640,912,4509,9055,3782,5775,88048,517,1324,448,4.047026279
1380.35,19723.38361,19.72338361,13803.5,621,954,4619,8802,3956,5542,90936,513,1329,319,3.96421023
1380.6,19724.97697,19.72497697,13806,697,962,4687,8762,3827,5899,89652,387,1342,362,4.701986755
1380.85,19726.57033,19.72657033,13808.5,698,925,4680,8861,3889,6236,90156,445,1316,494,3.722900667
1381.1,19728.1637,19.7281637,13811,641,1033,4946,9053,3946,6663,93258,407,1475,425,3.961645923
1381.35,19729.75706,19.72975706,13813.5,601,905,4320,8151,3538,5145,101293,395,1320,71,3.577051615
1381.6,19731.35042,19.73135042,13816,692,935,4516,8403,3446,6579,86319,386,1391,132,4.729359313
1381.85,19732.94378,19.73294378,13818.5,635,1019,4403,8452,3508,6128,85988,355,1208,111,3.682080925
1382.1,19734.53714,19.73453714,13821,626,998,4591,8961,3570,6366,89297,346,1276,154,3.560698801
1382.35,19736.1305,19.7361305,13823.5,584,1030,4551,8703,3657,5150,104583,399,1326,180,3.606867284
1382.6,19737.72387,19.73772387,13826,667,986,4325,8684,3730,6013,87741,394,1295,81,3.740890688
1382.85,19739.31723,19.73931723,13828.5,655,940,4457,8603,3719,5962,87718,431,1259,145,3.604086687
1383.1,19740.91059,19.74091059,13831,642,972,4397,9128,3698,5678,86050,281,1406,164,3.118332245
1383.35,19742.50395,19.74250395,13833.5,634,886,4428,8861,3702,6050,86066,408,1286,107,3.529691807
1383.6,19744.09731,19.74409731,13836,649,978,4464,8387,3649,6664,85997,417,1361,65,3.914908579
1383.85,19745.69067,19.74569067,13838.5,598,977,4098,8410,3441,6088,84568,390,1262,126,3.372908864
1384.1,19747.28404,19.74728404,13841,608,955,4371,8638,3652,6005,85499,495,1263,93,3.070671764
1384.35,19748.8774,19.7488774,13843.5,611,1114,4594,9060,3801,7067,89687,265,1377,266,3.788809875
1384.6,19750.47076,19.75047076,13846,566,1145,4451,8992,3629,8506,89112,369,1295,100,3.53830147
1384.85,19752.06412,19.75206412,13848.5,576,1025,4388,8679,3768,7189,89121,323,1356,141,3.846245059
1385.1,19753.65748,19.75365748,13851,617,1011,4543,8919,3805,6576,90651,335,1391,611,3.623079902
1385.35,19755.25085,19.75525085,13853.5,569,1063,4427,8882,3898,6792,88761,380,1281,185,3.328209543
1385.6,19756.84421,19.75684421,13856,622,1054,4505,8780,3745,7761,88235,415,1331,90,3.733654508
1385.85,19758.43757,19.75843757,13858.5,558,1107,4461,8905,3674,6843,88692,438,1415,69,4.266775052
1386.1,19760.03093,19.76003093,13861,592,1096,4559,8656,3713,6916,87555,286,1529,101,4.119120879
1386.35,19761.62429,19.76162429,13863.5,551,1043,4487,8277,3507,6141,87284,311,1317,193,4.979928952
1386.6,19763.21765,19.76321765,13866,578,1108,4457,8602,3788,6891,89380,471,1399,263,3.59493988
1386.85,19764.81102,19.76481102,13868.5,557,1080,4544,8786,3674,7166,88806,412,1462,352,3.54976603
1387.1,19766.40438,19.76640438,13871,568,1129,4504,8903,3752,6896,89973,311,1407,274,3.597445352
1387.35,19767.99774,19.76799774,13873.5,617,1165,4463,9403,3774,6312,88775,419,1364,230,2.996689449
1387.6,19769.5911,19.7695911,13876,607,1050,4401,8534,3692,7559,87845,441,1301,237,3.67597394
1387.85,19771.18446,19.77118446,13878.5,546,1015,4622,8417,3676,8025,89360,341,1318,247,3.816785666
1388.1,19772.77782,19.77277782,13881,666,1000,4727,8444,3915,7828,92689,446,1330,38,4.334180622
1388.35,19774.37119,19.77437119,13883.5,599,1072,4729,8383,3801,7406,90403,466,1309,59,4.389167188
1388.6,19775.96455,19.77596455,13886,610,974,4549,8132,3698,8067,89882,320,1226,94,4.127435642
1388.85,19777.55791,19.77755791,13888.5,622,963,4717,8201,3854,7537,92315,384,1330,114,5.376984835
1389.1,19779.15127,19.77915127,13891,594,1048,4506,7933,3540,5840,112392,417,1394,237,3.506397391
1389.35,19780.74463,19.78074463,13893.5,526,1091,4238,7477,3549,4442,115133,360,1384,147,4.316546763
1389.6,19782.33799,19.78233799,13896,659,1014,4282,7910,3664,6245,100481,515,1192,57,2.760798618
1389.85,19783.93136,19.78393136,13898.5,677,993,4474,7962,3754,7392,90239,444,1330,130,4.496573778
1390.1,19785.52472,19.78552472,13901,639,987,4711,7959,3687,7779,89553,382,1301,127,3.606163097
1390.35,19787.11808,19.78711808,13903.5,643,984,4533,7689,3552,7305,88675,415,1319,215,3.877151252
1390.6,19788.71144,19.78871144,13906,650,994,4613,7740,3678,7683,89192,404,1342,129,3.544351307
1390.85,19790.3048,19.7903048,13908.5,621,911,4452,8288,3829,7987,88436,260,1206,48,3.436594633
1391.1,19791.89817,19.79189817,13911,556,927,4499,7899,3647,6941,87540,427,1307,79,4.00751073
1391.35,19793.49153,19.79349153,13913.5,621,984,4448,8314,3658,7648,87759,499,1322,67,3.713797347
1391.6,19795.08489,19.79508489,13916,599,997,4351,8194,3711,7619,87533,439,1279,124,3.168499468
1391.85,19796.67825,19.79667825,13918.5,613,1031,4495,8368,3814,7498,87632,356,1293,184,4.074887823
1392.1,19798.27161,19.79827161,13921,608,1046,4572,8716,3856,7715,89740,277,1327,496,3.722801002
1392.35,19799.86497,19.79986497,13923.5,546,1168,4443,8928,3727,7675,89670,476,1404,550,3.329262673
1392.6,19801.45834,19.80145834,13926,542,1118,4324,9145,3747,7931,87785,247,1404,451,4.429644702
1392.85,19803.0517,19.8030517,13928.5,560,1053,4257,8435,3676,7921,85764,300,1351,370,4.467152177
1393.1,19804.64506,19.80464506,13931,565,1138,4493,8951,3614,7782,88047,436,1336,347,4.140732953
1393.35,19806.23842,19.80623842,13933.5,600,1069,4424,9154,3587,7410,86703,398,1503,308,3.794752264
1393.6,19807.83178,19.80783178,13936,611,1061,4430,9104,3699,8580,87430,322,1467,477,5.21388739
1393.85,19809.42514,19.80942514,13938.5,561,1090,4442,8804,3820,9114,87489,381,1226,501,3.684489281
1394.1,19811.01851,19.81101851,13941,593,1101,4287,8714,3862,8692,89143,329,1314,427,3.600436121
1394.35,19812.61187,19.81261187,13943.5,593,1033,4230,8494,3684,8696,90966,420,1268,266,3.320830299
1394.6,19814.20523,19.81420523,13946,482,1097,4106,8675,3568,8283,86235,414,1383,385,5.139660638
1394.85,19815.79859,19.81579859,13948.5,630,1098,4298,9601,3772,8716,85177,343,1446,769,3.562076749
1395.1,19817.39195,19.81739195,13951,562,1083,4005,8569,3326,8756,83438,478,1301,463,4.146056338
1395.35,19818.95582,19.81895582,13953.5,606,1118,3888,8194,3223,9988,82244,370,1250,231,3.58960019
1395.6,19820.51969,19.82051969,13956,634,976,4088,7852,3377,7803,81047,439,1327,70,3.202566352
1395.85,19822.08355,19.82208355,13958.5,568,1079,4046,8570,3282,7115,79847,422,1303,211,3.152183803
1396.1,19823.64742,19.82364742,13961,575,994,4277,10432,3470,7625,83878,494,1533,281,4.843047035
1396.35,19825.21129,19.82521129,13963.5,642,1081,4254,10586,3392,6949,81789,532,1473,143,3.6394453
1396.6,19826.77515,19.82677515,13966,581,1049,4043,9156,3393,7242,82650,592,1284,194,3.622031069
1396.85,19828.33902,19.82833902,13968.5,596,976,4295,9070,3506,5827,81373,432,1348,224,3.658955129
1397.1,19829.90289,19.82990289,13971,636,1020,4005,5814,3333,5451,79151,412,1162,254,4.310370045
1397.35,19831.46675,19.83146675,13973.5,675,1108,4024,4116,3332,9636,91882,551,965,82,3.307509967
1397.6,19833.03062,19.83303062,13976,661,1104,3738,3794,3130,6881,93657,554,879,31,4.05445151
1397.85,19834.59449,19.83459449,13978.5,721,1122,3832,4152,3219,4922,92004,410,919,0,4.100897436
1398.1,19836.15835,19.83615835,13981,692,1144,3038,4899,2423,4357,74423,626,1133,31,3.800021927
1398.35,19837.72222,19.83772222,13983.5,751,1136,2724,5924,2108,1591,73265,550,1216,22,4.279537072
1399.1,19842.41382,19.84241382,13991,705,946,4060,2742,3350,2260,82710,381,976,72,4.337436739
1399.35,19843.97769,19.84397769,13993.5,685,1012,3668,2368,2978,5246,88473,554,713,0,3.132131852
1399.6,19845.54155,19.84554155,13996,694,1112,3363,2280,2707,2312,81961,591,785,29,3.704362416
1399.85,19847.10542,19.84710542,13998.5,760,1073,4598,4245,3805,3932,91723,478,1020,75,3.937750744
1400.1,19848.66928,19.84866928,14001,716,953,4723,7244,3871,2321,89659,393,1228,95,2.947818126
1400.35,19850.23315,19.85023315,14003.5,748,866,5266,7311,4134,1944,91659,410,1285,89,3.151611838
1400.6,19851.79702,19.85179702,14006,694,840,4822,6242,3914,3344,86429,380,1176,40,3.926136364
1400.85,19853.36088,19.85336088,14008.5,765,916,4931,5267,3974,2116,84128,377,1065,123,3.993171943
1402.1,19861.18022,19.86118022,14021,648,980,4177,5432,3374,2634,108032,311,1305,400,3.553438486
1402.35,19862.74408,19.86274408,14023.5,676,890,4823,5338,3922,1954,93811,303,1164,61,4.038651555
1402.6,19864.30795,19.86430795,14026,628,1019,4515,5399,3693,3624,111643,348,1174,167,4.126603042
1402.85,19865.87182,19.86587182,14028.5,603,1043,4437,5287,3679,9432,102299,335,1189,106,3.961622968
1403.1,19867.43568,19.86743568,14031,578,1055,4528,5558,3770,18419,96646,434,1090,107,3.2187536
1403.35,19868.99955,19.86899955,14033.5,666,977,5031,6408,3950,11163,90957,435,1138,152,3.533398105
1403.6,19870.56342,19.87056342,14036,697,989,4872,7292,3789,5429,89019,354,1291,135,5.417114351
1403.85,19872.12728,19.87212728,14038.5,666,989,5207,6694,4063,2866,93096,454,1016,82,3.727474698
1404.1,19873.69115,19.87369115,14041,659,984,5074,4922,4178,3312,95587,345,1082,66,4.180652681
1404.35,19875.25502,19.87525502,14043.5,691,879,4923,4083,3950,2578,91601,309,1057,65,3.415933357
1404.6,19876.81888,19.87681888,14046,681,892,5040,4119,3908,2779,93199,351,1038,129,4.154780848
1404.85,19878.38275,19.87838275,14048.5,612,995,4619,3075,3713,2369,98191,209,888,136,3.739009249
1405.1,19879.94662,19.87994662,14051,590,977,4663,2547,3659,3941,94343,352,936,87,4.014099932
1405.35,19881.51048,19.88151048,14053.5,522,1113,4055,2073,3039,3448,102552,617,851,100,4.590252444
1405.6,19883.07435,19.88307435,14056,543,1231,3838,2198,2937,2037,101594,480,733,96,3.814886653
1405.85,19884.63822,19.88463822,14058.5,504,1305,3577,2313,2942,1768,96306,426,809,14,4.682468021
1406.1,19886.20208,19.88620208,14061,580,1075,3727,4418,3049,1855,90636,433,1003,179,4.365463061
1406.35,19887.76595,19.88776595,14063.5,626,917,4216,8107,3383,1831,84049,422,1362,58,3.487303649
1406.6,19889.32982,19.88932982,14066,651,855,4382,10931,3523,1734,78842,278,1528,83,3.54464752
1406.85,19890.89368,19.89089368,14068.5,651,930,4489,10777,3593,1425,77148,565,1417,61,3.852816226
1407.1,19892.45755,19.89245755,14071,651,945,4055,9402,3226,1272,71633,488,1278,45,3.681438664
1407.35,19894.02142,19.89402142,14073.5,663,961,4784,8629,3494,1360,79910,265,1235,127,3.422912713
1407.6,19895.58528,19.89558528,14076,704,955,5130,7657,3797,1564,86862,314,1124,165,3.838608885
1407.85,19897.14915,19.89714915,14078.5,641,973,5017,3977,3686,1451,96985,387,1201,215,3.615773022
1408.35,19898.71301,19.89871301,14083.5,665,992,4854,5901,3516,2786,91263,384,1192,248,4.163861315
1408.6,19901.84075,19.90184075,14086,699,896,4886,8137,3516,2612,87576,415,1314,71,3.81225377
1408.85,19903.40461,19.90340461,14088.5,718,959,4813,9052,3482,2298,89076,351,1414,196,5.329085457
1409.1,19904.96848,19.90496848,14091,673,926,4886,9187,3689,1915,87749,449,1369,109,3.412067353
1409.35,19906.53235,19.90653235,14093.5,720,906,4962,8957,3600,1806,84680,294,1462,94,4.366279946
1409.6,19908.09621,19.90809621,14096,753,974,4878,9740,3652,2388,83836,421,1450,166,4.195808211
1409.85,19909.66008,19.90966008,14098.5,680,935,4940,9368,3584,2440,84725,306,1507,137,3.946476486
1410.1,19911.22395,19.91122395,14101,676,997,4759,9473,3698,2285,85126,435,1446,129,3.716618761
1410.35,19912.78781,19.91278781,14103.5,732,959,4987,9566,3727,2267,85524,458,1361,85,3.274916848
1410.6,19914.35168,19.91435168,14106,694,963,4741,9644,3740,2550,84776,469,1377,21,3.160026342
1410.85,19915.91555,19.91591555,14108.5,676,905,4871,9306,3754,2593,86069,259,1404,135,3.871392133
1411.1,19917.47941,19.91747941,14111,681,845,4949,9372,3678,3072,87289,384,1381,155,4.207538669
1411.35,19919.04328,19.91904328,14113.5,686,922,4929,9506,3617,2984,85738,341,1486,214,3.858871516
1411.6,19920.60715,19.92060715,14116,754,975,4862,9325,3698,3217,85564,304,1440,172,4.002951096
1411.85,19922.17101,19.92217101,14118.5,698,875,4482,9075,3515,3116,83529,367,1419,159,3.52566552
1412.1,19923.73488,19.92373488,14121,762,984,4763,9132,3636,3075,85538,328,1496,208,3.595658758
1412.35,19925.29875,19.92529875,14123.5,759,856,4939,9550,3676,3897,86934,299,1444,169,3.58406395
1412.6,19926.86261,19.92686261,14126,736,872,4847,9142,3633,3842,85922,335,1436,92,3.146429784
1412.85,19928.42648,19.92842648,14128.5,679,883,4697,8982,3538,2968,86458,501,1419,77,4.765609007
1413.1,19929.99035,19.92999035,14131,696,984,4587,9011,3620,3734,87625,406,1477,113,3.512969368
1413.35,19931.55421,19.93155421,14133.5,673,941,4651,9086,3752,3880,88004,366,1350,138,3.553261143
1413.6,19933.11808,19.93311808,14136,644,957,4701,9087,3875,3720,88647,388,1452,98,3.072886297
1413.85,19934.68195,19.93468195,14138.5,691,936,4719,9198,3768,4015,88516,223,1310,99,3.327627772
1414.1,19936.24581,19.93624581,14141,614,947,4602,9396,3662,4175,88058,372,1337,222,3.94732334
1414.35,19937.80968,19.93780968,14143.5,667,941,4860,9190,3680,4048,88097,390,1477,227,5.299779168
1414.6,19939.37355,19.93937355,14146,669,933,4538,8930,3588,3935,89832,483,1451,200,3.384220355
1414.85,19940.93741,19.94093741,14148.5,628,948,4656,8893,3559,3588,86260,544,1420,152,3.616494034
1415.1,19942.50128,19.94250128,14151,663,883,4635,9125,3735,4328,86160,280,1403,111,3.577500315
1415.35,19944.01009,19.94401009,14153.5,661,964,4811,9309,3754,4272,85799,277,1338,188,3.954437787
1415.6,19945.51889,19.94551889,14156,669,975,4865,9412,3733,4778,84667,356,1409,185,3.373103279
1415.85,19947.0277,19.9470277,14158.5,712,868,4731,9453,3702,4781,84715,447,1401,196,4.597371754
1416.1,19948.53651,19.94853651,14161,717,961,4891,9474,3775,4398,87801,301,1508,169,4.115089143
1416.35,19950.04532,19.95004532,14163.5,678,864,4824,9493,3661,5142,86419,386,1374,151,4.223860388
1416.6,19951.55413,19.95155413,14166,738,875,4818,10052,3813,5431,89415,303,1465,119,3.825089804
1416.85,19953.06294,19.95306294,14168.5,716,948,4865,9906,3892,4789,88967,311,1359,157,3.461957151
1417.1,19954.57174,19.95457174,14171,762,926,4814,9971,3829,3645,92247,192,1425,104,3.589414385
1417.35,19956.08055,19.95608055,14173.5,651,896,4745,10042,3746,3538,91894,593,1478,230,4.243453106
1417.6,19957.58936,19.95758936,14176,656,821,4879,10016,3819,4163,90058,390,1505,137,3.577832321
1417.85,19959.09817,19.95909817,14178.5,657,931,4868,10008,3775,4073,90728,346,1624,141,3.774325429
1418.1,19960.60698,19.96060698,14181,619,926,4799,9910,3666,4014,88795,396,1494,201,2.898037135
1418.35,19962.11578,19.96211578,14183.5,600,922,4789,10065,3814,3906,89563,316,1435,158,3.134000683
1418.6,19963.62459,19.96362459,14186,613,954,4879,9947,3800,3517,90957,351,1412,132,3.043740408
1418.85,19965.1334,19.9651334,14188.5,581,935,4736,9775,3819,4130,89931,296,1445,121,3.322216773
1419.1,19966.64221,19.96664221,14191,642,798,4672,10019,3766,3742,91805,475,1412,161,2.827018603
1419.35,19968.15102,19.96815102,14193.5,575,894,4702,10100,3942,4152,91801,264,1380,48,2.977621349
1419.6,19969.65982,19.96965982,14196,600,905,4660,10293,3784,3845,91270,481,1485,103,3.753607696
1419.85,19971.16863,19.97116863,14198.5,651,912,4862,10242,3975,3833,91091,400,1469,100,3.566871637
1420.1,19972.67744,19.97267744,14201,627,942,4764,10354,3702,4058,91690,332,1486,151,4.298567247
1420.35,19974.18625,19.97418625,14203.5,601,897,4625,10023,3841,3927,91046,417,1747,119,3.148719111
1420.6,19975.69506,19.97569506,14206,677,932,4913,10320,4009,3992,90797,288,1415,163,3.138912763
1420.85,19977.20386,19.97720386,14208.5,615,823,4854,10225,3991,4513,90236,433,1429,129,2.789203344
1421.1,19978.71267,19.97871267,14211,585,878,4789,10206,3839,4747,91345,425,1365,196,4.04216951
1421.35,19980.22148,19.98022148,14213.5,635,907,4890,10382,4069,4172,94275,424,1472,125,4.530785223
1421.6,19981.73029,19.98173029,14216,623,888,4871,10421,3878,4344,94380,387,1465,150,3.111502089
1421.85,19983.2391,19.9832391,14218.5,629,905,4734,10246,4012,4382,92298,437,1420,153,3.279735418
1422.1,19984.74791,19.98474791,14221,644,866,5010,10377,3892,4414,92336,501,1513,140,3.201150722
1422.35,19986.25671,19.98625671,14223.5,598,876,4695,9950,3936,4418,91042,303,1448,86,3.48387903
1422.6,19987.76552,19.98776552,14226,615,876,5001,10299,3886,4519,92791,537,1456,128,3.722764116
1422.85,19989.27433,19.98927433,14228.5,585,862,4880,10272,3897,4901,92017,390,1548,210,3.233222056
1423.1,19990.78314,19.99078314,14231,635,893,4889,10250,3884,6212,95206,365,1539,178,3.430819181
1423.35,19992.29195,19.99229195,14233.5,709,920,4891,10232,3990,6527,92413,304,1545,143,3.261337073
1423.6,19993.80075,19.99380075,14236,616,872,4706,10152,3841,8130,90540,261,1530,129,3.062837195
1423.85,19995.30956,19.99530956,14238.5,603,920,4792,10096,3942,4921,91550,416,1489,144,3.212746655
1424.1,19996.81837,19.99681837,14241,657,891,4676,10173,3884,4851,91115,324,1460,116,2.555139487
1424.35,19998.32718,19.99832718,14243.5,652,907,4864,10499,3910,5305,91816,469,1499,142,3.807692308
1424.6,19999.83599,19.99983599,14246,581,869,4689,10173,3965,5391,94150,258,1444,152,3.397313583
1424.85,20001.34479,20.00134479,14248.5,568,825,4668,9804,3798,5305,100998,433,1452,311,3.721622333
1425.1,20002.8536,20.0028536,14251,608,1095,4669,9682,3828,5453,90550,419,1505,174,3.638846545
1425.35,20004.36241,20.00436241,14253.5,557,976,4485,9496,3692,5522,87007,256,1512,585,3.676362683
1425.6,20005.87122,20.00587122,14256,577,848,4455,9889,3648,5955,86453,151,1563,558,3.652647339
1425.85,20007.38003,20.00738003,14258.5,599,908,4354,9533,3606,6151,86726,282,1541,521,3.40526849
1426.1,20008.88883,20.00888883,14261,595,911,4621,9759,3851,5335,88036,385,1391,534,3.300593702
1426.35,20010.39764,20.01039764,14263.5,597,883,4484,9776,3489,4695,89378,381,1416,281,3.317566713
1426.6,20011.90645,20.01190645,14266,626,894,4545,9776,3710,4529,88589,210,1454,201,3.764202978
1426.85,20013.41526,20.01341526,14268.5,617,926,4589,9921,3842,5579,87415,330,1491,266,3.830860126
1427.1,20014.92407,20.01492407,14271,666,926,4488,9656,3574,5418,85770,424,1446,303,4.706821732
1427.35,20016.43288,20.01643288,14273.5,583,888,4538,10036,3458,5369,86651,312,1455,324,4.230375427
1427.6,20017.94168,20.01794168,14276,639,882,4442,10452,3690,5047,86670,320,1425,196,3.825958702
1427.85,20019.45049,20.01945049,14278.5,674,885,4553,10182,3693,5490,87085,468,1527,115,4.597791534
1428.1,20020.9593,20.0209593,14281,635,916,4585,10119,3804,4829,85774,291,1575,134,3.592008412
1428.35,20022.46811,20.02246811,14283.5,642,953,4671,10585,3760,4706,91306,483,1568,194,3.7883182
1428.6,20023.97692,20.02397692,14286,585,937,4479,9440,3800,4678,86453,328,1325,69,3.090858848
1428.85,20025.48572,20.02548572,14288.5,603,898,4624,9669,3790,4454,88210,282,1470,199,3.905893536
1429.1,20026.99453,20.02699453,14291,680,959,4593,9739,3742,4736,90642,346,1378,108,3.569709749
1429.35,20028.50334,20.02850334,14293.5,672,1004,4680,9282,3754,4352,90871,409,1332,128,3.225638051
1429.6,20030.01215,20.03001215,14296,570,968,4564,9409,3577,4068,89192,443,1359,198,4.425851703
1429.85,20031.52096,20.03152096,14298.5,659,1008,4571,9336,3799,4525,90071,223,1469,129,3.960580037
1430.1,20033.02976,20.03302976,14301,615,925,4573,9358,3734,4252,88134,348,1404,123,4.741744285
1430.35,20034.53857,20.03453857,14303.5,613,871,4716,8991,3670,4562,88593,335,1333,118,3.60278791
1430.6,20036.04738,20.03604738,14306,626,925,4596,9243,3907,4578,89301,284,1467,69,3.70898847
1430.85,20037.55619,20.03755619,14308.5,600,923,4642,9057,3788,4563,89027,339,1445,125,3.888528139
1431.1,20039.065,20.039065,14311,646,918,4347,9166,3723,5033,89000,347,1334,140,3.360914471
1431.35,20040.5738,20.0405738,14313.5,543,1007,4474,8929,3715,4637,87959,434,1351,118,3.059858001
1431.6,20042.08261,20.04208261,14316,619,964,4602,8972,3633,5123,87540,369,1341,199,3.389362468
1431.85,20043.59142,20.04359142,14318.5,601,967,4284,8964,3732,4269,86725,393,1482,90,3.604488968
1432.1,20045.10023,20.04510023,14321,578,976,4422,8595,3514,4195,87089,450,1401,194,3.868380606
1432.35,20046.60904,20.04660904,14323.5,584,980,4365,8426,3488,4213,86979,319,1340,188,3.912273302
1432.6,20048.11785,20.04811785,14326,617,930,4452,8735,3743,4471,86685,411,1273,111,3.958385525
1432.85,20049.62665,20.04962665,14328.5,633,998,4549,9346,3786,4501,87961,560,1326,140,3.961035267
1433.1,20051.13546,20.05113546,14331,635,999,4561,9168,3687,4189,88959,264,1348,177,3.770808203
1433.35,20052.64427,20.05264427,14333.5,627,997,4494,8893,3761,3703,90303,530,1366,116,3.300571707
1433.6,20054.15308,20.05415308,14336,605,964,4495,8841,3650,4126,87599,387,1444,161,3.480827386
1433.85,20055.66189,20.05566189,14338.5,568,963,4614,8984,3747,4326,88681,391,1460,133,3.47087139
1434.1,20057.17069,20.05717069,14341,616,990,4570,8660,3609,4255,88140,369,1350,217,4.791891422
1434.35,20058.6795,20.0586795,14343.5,556,966,4351,8813,3544,3768,95152,289,1269,134,3.244214079
1434.6,20060.18831,20.06018831,14346,627,976,4347,9128,3671,4055,88895,597,1394,137,3.997126437
1434.85,20061.69712,20.06169712,14348.5,568,985,4349,8597,3638,4225,88720,305,1275,95,3.979292113
1435.1,20063.20593,20.06320593,14351,574,991,4378,8576,3629,4295,87785,192,1327,173,4.060819554
1435.35,20064.77462,20.06477462,14353.5,627,927,4567,8653,3628,4342,87296,254,1412,162,3.052562129
1435.6,20066.34331,20.06634331,14356,617,965,4514,8965,3762,4094,87539,266,1343,114,6.424713959
1435.85,20067.912,20.067912,14358.5,627,984,4466,9129,3713,3840,91235,435,1415,131,3.521042831
1436.1,20069.48069,20.06948069,14361,627,927,4622,9272,3766,3772,94383,424,1405,117,3.223267554
1436.35,20071.04938,20.07104938,14363.5,620,940,4387,8724,3585,4632,88679,441,1331,165,3.928090531
1436.6,20072.61807,20.07261807,14366,597,948,4449,9449,3710,4288,88603,463,1461,146,3.256121851
1436.85,20074.18677,20.07418677,14368.5,603,950,4415,9126,3684,4567,88378,352,1319,112,3.866098081
1437.1,20075.75546,20.07575546,14371,593,1021,4411,8792,3493,5848,86211,489,1377,173,3.397115029
1437.35,20077.32415,20.07732415,14373.5,699,1018,4687,9079,3722,5281,89189,246,1368,194,3.659395532
1437.6,20078.89284,20.07889284,14376,656,991,4728,8833,3789,5411,89697,408,1397,113,4.164598109
1437.85,20080.46153,20.08046153,14378.5,630,1033,4646,9347,3694,4504,89753,416,1348,180,3.658090118
1438.1,20082.03022,20.08203022,14381,607,1075,4604,9098,3714,5047,89802,549,1374,208,3.086743044
1438.35,20083.59891,20.08359891,14383.5,632,949,4601,9579,3791,5046,89908,288,1364,66,3.910524846
1438.6,20085.16761,20.08516761,14386,710,983,4509,8509,3601,5132,89036,345,1436,152,4.102222222
1438.85,20086.7363,20.0867363,14388.5,593,920,4455,8071,3629,4978,87520,381,1340,147,3.689559399
1439.1,20088.30499,20.08830499,14391,554,974,4414,8229,3621,4869,87960,469,1335,125,2.911874684
1439.35,20089.87368,20.08987368,14393.5,612,967,4511,8102,3587,5026,87314,329,1296,134,3.579961464
1439.6,20091.44237,20.09144237,14396,635,888,4365,8249,3597,5038,87199,317,1303,108,3.492248543
1439.85,20093.01106,20.09301106,14398.5,636,962,4442,8084,3650,4801,87510,393,1319,147,3.807976974
1440.1,20094.57975,20.09457975,14401,550,962,4329,8322,3526,3938,86844,574,1356,76,4.105688577
1440.35,20096.14845,20.09614845,14403.5,620,1035,4508,8612,3754,4686,91966,449,1298,62,2.974203494
1440.6,20097.71714,20.09771714,14406,642,993,4578,8589,3753,5044,89317,373,1260,173,3.419016546
1440.85,20099.28583,20.09928583,14408.5,556,1032,4476,8678,3626,3643,89155,411,1322,130,3.735048315
1441.1,20100.85452,20.10085452,14411,663,1007,4577,8307,3779,4200,88607,458,1427,62,4.513534906
1441.35,20102.42321,20.10242321,14413.5,682,1023,4526,8089,3493,4652,88560,419,1272,237,3.550184925
1441.6,20103.9919,20.1039919,14416,588,1023,4603,8457,3651,4900,88805,309,1258,237,3.288558379
1441.85,20105.56059,20.10556059,14418.5,675,985,4608,8915,3803,4643,88734,269,1333,160,3.941018767
1442.1,20107.12929,20.10712929,14421,638,1015,4704,9005,3883,5168,88960,357,1409,204,3.62546528
1442.35,20108.69798,20.10869798,14423.5,682,1008,4598,8538,3676,4966,87145,284,1416,228,3.752200762
1442.6,20110.26667,20.11026667,14426,656,956,4493,8713,3685,4564,86855,366,1375,227,4.053093586
1442.85,20111.83536,20.11183536,14428.5,628,935,4456,8650,3817,4452,87460,471,1348,149,3.369712051
1443.1,20113.40405,20.11340405,14431,662,1014,4634,8764,3730,4085,88182,431,1411,269,3.299632571
1443.35,20114.97274,20.11497274,14433.5,659,1017,4699,9249,3615,4622,88291,352,1370,293,3.845954781
1443.6,20116.54143,20.11654143,14436,717,1006,4731,9697,3881,3985,91525,404,1462,200,3.420271514
1443.85,20118.11012,20.11811012,14438.5,674,999,4692,9418,3755,3716,89635,448,1564,175,3.326176713
1444.1,20119.67882,20.11967882,14441,704,1003,4637,9585,3889,4922,88795,345,1415,103,3.399231128
1444.35,20121.24751,20.12124751,14443.5,723,1005,4484,9318,3539,3922,83753,345,1426,70,3.424306287
1444.6,20122.8162,20.1228162,14446,714,1015,4340,11072,3401,5583,85704,502,1652,217,3.370132108
1444.85,20124.38489,20.12438489,14448.5,784,1049,3863,8109,3167,2296,79732,648,1392,126,3.59071778
1445.1,20125.95358,20.12595358,14451,747,1018,3278,7570,2827,1610,82656,643,1477,67,4.345564516
1445.35,20127.52227,20.12752227,14453.5,789,1085,3140,7826,2873,1492,83218,517,1338,69,4.832076657
1445.6,20129.09096,20.12909096,14456,682,992,3843,9630,3016,3768,85184,329,1437,145,3.709036614
1445.85,20130.65966,20.13065966,14458.5,625,958,4049,9281,3284,5411,87794,426,1386,110,3.277367284
1446.1,20132.22835,20.13222835,14461,763,1014,3808,8208,3181,4530,78430,456,1317,87,3.341043631
1446.35,20133.79704,20.13379704,14463.5,722,878,3792,7120,3083,4536,74058,443,1270,24,4.299338147
1446.6,20135.36573,20.13536573,14466,675,827,3705,7021,2995,4159,71808,329,1148,43,4.937375925
1446.85,20136.93442,20.13693442,14468.5,703,842,3918,6951,3068,5440,80598,182,1221,100,3.556151885
1447.1,20138.50311,20.13850311,14471,678,911,3745,6969,3050,4671,78624,478,1165,78,3.50150006
1447.85,20143.20919,20.14320919,14478.5,546,929,4116,7029,3317,2432,73663,480,1303,84,3.110759122
1448.1,20144.77788,20.14477788,14481,620,922,4157,7189,3494,2405,79218,407,1196,73,4.563882259
1448.35,20146.34657,20.14634657,14483.5,661,950,4152,5856,3260,2261,79714,421,1141,128,3.221635884
1448.6,20147.91526,20.14791526,14486,641,1002,4782,6285,3769,2003,87909,466,1157,179,3.838040423
1448.85,20149.48395,20.14948395,14488.5,591,890,4837,5911,3951,3302,92803,454,1032,152,3.369410319
1449.1,20151.05264,20.15105264,14491,649,1018,4800,5061,3653,5861,95316,499,1110,234,4.080966943
1449.35,20152.62134,20.15262134,14493.5,611,968,4526,5200,3505,9101,95738,347,967,148,3.716568206
1449.6,20154.19003,20.15419003,14496,551,1063,4033,4846,3262,19100,92392,313,914,90,3.584384223
1449.85,20155.75872,20.15575872,14498.5,598,1035,4028,4799,3228,10139,89250,489,1038,121,4.312406128
1450.1,20157.32741,20.15732741,14501,630,1045,4448,6152,3646,7269,93977,409,1222,99,3.308200139
1450.35,20158.8961,20.1588961,14503.5,645,1097,4035,5252,3288,7443,93408,450,985,97,3.75226258
1450.6,20160.46479,20.16046479,14506,630,1003,3370,4240,2786,5452,79774,787,820,109,3.797630221
1450.85,20162.03348,20.16203348,14508.5,693,1103,3044,5204,2390,2386,69361,588,1041,47,4.141467842
1451.1,20163.60217,20.16360217,14511,676,913,4671,7083,3277,3095,78794,533,1181,226,3.540417457
1451.35,20165.17087,20.16517087,14513.5,634,988,4974,6133,3609,3419,89240,338,1218,358,3.149492498
1451.6,20166.73956,20.16673956,14516,587,997,4293,4638,3414,2432,94892,405,979,172,4.020847527
1451.85,20168.30825,20.16830825,14518.5,645,1046,4038,3572,3626,3581,96410,296,1046,764,3.612555174
1452.1,20169.87694,20.16987694,14521,618,1042,4368,4642,3711,4685,90761,420,1051,540,4.087753674
1452.35,20171.44563,20.17144563,14523.5,647,956,4468,7275,3486,4682,87393,444,1291,290,3.909090909
1452.6,20173.01432,20.17301432,14526,718,1014,4961,9082,3570,4030,88042,394,1414,175,3.187052773
1452.85,20174.58301,20.17458301,14528.5,633,979,4733,9582,3768,3168,84359,426,1414,48,3.181576027
1453.1,20176.15171,20.17615171,14531,694,942,4745,9936,3707,3567,87661,358,1378,204,3.44082519
1453.35,20177.7204,20.1777204,14533.5,593,1002,4485,9422,3472,3927,84488,366,1525,125,3.636901698
1453.6,20179.28909,20.17928909,14536,741,974,4608,9359,3346,3541,82508,500,1365,154,3.070585756
1453.85,20180.85778,20.18085778,14538.5,613,984,4427,9618,3485,4084,82799,442,1278,107,3.609633452
1454.1,20182.42647,20.18242647,14541,590,881,4409,9797,3369,4063,83824,273,1356,171,4.40987732
1454.35,20183.99516,20.18399516,14543.5,636,961,4351,9124,3540,3470,80936,622,1299,103,3.95763291
1454.6,20185.56385,20.18556385,14546,736,977,4370,9172,3410,3587,80315,337,1383,139,4.053186877
1454.85,20187.13255,20.18713255,14548.5,650,965,4443,9538,3642,3517,83616,407,1494,118,3.640658458
1455.1,20188.70124,20.18870124,14551,630,970,4398,9089,3642,3624,86040,190,1311,72,3.35243309
1455.35,20190.2692,20.1902692,14553.5,656,957,4447,9593,3551,4722,81414,355,1529,137,3.11073975
1455.6,20191.83717,20.19183717,14556,656,945,4412,11973,3544,7736,80372,399,1676,213,3.596565315
1455.85,20193.40513,20.19340513,14558.5,646,948,4327,10091,3566,4682,88192,334,1428,167,4.411850178
1456.1,20194.9731,20.1949731,14561,632,1041,4096,8918,3396,4232,78722,470,1298,49,3.597399635
1456.35,20196.54106,20.19654106,14563.5,656,1013,3874,8750,3230,3126,75991,476,1289,16,4.262565855
1456.6,20198.10903,20.19810903,14566,779,1005,3963,7514,3097,2705,73254,410,1198,117,4.434170417
1456.85,20199.67699,20.19967699,14568.5,674,1058,3411,4835,2664,7807,93130,591,1127,191,3.339693356
1457.1,20201.24496,20.20124496,14571,720,998,3711,7964,3022,3593,70385,425,1195,0,3.765455183
1457.35,20202.81292,20.20281292,14573.5,661,1094,3653,8637,3041,2832,70308,516,1261,72,4.191841522
1457.6,20204.38089,20.20438089,14576,620,1114,3699,8849,2822,2560,74027,525,1263,132,3.62169863
1457.85,20205.94885,20.20594885,14578.5,713,1148,3526,8569,2806,2569,71662,457,1297,64,4.337808516
1458.1,20207.51682,20.20751682,14581,615,1148,3644,8980,3019,2895,75867,509,1411,137,3.746904762
1458.35,20209.08478,20.20908478,14583.5,666,1136,3774,9154,2958,2883,78459,391,1545,163,3.293880223
1458.6,20210.65275,20.21065275,14586,715,1175,3634,8880,2911,2641,76453,721,1558,69,3.753997836
1458.85,20212.22071,20.21222071,14588.5,600,1161,3435,8685,2846,2677,73203,472,1403,136,4.630629309
1459.1,20213.78868,20.21378868,14591,726,1074,3617,8566,2851,2946,72664,558,1354,146,4.191679627
1459.35,20215.35664,20.21535664,14593.5,758,1097,3335,7823,2650,3087,70929,642,1462,115,4.015584092
1459.6,20216.92461,20.21692461,14596,761,1191,3210,7847,2615,4219,70720,557,1288,36,3.916169124
1459.85,20218.49257,20.21849257,14598.5,771,1084,3236,7867,2601,4578,69868,525,1299,0,3.734609358
1460.1,20220.06054,20.22006054,14601,754,1144,3212,7804,2639,4828,71304,655,1201,0,5.15123839
1460.35,20221.6285,20.2216285,14603.5,729,1080,3138,7692,2666,4501,68892,614,1315,67,5.085840988
1460.6,20223.19647,20.22319647,14606,780,1105,3283,8101,2630,4112,74485,610,1403,155,4.822177535
1460.85,20224.76443,20.22476443,14608.5,672,1096,3432,7738,2736,4100,73286,471,1328,55,4.0607167
1461.1,20226.3324,20.2263324,14611,706,1086,3438,7793,2676,3805,73280,556,1236,127,3.94254325
1461.35,20227.90036,20.22790036,14613.5,743,1023,3403,7625,2777,4042,70905,580,1377,82,4.972825238
1461.6,20229.46833,20.22946833,14616,648,1167,3295,7827,2692,4156,75741,553,1404,172,4.2
1461.85,20231.03629,20.23103629,14618.5,728,1167,3376,7624,2797,3715,75107,582,1351,186,3.925142495
1462.1,20232.60426,20.23260426,14621,687,1082,3265,7282,2662,3261,68622,582,1323,139,3.879368119
1462.35,20234.17222,20.23417222,14623.5,657,1077,3486,7938,2723,2793,71214,615,1383,116,4.730296674
1462.6,20235.74019,20.23574019,14626,707,1067,3540,8410,2839,2245,70226,532,1321,91,4.440875912
1462.85,20237.30815,20.23730815,14628.5,705,929,3554,5714,2926,1981,70233,605,911,92,4.164895067
1463.1,20238.87612,20.23887612,14631,694,1085,3644,5169,3016,3376,76225,492,1085,15,3.349573957
1463.35,20240.44408,20.24044408,14633.5,710,967,3940,6883,3231,4485,79755,319,1349,24,3.900444062
1463.6,20242.01205,20.24201205,14636,698,959,4433,8291,3505,3239,81228,434,1318,139,3.555542298
1463.85,20243.58001,20.24358001,14638.5,706,899,4560,7618,3427,2807,81054,373,1121,190,4.509026489
1464.1,20245.14798,20.24514798,14641,661,943,4920,6838,3921,2600,92520,301,1166,60,3.52567496
1464.35,20246.71594,20.24671594,14643.5,687,906,5069,6463,4093,3368,94909,245,1245,115,2.893113646
1464.6,20248.2839,20.2482839,14646,676,961,5157,6214,4118,3569,96345,313,1055,211,3.475188162
1464.85,20249.85187,20.24985187,14648.5,658,911,4800,5101,3955,8242,97668,290,1022,46,3.283205005
1465.1,20251.41983,20.25141983,14651,578,971,4360,5355,3689,14398,103462,208,1056,35,3.229033024
1465.35,20252.9878,20.2529878,14653.5,601,1012,4661,8208,3758,4967,95764,261,1249,156,3.297641963
1465.6,20254.55576,20.25455576,14656,588,992,4829,9198,3962,2978,94409,307,1291,85,3.611949765
1465.85,20256.12373,20.25612373,14658.5,707,927,5083,9289,3912,2679,90183,272,1325,103,3.435974465
1466.1,20257.69169,20.25769169,14661,632,933,5208,9159,3990,2708,88182,315,1366,103,3.396791309
1466.35,20259.25966,20.25925966,14663.5,638,916,5298,8355,4043,2452,89850,206,1170,201,3.900474615
1466.6,20260.82762,20.26082762,14666,678,1000,5133,7260,4207,2686,91042,365,1137,284,3.657053886
1466.85,20262.39559,20.26239559,14668.5,635,964,5109,5698,4163,2318,93232,428,1144,305,3.758533856
1467.1,20263.96355,20.26396355,14671,602,934,5037,4682,3950,1979,92194,418,1043,327,3.738661814
1467.35,20265.53152,20.26553152,14673.5,758,995,5680,5075,4502,2011,100538,279,1155,218,3.327725118
1467.6,20267.09948,20.26709948,14676,714,882,5547,3964,4434,1714,100101,330,951,67,3.424502143
1467.85,20268.66745,20.26866745,14678.5,663,874,5521,3401,4429,1965,104446,300,962,160,4.151496356
1468.1,20270.23541,20.27023541,14681,687,973,5388,3160,4245,1992,104763,307,999,167,4.515245902
1468.35,20271.80338,20.27180338,14683.5,679,938,5446,3120,4333,2429,105148,330,931,82,4.436442726
1468.6,20273.37134,20.27337134,14686,635,875,5285,3062,4089,3912,106601,281,978,139,3.956900305
1468.85,20274.93931,20.27493931,14688.5,639,1032,5231,3036,4384,5399,111992,298,933,102,3.102285334
1469.1,20276.50727,20.27650727,14691,629,948,4819,3035,4077,5852,107500,172,963,20,4.083495728
1469.35,20278.07524,20.27807524,14693.5,556,1067,4935,2969,3948,9790,110297,424,869,55,3.501501894
1469.6,20279.6432,20.2796432,14696,545,1107,4749,3314,3785,16457,116445,399,856,74,3.614424791
1469.85,20281.21117,20.28121117,14698.5,541,1103,4509,3004,3554,16288,114999,358,816,137,3.947713392
1470.1,20282.77913,20.28277913,14701,530,997,4536,2859,3458,8925,118871,406,748,139,4.980407076
1470.35,20284.3471,20.2843471,14703.5,517,1128,3959,2625,3408,4893,121700,430,772,69,3.903892577
1470.6,20285.91506,20.28591506,14706,554,1039,4665,2982,3500,5028,112928,242,837,108,4.165873868
1470.85,20287.48303,20.28748303,14708.5,629,954,5205,3792,3928,2663,107963,351,1021,119,4.00882705
1471.1,20289.05099,20.28905099,14711,576,902,5206,4244,4310,2410,105787,337,994,72,4.059768734
1471.35,20290.61896,20.29061896,14713.5,609,984,5174,4059,4031,3736,111386,430,990,143,4.464815701
1471.6,20292.18692,20.29218692,14716,628,1064,5339,4204,4169,4952,127352,266,908,146,3.895238095
1471.85,20293.75489,20.29375489,14718.5,514,1068,4577,3441,3671,5513,120894,353,881,73,3.439441748
1472.1,20295.32285,20.29532285,14721,583,1115,4656,3680,3580,6176,119738,392,874,98,5.127756654
1472.35,20296.89082,20.29689082,14723.5,585,1137,5110,3760,3813,2461,114174,367,917,87,3.361987578
1472.6,20298.45878,20.29845878,14726,512,1084,4868,3446,3682,2793,116482,276,931,171,4.068152408
1472.85,20300.02675,20.30002675,14728.5,540,1026,4882,3361,3816,1854,109128,233,940,96,3.008570234
1473.1,20301.59471,20.30159471,14731,541,1017,4988,3255,3776,1590,106725,427,864,123,3.536722442
1473.35,20303.16268,20.30316268,14733.5,599,1013,4776,3152,3882,1777,109005,359,897,66,3.708110857
1473.6,20304.73064,20.30473064,14736,540,1056,4790,3817,3705,1609,108608,359,956,64,3.179281038
1473.85,20306.29861,20.30629861,14738.5,641,945,5217,5898,3959,2411,100705,349,1146,192,4.85709282
1474.1,20307.86657,20.30786657,14741,647,969,5248,7300,3852,2600,96854,342,1157,297,3.30134196
1474.35,20309.43454,20.30943454,14743.5,495,1051,5208,8700,4015,1735,94869,236,1364,174,3.863773966
1474.6,20311.0025,20.3110025,14746,585,1017,5153,9837,4409,1696,90766,257,1414,950,4.43969642
1474.85,20312.57047,20.31257047,14748.5,554,1077,5135,9302,4196,1844,90175,138,1382,931,4.120609076
1475.1,20314.13843,20.31413843,14751,506,1082,4995,8914,4254,1818,89210,398,1519,1431,4.141266209
1475.35,20315.66989,20.31566989,14753.5,530,992,5066,8794,4199,1952,89870,216,1392,1813,3.352832284
1475.6,20317.20135,20.31720135,14756,593,989,5418,9391,4568,1838,94103,237,1587,1876,3.860518402
1475.85,20318.73281,20.31873281,14758.5,540,1116,5386,9452,4318,2087,95124,290,1458,639,5.099535244
1476.1,20320.26427,20.32026427,14761,636,1069,5012,9575,4226,2211,95856,273,1448,369,4.006161707
1476.35,20321.79574,20.32179574,14763.5,598,1106,5021,10464,4375,2385,92459,395,1500,445,4.801362297
1476.6,20323.3272,20.3233272,14766,704,1017,5386,10558,4556,2650,95886,418,1441,453,4.598845109
1476.85,20324.85866,20.32485866,14768.5,771,963,5649,10605,4555,2330,99914,245,1465,120,3.567412057
1477.1,20326.39012,20.32639012,14771,725,968,5540,10849,4452,2646,99967,262,1371,145,4.534677144
1477.35,20327.92158,20.32792158,14773.5,769,1001,5708,10257,4551,2429,100021,319,1299,125,3.836452763
1477.6,20329.45304,20.32945304,14776,809,1017,5872,10103,4421,2721,101023,348,1449,174,3.640745909
1477.85,20330.9845,20.3309845,14778.5,717,965,5694,10131,4443,2693,101044,333,1307,165,4.03502627
1478.1,20332.51596,20.33251596,14781,723,936,5764,9861,4330,2409,98065,367,1437,200,4.148275862
1478.35,20334.04742,20.33404742,14783.5,724,914,5630,9788,4380,2244,98710,294,1371,275,3.987648939
1478.6,20335.57888,20.33557888,14786,754,980,5713,10550,4398,2503,100072,392,1554,185,4.014521359
1478.85,20337.11034,20.33711034,14788.5,755,914,5576,10278,4317,2634,99474,241,1491,186,3.63173731
1479.1,20338.6418,20.3386418,14791,774,948,5346,10027,4185,2515,100600,224,1458,190,3.752172694
1479.35,20340.17326,20.34017326,14793.5,664,963,5582,10020,4336,2837,99102,287,1357,121,4.205715188
1479.6,20341.70472,20.34170472,14796,772,965,5716,10261,4464,2775,100268,373,1469,144,3.665849005
1479.85,20343.23618,20.34323618,14798.5,727,924,5457,10292,4422,2751,99206,310,1392,145,3.601520514
1480.1,20344.76764,20.34476764,14801,666,963,5470,9886,4322,2825,100708,497,1371,196,3.465986818
1480.35,20346.2991,20.3462991,14803.5,670,993,5442,10001,4309,2606,98733,455,1428,148,3.679023393
1480.6,20347.83056,20.34783056,14806,639,1030,5376,10048,4348,2718,99136,194,1498,178,3.121267065
1480.85,20349.36203,20.34936203,14808.5,709,1023,5572,10461,4516,2734,101663,121,1489,180,3.580449608
1481.1,20350.89349,20.35089349,14811,694,970,5722,10373,4538,2800,101078,369,1412,186,3.299193823
1481.35,20352.42495,20.35242495,14813.5,718,990,5531,10436,4349,2829,100674,211,1400,139,3.594649942
1481.6,20353.95641,20.35395641,14816,768,919,5625,10339,4528,2827,101174,202,1427,210,4.126971732
1481.85,20355.48787,20.35548787,14818.5,715,979,5417,10457,4454,2857,101032,327,1513,273,3.591108162
1482.1,20357.01933,20.35701933,14821,726,1041,5710,10782,4507,3223,102374,205,1557,116,4.105706134
1482.35,20358.55079,20.35855079,14823.5,674,1028,5594,10254,4619,3064,102440,310,1386,0,4.365909788
1482.6,20360.08225,20.36008225,14826,693,999,5504,10053,4442,2774,103406,236,1508,134,4.119767924
1482.85,20361.61371,20.36161371,14828.5,687,969,5443,10398,4231,2848,101380,321,1450,173,3.412981114
1483.1,20363.14517,20.36314517,14831,693,994,5373,10379,4258,3355,99024,406,1599,178,3.919978373
1483.35,20364.67663,20.36467663,14833.5,606,912,5434,10579,4254,2975,100085,445,1428,125,3.519562787
1483.6,20366.20809,20.36620809,14836,703,987,5327,10708,4316,2656,97537,197,1466,149,3.707880955
1483.85,20367.73955,20.36773955,14838.5,696,918,5324,10939,4316,2290,94917,476,1675,57,3.781284454
1484.1,20369.27101,20.36927101,14841,655,978,5145,11822,4216,2420,93498,351,1584,77,3.804634323
1484.35,20370.80247,20.37080247,14843.5,695,938,4993,14010,3957,2378,88503,225,1665,75,3.784036902
1484.6,20372.33393,20.37233393,14846,697,893,4945,15005,3975,2186,89586,169,1807,144,3.523522151
1484.85,20373.86539,20.37386539,14848.5,642,1011,4815,11897,3992,2203,90041,326,1614,49,3.89867411
1485.1,20375.39685,20.37539685,14851,654,1005,4886,11032,3832,2186,90117,329,1504,100,4.266989557
1485.35,20376.92831,20.37692831,14853.5,644,1009,4822,10713,3845,2397,89136,316,1397,112,4.895029545
1485.6,20378.45978,20.37845978,14856,688,1028,4958,8050,3967,2770,91756,273,1264,71,3.062906964
1485.85,20379.99124,20.37999124,14858.5,751,1007,4926,6561,3885,4435,95013,431,1128,149,3.985909159
1486.1,20381.5227,20.3815227,14861,606,977,5265,7016,4299,4091,99316,354,1125,93,3.798868029
1486.35,20383.05416,20.38305416,14863.5,656,934,5178,5430,4027,7395,106347,368,1063,102,3.397508633
1486.6,20384.58562,20.38458562,14866,566,1004,5013,4627,3875,9698,108504,349,929,66,3.286721645
1486.85,20386.11708,20.38611708,14868.5,505,1110,4551,4303,3822,15342,115099,256,904,68,4.07187169
1487.35,20389.18,20.38918,14873.5,531,1096,4597,4392,3809,18093,114023,294,968,105,3.549726915
1487.6,20390.71146,20.39071146,14876,548,1051,4690,4693,3826,10094,119585,439,960,207,3.769198838
1487.85,20392.24292,20.39224292,14878.5,502,1053,4858,5601,3807,8632,116215,259,1254,192,3.970978562
1488.1,20393.77438,20.39377438,14881,535,1079,4586,5495,3580,5446,120080,134,1148,322,3.932177101
1488.35,20395.30584,20.39530584,14883.5,542,1027,5062,7343,3985,3458,104645,183,1282,132,4.387240829
1488.6,20396.8373,20.3968373,14886,614,928,5185,8867,3907,2926,105939,273,1411,149,4.190034938
1488.85,20398.36876,20.39836876,14888.5,593,989,5141,9586,4042,3133,97469,406,1430,0,3.22631951
1489.1,20399.90022,20.39990022,14891,621,990,5035,9998,3921,3171,94229,17,1429,44,5.113758647
1489.35,20401.43168,20.40143168,14893.5,593,871,5097,10593,3814,3021,86625,202,1473,127,3.488087134
1489.6,20402.96314,20.40296314,14896,670,874,5527,8788,4012,2391,92883,225,1413,92,4.052882325
1489.85,20404.4946,20.4044946,14898.5,651,952,5422,9078,4049,3396,93726,301,1372,137,3.653181687
1490.1,20406.02607,20.40602607,14901,612,879,5575,9358,4372,3923,99820,231,1355,71,4.119770427
1490.35,20407.55753,20.40755753,14903.5,661,972,5646,9477,4180,6796,102671,351,1333,195,3.95080246
1490.6,20409.08899,20.40908899,14906,631,930,5313,8868,4212,4039,103044,271,1396,38,3.975246816
1490.85,20410.62045,20.41062045,14908.5,679,911,5513,10206,4247,2888,98274,302,1449,30,3.57213413
1491.1,20412.15191,20.41215191,14911,752,885,5652,10703,4378,2463,102736,517,1370,151,4.855139357
1491.35,20413.68337,20.41368337,14913.5,690,903,5637,10300,4238,2421,99602,268,1352,168,4.456918615
1491.6,20415.21483,20.41521483,14916,696,976,5544,10249,4546,2370,100097,248,1349,38,4.774931694
1491.85,20416.74629,20.41674629,14918.5,668,897,5412,9911,4367,3030,98747,286,1418,88,4.4984995
1492.1,20418.27775,20.41827775,14921,619,911,5326,9789,4317,3062,98221,322,1362,226,3.881908832
1492.35,20419.80921,20.41980921,14923.5,661,880,5284,9263,4212,2803,97932,303,1462,263,3.809197652
1492.6,20421.34067,20.42134067,14926,729,973,5449,9125,4378,2509,98259,308,1402,161,5.82913961
1492.85,20422.87213,20.42287213,14928.5,673,928,5562,9188,4324,2491,96617,228,1349,151,4.076701094
1493.1,20424.40359,20.42440359,14931,566,834,5000,8351,3903,2130,90970,307,1337,389,3.922651129
1493.35,20425.93505,20.42593505,14933.5,647,915,5108,8496,4085,2329,92964,240,1331,203,4.284836066
1493.6,20427.46651,20.42746651,14936,612,880,4970,8537,3932,1896,92032,324,1365,350,5.918028903
1493.85,20428.99797,20.42899797,14938.5,610,789,4622,8200,3745,1830,85287,203,1324,198,3.506791055
1494.1,20430.52943,20.43052943,14941,635,761,4812,9201,4012,1958,86638,14,1382,99,4.421558704
1494.35,20432.06089,20.43206089,14943.5,640,861,4960,11942,4177,1707,88156,167,1582,58,3.963838447
1494.6,20433.59236,20.43359236,14946,614,850,5140,8933,3990,1838,89676,276,1380,145,5.06957708
1494.85,20435.12382,20.43512382,14948.5,685,840,5427,6881,4088,1639,93922,266,1300,91,4.091898815
1495.1,20436.65528,20.43665528,14951,669,875,5389,5402,4492,1442,96258,250,1032,53,3.872901679
1495.35,20438.18441,20.43818441,14953.5,613,972,5489,4427,4276,1730,100241,282,1096,119,4.119591712
1495.6,20439.71355,20.43971355,14956,581,869,5368,4153,4215,2178,99011,299,940,95,3.517468944
1495.85,20441.24269,20.44124269,14958.5,615,902,5234,3288,4311,2887,101514,188,889,80,5.257693071
1496.1,20442.77183,20.44277183,14961,607,1003,5096,3011,4055,5810,106793,180,823,89,4.933392226
1496.35,20444.30097,20.44430097,14963.5,539,988,4931,3052,3831,9435,110095,262,949,55,4.413309411
1496.6,20445.83011,20.44583011,14966,561,1024,4850,3253,3750,14671,116248,356,859,90,4.130963373
1496.85,20447.35924,20.44735924,14968.5,579,1044,4712,2868,3934,4921,119555,463,849,0,4.104284677
1497.1,20448.88838,20.44888838,14971,650,1028,4717,3025,3978,1754,129248,454,892,0,3.343933464
1497.35,20450.41752,20.45041752,14973.5,557,1091,4855,3235,3867,3831,122169,498,988,65,3.33891707
1497.6,20451.94666,20.45194666,14976,531,1175,4498,4034,3882,2460,120448,438,802,56,4.482862107
1497.85,20453.4758,20.4534758,14978.5,611,1057,4918,6257,3968,1656,111081,318,1009,40,4.077801141
1498.1,20455.00494,20.45500494,14981,615,936,5217,8139,4186,2131,97852,232,1148,18,3.399468085
1498.35,20456.53407,20.45653407,14983.5,697,851,5458,9795,4173,1811,93662,481,1265,91,4.276706111
1498.6,20458.06321,20.45806321,14986,636,874,5245,10443,4106,1831,92276,227,1433,172,3.880872011
1498.85,20459.59235,20.45959235,14988.5,655,901,5361,10488,4262,1728,92199,286,1346,125,4.6445656
1499.1,20461.12149,20.46112149,14991,669,896,5332,10802,4089,1573,90492,217,1419,85,5.119637462
1499.35,20462.65063,20.46265063,14993.5,628,916,5157,10699,4093,1925,90988,396,1521,86,4.277060576
1499.6,20464.17977,20.46417977,14996,657,851,5250,11275,4194,1758,92492,312,1497,55,4.222617124
1499.85,20465.7089,20.4657089,14998.5,746,847,5249,10579,4195,1862,94833,290,1357,25,2.928868007
1500.4,20470.29632,20.47029632,15004,879,814,5915,11923,4703,1799,100934,463,1711,715,3.205066635
1500.65,20471.82546,20.47182546,15006.5,938,741,6287,11985,4658,1837,103633,157,1607,354,2.466581795
1500.9,20473.3546,20.4733546,15009,879,894,6176,11501,4712,2072,102507,167,1486,233,3.777013752
1501.15,20474.88373,20.47488373,15011.5,831,833,6076,9805,4589,2348,107519,181,1477,215,3.780152264
1501.4,20476.41287,20.47641287,15014,873,925,6010,8613,4538,2735,111016,278,1298,238,3.346271826
1501.65,20477.94201,20.47794201,15016.5,704,973,5687,8230,4533,3018,113139,354,1270,179,3.558770561
1501.9,20479.47115,20.47947115,15019,820,943,5863,10097,4537,2359,109306,198,1378,188,3.991062835
1502.15,20481.00029,20.48100029,15021.5,796,980,5835,11586,4497,1931,104890,516,1588,188,3.370777128
1502.4,20482.52943,20.48252943,15024,705,1010,5596,11646,4394,2365,101216,58,1453,225,3.205187131
1502.65,20484.05856,20.48405856,15026.5,719,906,5864,12482,4486,2349,101729,302,1662,270,4.231450886
1502.9,20485.5877,20.4855877,15029,718,989,5784,12290,4580,2028,98892,513,1753,100,3.65762444
1503.15,20487.11684,20.48711684,15031.5,787,993,5522,11191,4460,1881,101731,350,1548,223,3.365117109
1503.4,20488.64598,20.48864598,15034,731,982,5551,10089,4173,2250,101165,447,1533,214,3.129635743
1503.65,20490.17512,20.49017512,15036.5,797,1016,5687,9875,4446,2350,103822,320,1359,153,4.665467009
1503.9,20491.70426,20.49170426,15039,782,914,5753,8974,4453,2494,101819,340,1406,183,3.833816935
1504.15,20493.23339,20.49323339,15041.5,770,981,5655,9238,4345,2490,101461,175,1321,221,3.710727969
1504.4,20494.76253,20.49476253,15044,786,992,5640,9060,4425,3524,104355,317,1285,204,3.12727065
1504.65,20496.29167,20.49629167,15046.5,745,977,5684,8976,4459,2879,106289,408,1353,182,2.908579193
1504.9,20497.82081,20.49782081,15049,692,980,5628,8701,4330,2610,101371,216,1207,108,3.23932892
1505.15,20499.34995,20.49934995,15051.5,712,963,5582,9076,4450,2723,102696,230,1460,101,3.185282075
1505.4,20500.87909,20.50087909,15054,741,940,5561,8792,4466,2847,101574,331,1592,121,2.988047387
1505.65,20502.40822,20.50240822,15056.5,698,988,5503,8844,4400,2791,102877,301,1367,66,3.694274301
1505.9,20503.93736,20.50393736,15059,698,1011,5330,7613,4420,2869,102774,300,1300,95,3.813717421
1506.15,20505.4665,20.5054665,15061.5,669,1095,5158,7020,4149,3483,103716,409,1264,269,3.776806447
1506.4,20506.99564,20.50699564,15064,666,1152,4968,6302,3956,4871,105669,345,1198,157,3.753250235
1507.15,20511.58305,20.51158305,15071.5,621,1133,4730,5801,3738,3613,113435,382,1184,121,3.663886355
1507.4,20513.11219,20.51311219,15074,623,1154,4513,5953,3718,1921,100661,393,1037,51,3.860040312
1507.65,20514.64133,20.51464133,15076.5,615,1179,4625,6220,3524,1392,89909,292,1113,97,4.249500428
1507.9,20516.17047,20.51617047,15079,606,1259,3857,6844,3243,1425,90983,464,1125,60,3.442847519
1508.15,20517.69961,20.51769961,15081.5,553,1287,3753,7334,2808,1185,99697,417,1233,76,3.732252993
1508.4,20519.22875,20.51922875,15084,627,1148,4198,7197,3186,1366,86326,367,1184,118,3.733616037
1508.65,20520.75788,20.52075788,15086.5,677,832,5532,8183,3926,1442,90864,341,1308,173,4.111465937
1508.9,20522.28702,20.52228702,15089,727,859,5695,7845,3825,1517,94581,355,1381,240,3.972344807
1509.15,20523.81616,20.52381616,15091.5,703,906,5398,7114,4080,1574,93934,234,1283,157,3.224575311
1509.4,20525.3453,20.5253453,15094,587,1077,5206,4354,3678,1647,104608,392,1140,204,3.701403326
1509.65,20526.87444,20.52687444,15096.5,541,1205,4807,4259,3717,1534,113274,451,966,126,3.66234932
1509.9,20528.40358,20.52840358,15099,565,1019,5073,7516,3943,1553,97899,384,1294,86,3.042293339
1510.15,20529.93271,20.52993271,15101.5,613,981,5430,9192,4147,1536,96356,212,1430,82,4.263682405
1510.4,20531.46185,20.53146185,15104,666,1004,5353,9784,4030,1463,96494,251,1449,149,3.994970414
1510.65,20532.99099,20.53299099,15106.5,700,942,5386,10298,4059,1769,96150,343,1564,116,3.021034483
1510.9,20534.52013,20.53452013,15109,735,882,5456,10184,4247,1605,95409,447,1467,191,4.069208115
1511.15,20536.04927,20.53604927,15111.5,689,901,5495,10831,4346,1840,96448,334,1395,192,3.729582844
1511.4,20537.57841,20.53757841,15114,731,962,5562,11127,4092,1710,96847,241,1543,155,3.576130056
1511.65,20539.10754,20.53910754,15116.5,704,998,5556,10953,4337,1911,96213,341,1518,138,3.915027089
1511.9,20540.63668,20.54063668,15119,708,966,5652,11259,4125,2011,97042,286,1409,213,3.780998613
1512.15,20542.16582,20.54216582,15121.5,677,928,5679,11414,4267,2010,97946,286,1370,180,3.737192188
1512.4,20543.69496,20.54369496,15124,718,923,5593,11632,4264,2134,99075,269,1688,189,3.293502069
1512.65,20545.2241,20.5452241,15126.5,668,964,5478,11705,4157,2336,98247,337,1681,404,4.358153146
1512.9,20546.75324,20.54675324,15129,676,977,5199,11642,4224,2330,94966,383,1645,247,3.54893342
1513.15,20548.28237,20.54828237,15131.5,702,946,5529,11742,4201,2338,95896,228,1641,280,3.563662562
1513.4,20549.81151,20.54981151,15134,700,989,5288,11843,4131,2377,93144,256,1556,194,3.13129683
1513.65,20551.34065,20.55134065,15136.5,618,917,5205,11906,3889,2145,88955,358,1748,207,3.98991334
1513.9,20552.86979,20.55286979,15139,652,940,5028,10952,4062,2560,94035,266,1511,158,4.645427932
1514.15,20554.39893,20.55439893,15141.5,692,1009,5129,10800,3983,2469,91408,231,1495,105,3.459427365
1514.4,20555.92807,20.55592807,15144,626,949,5091,10795,3972,2484,90993,373,1595,160,3.020586608
1514.65,20557.4572,20.5574572,15146.5,602,988,5158,9235,4013,2872,92860,251,1433,26,3.789576095
1514.9,20558.98634,20.55898634,15149,624,988,5098,7549,3841,3982,98312,320,1361,222,3.976774759
1515.15,20560.50144,20.56050144,15151.5,537,1112,4677,5583,3601,5181,111684,191,1132,192,3.700880572
1515.4,20562.01654,20.56201654,15154,503,1149,4580,5413,3784,6976,112449,435,1101,93,3.810700706
1515.65,20563.53164,20.56353164,15156.5,491,1091,4347,4874,3707,6907,113979,412,986,133,3.540025575
1515.9,20565.04674,20.56504674,15159,617,1036,5033,8171,3755,3225,98839,235,1184,160,3.13466364
1516.15,20566.56184,20.56656184,15161.5,565,868,5072,9235,3775,2406,95454,388,1399,155,3.576718856
1516.4,20568.07693,20.56807693,15164,624,926,5093,9549,3808,2349,95108,321,1362,83,3.350037212
1516.65,20569.59203,20.56959203,15166.5,600,939,5128,9465,3926,2109,95104,449,1349,99,4.34432541
1516.9,20571.10713,20.57110713,15169,675,879,5139,9636,3978,2150,93709,303,1316,108,3.264937009
1517.15,20572.62223,20.57262223,15171.5,632,899,5076,9821,3982,2391,90354,282,1388,142,4.716841344
1517.4,20574.13733,20.57413733,15174,645,850,5044,10293,3976,2586,90074,147,1312,71,3.435859269
1517.65,20575.65243,20.57565243,15176.5,642,913,5201,10206,3895,2609,91256,326,1364,142,3.485706758
1517.9,20577.16753,20.57716753,15179,656,841,4907,10462,4000,2488,89587,200,1459,117,5.269453891
1518.15,20578.68262,20.57868262,15181.5,605,947,4838,10924,3830,2477,88178,189,1397,120,4.103696742
1518.4,20580.19772,20.58019772,15184,651,838,5243,9859,3941,2051,88935,314,1434,70,4.764404609
1518.65,20581.71282,20.58171282,15186.5,708,834,4993,8649,3918,2563,91662,174,1308,36,3.476145805
1518.9,20583.22792,20.58322792,15189,665,888,4947,7999,3853,2641,94444,287,1333,94,3.938778558
1519.15,20584.74302,20.58474302,15191.5,707,885,4971,6433,3849,2068,108449,285,1241,116,3.881556941
1519.4,20586.25812,20.58625812,15194,649,852,5061,5323,3643,1884,123880,354,1081,64,3.076266805
1519.65,20587.77322,20.58777322,15196.5,713,843,5040,9064,3584,2454,97301,301,1375,140,3.709498878
1519.9,20589.28831,20.58928831,15199,696,863,5234,9667,3771,1947,91922,334,1425,108,4.180682896
1520.15,20590.80341,20.59080341,15201.5,665,884,4988,9537,3688,1688,89316,260,1314,85,3.194484761
1520.4,20592.31851,20.59231851,15204,726,879,4895,9560,3767,1629,88395,293,1425,128,4.766257897
1520.65,20593.83361,20.59383361,15206.5,639,826,5160,9435,3816,1783,89695,243,1393,131,3.691897205
1520.9,20595.34871,20.59534871,15209,676,831,5186,9634,3894,1922,90465,397,1472,189,3.579743224
1521.15,20596.86381,20.59686381,15211.5,746,873,5368,9578,4044,1791,92069,305,1465,271,3.945722448
1521.4,20598.37891,20.59837891,15214,683,911,5299,9431,3882,1787,91316,230,1373,564,2.833316035
1521.65,20599.894,20.599894,15216.5,685,947,5139,9337,4159,1906,96496,285,1577,234,3.900696122
1521.9,20601.4091,20.6014091,15219,719,896,5395,9548,4030,1998,95392,279,1466,314,3.62182478
1522.15,20602.9242,20.6029242,15221.5,692,915,5317,9643,4213,1808,95234,311,1474,194,3.032575758
1522.4,20604.4393,20.6044393,15224,689,899,5305,9704,4192,2050,94415,408,1495,220,3.543837029
1522.65,20605.9544,20.6059544,15226.5,657,847,5332,9718,4080,2033,94539,240,1348,300,3.466569767
1522.9,20607.4695,20.6074695,15229,649,856,5327,9739,4158,2156,97172,268,1342,355,3.176301616
1523.15,20608.9846,20.6089846,15231.5,654,983,5271,9856,4222,2420,95049,443,1472,322,3.193834119
1523.4,20610.49969,20.61049969,15234,652,985,5273,9401,4143,2344,94921,251,1449,583,3.171949199
1523.65,20612.01479,20.61201479,15236.5,691,1006,5076,9741,4247,2211,95165,356,1463,992,3.435018051
1523.9,20613.52989,20.61352989,15239,696,1039,5225,9391,4165,2912,94439,354,1342,1153,3.24029977
1524.15,20615.04499,20.61504499,15241.5,646,1010,5150,8936,4291,2385,95856,454,1503,1215,4.252400124
1524.4,20616.56009,20.61656009,15244,694,1101,5053,8900,4396,2316,96596,330,1465,1203,4.654006969
1524.65,20618.07519,20.61807519,15246.5,595,1036,5051,8791,4255,2454,94336,238,1456,1235,4.436596031
1524.9,20619.59029,20.61959029,15249,649,1018,5143,8941,4281,2759,94651,371,1456,961,3.824605502
1525.15,20621.10538,20.62110538,15251.5,693,1006,5270,9206,4285,2634,96755,367,1362,651,3.814511654
1525.4,20622.62048,20.62262048,15254,667,967,5302,8825,4069,2763,96750,280,1355,538,3.496732026
1525.65,20624.13558,20.62413558,15256.5,723,968,5311,8960,4293,3091,96269,170,1588,653,3.233715596
1525.9,20625.65068,20.62565068,15259,734,984,5341,8960,4313,3012,97875,366,1488,560,3.355277154
1526.15,20627.16578,20.62716578,15261.5,689,972,5554,9083,4343,3020,99643,241,1315,534,3.27143353
1526.4,20628.68088,20.62868088,15264,682,991,5507,8947,4472,3012,100611,394,1443,416,4.209005686
1526.65,20630.19598,20.63019598,15266.5,687,1059,5428,8813,4441,3349,101068,479,1417,531,3.122728793
1526.9,20631.71107,20.63171107,15269,686,1062,5335,8771,4322,3422,99161,397,1373,358,5.241051028
1527.15,20633.22617,20.63322617,15271.5,667,1028,5303,8659,4168,3745,101196,520,1257,460,3.706175836
1527.4,20634.74127,20.63474127,15274,700,998,5430,8588,4466,4745,100192,250,1399,301,3.547916667
1527.65,20636.25637,20.63625637,15276.5,703,943,5343,8527,4311,4370,100946,314,1309,413,4.235302917
1527.9,20637.77147,20.63777147,15279,670,970,5222,8319,4375,4739,101199,300,1326,274,3.604291287
1528.15,20639.28657,20.63928657,15281.5,651,1054,5148,8172,4135,4933,101334,383,1362,328,4.285869397
1528.4,20640.80167,20.64080167,15284,661,1023,5139,8379,4225,4770,99633,352,1280,427,3.256603774
1528.65,20642.31676,20.64231676,15286.5,606,1040,5197,8555,4195,4458,98122,347,1333,275,4.630297126
1528.9,20643.83186,20.64383186,15289,603,1083,5145,8439,4223,3975,98434,275,1373,158,3.833043478
1529.15,20645.34696,20.64534696,15291.5,680,997,5265,8564,4077,3960,98381,343,1271,162,4.100133314
1529.4,20646.86206,20.64686206,15294,596,1081,5216,8424,4242,4025,98165,311,1282,216,3.194385177
1529.65,20648.37716,20.64837716,15296.5,640,1032,5172,8360,4059,3684,96867,390,1387,240,3.9506519
1529.9,20649.89226,20.64989226,15299,682,1066,5233,8813,4205,3595,98503,333,1305,160,4.44442623
1530.15,20651.40736,20.65140736,15301.5,703,1057,5087,8987,4191,3435,97877,315,1270,194,3.514188698
1530.4,20652.92245,20.65292245,15304,703,1014,4902,9153,4417,3449,96714,378,1440,80,3.93816783
1530.65,20654.43755,20.65443755,15306.5,706,1001,5135,9346,4369,3317,98746,268,1420,104,3.613561985
1530.9,20655.95265,20.65595265,15309,652,959,5200,8963,4268,3385,97263,276,1458,90,3.227477218
1531.15,20657.46775,20.65746775,15311.5,706,1048,5246,9351,4330,3159,100293,404,1314,71,3.162788121
1531.4,20658.98285,20.65898285,15314,701,1040,5196,9032,4267,2764,96922,411,1389,153,3.861755661
1531.65,20660.49795,20.66049795,15316.5,602,1007,5039,9566,4203,2692,95913,322,1380,58,3.899719392
1531.9,20662.01305,20.66201305,15319,615,1115,4967,9051,3975,3059,95639,332,1328,85,4.366937337
1532.15,20663.52814,20.66352814,15321.5,621,1105,4967,8693,4012,2659,94637,507,1373,45,3.818318114
1532.4,20665.04324,20.66504324,15324,694,1067,4934,10668,3982,2659,92166,441,1536,101,3.979974616
1532.65,20666.55834,20.66655834,15326.5,627,1051,4977,11069,4082,2260,91003,290,1631,115,4.232975993
1532.9,20668.07344,20.66807344,15329,659,982,4909,11587,3848,2099,96101,311,1616,153,5.000388651
1533.15,20669.58854,20.66958854,15331.5,669,1009,5262,11386,4218,2146,92627,286,1599,159,5.750319285
1533.4,20671.10364,20.67110364,15334,707,1533,5106,9098,4285,2006,91181,311,1378,0,4.076857629
1533.65,20672.61874,20.67261874,15336.5,669,2308,5205,7607,4478,2055,92272,278,1331,17,3.851462766
1533.9,20674.13383,20.67413383,15339,692,2417,5036,5944,4094,2273,91156,268,1079,71,4.153191489
1534.15,20675.64893,20.67564893,15341.5,708,1017,5144,5676,3952,2591,95707,199,1163,102,5.003042778
1534.4,20677.16403,20.67716403,15344,671,952,5597,4957,4342,3273,104747,351,1059,317,3.66635969
1534.65,20678.67913,20.67867913,15346.5,696,916,5817,5000,4212,3108,104805,386,1106,254,4.062169911
1534.9,20680.19423,20.68019423,15349,668,911,5635,4668,4540,3215,104388,298,1103,59,3.481775579
1535.15,20681.76938,20.68176938,15351.5,760,850,5797,5047,4372,2572,104694,243,1000,157,3.575395244
1535.4,20683.34454,20.68334454,15354,700,872,5584,5205,4510,3296,106205,169,1171,378,3.333579154
1535.65,20684.9197,20.6849197,15356.5,668,853,5524,4818,4831,4766,107152,307,1258,2430,3.992727812
1535.9,20686.49486,20.68649486,15359,669,973,5226,4263,4556,8297,116690,321,1239,2309,4.255020408
1536.15,20688.07001,20.68807001,15361.5,638,982,5228,3798,4682,11955,115345,174,1333,4719,4.182919443
1536.4,20689.64517,20.68964517,15364,736,958,5675,3823,4334,5937,117091,175,1010,162,4.109894921
1536.65,20691.22033,20.69122033,15366.5,675,847,5643,3659,4294,3684,117143,215,1041,264,3.541609991
1537.65,20695.9458,20.6959458,15376.5,634,1115,5420,3083,4227,2956,122768,296,1080,327,3.358537188
1537.9,20699.09611,20.69909611,15379,655,992,5167,2787,4153,2633,122922,301,840,63,4.057861999
1538.65,20703.82158,20.70382158,15386.5,658,1003,5088,4520,4114,2891,127745,197,951,73,3.810001374
1539.15,20706.9719,20.7069719,15391.5,632,958,5390,9138,4403,2412,111808,234,1427,985,3.360659804
1539.4,20708.54705,20.70854705,15394,689,865,5799,12966,4600,2254,97060,287,1720,918,3.858316518
1539.65,20710.12221,20.71012221,15396.5,807,917,5727,13388,4452,2312,96473,169,1675,184,3.384385133
1539.9,20711.69737,20.71169737,15399,769,910,6028,13718,4553,2082,98082,151,1753,134,3.445649464
1540.15,20713.27252,20.71327252,15401.5,829,887,5746,13944,4489,1925,97408,217,1738,87,4.214342126
1540.4,20714.84768,20.71484768,15404,760,899,5766,15355,4416,1962,94482,204,1753,44,3.660219213
1540.65,20716.42284,20.71642284,15406.5,787,872,5688,18545,4036,1729,88601,168,2087,152,3.319004804
1540.9,20717.99799,20.71799799,15409,700,908,5538,15076,4169,1698,92449,418,1797,93,3.360009973
1541.15,20719.57315,20.71957315,15411.5,661,996,5669,11387,4362,1458,96371,465,1592,123,4.069199266
1541.4,20721.14831,20.72114831,15414,717,908,5760,9800,4316,1499,99260,233,1460,82,4.785892116
1541.65,20722.72347,20.72272347,15416.5,675,842,5699,8340,4257,1580,104837,185,1305,251,3.750191083
1542.15,20725.87378,20.72587378,15421.5,586,1068,5219,6483,4103,1762,116131,364,1200,164,3.7281491
1542.4,20727.44894,20.72744894,15424,530,1112,4842,6338,3890,1901,117897,470,990,63,4.113623596
1542.65,20729.02409,20.72902409,15426.5,587,1104,5032,8175,4018,1519,112678,398,1212,269,4.525135982
1543.15,20732.17441,20.73217441,15431.5,650,999,5306,13681,4006,1552,95554,201,1664,148,3.943364965
1543.4,20733.74956,20.73374956,15434,634,989,5371,15250,4073,1733,92445,300,1721,143,3.983412322
1543.65,20735.32472,20.73532472,15436.5,671,969,5415,13803,4245,1507,94468,300,1688,72,3.783742755
1543.9,20736.89988,20.73689988,15439,681,973,5531,13793,4186,1331,93367,218,1752,332,4.632895671
1544.15,20738.47503,20.73847503,15441.5,667,968,5666,14613,4147,1572,90741,289,1861,200,3.744600432
1544.4,20740.05019,20.74005019,15444,674,970,5662,13625,4140,1643,93423,148,1792,238,4.215495609
1544.65,20741.62535,20.74162535,15446.5,697,895,5783,13280,4253,1743,95220,330,1741,155,5.275405299
1544.9,20743.20051,20.74320051,15449,753,945,5526,13045,4421,1950,96016,156,1599,107,3.867023524
1545.15,20744.77566,20.74477566,15451.5,786,889,5765,13638,4424,1877,97054,156,1746,121,4.431474557
1545.4,20746.35082,20.74635082,15454,798,852,6101,13934,4480,2062,100881,280,1760,38,3.074997168
1545.65,20747.92598,20.74792598,15456.5,786,911,6141,14088,4541,2254,100665,351,1737,64,4.971922246
1545.9,20749.50113,20.74950113,15459,751,940,6152,13783,4386,2065,100672,125,1758,125,4.238066556
1546.15,20751.07629,20.75107629,15461.5,694,884,5934,13457,4354,2042,98260,194,1656,33,3.329134981
1546.4,20752.65145,20.75265145,15464,745,903,5876,13171,4290,2209,97757,349,1710,137,4.755141164
1546.65,20754.2266,20.7542266,15466.5,690,856,5814,13386,4560,2081,98076,243,1785,23,4.327229676
1546.9,20755.80176,20.75580176,15469,697,858,5670,13118,4367,2078,97479,263,1667,39,4.446737044
1547.15,20757.37692,20.75737692,15471.5,729,833,5641,13194,4262,2176,96299,368,1678,38,4.088133031
1547.4,20758.95208,20.75895208,15474,644,729,5810,13345,4381,2292,97438,149,1601,60,4.564464073
1547.65,20760.52723,20.76052723,15476.5,622,799,5724,12919,4130,2456,97385,279,1622,122,4.04843562
1548.15,20763.67755,20.76367755,15481.5,627,901,5613,12400,4181,2697,97403,363,1639,70,4.377994251
1548.4,20765.2527,20.7652527,15484,636,912,5734,12095,4122,2589,96415,264,1597,218,4.322647528
1548.65,20766.82786,20.76682786,15486.5,542,892,5173,11801,3971,2467,103800,192,1725,395,4.171543583
1548.9,20768.40302,20.76840302,15489,620,934,5246,12490,4170,2559,93394,209,1579,103,4.12953451
1549.15,20769.97817,20.76997817,15491.5,689,829,5224,13807,4025,2505,90321,308,1660,312,3.373157288
1549.4,20771.55333,20.77155333,15494,676,898,5138,14641,4086,2422,89341,350,1747,646,4.348471914
1549.65,20773.12849,20.77312849,15496.5,676,1003,5076,16406,4011,2571,88420,188,1834,120,4.751643276
1549.9,20774.70364,20.77470364,15499,645,978,5141,16150,4063,2440,89591,174,1842,146,3.81012098
1550.15,20776.2788,20.7762788,15501.5,655,936,5158,17229,3956,2343,90306,110,2023,99,4.336177194
1550.4,20777.85396,20.77785396,15504,687,986,5070,20534,3908,2809,86979,238,2016,127,3.352169923
1550.65,20779.42912,20.77942912,15506.5,628,945,5211,21943,3794,1969,88737,128,2422,140,4.514162446
1550.9,20781.00427,20.78100427,15509,719,841,5726,15210,4053,2161,97642,8,1813,67,4.633058985
1551.15,20782.57943,20.78257943,15511.5,711,879,5799,14331,4166,2273,96393,274,1583,123,4.09054878
1551.4,20784.15459,20.78415459,15514,697,879,5563,14136,3939,2226,96432,325,1529,113,4.246556261
1551.65,20785.72974,20.78572974,15516.5,655,907,5646,13250,4260,2590,96895,234,1524,156,3.18168028
1551.9,20787.3049,20.7873049,15519,655,890,5600,12439,4152,2667,96429,330,1657,272,4.403418803
1552.15,20788.88006,20.78888006,15521.5,629,907,5530,11988,4205,2705,96361,231,1523,391,4.42325808
1552.4,20790.45521,20.79045521,15524,647,999,5358,11737,4358,2754,96001,300,1586,563,2.995945205
1552.65,20792.03037,20.79203037,15526.5,685,904,5282,11832,4106,3103,96281,392,1632,458,4.692596383
1552.9,20793.60553,20.79360553,15529,628,896,5386,11731,4228,3065,95465,266,1624,428,4.274663677
1553.15,20795.18068,20.79518068,15531.5,616,865,5241,11472,4018,2509,95907,219,1533,270,4.508069829
1553.65,20798.331,20.798331,15536.5,697,875,5332,11494,4267,3092,95513,171,1605,617,4.142193309
1553.9,20799.90616,20.79990616,15539,668,859,5275,11489,4203,2799,94609,204,1465,472,4.732884777
1554.4,20803.05647,20.80305647,15544,665,957,5092,11232,4108,2330,94173,280,1619,291,4.95297925
1554.65,20804.63163,20.80463163,15546.5,634,985,5233,11550,3986,2576,94898,324,1631,148,3.417777778
1554.9,20806.20678,20.80620678,15549,707,896,5251,10997,4071,2522,93268,203,1439,275,3.81629505
1555.15,20807.88049,20.80788049,15551.5,605,897,5345,11126,4257,2388,95724,329,1460,156,4.887369421
1555.4,20809.5542,20.8095542,15554,672,953,5190,11023,4096,2813,97563,337,1590,206,3.608034165
1556.15,20814.57532,20.81457532,15561.5,654,897,5169,10981,4239,2514,96941,229,1475,69,3.659611993
1556.65,20817.92273,20.81792273,15566.5,638,992,5595,10904,4436,2534,103819,187,1483,18,3.918257261
1556.9,20819.59643,20.81959643,15569,703,966,5539,10795,4427,2622,100756,316,1585,54,3.872565865
1557.15,20821.27014,20.82127014,15571.5,652,994,5361,10988,4359,2362,98953,219,1474,67,4.378140502
1557.4,20822.94385,20.82294385,15574,664,909,5461,11060,4283,2425,98675,414,1515,96,4.174090339
1557.65,20824.61755,20.82461755,15576.5,623,1016,5150,10634,4298,2300,98243,401,1608,38,3.572549524
1557.9,20826.29126,20.82629126,15579,642,974,5295,13056,4157,2276,95290,303,1671,33,4.5385134
1558.15,20827.96497,20.82796497,15581.5,676,919,5368,13456,4028,2412,94137,309,1827,66,4.120819006
1558.4,20829.63867,20.82963867,15584,622,987,4944,15294,3868,2236,92000,304,1804,164,3.943515258
1558.65,20831.31238,20.83131238,15586.5,618,968,4828,16115,3736,2184,88384,222,1955,103,4.566949
1558.9,20832.98609,20.83298609,15589,587,965,4865,13696,3868,2359,89667,125,1672,126,4.919553284
1559.15,20834.65979,20.83465979,15591.5,621,948,4895,13133,3735,2389,88542,118,1678,139,3.202726734
1559.4,20836.3335,20.8363335,15594,610,880,5205,11837,4090,2531,91399,358,1535,0,3.688021534
1559.65,20838.00721,20.83800721,15596.5,617,984,5112,11274,3911,2677,91616,317,1480,93,4.737814822
1559.9,20839.68091,20.83968091,15599,651,1025,4922,11587,3919,3337,91216,235,1576,79,3.251142132
1560.15,20841.35462,20.84135462,15601.5,593,1011,4820,7450,3752,5738,99976,449,1159,38,4.938562323
1560.4,20843.02832,20.84302832,15604,556,1044,4777,6392,3757,7999,102635,258,1110,22,3.390327728
1560.65,20844.70203,20.84470203,15606.5,573,884,5026,8241,3963,4036,98080,422,1294,69,3.98382905
1560.9,20846.37574,20.84637574,15609,672,974,5134,7791,3895,3494,98974,323,1180,365,5.905348888
1561.15,20848.04944,20.84804944,15611.5,602,1038,5042,6531,3960,5941,102306,361,1275,498,3.623970846
1561.4,20849.72315,20.84972315,15614,540,1046,4555,6001,4378,11677,107857,180,1250,2785,4.559604794
1562.4,20856.41798,20.85641798,15624,505,1110,4745,6350,3776,7840,111911,288,1297,744,3.47486819
1562.65,20858.09168,20.85809168,15626.5,561,1054,5055,7090,3895,2620,106573,441,1179,70,4.065950503
1562.9,20859.76539,20.85976539,15629,610,1043,5170,7179,4027,2886,103771,246,1186,74,4.356084419
1563.15,20861.43909,20.86143909,15631.5,619,1125,4740,6474,3836,2663,99223,573,1212,127,3.982598138
1563.4,20863.1128,20.8631128,15634,657,1002,5038,9655,4079,2034,90563,396,1474,244,5.436414454
1563.65,20864.78651,20.86478651,15636.5,637,903,5347,10784,4235,1991,89971,141,1621,999,4.124671533
1563.9,20866.46021,20.86646021,15639,668,977,5161,10595,4009,2059,88292,514,1623,753,4.007878527
1564.15,20868.13392,20.86813392,15641.5,660,976,5359,10748,4087,2023,91009,492,1517,74,5.758561644
1564.4,20869.80763,20.86980763,15644,685,931,5517,9982,4271,1816,95970,159,1445,135,4.788340336
1564.65,20871.48133,20.87148133,15646.5,618,924,5323,9386,4279,1788,96079,295,1384,96,3.934003682
1564.9,20873.15504,20.87315504,15649,695,968,5492,8297,4141,1855,96564,394,1404,66,3.708566958
1565.15,20874.82875,20.87482875,15651.5,627,1001,5294,7299,4080,1720,101842,309,1180,100,4.671846884
1565.4,20876.50245,20.87650245,15654,595,1053,5023,6416,3851,1965,106914,516,1062,252,4.340547904
1565.65,20878.17616,20.87817616,15656.5,645,945,5043,7995,3836,1792,96366,309,1439,98,5.243442782
1565.9,20879.84987,20.87984987,15659,619,946,4967,8657,3757,1679,91883,371,1444,45,4.484018265
1566.15,20881.52357,20.88152357,15661.5,601,956,4859,9366,3698,1659,88077,370,1484,99,4.010667067
1566.4,20883.19728,20.88319728,15664,576,935,4855,8982,3567,1677,87486,265,1287,129,4.244308809
1566.65,20884.87098,20.88487098,15666.5,617,884,4706,9090,3621,1627,85086,208,1500,214,3.938392994
1566.9,20886.54469,20.88654469,15669,548,930,4739,9332,3590,1999,84168,338,1447,197,3.737367715
1567.15,20888.2184,20.8882184,15671.5,528,891,4581,9603,3620,1774,81879,330,1421,197,4.055877289
1567.4,20889.8921,20.8898921,15674,569,808,4713,10280,3747,1757,82694,233,1508,157,3.507023411
1567.65,20891.56581,20.89156581,15676.5,620,851,4823,11521,3682,1666,81904,335,1501,88,4.11378628
1567.9,20893.23952,20.89323952,15679,646,845,4922,13642,3777,1667,84593,134,1785,125,3.852815902
1568.15,20894.91322,20.89491322,15681.5,614,856,5114,9015,3832,1741,84960,290,1293,29,4.101823949
1568.4,20896.58693,20.89658693,15684,574,888,5154,7748,4114,1869,89261,390,1382,47,4.06368251
1568.65,20898.26064,20.89826064,15686.5,654,859,5298,7612,4069,1687,93245,161,1358,82,4.326806446
1568.9,20899.93434,20.89993434,15689,713,875,5200,6102,4134,1835,94773,252,1202,80,3.275904504
1569.15,20901.60805,20.90160805,15691.5,650,834,5098,4029,3961,1889,93303,250,1095,76,3.279007541
1569.4,20903.28175,20.90328175,15694,602,1064,4486,2737,3430,1875,91099,427,961,87,4.548801504
1569.65,20904.95546,20.90495546,15696.5,554,1093,3902,2224,3135,3230,83437,550,824,0,5.015173527
1569.9,20906.62917,20.90662917,15699,536,1364,3085,1924,2486,6665,72122,644,709,0,5.06737471
1570.15,20908.30287,20.90830287,15701.5,434,1243,4375,2618,3092,9421,104459,247,901,117,3.720201238
1570.4,20909.97658,20.90997658,15704,349,1228,3944,2461,2967,7347,111722,406,722,64,3.585390685
1570.65,20911.65029,20.91165029,15706.5,480,1191,4274,2379,3104,1422,122477,406,766,29,4.485261162
1570.9,20913.32399,20.91332399,15709,565,1091,4905,2605,3560,1434,112560,344,933,99,4.258794385
1571.15,20914.9977,20.9149977,15711.5,601,996,5074,2890,3972,2064,105742,345,1085,34,3.942452546
1571.4,20916.67141,20.91667141,15714,587,964,4896,4151,3683,2439,105921,395,994,84,3.611626059
1571.65,20918.34511,20.91834511,15716.5,671,830,5228,6548,3787,1387,97035,291,1282,73,3.327325162
1571.9,20920.01882,20.92001882,15719,702,854,5439,9134,4102,1635,94225,97,1384,0,4.302747792
1572.15,20921.69253,20.92169253,15721.5,699,940,5571,10281,4087,1539,88845,247,1416,75,3.58592925
1572.4,20923.36623,20.92336623,15724,689,895,5836,9032,3804,1439,91196,186,1417,169,3.299506371
1572.65,20925.03994,20.92503994,15726.5,714,935,5852,8462,3999,1462,91731,312,1403,74,4.282259323
1572.9,20926.71364,20.92671364,15729,704,890,5967,9305,3907,1420,89637,367,1413,63,4.176709852
1573.15,20928.38735,20.92838735,15731.5,684,951,5595,8669,3953,1659,93844,405,1229,85,5.282531194
1573.4,20930.06106,20.93006106,15734,555,1046,4985,6471,3700,1789,105035,346,1042,100,3.770875506
1573.65,20931.73476,20.93173476,15736.5,588,1161,5193,5449,3683,1577,105867,377,1219,439,3.885020675
1573.9,20933.40847,20.93340847,15739,615,1102,5283,6128,3709,1495,105861,337,1399,756,3.575275251
1574.15,20935.08218,20.93508218,15741.5,570,1111,4891,6627,3608,1338,110281,421,1337,651,3.551886224
1574.4,20936.75588,20.93675588,15744,608,1136,4872,7280,3493,1362,102348,262,1479,312,3.097456722
1574.65,20938.42959,20.93842959,15746.5,614,1036,5241,8481,3539,1592,94901,270,1390,196,3.201415547
1574.9,20940.1033,20.9401033,15749,672,943,5510,9761,3739,1686,90151,288,1570,35,4.416319605
1575.15,20941.76176,20.94176176,15751.5,709,941,5500,10112,3612,1432,87603,297,1698,98,4.899982932
1575.4,20943.42023,20.94342023,15754,656,969,5394,10366,3758,1395,88720,336,1569,27,3.867795684
1575.65,20945.0787,20.9450787,15756.5,652,1008,5324,11095,3855,1559,89413,285,1630,119,3.963351499
1575.9,20946.73717,20.94673717,15759,778,935,5293,11154,3918,1499,89700,327,1601,161,3.781345566
1576.15,20948.39564,20.94839564,15761.5,628,966,5067,10964,3836,1502,87186,266,1541,346,4.309323355
1576.4,20950.0541,20.9500541,15764,658,1028,5189,11256,3947,1658,90827,331,1715,179,4.988816739
1576.65,20951.71257,20.95171257,15766.5,683,1029,5148,11211,4021,1657,89028,206,1508,265,4.79325759
1576.9,20953.37104,20.95337104,15769,584,911,5133,10962,4009,1828,89797,187,1637,712,3.509895374
1577.15,20955.02951,20.95502951,15771.5,594,1019,5068,11200,4064,1802,89883,311,1602,553,4.623603115
1577.4,20956.68798,20.95668798,15774,617,994,4993,11263,3714,1828,89601,177,1350,357,4.710730388
1577.65,20958.34644,20.95834644,15776.5,670,1006,5091,11319,3814,1931,89094,161,1551,318,4.912831619
1577.9,20960.00491,20.96000491,15779,676,933,5058,11792,3962,2024,90525,313,1624,260,3.877241002
1578.15,20961.66338,20.96166338,15781.5,618,921,5118,11893,3988,2235,92377,190,1623,167,4.380952381
1578.4,20963.32185,20.96332185,15784,653,1017,5081,11656,3886,2258,91222,269,1715,142,3.800287356
1578.65,20964.98032,20.96498032,15786.5,673,964,5204,11678,3755,2316,90946,255,1641,144,4.298594132
1578.9,20966.63878,20.96663878,15789,645,992,5373,12485,3979,2417,93801,121,1644,166,5.651308901
1579.15,20968.29725,20.96829725,15791.5,662,913,5256,12463,4145,2211,94963,374,1826,133,4.378425197
1579.4,20969.95572,20.96995572,15794,655,1014,5308,12250,4079,2353,94060,339,1631,93,3.84823078
1579.65,20971.61419,20.97161419,15796.5,616,948,5343,12550,4078,2423,95742,195,1611,74,4.299499531
1579.9,20973.27266,20.97327266,15799,696,910,5448,12445,4163,2516,95226,293,1558,0,4.612400474
1580.15,20974.93112,20.97493112,15801.5,689,977,5296,12378,3978,2585,93571,480,1666,107,3.914615276
1580.4,20976.58959,20.97658959,15804,697,975,5274,12646,3978,2436,94674,334,1587,64,3.555555556
1580.65,20978.24806,20.97824806,15806.5,707,922,5414,12450,4043,2513,94644,208,1505,144,5.008184524
1580.9,20979.90653,20.97990653,15809,652,902,5339,12448,4104,2827,94704,292,1609,61,4.547126811
1581.4,20983.22346,20.98322346,15814,645,1001,5357,12478,4079,2758,94166,235,1608,111,4.605150947
1581.65,20984.88193,20.98488193,15816.5,682,994,5496,12668,4103,2785,96471,311,1539,61,4.368429411
1582.4,20989.85734,20.98985734,15824,673,1024,5417,12547,4236,2653,97727,282,1602,9,3.748851455
1582.65,20991.5158,20.9915158,15826.5,644,931,5381,12476,4030,2718,96818,332,1532,77,4.584359936
1583.15,20994.83274,20.99483274,15831.5,651,1005,5099,11569,3891,2598,99479,322,1641,133,3.698971079
1583.4,20996.49121,20.99649121,15834,614,951,4819,11139,3815,2342,115176,178,1631,97,4.545959596
1583.65,20998.14968,20.99814968,15836.5,667,928,5335,12475,4080,2755,94121,329,1561,58,3.912362405
1583.9,20999.80814,20.99980814,15839,614,931,5118,11951,3865,2836,93145,265,1492,55,3.684617367
1584.4,21003.12508,21.00312508,15844,638,964,5310,12120,3972,2667,93878,353,1568,103,3.951398505
1584.65,21004.78355,21.00478355,15846.5,666,977,5094,11802,3966,2673,92962,307,1414,10,4.215698489
1584.9,21006.44202,21.00644202,15849,642,930,5152,12030,3907,2983,92852,211,1597,101,4.165306739
1585.15,21008.10048,21.00810048,15851.5,611,997,5187,12050,4037,2921,94218,179,1582,89,3.545666537
1585.4,21009.75895,21.00975895,15854,592,1030,5125,11964,4210,3071,94105,306,1664,32,4.280504277
1585.65,21011.41742,21.01141742,15856.5,602,936,5148,12006,4048,3033,95650,249,1613,240,3.130980658
1585.9,21013.07589,21.01307589,15859,598,960,5255,12244,3990,3085,94398,236,1597,94,3.59550261
1586.15,21014.73436,21.01473436,15861.5,634,970,5241,12496,4049,3099,95938,184,1648,80,4.290931793
1586.4,21016.39282,21.01639282,15864,668,958,5317,12731,4267,3020,95777,363,1639,38,4.895652174
1586.9,21019.70976,21.01970976,15869,600,1031,5254,12348,4020,3251,95707,181,1475,76,4.697052776
1587.15,21021.36823,21.02136823,15871.5,659,975,5250,12601,3917,3059,95480,211,1611,117,3.346941262
1587.4,21023.0267,21.0230267,15874,692,971,5240,12279,4058,3115,95308,311,1556,67,3.995921934
1588.15,21028.0021,21.0280021,15881.5,635,947,5192,12240,4057,3042,95755,418,1662,144,4.350543051
1588.65,21031.31904,21.03131904,15886.5,622,997,5213,12306,4050,3232,96476,261,1727,112,3.886328509
1588.9,21032.9775,21.0329775,15889,614,906,5221,12083,3972,3168,95789,261,1629,126,4.884078712
1589.15,21034.63597,21.03463597,15891.5,654,921,5182,11901,3921,3063,95785,239,1491,83,3.279329609
1589.4,21036.29444,21.03629444,15894,569,1033,5068,11594,3786,3079,93747,287,1637,97,3.986137072
1589.65,21037.95291,21.03795291,15896.5,605,977,4675,11286,3780,2829,89629,269,1593,113,4.511111111
1589.9,21039.61138,21.03961138,15899,583,939,4732,11420,3596,3063,89137,411,1380,98,4.784171287
1590.9,21046.24525,21.04624525,15909,657,908,5267,12339,3976,3287,95431,445,1490,113,4.092866962
1591.15,21047.90372,21.04790372,15911.5,625,1005,5220,12696,4105,3256,95879,345,1600,32,3.845060412
1591.65,21051.22065,21.05122065,15916.5,664,945,5277,12848,4199,3292,98490,260,1612,63,3.618626156
1591.9,21052.87912,21.05287912,15919,736,941,5207,12708,4105,3351,98107,337,1658,73,4.202545569
1592.15,21054.53759,21.05453759,15921.5,721,936,5290,12401,3911,3113,96479,169,1543,79,4.575457187
1592.65,21057.85452,21.05785452,15926.5,629,978,5024,12192,3910,2922,110242,239,1727,214,3.228896694
1593.15,21061.17146,21.06117146,15931.5,646,942,5020,12348,3967,3244,95604,128,1700,82,3.725506639
1593.4,21062.82993,21.06282993,15934,601,950,5080,12099,4000,2973,97539,389,1569,35,4.989452258
1593.65,21064.4884,21.0644884,15936.5,644,884,5243,12251,4051,3144,95416,151,1502,69,3.769926512
1593.9,21066.14686,21.06614686,15939,623,921,5279,12389,4187,3397,95521,417,1589,0,4.117100655
1594.4,21069.4638,21.0694638,15944,664,975,5222,12341,4082,3342,95132,298,1643,42,3.248708314
1594.65,21071.12227,21.07112227,15946.5,638,920,5164,12235,4099,3038,95765,351,1571,107,8.761626016
1594.9,21072.78074,21.07278074,15949,668,1031,5203,12180,4043,3119,99030,335,1610,134,5.476452119
1595.15,21074.40185,21.07440185,15951.5,622,1054,4962,12307,4089,3153,94730,229,1568,94,3.897486034
1595.65,21077.64406,21.07764406,15956.5,655,995,5141,12568,3840,3203,96277,219,1500,181,3.953025015
1595.9,21079.26517,21.07926517,15959,623,1031,5293,12219,3973,3487,96586,69,1731,67,4.30015528
1596.15,21080.88628,21.08088628,15961.5,673,969,5126,12517,4063,3296,96883,409,1667,97,4.782285208
1596.4,21082.50739,21.08250739,15964,599,969,5033,12401,4063,3183,97363,349,1616,82,3.982228696
1596.65,21084.1285,21.0841285,15966.5,636,1026,5026,12378,4068,3276,96939,298,1488,106,4.71860926
1596.9,21085.7496,21.0857496,15969,610,1030,5120,12513,3964,3482,96777,358,1578,146,4.282400878
1597.4,21088.99182,21.08899182,15974,614,943,4987,12354,4041,3505,95777,264,1676,191,3.945547445
1597.65,21090.61293,21.09061293,15976.5,536,1009,5020,12509,4247,3507,96099,252,1675,153,4.7925117
1597.9,21092.23404,21.09223404,15979,583,1002,5004,12496,4091,3293,95867,249,1550,98,3.502405409
1598.4,21095.47625,21.09547625,15984,693,1007,5313,12607,3981,3308,96131,368,1569,117,4.098039216
1598.65,21097.09736,21.09709736,15986.5,605,903,5415,12648,4147,3338,96391,178,1657,35,6.155346188
1598.9,21098.71847,21.09871847,15989,605,837,5212,12501,4084,3335,96289,266,1701,82,3.783594625
1599.4,21101.96069,21.10196069,15994,645,916,5326,12353,4070,3205,97068,248,1462,56,4.951870652
1599.65,21103.5818,21.1035818,15996.5,694,933,5451,12859,3969,2868,97645,158,1666,86,5.622816249
1599.9,21105.20291,21.10520291,15999,661,965,5391,12475,4129,3203,98140,436,1637,66,3.297330097
1600.15,21106.82401,21.10682401,16001.5,659,1029,5271,12465,3915,3002,97302,319,1566,98,3.748739496
1600.4,21108.44512,21.10844512,16004,678,879,5270,12563,4259,3198,96700,298,1607,38,4.984031936
1600.65,21110.06623,21.11006623,16006.5,641,983,5243,12193,4064,3216,95901,226,1519,14,5.009897221
1600.9,21111.68734,21.11168734,16009,663,904,5358,12202,4010,3442,95611,385,1602,40,3.992663243
1601.15,21113.30845,21.11330845,16011.5,628,905,5091,12323,4010,3510,95126,198,1556,0,3.41689306
1601.4,21114.92956,21.11492956,16014,633,989,5095,12262,4075,3642,95590,301,1538,114,3.398578731
1601.65,21116.55066,21.11655066,16016.5,582,987,5081,12297,3987,3377,96944,291,1606,146,3.278132678
1601.9,21118.17177,21.11817177,16019,617,989,5265,12313,4018,3379,98786,348,1597,327,5.034321955
1602.15,21119.79288,21.11979288,16021.5,711,983,5213,11937,3912,3401,98556,284,1618,150,4.311770428
1602.4,21121.41399,21.12141399,16024,573,982,5129,12097,4190,3361,95953,253,1636,49,3.579363057
1602.9,21124.65621,21.12465621,16029,580,941,5151,12038,3921,3078,95648,257,1375,94,3.717744154
1603.15,21126.27731,21.12627731,16031.5,567,1021,5233,12461,4070,3433,97592,341,1604,193,3.744023637
1603.4,21127.89842,21.12789842,16034,691,946,5235,12644,3946,3549,97583,330,1600,146,3.842007435
1603.65,21129.51953,21.12951953,16036.5,645,957,5199,12487,4030,3052,95871,501,1492,32,3.698964803
1603.9,21131.14064,21.13114064,16039,643,917,5263,12251,3963,3240,96416,326,1556,168,4.38040299
1604.15,21132.76175,21.13276175,16041.5,634,993,5206,12388,4085,3305,96879,234,1526,79,4.333228048
1604.4,21134.38286,21.13438286,16044,648,964,5182,12590,4067,3697,96839,348,1652,102,3.762861962
1604.65,21136.00397,21.13600397,16046.5,635,940,5423,12463,4109,3515,97884,367,1583,95,3.527176134
1604.9,21137.62507,21.13762507,16049,625,883,5231,12511,4096,3276,97466,338,1513,105,4.799319118
1605.15,21139.24618,21.13924618,16051.5,619,924,5366,12579,3767,3313,97898,303,1621,152,4.104114713
1606.15,21145.73062,21.14573062,16061.5,632,945,5085,12064,3993,3239,95255,347,1595,96,4.571699088
1606.65,21148.97283,21.14897283,16066.5,650,964,5141,12142,4016,3518,95746,322,1554,69,4.256386146
1606.9,21150.59394,21.15059394,16069,590,965,5226,12137,3998,3400,96616,296,1498,35,4.713882619
1607.15,21152.21505,21.15221505,16071.5,657,968,5225,12519,4126,3553,97580,289,1624,102,4.483876248
1607.4,21153.83616,21.15383616,16074,616,1000,5240,12383,4192,3615,97392,115,1600,40,3.4790552
1607.65,21155.45727,21.15545727,16076.5,624,976,5078,12484,4022,3396,97533,274,1736,62,3.476569885
1607.9,21157.07837,21.15707837,16079,637,1023,5221,12406,4116,3602,96916,151,1636,133,4.157036798
1608.15,21158.69948,21.15869948,16081.5,611,992,5228,12398,3974,3489,97970,220,1562,186,3.513447746
1608.4,21160.32059,21.16032059,16084,643,987,5330,12309,4166,3494,97628,297,1513,21,3.98658224
1608.65,21161.9417,21.1619417,16086.5,605,964,5353,12354,3961,4006,95966,263,1510,101,4.131841548
1608.9,21163.56281,21.16356281,16089,675,997,5194,12646,4115,3341,99110,311,1608,67,4.539261745
1609.4,21166.80503,21.16680503,16094,669,862,5216,12579,4100,3065,102835,349,1689,39,5.212999217
1609.65,21168.42613,21.16842613,16096.5,564,1035,5293,12459,3970,3018,102116,263,1640,65,3.378104535
1609.9,21170.04724,21.17004724,16099,657,885,5343,12639,4209,3554,98391,232,1569,62,3.366888415
1610.15,21171.66835,21.17166835,16101.5,651,978,5289,13032,3896,3509,97874,310,1656,96,4.005097582
1610.4,21173.28946,21.17328946,16104,609,1004,5272,12898,3978,3395,97503,317,1560,144,3.740441277
1610.65,21174.91057,21.17491057,16106.5,659,958,5277,13193,4217,3436,98695,328,1595,20,4.495275334
1610.9,21176.53168,21.17653168,16109,656,932,5363,12870,4148,3486,98236,184,1578,89,3.790190736
1611.15,21178.15278,21.17815278,16111.5,704,863,5264,12861,4030,3489,98017,297,1548,108,4.580901857
1611.65,21181.395,21.181395,16116.5,611,905,5202,12685,4097,3244,98215,394,1573,62,4.806021273
1611.9,21183.01611,21.18301611,16119,679,926,5284,12660,4257,3505,97804,253,1472,21,4.170311564
1612.15,21184.63722,21.18463722,16121.5,617,961,5364,12972,4210,3510,99768,211,1539,48,3.643371566
1612.4,21186.25833,21.18625833,16124,723,838,5428,13116,4121,3452,99569,230,1527,62,4.657554488
1612.65,21187.87943,21.18787943,16126.5,679,916,5362,12673,3948,3380,98374,247,1598,151,4.25070777
1613.4,21192.74276,21.19274276,16134,653,961,5199,12782,4250,3780,97565,263,1555,4,3.551177006
1613.65,21194.36387,21.19436387,16136.5,730,863,5340,13099,4124,3924,97630,100,1598,11,3.542361485
1613.9,21195.98498,21.19598498,16139,681,954,5293,12481,4081,3549,98441,260,1440,101,4.139917695
1614.65,21200.8483,21.2008483,16146.5,685,979,5082,12497,3920,3272,99983,423,1613,180,4.207897241
1614.9,21202.46941,21.20246941,16149,640,888,5047,12477,3996,3565,96780,203,1597,129,4.683090909
1615.15,21204.14097,21.20414097,16151.5,646,891,5105,12408,4120,3420,98279,414,1558,90,4.075339332
1615.4,21205.81252,21.20581252,16154,635,968,5157,12559,4138,3656,97730,338,1715,49,3.887329993
1615.65,21207.48408,21.20748408,16156.5,614,1003,5196,12535,4072,3567,96753,80,1640,160,5.857205431
1616.65,21214.1703,21.2141703,16166.5,705,944,5326,12527,4077,3325,97891,379,1573,135,4.651484135
1617.15,21217.51341,21.21751341,16171.5,666,833,5208,13018,4183,3635,98074,236,1400,62,3.933390632
1617.4,21219.18497,21.21918497,16174,669,883,5337,13207,4170,3338,99115,267,1683,40,4.204755825
1617.9,21222.52808,21.22252808,16179,753,895,5400,12863,4075,3271,99245,167,1588,86,4.682943844
1618.4,21225.87119,21.22587119,16184,752,918,5439,12631,4170,3401,97856,132,1580,68,3.400051921
1618.65,21227.54275,21.22754275,16186.5,728,861,5355,12563,4115,3415,97731,339,1567,122,4.212659454
1618.9,21229.2143,21.2292143,16189,720,834,5410,12314,4049,3657,97398,252,1524,161,4.368184955
1619.15,21230.88586,21.23088586,16191.5,713,897,5363,12651,4346,3841,97915,446,1600,38,3.294610479
1619.4,21232.55741,21.23255741,16194,651,956,5156,12711,4021,3614,96766,130,1536,124,4.463088357
1619.65,21234.22897,21.23422897,16196.5,644,851,5222,12271,4097,3501,96613,486,1640,49,4.157134071
1619.9,21235.90053,21.23590053,16199,706,925,5241,12345,3998,3370,97212,361,1686,82,4.107329452
1620.15,21237.57208,21.23757208,16201.5,639,875,5478,12424,4119,3402,97340,240,1702,103,4.547905633
1620.4,21239.24364,21.23924364,16204,755,902,5371,12537,4170,3462,97182,253,1612,28,4.219465034
1620.65,21240.91519,21.24091519,16206.5,746,924,5215,12410,4011,3258,95099,293,1598,86,6.19503973
1621.15,21244.25831,21.24425831,16211.5,706,878,5356,12885,3967,3371,97087,395,1615,92,4.335398663
1621.4,21245.92986,21.24592986,16214,731,848,5370,12954,4024,3613,97799,297,1614,81,4.003440024
1621.65,21247.60142,21.24760142,16216.5,692,854,5271,12669,4082,3370,97582,229,1575,59,4.523458092
1621.9,21249.27297,21.24927297,16219,715,882,5404,13013,4074,3358,99230,242,1672,79,4.216483161
1622.15,21250.94453,21.25094453,16221.5,692,869,5365,13031,4051,3634,97021,131,1632,52,5.408626797
1622.4,21252.61608,21.25261608,16224,652,918,5497,12827,4050,3490,98292,172,1655,88,4.301621091
1622.65,21254.28764,21.25428764,16226.5,640,963,5285,12485,4054,3319,99167,101,1542,71,4.321784688
1622.9,21255.9592,21.2559592,16229,728,921,5392,12547,4019,3487,101418,477,1651,130,4.120785254
1623.15,21257.63075,21.25763075,16231.5,679,945,5407,12080,4066,3423,98159,123,1792,48,3.822308516
1623.4,21259.30231,21.25930231,16234,774,902,5563,12765,4140,3723,101295,350,1691,70,4.196558673
1623.65,21260.97386,21.26097386,16236.5,704,887,5624,13062,4020,3532,102525,293,1725,153,3.762917077
1623.9,21262.64542,21.26264542,16239,644,852,5445,12458,4056,3591,99213,435,1639,124,4.326288825
1624.15,21264.31697,21.26431697,16241.5,751,880,5470,13010,4194,3646,100544,209,1612,48,4.755880257
1624.65,21267.66009,21.26766009,16246.5,706,815,5403,12760,4007,3373,97208,197,1643,132,3.894251865
1624.9,21269.33164,21.26933164,16249,688,856,5161,12571,4005,3644,96654,277,1607,76,3.915942442
1625.15,21271.0032,21.2710032,16251.5,639,870,5201,12108,4160,3311,95346,263,1595,0,4.324528966
1625.4,21272.67475,21.27267475,16254,671,802,5255,12158,3938,3592,94565,346,1507,59,4.118457752
1625.65,21274.34631,21.27434631,16256.5,646,814,5093,12151,4017,3299,94124,293,1486,30,4.504115226
1625.9,21276.01787,21.27601787,16259,672,796,5171,12337,3863,3377,95270,273,1563,91,4.18496167
1626.15,21277.68942,21.27768942,16261.5,711,856,5336,12475,4093,3367,96415,229,1554,58,3.862503753
1626.4,21279.36098,21.27936098,16264,691,855,5229,12272,4033,3345,96879,237,1497,55,4.964691801
1626.65,21281.03253,21.28103253,16266.5,704,816,5340,12838,4105,3387,97449,98,1564,0,3.559336333
1626.9,21282.70409,21.28270409,16269,713,840,5273,13091,4098,3363,98106,331,1632,73,3.712745633
1627.15,21284.37564,21.28437564,16271.5,679,820,5413,13195,4105,3436,98373,395,1616,0,3.990016391
1627.4,21286.0472,21.2860472,16274,643,908,5210,12353,4065,3465,96697,343,1594,22,3.816138489
1627.9,21289.39031,21.28939031,16279,609,889,4991,12612,4139,3549,95665,360,1481,0,4.404042179
1628.15,21291.06187,21.29106187,16281.5,745,791,5226,12594,4117,3539,95887,303,1625,61,3.525104603
1628.4,21292.73342,21.29273342,16284,647,751,5442,12812,3951,3337,97029,130,1462,86,4.675076453
1628.65,21294.40498,21.29440498,16286.5,737,812,5243,12576,4015,3563,97104,282,1560,86,3.91280526
1628.9,21296.07654,21.29607654,16289,714,812,5249,12772,4073,3596,97199,317,1535,67,4.477854244
1629.15,21297.74809,21.29774809,16291.5,728,826,5132,12780,4142,3585,97145,236,1525,57,3.764705882
1629.4,21299.41965,21.29941965,16294,700,814,5425,13309,4162,3655,99562,405,1615,388,3.092129126
1629.65,21301.0912,21.3010912,16296.5,748,843,5538,13524,4291,3620,102337,211,1535,90,5.024870863
1629.9,21302.76276,21.30276276,16299,782,849,5591,13688,4343,3812,103809,292,1623,170,3.923929099
1630.15,21304.43431,21.30443431,16301.5,779,863,5689,13586,4374,3725,103710,276,1593,52,4.453029817
1630.4,21306.10587,21.30610587,16304,735,867,5253,12772,4304,3915,99252,254,1647,166,3.829967808
1630.65,21307.77743,21.30777743,16306.5,725,932,5458,12962,4256,3757,98873,233,1706,81,3.611889436
1630.9,21309.44898,21.30944898,16309,712,923,5339,12529,4270,3637,101137,247,1538,44,4.6690203
1631.15,21311.12054,21.31112054,16311.5,754,842,5249,12923,4196,4287,99144,338,1641,49,5.116611874
1631.65,21314.46365,21.31446365,16316.5,703,852,5263,12372,4064,3494,96993,194,1682,157,4.978997162
1631.9,21316.1352,21.3161352,16319,724,818,5277,12588,4081,3650,96108,261,1659,143,3.592247847
1632.15,21317.80676,21.31780676,16321.5,717,883,5396,12608,4066,3513,97101,291,1685,182,3.412482066
1632.4,21319.47832,21.31947832,16324,760,925,5424,12854,4090,3711,97068,300,1609,122,3.66602766
1632.65,21321.14987,21.32114987,16326.5,741,843,5272,12843,4176,3662,98350,234,1539,139,2.987896958
1632.9,21322.82143,21.32282143,16329,761,924,5492,12425,4226,3471,96964,221,1585,228,3.93938066
1633.15,21324.49298,21.32449298,16331.5,703,922,5237,12134,3950,3722,97052,195,1593,411,4.032346241
1633.4,21326.16454,21.32616454,16334,688,915,5229,11777,3988,3449,95575,364,1650,395,3.775879542
1633.65,21327.8361,21.3278361,16336.5,773,893,5132,12348,4044,3457,95327,271,1594,219,3.60029089
1633.9,21329.50765,21.32950765,16339,708,866,5214,12088,4131,3439,97225,263,1632,112,4.124077491
1634.15,21331.17921,21.33117921,16341.5,702,912,5308,12414,4097,3367,97571,152,1510,351,3.192043896
1634.4,21332.85076,21.33285076,16344,686,916,5081,12146,4019,3373,96158,480,1584,196,3.658349596
1634.65,21334.52232,21.33452232,16346.5,642,956,4985,12477,4332,3274,95027,266,1710,369,3.883866279
1634.9,21336.19387,21.33619387,16349,658,909,4985,11506,3725,3048,92476,182,1539,384,3.265829083
1635.15,21337.88591,21.33788591,16351.5,699,893,4891,12503,3948,3077,92417,289,1678,77,3.110586011
1635.65,21339.57795,21.33957795,16356.5,661,870,5201,12707,4104,3310,96519,316,1590,28,3.736617312
1635.9,21342.96202,21.34296202,16359,646,935,5231,12344,3954,3215,94580,148,1596,77,5.061470701
1636.15,21344.65405,21.34465405,16361.5,720,943,5270,11892,3962,3453,95523,560,1545,138,3.092291618
1636.4,21346.34609,21.34634609,16364,702,963,5268,12513,4140,3301,96616,296,1542,71,3.472747361
1636.65,21348.03812,21.34803812,16366.5,684,950,5318,12466,4149,3196,97396,209,1480,59,3.942680528
1636.9,21349.73016,21.34973016,16369,735,1028,5418,12732,4218,3267,98099,307,1530,0,3.47208186
1637.15,21351.4222,21.3514222,16371.5,693,953,5318,12566,4083,3589,99026,258,1582,132,4.265834933
1637.4,21353.11423,21.35311423,16374,749,1012,5378,12351,3973,3408,99313,220,1613,151,3.580569948
1637.65,21354.80627,21.35480627,16376.5,676,971,5301,12265,4049,3072,99701,407,1590,53,4.202453988
1637.9,21356.4983,21.3564983,16379,660,987,5038,11721,4031,3115,96642,277,1567,125,5.171299775
1638.15,21358.19034,21.35819034,16381.5,641,1008,5106,12521,3938,3105,98583,380,1639,33,3.91000891
1638.4,21359.88237,21.35988237,16384,663,949,4922,14150,3739,3289,94290,312,1807,129,4.035261792
1638.65,21361.57441,21.36157441,16386.5,609,967,5138,14011,4047,3113,94057,106,1765,11,4.622245179
1638.9,21363.26645,21.36326645,16389,614,944,5028,13731,3898,3325,95103,274,1631,169,4.290726003
1639.15,21364.95848,21.36495848,16391.5,622,943,5133,13495,4129,3158,94717,323,1661,68,5.014403292
1639.4,21366.65052,21.36665052,16394,638,1024,5191,12905,4032,3136,94789,255,1580,63,3.024848032
1639.65,21368.34255,21.36834255,16396.5,585,968,4990,13059,3962,2860,95253,315,1700,127,3.474413784
1639.9,21370.03459,21.37003459,16399,623,940,4960,13366,4027,2914,91383,311,1649,48,3.524600976
1640.15,21371.72663,21.37172663,16401.5,610,940,4776,14125,3907,2854,92005,190,1771,179,4.124563799
1640.4,21373.41866,21.37341866,16404,669,956,5056,13608,4175,3217,94156,156,1780,254,4.460338315
1640.65,21375.1107,21.3751107,16406.5,675,926,5257,12188,4048,3191,94735,248,1632,234,6.465691221
1640.9,21376.80273,21.37680273,16409,698,972,5081,11901,4177,3156,94541,270,1710,92,5.579762623
1641.15,21378.49477,21.37849477,16411.5,589,975,5032,12588,4077,2850,92238,256,1641,45,4.380311731
1641.4,21380.1868,21.3801868,16414,694,977,5129,12672,4172,2964,94036,306,1676,49,3.933975433
1641.65,21381.87884,21.38187884,16416.5,600,946,5182,12994,4017,3028,94180,299,1593,142,3.607897886
1641.9,21383.57088,21.38357088,16419,711,899,5049,12686,3923,2858,95567,222,1681,63,4.076222646
1642.15,21385.26291,21.38526291,16421.5,703,871,5118,12613,4126,2997,95090,226,1560,12,3.662277814
1642.4,21386.95495,21.38695495,16424,713,939,5131,13011,3936,2931,94310,139,1534,161,4.806274806
1642.65,21388.64698,21.38864698,16426.5,643,929,5040,13149,3945,2943,92434,259,1551,43,4.165491302
1642.9,21390.33902,21.39033902,16429,657,901,4936,12377,3998,2973,92183,476,1630,65,4.179262673
1643.15,21392.03105,21.39203105,16431.5,602,983,4950,12852,3940,2829,93636,63,1598,121,3.650053735
1643.4,21393.72309,21.39372309,16434,640,940,4969,12937,3998,2862,92449,210,1731,46,4.868326118
1643.65,21395.41513,21.39541513,16436.5,592,930,5169,12585,3920,3052,93778,53,1639,55,4.549924737
1643.9,21397.10716,21.39710716,16439,635,915,5184,12646,4030,2908,93773,346,1618,46,4.585055096
1644.15,21398.7992,21.3987992,16441.5,664,995,5151,13237,3799,3192,93769,285,1577,183,5.798321234
1644.4,21400.49123,21.40049123,16444,621,955,5103,12073,3876,2942,93613,251,1597,105,5.776832461
1644.65,21402.18327,21.40218327,16446.5,661,926,4996,12189,3998,3059,93279,342,1640,0,4.399106108
1644.9,21403.87531,21.40387531,16449,672,914,5022,12605,3973,2932,94699,346,1608,54,4.439168665
1645.4,21407.25938,21.40725938,16454,634,907,5238,11705,4066,2843,95974,413,1529,27,3.57534428
1645.65,21408.95141,21.40895141,16456.5,729,944,5044,11633,4029,2942,94715,171,1585,184,6.420019389
1646.15,21412.33548,21.41233548,16461.5,631,915,5023,11558,3735,2794,93375,172,1584,153,4.060574645
1646.4,21414.02752,21.41402752,16464,640,919,4951,12213,3762,3052,93244,224,1466,104,3.793646251
1646.65,21415.71956,21.41571956,16466.5,684,974,5038,12991,4045,2977,91884,243,1708,7,3.769230769
1646.9,21417.41159,21.41741159,16469,644,916,4985,13135,3891,2717,92500,324,1724,79,4.076186266
1647.15,21419.10363,21.41910363,16471.5,671,892,5037,12935,3958,2954,92747,198,1538,67,4.556345354
1647.4,21420.79566,21.42079566,16474,679,931,5051,13149,3927,2885,91583,336,1674,42,3.322162301
1647.65,21422.4877,21.4224877,16476.5,652,998,5068,12995,4105,2894,94688,142,1703,45,4.816517121
1647.9,21424.17973,21.42417973,16479,684,889,5066,14472,4002,3025,94645,297,1481,0,3.069901595
1648.15,21425.87177,21.42587177,16481.5,676,930,5332,12789,4122,3110,94854,180,1632,28,4.128524692
1648.4,21427.56381,21.42756381,16484,673,976,5331,12820,4220,3028,96005,248,1670,11,3.828990931
1648.65,21429.25584,21.42925584,16486.5,721,854,5357,13045,4123,3103,97264,190,1602,166,4.054094441
1648.9,21430.94788,21.43094788,16489,686,944,5377,12627,4210,2999,98211,311,1599,61,4.284880051
1649.15,21432.63991,21.43263991,16491.5,726,947,5511,11916,4183,3021,97221,232,1563,41,4.075525526
1649.4,21434.33195,21.43433195,16494,723,902,5191,13071,4071,3059,95591,232,1614,75,3.909430707
1649.65,21436.02398,21.43602398,16496.5,696,894,5281,12828,4101,3030,96286,416,1566,74,3.653620352
1650.35,21439.40806,21.43940806,16503.5,953,869,5912,15116,4502,3231,103534,226,1790,161,3.286233766
1650.6,21441.10009,21.44110009,16506,857,856,5794,14984,4388,3300,102513,277,1807,103,3.450437693
1650.85,21442.79213,21.44279213,16508.5,826,805,5777,14348,4318,3131,101980,336,1781,211,3.243032737
1651.1,21444.48416,21.44448416,16511,940,881,5784,15707,4357,3283,99705,382,1870,178,3.441044681
1651.35,21446.1762,21.4461762,16513.5,850,871,5637,15900,4264,3144,98456,295,1734,98,3.232598039
1651.6,21447.86824,21.44786824,16516,846,874,5619,15396,4259,2939,98074,200,1659,107,3.201915021
1651.85,21449.56027,21.44956027,16518.5,813,910,5635,15359,4292,3120,98485,350,1799,107,4.267834596
1652.1,21451.25231,21.45125231,16521,775,810,5664,15101,4315,3085,98981,279,1748,158,3.603297632
1652.35,21452.94434,21.45294434,16523.5,897,837,5312,16834,4036,3066,97014,85,1949,129,2.946393194
1652.6,21454.63638,21.45463638,16526,832,846,5682,16268,4284,3142,96602,159,2060,93,2.92780083
1652.85,21456.32841,21.45632841,16528.5,856,753,5501,15784,4270,2909,94307,267,1955,100,3.534750067
1653.1,21458.02045,21.45802045,16531,857,883,5651,15798,4364,2999,97865,142,2011,182,3.096692112
1653.35,21459.71249,21.45971249,16533.5,919,901,5857,16362,4257,3181,100435,261,2070,184,3.157141181
1653.6,21461.40452,21.46140452,16536,916,880,5814,15820,4460,3167,99813,269,1967,204,3.143400261
1653.85,21463.09656,21.46309656,16538.5,857,899,6060,15297,4337,3110,104400,448,1974,255,3.235946924
1654.1,21464.78859,21.46478859,16541,895,918,5974,15069,4397,3141,103316,366,1979,224,3.319217434
1654.35,21466.48063,21.46648063,16543.5,894,856,5762,16873,4195,3202,101294,171,1857,519,3.649218219
1654.6,21468.17266,21.46817266,16546,875,862,5771,16010,4213,3210,100261,261,1858,377,3.364050197
1654.85,21469.8647,21.4698647,16548.5,876,941,5879,14584,4287,3282,101830,289,1922,263,4.456412745
1655.1,21471.55674,21.47155674,16551,903,931,5753,14948,4351,3232,102271,498,2025,138,2.935242839
1655.35,21473.19217,21.47319217,16553.5,874,886,5956,13997,4384,3271,101223,296,1970,223,3.293961931
1655.6,21474.8276,21.4748276,16556,862,912,5848,13497,4431,3510,103584,216,1712,201,4.271435492
1655.85,21476.46304,21.47646304,16558.5,862,879,5877,12524,4380,3249,103312,223,1597,195,3.303763782
1656.1,21478.09847,21.47809847,16561,822,884,5701,12573,4593,3893,104891,415,1702,112,3.768843537
1656.35,21479.7339,21.4797339,16563.5,845,834,5872,12510,4474,3366,105139,388,1625,211,3.629586261
1656.6,21481.36934,21.48136934,16566,754,914,5872,12192,4278,3301,103744,240,1612,209,3.19395466
1656.85,21483.00477,21.48300477,16568.5,778,911,5773,12240,4216,3422,104817,294,1596,213,4.028916769
1657.1,21484.6402,21.4846402,16571,765,909,5820,12174,4218,3446,104031,383,1535,150,3.242851972
1657.35,21486.27564,21.48627564,16573.5,850,845,5698,11811,4449,3468,103752,187,1572,144,3.324625
1657.6,21487.91107,21.48791107,16576,820,918,5705,12054,4255,3576,104059,301,1602,204,3.508914525
1657.85,21489.54651,21.48954651,16578.5,745,924,5705,11550,4226,3371,104096,266,1578,144,3.179668761
1658.1,21491.18194,21.49118194,16581,730,901,5586,11966,4281,3269,103812,421,1734,203,4.112913097
1658.35,21492.81737,21.49281737,16583.5,804,978,5748,11530,4411,3340,104395,276,1521,112,2.715519839
1658.6,21494.45281,21.49445281,16586,790,969,5655,11809,4428,3230,104207,170,1564,40,3.558340644
1658.85,21496.08824,21.49608824,16588.5,776,873,5647,11837,4147,3330,104413,312,1626,183,3.248011746
1659.1,21497.72367,21.49772367,16591,787,868,5627,11600,4363,3680,102768,337,1499,165,4.081391876
1659.35,21499.35911,21.49935911,16593.5,765,897,5640,11502,4378,3675,102964,513,1584,132,3.781897492
1659.6,21500.99454,21.50099454,16596,791,889,5776,11647,4327,3463,101604,227,1586,87,4.319238901
1659.85,21502.62997,21.50262997,16598.5,768,929,5422,11603,4336,3386,100816,255,1463,202,3.408725006
1660.1,21504.26541,21.50426541,16601,764,887,5563,11531,4268,3411,101927,327,1553,177,2.622979049
1660.35,21505.90084,21.50590084,16603.5,780,827,5336,11608,4159,3317,100474,339,1577,169,2.891704308
1660.6,21507.53627,21.50753627,16606,763,817,5455,11534,4046,3448,101617,342,1526,235,3.317379413
1660.85,21509.17171,21.50917171,16608.5,799,869,5516,11432,4074,3526,100860,214,1526,132,3.586256357
1661.1,21510.80714,21.51080714,16611,725,881,5464,11000,4176,3339,101674,355,1519,106,3.56626837
1661.35,21512.44257,21.51244257,16613.5,736,889,5378,11194,4298,4029,101256,364,1556,159,3.228506787
1661.6,21514.07801,21.51407801,16616,711,832,5463,11372,4274,3283,100457,330,1508,98,3.669310391
1661.85,21515.71344,21.51571344,16618.5,755,814,5313,11055,4094,3462,99472,239,1471,212,3.051682979
1662.1,21517.34888,21.51734888,16621,749,858,5341,11151,4085,3462,99968,376,1571,165,3.560247445
1662.35,21518.98431,21.51898431,16623.5,724,840,5371,11387,4217,3412,98341,377,1483,153,3.855333792
1662.6,21520.61974,21.52061974,16626,713,905,5301,10855,3927,3342,96855,260,1572,256,3.450245541
1662.85,21522.25518,21.52225518,16628.5,765,875,5293,10977,4077,3385,99958,413,1620,295,3.175453048
1663.1,21523.89061,21.52389061,16631,702,926,5299,10848,4134,3552,98812,234,1512,202,3.515857605
1663.35,21525.52604,21.52552604,16633.5,702,847,5295,11022,4209,3384,98136,366,1562,154,3.862174356
1663.6,21527.16148,21.52716148,16636,728,922,5327,11093,4146,3370,99027,323,1572,153,4.627942682
1663.85,21528.79691,21.52879691,16638.5,725,851,5431,10990,4045,3649,99124,285,1470,203,3.506203801
1664.1,21530.43234,21.53043234,16641,729,954,5164,11130,4063,3631,98271,166,1606,248,3.878279267
1664.35,21532.06778,21.53206778,16643.5,739,962,5265,11223,4097,3330,99474,386,1644,137,3.132647292
1664.6,21533.70321,21.53370321,16646,747,877,5486,11309,4090,3425,99269,421,1592,230,3.07025658
1664.85,21535.33864,21.53533864,16648.5,762,907,5460,10958,4304,3523,99438,249,1455,173,3.581806109
1665.1,21536.97408,21.53697408,16651,758,945,5351,11120,4016,3337,99295,331,1560,190,4.054206999
1665.35,21538.60951,21.53860951,16653.5,792,1005,5262,11080,4043,3452,100203,518,1556,217,3.408271605
1665.6,21540.24495,21.54024495,16656,745,850,5485,11005,4116,3444,101312,267,1580,134,3.688289014
1665.85,21541.88038,21.54188038,16658.5,746,939,5392,11150,3914,3730,99598,317,1642,348,3.15916955
1666.1,21543.51581,21.54351581,16661,730,893,5423,11065,4157,3493,100133,282,1480,324,4.340226489
1666.35,21545.15125,21.54515125,16663.5,754,872,5394,11186,4325,3692,100467,325,1650,230,4.103812928
1666.6,21546.78668,21.54678668,16666,754,898,5433,11009,4258,3477,100853,361,1545,114,2.922377929
1666.85,21548.42211,21.54842211,16668.5,807,876,5552,11340,4260,3557,100903,147,1535,117,2.859347305
1667.1,21550.05755,21.55005755,16671,729,808,5453,11160,4149,3479,100147,211,1492,120,3.600476569
1667.35,21551.69298,21.55169298,16673.5,741,922,5465,11157,4021,3520,102064,255,1615,251,4.206983328
1667.6,21553.32841,21.55332841,16676,758,943,5368,11703,4340,3406,101201,233,1436,125,3.440354999
1667.85,21554.96385,21.55496385,16678.5,783,907,5428,11684,4358,3626,100056,329,1607,75,3.446772293
1668.1,21556.59928,21.55659928,16681,749,851,5674,11392,4209,3585,99470,303,1557,165,3.448126801
1668.35,21558.23471,21.55823471,16683.5,799,880,5601,11794,4135,3445,101344,266,1632,190,3.782418224
1668.6,21559.87015,21.55987015,16686,789,807,5500,11691,4259,3566,99681,408,1548,116,3.993472585
1668.85,21561.50558,21.56150558,16688.5,784,786,5413,11501,4244,3585,99533,283,1530,119,4.156826568
1669.1,21563.14102,21.56314102,16691,785,840,5384,11957,4292,3449,99091,406,1478,63,3.481961382
1669.35,21564.77645,21.56477645,16693.5,761,808,5346,11695,4312,3473,99408,297,1543,94,2.969627507
1669.6,21566.41188,21.56641188,16696,707,853,5363,11410,4285,3530,99689,419,1623,264,3.840622788
1669.85,21568.04732,21.56804732,16698.5,791,901,5470,11534,4295,3680,99688,303,1575,221,3.075473765
1670.1,21569.68275,21.56968275,16701,698,841,5398,11630,4079,3753,98200,381,1538,302,3.685377491
1670.35,21571.31818,21.57131818,16703.5,763,810,5202,11588,4076,3536,97288,339,1559,291,2.730188679
1670.6,21572.95362,21.57295362,16706,754,850,5318,12101,4109,3587,97257,227,1553,273,3.025261224
1670.85,21574.58905,21.57458905,16708.5,765,843,5300,11880,4106,3751,98280,299,1505,288,3.794526375
1671.1,21576.22448,21.57622448,16711,784,852,5204,11841,4091,3687,99610,315,1559,164,3.136468953
1671.35,21577.85992,21.57785992,16713.5,737,781,5319,12123,4111,3554,96229,331,1655,195,3.482448359
1671.6,21579.49535,21.57949535,16716,745,840,5280,11874,3950,3781,97932,265,1612,154,3.768183095
1671.85,21581.13078,21.58113078,16718.5,676,796,5148,12378,4047,3676,97466,372,1650,169,3.326272808
1672.1,21582.76622,21.58276622,16721,751,828,5127,12548,4007,3785,98544,275,1667,176,3.205973096
1672.35,21584.40165,21.58440165,16723.5,764,842,5184,12216,4180,3591,96765,244,1551,152,3.493795574
1672.6,21586.03709,21.58603709,16726,784,849,5319,11470,3948,3734,97323,314,1558,203,4.677926809
1672.85,21587.67252,21.58767252,16728.5,708,843,5046,11054,3981,3424,95965,310,1650,140,3.159093524
1673.1,21589.30795,21.58930795,16731,783,782,5147,11369,4125,3600,96693,307,1480,249,3.247003583
1673.35,21590.94339,21.59094339,16733.5,739,774,5032,10921,4088,3638,94940,224,1542,225,3.159363496
1673.6,21592.57882,21.59257882,16736,804,815,5136,11265,4046,3365,96215,313,1656,299,3.791522491
1673.85,21594.21425,21.59421425,16738.5,781,833,5158,11159,3969,3251,96176,284,1493,270,3.447703228
1674.1,21595.84969,21.59584969,16741,740,764,5107,11490,3839,3695,94531,402,1565,293,3.269937138
1674.35,21597.48512,21.59748512,16743.5,756,779,5235,11048,3965,3206,95794,484,1527,124,4.03505029
1674.6,21599.12055,21.59912055,16746,777,802,4877,10670,3985,3208,94546,305,1462,104,3.977726218
1674.85,21600.75599,21.60075599,16748.5,740,812,5008,10474,3907,3268,92676,249,1436,183,3.302633206
1675.1,21602.39142,21.60239142,16751,757,878,5114,10074,4112,3146,93244,234,1505,134,3.473826162
1675.35,21604.06444,21.60406444,16753.5,700,903,5002,9728,3985,3242,93941,214,1606,168,2.865167375
1675.6,21605.73747,21.60573747,16756,715,813,5013,10009,3864,3141,93613,302,1425,211,4.235570155
1675.85,21607.41049,21.60741049,16758.5,767,770,5198,10443,3992,3211,97366,358,1543,199,3.30673161
1676.1,21609.08352,21.60908352,16761,813,961,5481,10857,4213,3162,101344,275,1540,238,3.026041082
1676.35,21610.75654,21.61075654,16763.5,755,889,5513,11039,4155,3134,98896,289,1524,184,3.310818612
1676.6,21612.42956,21.61242956,16766,792,804,5444,11854,4083,2980,99960,409,1505,174,2.800499012
1676.85,21614.10259,21.61410259,16768.5,790,829,5280,13242,4076,3043,97940,269,1577,98,3.590339128
1677.1,21615.77561,21.61577561,16771,752,825,5127,14197,3997,3078,90349,194,1719,78,3.373648114
1677.35,21617.44863,21.61744863,16773.5,710,785,4925,20883,3644,3975,83218,204,2020,110,3.480909601
1677.6,21619.12166,21.61912166,16776,808,891,4538,24438,3295,4086,79960,187,2253,213,2.987045655
1677.85,21620.79468,21.62079468,16778.5,769,802,4409,31126,3059,3989,73860,147,3080,123,2.701177008
1678.1,21622.4677,21.6224677,16781,768,855,5257,9751,3957,4330,88213,363,1707,196,4.164560911
1678.35,21624.14073,21.62414073,16783.5,752,779,5089,4476,3793,3474,94794,148,944,161,3.05383378
1678.6,21625.81375,21.62581375,16786,732,962,4714,3753,3713,7034,100412,209,940,76,3.713028169
1678.85,21627.48678,21.62748678,16788.5,688,946,4465,3493,3341,17470,110719,311,834,172,3.827044466
1679.35,21630.83282,21.63083282,16793.5,669,971,4719,4063,3494,21526,114268,239,822,126,3.403080391
1679.6,21632.50585,21.63250585,16796,649,920,4880,4241,3687,6912,124317,358,1066,190,3.532447019
1679.85,21634.17887,21.63417887,16798.5,686,922,4676,5152,3672,3481,121474,341,998,70,3.264633141
1680.1,21635.85189,21.63585189,16801,683,922,5249,7983,3821,4525,110070,157,1246,125,2.997663811
1680.35,21637.52492,21.63752492,16803.5,730,838,5093,10206,3863,3065,108478,345,1426,148,3.746442432
1680.6,21639.19794,21.63919794,16806,696,898,5238,11278,3936,2946,100956,335,1523,91,3.328214503
1680.85,21640.87096,21.64087096,16808.5,687,887,5179,10916,4109,2941,96041,174,1646,164,4.620622568
1681.1,21642.54399,21.64254399,16811,764,805,5381,11604,3958,3259,94341,201,1750,174,4.451826144
1681.35,21644.21701,21.64421701,16813.5,777,868,5397,12486,4055,3330,93998,288,1788,92,3.093733029
1681.6,21645.89004,21.64589004,16816,779,818,5519,12849,4138,3078,93021,388,1842,219,2.890758971
1681.85,21647.56306,21.64756306,16818.5,748,780,5477,13326,4143,2954,93574,328,1562,142,2.797260842
1682.1,21649.23608,21.64923608,16821,808,841,5763,11884,4303,2588,95838,227,1511,182,3.45775184
1682.35,21650.90911,21.65090911,16823.5,778,756,5604,10459,4269,2197,94223,245,1595,188,3.787563384
1682.6,21652.58213,21.65258213,16826,873,777,5773,9809,4314,2119,93717,378,1411,133,3.563586815
1682.85,21654.25515,21.65425515,16828.5,750,861,5475,8992,4126,1828,94196,418,1416,208,5.221107467
1683.1,21655.92818,21.65592818,16831,760,810,5598,7908,4316,1918,96815,269,1315,122,3.537553648
1683.35,21657.6012,21.6576012,16833.5,814,786,5820,7440,4324,1590,98280,284,1249,101,3.819927273
1683.6,21659.27422,21.65927422,16836,816,789,5740,7305,4265,1757,100957,347,1336,207,3.372141628
1683.85,21660.94725,21.66094725,16838.5,818,838,5855,7266,4334,1616,101531,146,1221,193,3.689425818
1684.1,21662.62027,21.66262027,16841,762,976,4934,5344,3971,1603,105594,322,1237,115,3.526845638
1684.35,21664.2933,21.6642933,16843.5,674,1055,4642,4190,3672,1621,110175,398,1031,133,3.298197102
1684.6,21665.96632,21.66596632,16846,788,956,4968,4554,3842,1427,106900,256,990,159,3.787301587
1684.85,21667.63934,21.66763934,16848.5,744,876,5217,5177,4146,1254,102543,288,1208,149,3.912048366
1685.1,21669.31237,21.66931237,16851,705,870,5208,4962,4035,1323,103953,336,1082,70,3.580653805
1685.35,21670.98539,21.67098539,16853.5,722,863,5316,5110,3989,1334,102162,198,1235,121,3.157720041
1685.6,21672.65841,21.67265841,16856,723,800,5368,5461,4000,1333,102523,190,1240,186,2.559012673
1685.85,21674.33144,21.67433144,16858.5,644,880,5497,4131,4066,1348,106849,340,1113,275,3.514425489
1686.1,21676.00446,21.67600446,16861,660,951,5362,3478,3842,1178,110008,498,853,143,3.64358907
1686.35,21677.67748,21.67767748,16863.5,764,916,5263,3573,4073,1284,109465,322,1025,91,3.024170512
1686.6,21679.35051,21.67935051,16866,691,881,5169,3153,3792,1548,111519,306,861,135,3.774179924
1686.85,21681.02353,21.68102353,16868.5,688,912,4957,3567,3691,1917,115639,522,1010,249,3.158609935
1687.1,21682.69655,21.68269655,16871,736,980,4957,2852,3817,1433,117084,235,832,116,2.951507074
1687.35,21684.36958,21.68436958,16873.5,711,985,4993,3136,3813,1255,114491,301,1011,166,3.590445449
1687.6,21686.0426,21.6860426,16876,657,932,4991,5498,3842,1471,112109,214,1067,116,2.996558232
1687.85,21687.71563,21.68771563,16878.5,640,984,4518,4405,3612,1442,115154,397,1290,128,3.103978394
1688.1,21689.38865,21.68938865,16881,642,1114,4407,3117,3315,1621,130138,406,691,109,3.685195083
1688.35,21691.06167,21.69106167,16883.5,663,995,5159,5080,3926,1429,115582,447,916,152,3.926873099
1688.6,21692.7347,21.6927347,16886,665,888,5252,7192,4072,1270,108628,182,1076,123,3.49321267
1688.85,21694.40772,21.69440772,16888.5,784,796,5733,11417,4319,1400,93265,248,1581,157,3.21399177
1689.1,21696.08074,21.69608074,16891,810,829,5633,13305,4209,1484,93137,311,1578,174,3.206964198
1689.35,21697.75377,21.69775377,16893.5,739,862,5567,14045,4247,1626,93670,284,1697,120,3.364837905
1689.6,21699.42679,21.69942679,16896,834,835,5869,14472,4433,1998,95895,355,1764,208,3.051778573
1689.85,21701.09981,21.70109981,16898.5,807,810,5654,14228,4307,1725,94645,225,1729,149,2.951080264
1690.1,21702.77284,21.70277284,16901,759,811,5748,13941,4297,1868,94149,232,1677,180,2.882423712
1690.35,21704.44586,21.70444586,16903.5,792,801,5654,13707,4217,2024,94807,170,1736,222,3.34243854
1690.6,21706.11889,21.70611889,16906,750,813,5472,13687,4230,2022,93956,359,1672,149,3.160972173
1690.85,21707.79191,21.70779191,16908.5,733,825,5516,13580,4130,1978,92936,362,1769,171,4.027992002
1691.1,21709.46493,21.70946493,16911,817,828,5397,13578,4101,2183,95433,285,1634,165,3.268783984
1691.35,21711.13796,21.71113796,16913.5,663,864,5402,13345,4065,2193,93400,343,1694,142,4.032528856
1691.6,21712.81098,21.71281098,16916,752,819,5336,13516,3969,2237,93210,396,1693,176,3.320875338
1691.85,21714.484,21.714484,16918.5,795,841,5272,13358,4096,2184,94013,325,1706,142,3.683636364
1692.1,21716.15703,21.71615703,16921,726,839,5318,12993,4125,2269,92734,336,1645,50,3.789587229
1692.35,21717.83005,21.71783005,16923.5,735,830,5232,13450,4118,2301,91978,459,1546,138,2.91483211
1692.6,21719.50307,21.71950307,16926,715,864,5285,13048,4033,2711,93800,284,1614,126,3.102454272
1692.85,21721.1761,21.7211761,16928.5,683,849,5453,13466,3933,2760,93413,394,1630,178,3.399765074
1693.1,21722.84912,21.72284912,16931,772,893,5432,13580,4053,2531,94187,224,1683,174,2.819670377
1693.35,21724.52215,21.72452215,16933.5,750,887,5427,13524,4077,2818,94815,264,1618,233,3.120243706
1693.6,21726.19517,21.72619517,16936,725,832,5398,13220,4009,2824,93417,154,1747,156,3.737850597
1693.85,21727.86819,21.72786819,16938.5,755,840,5357,13336,4014,2797,93054,330,1698,171,3.515050613
1694.1,21729.54122,21.72954122,16941,710,782,5228,13244,3890,3011,92923,252,1741,171,3.383322962
1694.35,21731.21424,21.73121424,16943.5,783,840,5138,13441,3945,2812,96071,282,1701,301,2.860815317
1694.6,21732.88726,21.73288726,16946,758,799,5266,13390,3938,2682,93103,201,1749,264,4.171961102
1694.85,21734.56029,21.73456029,16948.5,688,804,5127,12901,3888,2588,94149,296,1738,228,3.345847999
1695.1,21736.23331,21.73623331,16951,816,838,5121,13600,3969,2914,90313,304,1768,261,3.526474443
1695.35,21737.86645,21.73786645,16953.5,818,830,5175,13328,3972,2882,90726,190,1652,175,3.649783315
1695.6,21739.49959,21.73949959,16956,743,800,5260,13096,3917,2754,89888,430,1701,213,3.996420791
1695.85,21741.13272,21.74113272,16958.5,766,837,5057,12920,3931,2563,90113,346,1593,153,3.483287456
1696.1,21742.76586,21.74276586,16961,729,904,5127,13198,3916,2908,90543,385,1719,170,3.290857705
1696.35,21744.399,21.744399,16963.5,827,912,5430,13111,3893,2939,92023,423,1604,157,2.493729135
1696.6,21746.03213,21.74603213,16966,758,782,5230,13249,4024,2789,91736,280,1741,57,2.917199488
1696.85,21747.66527,21.74766527,16968.5,790,858,5235,13172,3903,2916,90904,336,1593,124,2.845004669
1697.1,21749.29841,21.74929841,16971,654,814,5266,12952,3937,3183,92331,470,1706,155,2.545882353
1697.35,21750.93154,21.75093154,16973.5,697,821,5200,13233,3907,2829,90406,346,1767,221,2.799655321
1697.6,21752.56468,21.75256468,16976,692,924,5076,12239,3922,3191,89813,343,1685,124,3.398480319
1697.85,21754.19782,21.75419782,16978.5,794,843,5233,11937,3942,2831,95717,318,1572,58,3.498360656
1698.1,21755.83096,21.75583096,16981,756,897,5248,12919,4011,3359,93557,296,1724,171,3.730867347
1698.35,21757.46409,21.75746409,16983.5,747,880,5297,12479,3974,3551,93728,245,1607,102,3.044905616
1698.6,21759.09723,21.75909723,16986,757,907,5235,12523,3938,3606,92998,408,1692,211,3.62344864
1698.85,21760.73037,21.76073037,16988.5,792,816,5385,12735,3788,3270,92865,316,1673,176,3.097447796
1699.1,21762.3635,21.7623635,16991,745,869,5322,12628,3955,3844,91970,422,1612,133,4.129022777
1699.35,21763.99664,21.76399664,16993.5,766,756,5364,12970,3976,3929,92040,341,1697,246,3.410526316
1699.6,21765.62978,21.76562978,16996,785,832,5402,13056,3881,3646,92818,404,1633,163,3.325145044
1699.85,21767.26292,21.76726292,16998.5,781,850,5095,12697,3891,3687,92412,228,1537,248,3.782163072
1700.1,21768.89605,21.76889605,17001,778,819,5181,12837,3885,4015,92412,287,1643,183,2.900032598
1700.35,21770.52919,21.77052919,17003.5,745,861,5299,12859,3887,4327,92476,284,1482,225,2.6709664
1700.6,21772.16233,21.77216233,17006,724,832,4926,12024,3794,4056,92153,224,1579,214,2.465851905
1700.85,21773.79546,21.77379546,17008.5,835,803,5247,12063,3887,4239,92548,246,1495,197,3.96817905
1701.1,21775.4286,21.7754286,17011,766,837,5195,12152,3773,3547,92175,320,1497,151,2.715609408
1701.35,21777.06174,21.77706174,17013.5,845,771,4833,12361,3789,3201,88039,389,1592,221,3.19638568
1701.6,21778.69487,21.77869487,17016,853,797,4868,12672,3734,2795,84810,333,1700,147,3.023328496
1701.85,21780.32801,21.78032801,17018.5,849,816,4995,13775,3566,3058,87763,319,1660,225,3.261581714
1702.1,21781.96115,21.78196115,17021,786,879,4867,13030,3902,2803,87756,229,1738,163,3.121304103
1702.35,21783.59429,21.78359429,17023.5,808,768,4902,13404,3521,2487,84612,263,1727,233,2.738334196
1702.6,21785.22742,21.78522742,17026,782,856,4975,10032,3558,2023,89807,430,1455,122,3.859256068
1702.85,21786.86056,21.78686056,17028.5,743,905,5084,10611,3708,2355,88783,387,1618,122,3.388131924
1703.1,21788.4937,21.7884937,17031,740,845,5014,11271,3801,3124,88423,441,1518,120,3.22945571
1703.35,21790.12683,21.79012683,17033.5,772,889,5000,10893,3682,1973,87003,439,1572,201,2.979949042
1703.6,21791.75997,21.79175997,17036,731,855,4950,10953,3635,1843,85784,226,1438,218,3.349120603
1703.85,21793.39311,21.79339311,17038.5,717,825,5005,10821,3716,1962,86106,426,1434,173,3.491315136
1704.1,21795.02625,21.79502625,17041,721,849,4826,10242,3534,2028,87028,345,1531,290,3.402762084
1704.35,21796.65938,21.79665938,17043.5,786,855,5073,10072,3706,2438,88772,342,1509,206,2.86728972
1704.6,21798.29252,21.79829252,17046,800,819,5238,10275,3884,2273,90398,398,1474,94,3.348633621
1704.85,21799.92566,21.79992566,17048.5,779,846,5158,9929,3831,2195,89781,261,1402,171,3.508314116
1705.1,21801.55879,21.80155879,17051,762,808,4883,9844,3785,2307,93623,484,1390,103,2.577410369
1705.35,21803.19193,21.80319193,17053.5,739,758,4808,9772,3699,2306,86997,297,1299,164,3.973114476
1705.6,21804.82507,21.80482507,17056,738,876,4946,9462,3826,2623,97430,136,1532,252,3.336503031
1705.85,21806.4582,21.8064582,17058.5,749,821,4884,9931,3876,2285,96182,273,1493,223,3.062673451
1706.1,21808.09134,21.80809134,17061,755,781,5082,10806,3883,2462,92134,334,1497,186,2.755856844
1706.35,21809.72448,21.80972448,17063.5,817,819,4915,10517,3721,2660,88442,479,1415,235,3.096544036
1706.6,21811.35762,21.81135762,17066,806,876,5306,11362,3909,2819,89396,324,1655,134,3.036352497
1706.85,21812.99075,21.81299075,17068.5,766,849,5019,10862,3898,2553,90690,499,1524,170,2.946586016
1707.1,21814.62389,21.81462389,17071,777,763,5061,11066,3709,2395,90315,352,1388,283,3.146304512
1707.35,21816.25703,21.81625703,17073.5,814,850,4809,10383,3711,2423,87080,488,1508,195,3.243134178
1707.6,21817.89016,21.81789016,17076,795,789,4547,10003,3478,2530,84407,449,1481,225,2.795538671
1707.85,21819.5233,21.8195233,17078.5,804,790,4863,10409,3514,2640,85462,311,1497,215,2.988260084
1708.1,21821.15644,21.82115644,17081,876,808,4552,9580,3361,2417,85929,259,1470,164,3.14127669
1708.35,21822.78958,21.82278958,17083.5,842,853,4806,9501,3553,2879,82843,467,1492,160,2.548819457
1708.6,21824.42271,21.82442271,17086,920,921,4601,9486,3374,2575,84982,383,1391,240,2.729837587
1708.85,21826.05585,21.82605585,17088.5,843,841,4553,9523,3532,2567,82608,504,1447,202,3.133222958
1709.1,21827.68899,21.82768899,17091,852,821,4707,9984,3641,3397,88919,240,1462,241,3.173128945
1709.35,21829.32212,21.82932212,17093.5,887,810,4599,9552,3470,2981,85032,395,1404,162,2.990354028
1709.6,21830.95526,21.83095526,17096,917,859,4503,9657,3329,2518,85254,453,1371,252,2.748405797
1709.85,21832.5884,21.8325884,17098.5,881,879,4422,8520,3235,2799,78045,343,1502,204,2.714804131
1710.1,21834.22153,21.83422153,17101,822,856,4219,8510,3207,2909,79539,437,1287,230,2.438502674
1710.35,21835.85467,21.83585467,17103.5,766,906,4508,8396,3362,6816,89799,397,1325,180,2.516518368
1710.6,21837.48781,21.83748781,17106,787,888,4430,7951,3215,5382,83946,425,1337,291,3.035355606
1710.85,21839.12095,21.83912095,17108.5,825,780,4543,8931,3257,2317,76801,299,1270,157,3.241116751
1711.1,21840.75408,21.84075408,17111,707,839,4782,8707,3360,2122,80673,330,1314,265,2.755049759
1711.6,21844.02036,21.84402036,17116,751,765,5338,9485,3882,2228,90863,387,1402,139,2.773868803
1711.85,21845.65349,21.84565349,17118.5,809,829,5795,10474,4089,2322,96997,246,1492,223,3.256348826
1712.1,21847.28663,21.84728663,17121,819,829,5629,10430,3987,2446,97306,473,1537,265,3.333374552
1712.35,21848.91977,21.84891977,17123.5,758,799,5441,9393,4172,3545,95703,227,1363,140,2.617362072
1712.85,21852.18604,21.85218604,17128.5,698,926,5394,7394,3964,10318,104998,278,1190,245,2.86866115
1713.1,21853.81918,21.85381918,17131,762,818,5292,9173,4008,3520,94396,354,1356,136,2.799572476
1713.35,21855.45232,21.85545232,17133.5,736,843,5474,9419,3955,2708,93337,497,1438,205,2.598388506
1713.6,21857.08545,21.85708545,17136,811,840,5461,9203,3912,2750,94596,326,1431,163,3.344357515
1713.85,21858.71859,21.85871859,17138.5,765,882,5030,7927,3964,7299,99257,348,1349,206,2.930119996
1714.1,21860.35173,21.86035173,17141,719,919,5104,7597,3715,11914,104759,469,1236,178,3.296011918
1714.35,21861.98486,21.86198486,17143.5,809,958,5238,8440,3866,4251,99815,123,1334,218,2.799700897
1714.6,21863.618,21.863618,17146,779,802,5331,11782,3956,3902,94498,247,1619,234,3.051237136
1714.85,21865.25114,21.86525114,17148.5,801,862,5535,11778,3896,3762,97043,267,1353,234,2.439593559
1715.1,21866.88428,21.86688428,17151,782,885,5566,11128,3903,4237,94588,418,1405,323,2.283853952
1715.35,21868.54754,21.86854754,17153.5,808,825,5655,10641,4073,4009,92464,527,1554,193,2.704630671
1715.6,21870.21081,21.87021081,17156,807,814,5486,10747,4096,3650,90812,302,1500,153,3.283413097
1715.85,21871.87407,21.87187407,17158.5,776,764,5722,10686,4269,3927,95756,338,1403,210,3.234165762
1716.1,21873.53734,21.87353734,17161,784,814,5916,8281,4209,3779,101274,420,1291,165,3.553757689
1716.35,21875.20061,21.87520061,17163.5,776,835,5924,7633,3992,3880,104994,280,1350,266,3.041821946
1716.6,21876.86387,21.87686387,17166,726,868,5547,7744,4006,4425,111984,454,1199,218,3.613374725
1716.85,21878.52714,21.87852714,17168.5,777,833,5349,8808,4038,4058,106320,245,1336,115,3.186106852
1717.1,21880.1904,21.8801904,17171,804,881,5828,11326,4168,4728,96329,293,1566,232,2.567814146
1717.35,21881.85367,21.88185367,17173.5,761,839,5746,12050,4143,4541,92894,463,1649,234,3.326126126
1717.85,21885.1802,21.8851802,17178.5,773,827,5717,13890,3961,4349,90239,484,1817,264,2.76733803
1718.1,21886.84347,21.88684347,17181,770,826,5764,7806,4073,3451,101542,344,1271,164,2.387287509
1718.35,21888.50674,21.88850674,17183.5,725,888,5543,4867,4115,2779,111628,40,1145,232,3.301162381
1718.6,21890.17,21.89017,17186,702,852,5526,4254,4120,3620,111101,397,1083,179,2.867089276
1718.85,21891.83327,21.89183327,17188.5,713,891,5486,3825,4111,4763,112531,274,855,214,3.236390839
1719.1,21893.49653,21.89349653,17191,655,938,5306,3365,3852,3177,114263,377,942,171,3.039582188
1719.35,21895.1598,21.8951598,17193.5,706,955,5205,3732,3706,1783,117918,281,987,217,3.118380406
1719.6,21896.82307,21.89682307,17196,663,962,5039,3811,3742,1819,118575,333,946,194,3.418084474
1719.85,21898.48633,21.89848633,17198.5,676,958,5008,5885,3811,2000,110329,420,1171,94,2.833180006
1720.1,21900.1496,21.9001496,17201,746,815,5876,8819,4200,2180,105731,302,1400,181,3.007834915
1720.35,21901.81286,21.90181286,17203.5,772,698,5842,10302,4115,1819,97336,263,1468,225,2.60587894
1720.6,21903.47613,21.90347613,17206,802,807,5577,10087,4218,1707,99366,384,1440,108,3.090266083
1720.85,21905.1394,21.9051394,17208.5,781,738,5878,10437,4243,1769,95000,284,1475,265,2.404200442
1721.1,21906.80266,21.90680266,17211,767,754,5736,10181,4258,1617,94573,371,1384,256,2.279386118
1721.35,21908.46593,21.90846593,17213.5,806,731,5695,10141,4242,1555,94601,229,1436,201,2.890215554
1721.6,21910.12919,21.91012919,17216,801,740,5826,9432,4125,1479,94570,179,1387,287,3.453262558
1721.85,21911.79246,21.91179246,17218.5,751,680,5677,9553,4178,1761,93306,244,1434,193,3.043822844
1722.1,21913.45573,21.91345573,17221,714,646,5430,9882,4184,1642,92846,337,1419,299,2.78443798
1722.35,21915.11899,21.91511899,17223.5,777,723,5740,9711,4077,1874,91949,270,1488,344,2.65608032
1722.85,21918.44552,21.91844552,17228.5,814,808,5728,9810,4044,1767,96684,256,1470,160,2.276629839
1723.1,21920.10879,21.92010879,17231,820,733,5862,9763,4264,2017,94573,256,1551,290,2.799873137
1723.35,21921.77206,21.92177206,17233.5,788,772,5826,9104,4130,1877,95303,255,1169,322,2.824774354
1723.6,21923.43532,21.92343532,17236,833,742,5830,8773,4133,1797,95825,294,1337,289,2.562610723
1723.85,21925.09859,21.92509859,17238.5,767,737,5733,8120,4078,1768,94526,250,1316,269,2.80252443
1724.35,21928.42512,21.92842512,17243.5,792,808,5548,7260,3883,2154,102526,465,1156,291,2.679666298
1724.6,21930.08839,21.93008839,17246,699,826,5287,7261,4017,2303,103151,267,1018,176,2.669524552
1724.85,21931.75165,21.93175165,17248.5,714,722,5335,7190,3908,2077,96342,214,1092,210,3.025802032
1725.1,21933.41492,21.93341492,17251,714,709,5545,8412,4195,1916,93865,139,1322,201,2.505089059
1725.35,21935.07819,21.93507819,17253.5,715,686,5209,8242,4066,1675,90752,218,1229,124,2.612798704
1725.6,21936.74145,21.93674145,17256,698,802,5265,7837,3943,1731,94312,273,1315,208,2.735617183
1725.85,21938.40472,21.93840472,17258.5,748,757,5377,8174,3983,1772,94355,315,1404,292,2.552984166
1726.1,21940.06798,21.94006798,17261,737,719,5279,9386,3919,1755,88809,90,1473,229,2.761719161
1726.35,21941.73125,21.94173125,17263.5,785,694,5303,10146,3838,1577,85691,178,1595,299,2.831430788
1726.6,21943.39452,21.94339452,17266,742,634,5333,8761,4158,1769,88591,248,1346,211,3.55219896
1726.85,21945.05778,21.94505778,17268.5,765,714,5552,7935,4046,1772,90437,212,1332,216,3.330218447
1727.1,21946.72105,21.94672105,17271,737,725,5769,6712,4093,1805,90444,157,1110,307,2.744243421
1727.35,21948.38431,21.94838431,17273.5,795,716,5853,6195,4238,1908,94275,331,1225,289,2.646341463
1727.6,21950.04758,21.95004758,17276,756,695,5891,5526,4201,1729,94701,280,1218,409,2.776563949
1727.85,21951.71085,21.95171085,17278.5,789,792,5875,4898,4274,1783,97327,229,1232,292,3.055591467
1728.1,21953.37411,21.95337411,17281,782,821,5885,4142,4159,1860,102786,344,953,355,2.901981562
1728.35,21955.03738,21.95503738,17283.5,766,825,5750,2972,4364,1913,104044,193,1002,224,2.475307051
1728.6,21956.70064,21.95670064,17286,812,808,5750,2949,4266,1795,102691,359,993,245,2.939384356
1728.85,21958.36391,21.95836391,17288.5,805,787,5748,2775,4240,2107,104148,326,1025,201,2.755159933
1729.1,21960.02718,21.96002718,17291,724,931,5166,2472,3919,2608,113563,414,816,241,2.877753304
1730.85,21971.67004,21.97167004,17308.5,770,831,5312,3526,4154,1654,104666,208,1051,197,3.287578419
1731.1,21973.33331,21.97333331,17311,818,763,5718,4905,4341,1857,97280,288,1119,218,2.410375216
1731.35,21974.99657,21.97499657,17313.5,816,730,5652,6383,4203,1931,92083,353,1172,207,3.127052521
1731.6,21976.65984,21.97665984,17316,846,743,5650,8277,4186,1908,92382,129,1358,302,2.966362537
1731.85,21978.3231,21.9783231,17318.5,820,787,5714,8709,4155,1672,92468,298,1243,212,2.847404247
1732.1,21979.98637,21.97998637,17321,779,784,5542,9161,4052,1741,90171,305,1465,252,2.826208467
1732.35,21981.64964,21.98164964,17323.5,818,731,5648,9556,4121,1964,92244,238,1387,221,2.749534451
1732.6,21983.3129,21.9833129,17326,793,721,5442,10019,4015,2404,90605,204,1546,267,2.97996357
1732.85,21984.97617,21.98497617,17328.5,831,735,5408,10084,4154,2198,91075,327,1436,236,2.457230602
1733.1,21986.63943,21.98663943,17331,774,812,5559,10195,4037,2095,91645,327,1524,255,2.655277369
1733.35,21988.3027,21.9883027,17333.5,816,778,5381,9873,4132,2054,91673,321,1515,237,3.09583189
1733.6,21989.96597,21.98996597,17336,813,762,5599,9597,4065,2227,93452,350,1444,220,2.8822305
1733.85,21991.62923,21.99162923,17338.5,786,738,5458,9897,3936,2469,93815,437,1417,315,2.925318368
1734.1,21993.2925,21.9932925,17341,818,772,5412,10111,4039,2490,93962,370,1504,194,2.867124482
1734.35,21994.95576,21.99495576,17343.5,865,786,5382,10553,3895,2378,92203,379,1457,293,2.766622272
1734.6,21996.61903,21.99661903,17346,797,700,5390,10805,3934,1936,89428,174,1622,265,2.847120533
1735.1,21999.94556,21.99994556,17351,760,748,4858,13658,3688,1582,81957,398,1726,244,2.794388565
1735.35,22001.56401,22.00156401,17353.5,812,752,5128,9585,3949,1480,90988,431,1559,229,2.519372429
1735.85,22004.80091,22.00480091,17358.5,804,787,6062,6645,4165,2030,94290,225,1229,267,3.030186608
1736.1,22006.41936,22.00641936,17361,830,846,5993,6666,4368,1909,97542,343,1251,193,2.952164993
1736.35,22008.03781,22.00803781,17363.5,797,702,5962,6222,4376,2488,98285,316,1325,245,3.157575758
1737.1,22012.89316,22.01289316,17371,727,825,5257,3852,4051,11383,120806,275,842,201,2.781941164
1737.35,22014.51161,22.01451161,17373.5,782,895,5621,4584,3984,4615,117548,499,1047,340,2.893631772
1737.6,22016.13006,22.01613006,17376,815,891,5432,6144,4180,2174,119646,364,1086,205,2.755341559
1737.85,22017.74851,22.01774851,17378.5,809,833,5777,7582,4164,2143,115037,206,1315,271,2.912893803
1738.1,22019.36695,22.01936695,17381,746,754,5648,8328,4241,2531,108803,234,1258,231,2.454300074
1738.35,22020.9854,22.0209854,17383.5,834,780,5667,9282,4288,3354,104220,125,1342,227,2.799685699
1738.6,22022.60385,22.02260385,17386,743,704,5759,10090,4060,3252,100167,345,1489,302,2.126815252
1738.85,22024.2223,22.0242223,17388.5,840,787,5939,10371,4346,3286,98495,344,1514,241,2.415602066
1739.1,22025.84075,22.02584075,17391,836,731,5623,11104,4221,2758,95860,322,1580,249,2.858934859
1739.35,22027.4592,22.0274592,17393.5,801,714,5382,11213,4089,2808,90927,229,1581,159,2.517912263
1739.6,22029.07765,22.02907765,17396,795,724,5725,10920,4175,2872,92567,148,1575,266,2.436907367
1739.85,22030.6961,22.0306961,17398.5,822,677,5621,9887,4166,2578,92184,189,1436,121,2.766406415
1740.1,22032.31455,22.03231455,17401,723,678,5498,9243,3902,2357,90224,348,1307,199,2.852029159
1740.35,22033.933,22.033933,17403.5,852,663,5478,9428,3898,2085,90815,232,1394,206,2.447964652
1740.6,22035.55145,22.03555145,17406,784,710,5590,9517,3988,2366,91774,317,1376,159,2.437098602
1740.85,22037.1699,22.0371699,17408.5,758,722,5658,9490,3875,2427,91018,315,1401,257,2.389215163
1741.1,22038.78835,22.03878835,17411,744,702,5621,9464,3899,1938,90569,267,1401,288,2.390585832
1741.35,22040.4068,22.0404068,17413.5,765,652,5474,9522,3864,1985,90487,153,1339,252,2.846013875
1741.6,22042.02525,22.04202525,17416,708,681,5256,9332,3660,2022,89553,186,1349,324,2.410472183
1741.85,22043.64369,22.04364369,17418.5,761,675,5211,9355,3770,1888,89882,186,1292,254,2.508496864
1742.1,22045.26214,22.04526214,17421,697,689,5292,8939,3749,2146,88880,315,1324,285,2.904886067
1742.35,22046.88059,22.04688059,17423.5,743,630,5191,9024,3854,2043,88869,399,1342,188,2.149267632
1742.6,22048.49904,22.04849904,17426,698,709,5291,9106,3742,2015,89600,184,1383,239,2.444412798
1742.85,22050.11749,22.05011749,17428.5,765,650,5412,9232,3949,1914,90274,170,1400,230,2.801707673
1743.1,22051.73594,22.05173594,17431,826,649,5538,9332,3938,1865,92657,273,1406,313,2.833734413
1743.35,22053.35439,22.05335439,17433.5,845,763,5628,9607,3974,1931,94786,366,1372,332,2.914674635
1743.6,22054.97284,22.05497284,17436,798,718,5493,9227,3932,1980,94154,342,1408,239,2.69945072
1743.85,22056.59129,22.05659129,17438.5,781,660,5275,9283,3931,2013,93733,288,1393,209,3.376868607
1744.1,22058.20974,22.05820974,17441,793,753,5218,9310,3930,2250,94043,164,1432,268,2.57882377
1744.35,22059.82819,22.05982819,17443.5,778,718,5394,9825,4007,2180,94031,155,1297,249,2.444391725
1744.6,22061.44664,22.06144664,17446,804,769,5710,9867,4141,2069,96365,319,1537,248,2.607006929
1745.1,22064.68354,22.06468354,17451,759,772,5456,9867,4294,2345,100395,208,1331,192,2.647560976
1745.35,22066.30199,22.06630199,17453.5,734,745,5516,9822,4041,2214,100015,212,1473,323,2.831533006
1745.6,22067.92043,22.06792043,17456,756,761,5681,9900,4152,2455,96848,209,1370,259,2.59399428
1745.85,22069.53888,22.06953888,17458.5,765,724,5716,9882,4100,2437,96671,423,1271,204,2.751967231
1746.1,22071.15733,22.07115733,17461,764,774,5608,10217,4254,2296,96843,277,1514,154,2.622376917
1746.35,22072.77578,22.07277578,17463.5,664,763,5509,9853,4105,2722,96617,252,1510,216,2.696822012
1746.85,22076.01268,22.07601268,17468.5,768,742,5806,10405,4298,2571,98514,255,1400,174,2.568706697
1747.1,22077.63113,22.07763113,17471,776,772,5482,9792,4020,2599,97019,373,1399,321,2.444503974
1747.35,22079.24958,22.07924958,17473.5,789,777,5584,10022,4194,2417,97133,288,1406,205,2.898612015
1747.6,22080.86803,22.08086803,17476,758,831,5503,10177,4222,2758,99199,194,1473,235,2.319086347
1747.85,22082.48648,22.08248648,17478.5,804,771,5864,10655,4554,2835,102044,242,1383,152,2.37103279
1748.1,22084.10493,22.08410493,17481,786,785,5938,10737,4238,2651,101393,277,1395,279,2.868105516
1748.35,22085.72338,22.08572338,17483.5,758,806,5901,10527,4388,2769,101441,115,1452,246,2.577275799
1748.6,22087.34183,22.08734183,17486,798,825,5763,10490,4230,2862,101786,139,1284,220,2.577265333
1748.85,22088.96028,22.08896028,17488.5,780,796,5745,10246,4324,2840,100643,475,1322,230,2.74043913
1749.1,22090.57873,22.09057873,17491,736,732,5892,9948,4217,2929,100661,179,1315,263,2.25235647
1749.35,22092.19718,22.09219718,17493.5,768,738,5553,9972,4210,2812,99966,176,1310,224,2.841963031
1749.6,22093.81562,22.09381562,17496,742,812,5748,10065,4149,2733,100049,225,1354,292,2.491541179
1749.85,22095.43407,22.09543407,17498.5,753,781,5658,9973,4008,2863,100683,406,1392,294,2.594475655
1750.1,22097.05252,22.09705252,17501,824,766,5606,9837,4158,2813,99328,321,1378,252,2.2168563
1750.35,22098.67097,22.09867097,17503.5,757,792,5637,9935,4219,2964,99830,256,1402,138,2.778984772
1750.6,22100.28942,22.10028942,17506,798,735,5707,10197,4283,3085,101144,289,1372,188,2.63753136
1750.85,22101.90787,22.10190787,17508.5,739,769,5649,9953,4117,2696,102297,327,1418,268,2.971733808
1751.1,22103.52632,22.10352632,17511,771,789,5649,10040,4235,2813,100759,201,1389,271,2.633046993
1751.35,22105.14477,22.10514477,17513.5,701,785,5787,9993,4095,2963,100878,149,1298,232,2.475844736
1751.6,22106.76322,22.10676322,17516,827,799,5690,10086,4385,2960,101721,208,1417,173,2.628809903
1751.85,22108.38167,22.10838167,17518.5,804,763,5692,10009,4224,2993,101342,320,1365,350,2.563568631
1752.1,22110.00012,22.11000012,17521,723,723,5603,9924,4170,3208,99076,262,1308,266,2.458455882
1752.35,22111.61857,22.11161857,17523.5,736,789,5756,9865,4313,3079,99347,226,1383,256,2.676007363
1752.6,22113.23702,22.11323702,17526,722,689,5625,9951,4044,3239,98589,450,1441,219,2.712954429
1752.85,22114.85547,22.11485547,17528.5,832,809,5707,10136,4278,3070,101693,286,1271,251,2.81233637
1753.35,22118.09236,22.11809236,17533.5,779,788,5805,10046,4185,3154,100534,200,1259,359,2.630201411
1753.6,22119.71081,22.11971081,17536,801,689,5773,10106,4307,3679,101061,204,1438,390,2.350783476
1754.35,22124.56616,22.12456616,17543.5,772,791,5704,10073,4224,3118,100928,210,1364,300,2.18816
1754.6,22126.18461,22.12618461,17546,774,749,5498,10110,4139,3270,101523,365,1505,212,2.516774791
1754.85,22127.80306,22.12780306,17548.5,769,819,5617,9966,4078,3103,101709,306,1491,361,2.375611034
1755.1,22129.42151,22.12942151,17551,779,734,5817,9984,4161,3097,100647,169,1304,379,2.522801932
1755.35,22131.12386,22.13112386,17553.5,795,737,5658,9925,4230,3091,100020,213,1225,209,2.642212518
1755.6,22132.8262,22.1328262,17556,769,767,5695,9814,4032,3260,98910,127,1393,298,3.210750651
1755.85,22134.52855,22.13452855,17558.5,778,746,5666,9963,4158,3340,99469,309,1301,171,2.403579223
1756.1,22136.2309,22.1362309,17561,764,738,5568,9947,4066,3263,99310,265,1371,296,2.578742457
1756.35,22137.93324,22.13793324,17563.5,736,823,5412,9701,4097,3266,99649,297,1335,249,2.485530846
1756.6,22139.63559,22.13963559,17566,719,807,5562,9814,4063,3488,97635,188,1278,206,3.272738569
1757.6,22146.44498,22.14644498,17576,751,780,5714,10128,4075,3395,101630,328,1371,238,2.772595955
1757.85,22148.14732,22.14814732,17578.5,777,783,5678,10105,3980,3256,100843,374,1333,336,2.227420181
1758.1,22149.84967,22.14984967,17581,729,817,5655,10018,4201,3301,100466,223,1436,194,2.876149803
1759.1,22156.65905,22.15665905,17591,714,817,5628,10117,3979,3243,99649,205,1399,309,2.863842495
1759.35,22158.3614,22.1583614,17593.5,755,786,5285,10121,3992,3054,98602,327,1377,296,2.717797138
1760.1,22163.46844,22.16346844,17601,815,848,5691,10196,4215,3455,98801,298,1357,345,3.075418307
1760.35,22165.17079,22.16517079,17603.5,844,773,5757,10447,4362,3376,102263,294,1354,281,2.308300747
1760.85,22168.57548,22.16857548,17608.5,851,781,5931,10817,4369,3188,104785,193,1619,280,2.443217808
1761.1,22170.27783,22.17027783,17611,809,733,5876,10556,4316,3212,104163,189,1504,249,2.537451592
1761.35,22171.98017,22.17198017,17613.5,803,733,5813,10598,4495,3017,104234,338,1362,256,2.461070342
1761.6,22173.68252,22.17368252,17616,771,779,5925,10562,4313,3214,103217,397,1377,205,2.265246693
1761.85,22175.38487,22.17538487,17618.5,981,675,5268,11467,4508,2645,93244,132,1414,219,2.297566372
1762.1,22177.08721,22.17708721,17621,960,602,4871,11751,4375,2217,93153,260,1488,250,2.515288221
1762.35,22178.78956,22.17878956,17623.5,901,752,5044,11898,4329,2238,94281,175,1695,284,2.24945593
1762.6,22180.49191,22.18049191,17626,899,753,5138,11207,4429,2438,94653,151,1590,210,2.22246239
1762.85,22182.19425,22.18219425,17628.5,874,733,5546,10849,4088,2502,97658,283,1677,227,3.030950206
1763.1,22183.8966,22.1838966,17631,879,743,5451,11709,4113,2664,94666,205,1613,307,2.35888439
1763.35,22185.59895,22.18559895,17633.5,822,697,5617,11638,4226,2600,94513,231,1587,219,3.35244061
1763.6,22187.30129,22.18730129,17636,913,743,5581,11511,4247,2450,96585,89,1510,221,2.390141216
1763.85,22189.00364,22.18900364,17638.5,824,698,5491,11687,4140,2364,97730,283,1567,318,3.641584158
1764.1,22190.70599,22.19070599,17641,922,789,5459,11268,4429,2535,98967,225,1549,200,2.275100402
1764.35,22192.40833,22.19240833,17643.5,756,716,5569,10096,4216,2719,99037,138,1414,256,2.494030541
1764.6,22194.11068,22.19411068,17646,800,790,5541,9758,4120,2697,99526,195,1412,244,2.834403768
1764.85,22195.81303,22.19581303,17648.5,829,713,5486,9376,4213,2862,98626,267,1433,199,2.66914268
1765.1,22197.51537,22.19751537,17651,814,716,5577,9279,4061,2682,98866,313,1387,278,2.633360032
1765.35,22199.21772,22.19921772,17653.5,787,739,5570,9475,4316,2925,99760,279,1294,200,2.271662763
1765.6,22200.92007,22.20092007,17656,772,784,5553,9688,4039,2814,98201,295,1352,237,2.802480717
1765.85,22202.62241,22.20262241,17658.5,713,787,5397,9575,4185,2779,98120,246,1489,219,2.978194208
1766.1,22204.32476,22.20432476,17661,809,762,5509,9297,4164,2778,98032,184,1463,269,2.74082232
1766.35,22206.02711,22.20602711,17663.5,811,731,5563,8946,4299,2818,97816,287,1328,93,2.424536787
1766.6,22207.72945,22.20772945,17666,757,758,5553,9039,4383,2859,101596,366,1354,164,2.693379088
1766.85,22209.4318,22.2094318,17668.5,713,743,5301,8330,4125,2744,101963,256,1306,253,3.005048842
1767.1,22211.13415,22.21113415,17671,797,766,5527,8059,4122,2568,101334,272,1287,257,2.575438926
1767.35,22212.83649,22.21283649,17673.5,779,710,5564,8345,4197,2570,100074,336,1295,307,2.804603478
1767.6,22214.53884,22.21453884,17676,774,755,5695,8441,4201,2537,99624,311,1262,177,2.721366447
1767.85,22216.24119,22.21624119,17678.5,760,798,5597,8738,4166,2547,101509,236,1339,334,2.449602824
1768.1,22217.94353,22.21794353,17681,792,833,5501,8845,4167,2529,101299,298,1290,200,3.211331776
1768.35,22219.64588,22.21964588,17683.5,810,828,5487,9323,4343,2608,98735,318,1345,248,2.433667084
1768.6,22221.34822,22.22134822,17686,753,765,5443,9420,4137,2399,99339,327,1361,249,2.952412426
1768.85,22223.05057,22.22305057,17688.5,783,822,5577,9050,4188,2410,98201,332,1287,222,2.798481493
1769.1,22224.75292,22.22475292,17691,746,723,5227,10223,4147,2313,92261,283,1484,198,2.218269942
1769.35,22226.45526,22.22645526,17693.5,679,752,5266,10249,4026,2302,93622,351,1423,268,2.376942172
1769.6,22228.15761,22.22815761,17696,814,774,5393,10202,4007,2567,92061,332,1388,191,2.295384615
1769.85,22229.85996,22.22985996,17698.5,766,770,5327,11765,3826,2464,89441,198,1501,223,3.0343697
1770.1,22231.5623,22.2315623,17701,851,711,5210,10852,3929,2507,87768,276,1639,204,2.302286123
1770.35,22233.26465,22.23326465,17703.5,801,786,5383,7492,3954,3058,92324,245,1360,230,3.046355272
1770.6,22234.967,22.234967,17706,733,729,5597,4529,4077,4612,104433,131,1094,257,3.049165121
1770.85,22236.66934,22.23666934,17708.5,710,886,5298,4211,4019,8327,109362,264,882,163,2.539806719
1771.1,22238.37169,22.23837169,17711,708,818,5034,4007,3821,11730,111018,412,812,263,2.478041161
1771.35,22240.07404,22.24007404,17713.5,719,812,5195,4017,3985,14103,110680,228,969,195,2.434432234
1771.6,22241.77638,22.24177638,17716,717,772,5109,4140,3971,12969,109425,285,814,177,2.151524508
1771.85,22243.47873,22.24347873,17718.5,703,839,5134,3954,4102,13129,109907,333,923,113,2.506603861
1772.1,22245.18108,22.24518108,17721,729,781,5101,3579,3979,13082,111823,266,981,239,3.030020469
1772.35,22246.88342,22.24688342,17723.5,715,869,5050,3452,3807,9100,113847,208,918,326,2.627370002
1772.6,22248.58577,22.24858577,17726,709,847,4892,4217,3850,4521,115072,284,975,266,2.89300098
1772.85,22250.28812,22.25028812,17728.5,712,862,5097,4927,3897,3189,109767,349,943,267,3.33378899
1773.1,22251.99046,22.25199046,17731,728,864,5042,6115,3881,2772,109124,414,1179,289,2.940987124
1773.35,22253.69281,22.25369281,17733.5,792,755,5460,9299,3964,3551,95852,377,1309,180,2.365374355
1773.6,22255.39516,22.25539516,17736,815,791,5428,9292,3941,3489,92667,346,1330,292,2.846704412
1773.85,22257.0975,22.2570975,17738.5,854,769,5614,9546,4181,3305,93203,231,1445,170,2.586690018
1774.1,22258.79985,22.25879985,17741,855,733,5622,8805,4077,2944,95258,306,1412,194,3.048865034
1774.35,22260.5022,22.2605022,17743.5,887,813,5657,8708,4225,2764,97441,214,1300,216,2.563767586
1774.6,22262.20454,22.26220454,17746,858,781,5734,8778,4323,2440,97495,357,1368,191,2.944524943
1774.85,22263.90689,22.26390689,17748.5,820,846,5783,8618,4024,2712,97660,361,1262,379,2.571983748
1775.1,22265.60924,22.26560924,17751,849,763,5685,8673,4210,2665,98850,301,1379,321,2.270219874
1775.35,22267.26644,22.26726644,17753.5,930,828,6013,9132,4346,2755,101415,429,1328,281,3.559571286
1775.6,22268.92364,22.26892364,17756,929,823,5627,9096,4332,2766,98701,239,1441,228,2.757914873
1775.85,22270.58084,22.27058084,17758.5,886,767,5539,8976,4324,2725,96945,283,1404,122,3.019626979
1776.1,22272.23804,22.27223804,17761,837,818,5583,8425,4084,3071,97943,425,1225,219,2.915731483
1776.35,22273.89525,22.27389525,17763.5,888,836,5524,7721,4132,3033,98976,430,1074,198,2.908819133
1776.6,22275.55245,22.27555245,17766,823,866,5492,8808,4144,2708,97540,364,1248,190,3.018283337
1776.85,22277.20965,22.27720965,17768.5,899,784,5466,10274,4054,2445,96077,167,1387,191,2.685418746
1777.1,22278.86685,22.27886685,17771,838,826,5584,12172,4024,2479,98299,313,1560,226,2.298810704
1777.35,22280.52406,22.28052406,17773.5,823,777,5717,12059,4200,2334,101658,344,1623,131,3.557135471
1777.6,22282.18126,22.28218126,17776,848,783,5467,10882,4167,1975,102658,336,1419,199,2.426645236
1777.85,22283.83846,22.28383846,17778.5,821,804,5611,9430,4452,1998,104059,267,1535,167,3.444743245
1778.1,22285.49566,22.28549566,17781,837,800,5715,8513,4250,1857,99852,261,1374,208,2.61189316
1778.35,22287.15286,22.28715286,17783.5,854,822,5693,8040,4409,1819,99250,321,1277,144,3.090004327
1778.6,22288.81007,22.28881007,17786,943,776,5634,8040,4241,1795,93413,376,1263,169,2.777951831
1778.85,22290.46727,22.29046727,17788.5,949,728,5574,7789,4214,1831,91659,313,1252,132,2.607513915
1779.1,22292.12447,22.29212447,17791,792,746,5815,6718,4327,1867,101252,299,1214,141,2.974762373
1779.35,22293.78167,22.29378167,17793.5,741,759,5702,5615,4219,2603,106601,295,1084,227,2.555698293
1779.6,22295.43888,22.29543888,17796,697,801,5644,4869,4225,3682,108105,423,1084,149,2.557289304
1779.85,22297.09608,22.29709608,17798.5,794,787,5769,4848,4254,4543,108842,309,922,239,3.660007783
1780.1,22298.75328,22.29875328,17801,798,740,5746,5004,4257,4482,105615,283,960,280,3.445047319
1780.35,22300.41048,22.30041048,17803.5,746,800,5549,5050,4141,3961,103854,208,1112,283,2.563846509
1780.6,22302.06768,22.30206768,17806,788,752,5598,5092,4309,3222,100667,361,963,177,2.805508113
1780.85,22303.72489,22.30372489,17808.5,732,775,5339,5109,3894,2840,99432,369,1000,258,3.426479949
1781.1,22305.38209,22.30538209,17811,705,796,5658,5247,3895,2733,103379,316,1055,217,2.796187532
1781.35,22307.03929,22.30703929,17813.5,804,833,5790,6541,4168,2506,103111,131,1095,321,2.404281134
1781.6,22308.69649,22.30869649,17816,762,840,5611,7856,4101,2141,102072,136,1019,272,2.682819383
1781.85,22310.3537,22.3103537,17818.5,709,813,5667,8707,4172,2355,103038,198,1293,224,2.856669871
1782.1,22312.0109,22.3120109,17821,753,814,5558,9061,4077,2521,101446,315,1350,335,2.229025657
1782.35,22313.6681,22.3136681,17823.5,742,810,5383,9604,4234,2025,101495,311,1236,243,3.406218781
1782.6,22315.3253,22.3153253,17826,850,749,5944,9246,4055,2281,97873,357,1440,361,2.551792453
1782.85,22316.98251,22.31698251,17828.5,816,768,6006,8487,4408,2205,98208,152,1193,304,2.823342848
1783.1,22318.63971,22.31863971,17831,841,764,5756,8846,4168,2286,97471,232,1373,288,2.397184078
1783.35,22320.29691,22.32029691,17833.5,851,745,5821,8714,4306,2141,97879,251,1317,230,3.438410075
1783.6,22321.95411,22.32195411,17836,801,766,5824,8648,4399,2184,97576,293,1350,198,3.205251169
1783.85,22323.61131,22.32361131,17838.5,819,753,5743,8707,4251,2196,96671,335,1094,286,2.282264151
1784.1,22325.26852,22.32526852,17841,843,724,5701,9584,4082,2224,93714,312,1356,305,2.93658964
1784.35,22326.92572,22.32692572,17843.5,822,644,5519,11210,4130,1834,87310,352,1605,213,2.819004525
1784.6,22328.58292,22.32858292,17846,830,707,5966,7608,4404,1857,93312,145,1327,324,2.499953947
1784.85,22330.24012,22.33024012,17848.5,856,753,5939,5007,4533,1867,101551,232,1091,330,2.443833393
1785.1,22331.89733,22.33189733,17851,894,731,5840,4018,4618,1568,104789,209,923,220,2.574567829
1785.35,22333.55453,22.33355453,17853.5,873,739,5920,3647,4463,1643,106175,215,969,280,3.008345074
1785.6,22335.21173,22.33521173,17856,816,791,5852,4055,4591,1543,104014,251,1042,239,2.709486931
1785.85,22336.86893,22.33686893,17858.5,944,728,6465,4454,4899,1696,108095,219,1126,355,2.068748579
1786.1,22338.52613,22.33852613,17861,858,576,5622,4264,4370,1617,100502,129,969,777,3.022919725
1786.35,22340.18334,22.34018334,17863.5,853,679,5543,3797,4370,1593,103287,304,1133,767,2.568066451
1786.6,22341.84054,22.34184054,17866,886,682,5937,3589,4534,1715,108044,433,1028,623,2.820713487
1786.85,22343.49774,22.34349774,17868.5,900,760,6056,3506,4577,1757,108001,174,938,566,2.845884774
1787.1,22345.15494,22.34515494,17871,867,729,6069,3318,4864,1834,109996,242,1061,265,3.308523267
1787.35,22346.81215,22.34681215,17873.5,835,739,5857,3361,4609,1827,109576,233,892,292,2.799803922
1787.6,22348.46935,22.34846935,17876,873,771,6141,3248,4378,1789,111493,177,1002,323,2.311507625
1788.1,22351.78375,22.35178375,17881,791,818,5907,2797,4238,3047,114793,300,857,258,2.407168281
1788.35,22353.44095,22.35344095,17883.5,731,905,5482,2884,4151,3785,113897,327,858,229,2.569128456
1788.6,22355.09816,22.35509816,17886,736,818,5506,2938,4264,5501,114970,318,965,63,3.066404172
1788.85,22356.75536,22.35675536,17888.5,751,852,5264,2891,3885,3664,115596,167,792,302,2.938613073
1789.1,22358.41256,22.35841256,17891,730,808,5493,3013,4133,2467,118082,242,788,212,2.951710873
1789.35,22360.06976,22.36006976,17893.5,755,848,5500,3479,4390,2044,118333,254,1001,120,2.837220844
1789.6,22361.72697,22.36172697,17896,709,792,5242,3522,4110,1701,118415,274,1020,240,2.589328648
1789.85,22363.38417,22.36338417,17898.5,828,711,5692,4843,4348,1793,106732,178,984,326,2.265934066
1790.1,22365.04137,22.36504137,17901,821,776,5467,5079,4127,1735,106109,362,1048,282,2.578807826
1790.35,22366.69857,22.36669857,17903.5,814,767,5349,5242,4020,1719,107451,465,975,202,2.258485431
1790.6,22368.35577,22.36835577,17906,793,744,5160,5558,3974,1583,104610,283,1041,234,2.186635034
1790.85,22370.01298,22.37001298,17908.5,733,767,5344,5736,4180,1647,98543,240,1082,207,3.057496278
1791.1,22371.67018,22.37167018,17911,743,720,5231,5451,4178,1555,93370,287,1137,181,2.583569138
1791.35,22373.32738,22.37332738,17913.5,715,682,5019,5191,4062,1745,91608,249,1113,197,2.589970209
1791.6,22374.98458,22.37498458,17916,781,721,4938,4481,3531,1510,88068,224,1032,237,2.322589008
1792.35,22379.95619,22.37995619,17923.5,799,688,4054,3690,3235,1576,79792,347,781,129,3.047613584
1792.6,22381.61339,22.38161339,17926,880,755,4101,3873,3182,1191,85377,367,904,129,2.871807466
1792.85,22383.27059,22.38327059,17928.5,826,665,3907,3694,2890,1379,78643,398,882,148,2.676386454
1793.1,22384.9278,22.3849278,17931,848,767,3902,3613,2880,1632,77078,365,897,180,2.745207389
1793.35,22386.585,22.386585,17933.5,822,816,3955,2658,2759,1335,83579,427,818,201,3.015597742
1793.6,22388.2422,22.3882422,17936,910,839,3649,3771,2780,1277,81713,308,723,79,3.231118805
1793.85,22389.8994,22.3898994,17938.5,940,781,3755,7053,2705,1619,67722,494,1142,148,3.11945738
1794.35,22393.21381,22.39321381,17943.5,1072,764,3952,7980,2811,1377,71776,318,1194,159,2.62915952
1794.6,22394.87101,22.39487101,17946,986,823,3937,8021,3032,1575,71435,340,1154,156,3.493171296
1794.85,22396.52821,22.39652821,17948.5,1026,867,4065,7902,3017,1822,72602,336,1319,152,3.343695271
1795.1,22398.18541,22.39818541,17951,951,835,3882,8247,2876,1936,73437,440,1277,195,2.647694335
1795.35,22399.78925,22.39978925,17953.5,1001,796,4164,8960,3122,1988,73899,298,1194,111,2.939421248
1795.6,22401.39308,22.40139308,17956,1068,822,3792,8005,2859,1602,68351,485,1277,169,2.451514915
1795.85,22402.99692,22.40299692,17958.5,1086,867,4208,7648,3040,1575,76442,408,1213,159,2.900792514
1796.1,22404.60075,22.40460075,17961,1077,782,3714,7094,2706,1577,74129,398,1230,168,3.045979319
1796.35,22406.20458,22.40620458,17963.5,1067,788,4167,7607,3012,1798,71749,425,1226,152,3.002165354
1796.6,22407.80842,22.40780842,17966,1021,832,4087,8005,2999,2057,73849,328,1231,95,2.807076587
1796.85,22409.41225,22.40941225,17968.5,995,781,4349,8358,3132,2342,75964,309,1226,134,2.720453319
1797.35,22412.61992,22.41261992,17973.5,924,775,3835,7883,2913,2181,99387,340,1275,258,2.85239958
1797.6,22414.22375,22.41422375,17976,979,785,3996,8709,3116,2187,90806,326,1477,207,3.079363481
1797.85,22415.82758,22.41582758,17978.5,988,835,4326,9521,3212,2287,78823,385,1302,162,2.51527036
1798.1,22417.43142,22.41743142,17981,1064,815,4467,10007,3395,2521,79555,492,1447,180,2.62467683
1798.35,22419.03525,22.41903525,17983.5,1067,871,4538,10231,3408,2790,83689,295,1440,223,2.631087828
1798.85,22420.63908,22.42063908,17988.5,1027,781,4219,9550,3116,2562,76481,547,1426,172,2.978941153
1799.1,22423.84675,22.42384675,17991,990,792,4227,9419,3160,2955,76065,405,1466,154,3.133883632
1799.35,22425.45058,22.42545058,17993.5,1056,819,4042,9238,3374,2750,75483,352,1344,142,2.554469034
1799.6,22427.05442,22.42705442,17996,966,801,4035,9143,3047,3008,74986,359,1329,203,2.786130914
1799.85,22428.65825,22.42865825,17998.5,952,790,4174,9238,3151,3038,75797,467,1344,174,3.307627387
1800.45,22433.46975,22.43346975,18004.5,892,1057,3632,8131,3044,3433,71438,380,1195,48,5.001508978
1800.7,22435.07359,22.43507359,18007,959,1080,3846,8688,3040,2862,77085,503,1313,161,4.114903726
1800.95,22436.67742,22.43667742,18009.5,962,1010,3698,8524,2915,2276,78523,571,1303,118,4.202704477
1801.2,22438.28125,22.43828125,18012,937,1014,3778,8767,2858,1969,83933,494,1445,172,3.541968004
1801.45,22439.88509,22.43988509,18014.5,980,1045,3361,7539,2793,1351,86194,525,1339,170,4.157686734
1801.7,22441.48892,22.44148892,18017,902,1004,3428,7484,2837,1359,87340,336,1372,204,3.067499754
1801.95,22443.09275,22.44309275,18019.5,926,977,3598,8122,2943,1482,89004,440,1348,210,4.588152548
1802.2,22444.69659,22.44469659,18022,973,907,4006,8802,3171,2256,81027,510,1281,13,3.232662426
1802.45,22446.30042,22.44630042,18024.5,879,910,3949,9061,3102,2510,73083,442,1334,54,3.73854514
1802.7,22447.90425,22.44790425,18027,917,846,3643,8231,3004,2550,70664,382,1263,18,4.573522383
1802.95,22449.50809,22.44950809,18029.5,844,961,3978,8633,3126,2924,74594,297,1154,57,4.078583287
1803.2,22451.11192,22.45111192,18032,835,986,3638,8124,3050,3207,72901,562,1247,62,3.560495542
1803.45,22452.71575,22.45271575,18034.5,855,1018,3331,7094,2612,3520,68480,645,1209,85,3.69189862
1803.7,22454.31959,22.45431959,18037,928,1007,3605,7598,2854,3102,70884,474,1143,74,3.446160734
1803.95,22455.92342,22.45592342,18039.5,804,968,3723,7740,2972,3160,73336,425,1366,144,3.52311266
1804.45,22457.52726,22.45752726,18044.5,914,1116,2811,5842,2297,3691,61784,600,1040,35,5.029848485
1805.45,22459.13109,22.45913109,18054.5,838,859,5385,9789,3914,2488,90373,355,1548,954,3.629364972
1805.7,22467.15026,22.46715026,18057,809,767,6096,10481,4297,2697,102913,17,1544,1226,2.75547138
1805.95,22468.75409,22.46875409,18059.5,845,810,6164,10681,4692,3317,107170,232,1599,667,3.15246056
1806.2,22470.35792,22.47035792,18062,770,845,6147,10507,4673,3395,108353,294,1563,563,3.42554312
1806.45,22471.96176,22.47196176,18064.5,723,808,5956,9585,4600,3832,110321,293,1396,873,3.045647059
1806.7,22473.56559,22.47356559,18067,759,932,5762,8817,4736,5705,111525,232,1409,1918,4.123001425
1806.95,22475.16942,22.47516942,18069.5,750,810,5896,9301,4707,6078,110695,429,1373,1959,2.769127655
1807.2,22476.77326,22.47677326,18072,829,853,5923,9670,4634,3490,107647,214,1387,1418,3.20495415
1807.45,22478.37709,22.47837709,18074.5,764,805,5837,10571,4444,3075,105035,319,1400,572,2.611834908
1807.7,22479.98092,22.47998092,18077,721,770,6094,11463,4550,2769,104624,358,1591,1460,3.304153925
1807.95,22481.58476,22.48158476,18079.5,773,745,6032,10860,4738,2514,101341,305,1465,1775,2.796263146
1808.2,22483.18859,22.48318859,18082,784,748,5912,11214,4917,2394,104695,298,1622,1883,3.746678609
1808.45,22484.79243,22.48479243,18084.5,798,719,6017,10955,4824,2247,100649,234,1628,1371,3.150676353
1808.7,22486.39626,22.48639626,18087,883,722,5964,10459,4847,2171,102620,231,1685,1615,2.778030057
1808.95,22488.00009,22.48800009,18089.5,894,684,6093,11249,4836,2318,103403,111,1710,1565,3.11419095
1809.2,22489.60393,22.48960393,18092,813,825,6111,10719,4893,2243,106340,462,1595,794,2.914030819
1809.45,22491.20776,22.49120776,18094.5,810,765,6061,10405,4675,2273,105421,383,1423,755,2.660035048
1809.7,22492.81159,22.49281159,18097,814,797,5948,10388,4541,2395,103423,331,1591,995,2.812146278
1809.95,22494.41543,22.49441543,18099.5,798,878,6022,10851,4802,2508,103507,312,1349,572,3.052224148
1810.2,22496.01926,22.49601926,18102,821,774,5878,10341,4421,2164,103841,248,1374,452,3.415305585
1810.45,22497.62309,22.49762309,18104.5,826,880,5773,10537,4672,2261,100131,197,1585,264,3.603455425
1810.7,22499.22693,22.49922693,18107,842,765,5738,11422,4687,2254,104823,154,1556,203,3.454179124
1810.95,22500.83076,22.50083076,18109.5,808,764,5730,11694,4422,2650,100575,109,1482,153,3.088187325
1811.2,22502.43459,22.50243459,18112,773,869,5594,14000,4348,2401,95039,279,1743,140,3.204112719
1811.45,22504.03843,22.50403843,18114.5,797,759,5619,13088,4467,2121,96173,225,1844,220,3.024883178
1811.7,22505.64226,22.50564226,18117,835,736,5810,9662,4697,2836,100682,275,1393,86,3.490894375
1811.95,22507.2461,22.5072461,18119.5,850,810,6074,8062,4593,3227,105405,321,1237,259,2.545165141
1812.2,22508.84993,22.50884993,18122,824,746,6331,7253,4664,2407,107081,334,1282,328,4.016527695
1812.45,22510.45376,22.51045376,18124.5,788,787,6107,6575,4708,2127,105516,266,1120,838,3.547248885
1812.7,22512.0576,22.5120576,18127,703,740,6040,6357,4619,1968,104776,226,1267,469,4.165471066
1812.95,22513.66143,22.51366143,18129.5,717,832,6072,6075,4466,2086,105400,181,1314,510,3.672138107
1813.2,22515.26526,22.51526526,18132,811,757,6011,5999,4548,2158,105786,277,1076,369,4.581967213
1813.45,22516.8691,22.5168691,18134.5,698,687,5870,5795,4677,2362,105287,183,1165,282,3.028868907
1813.7,22518.47293,22.51847293,18137,765,806,6026,5548,4680,2925,109451,255,1219,266,2.758262202
1813.95,22520.07676,22.52007676,18139.5,714,838,5621,4996,4216,4831,110267,149,1052,544,3.04621139
1814.2,22521.6806,22.5216806,18142,759,829,5804,5638,4525,5592,112713,362,1012,755,3.001845657
1814.45,22523.28443,22.52328443,18144.5,697,831,5913,6721,4462,4541,109344,247,1068,454,3.186758424
1814.7,22524.88826,22.52488826,18147,796,754,5920,7052,4383,4356,105666,168,1153,223,3.591054758
1814.95,22526.4921,22.5264921,18149.5,759,798,5898,6636,4498,5868,106483,256,1150,203,3.186513807
1815.2,22528.13137,22.52813137,18152,819,876,5981,5753,4585,6238,112684,310,1134,319,3.178849535
1815.45,22529.77064,22.52977064,18154.5,697,792,5790,5622,4564,4068,115597,335,1083,217,3.221295945
1815.7,22531.40992,22.53140992,18157,739,905,5831,5085,4456,5331,117663,284,1046,146,3.128775462
1816.2,22534.68846,22.53468846,18162,640,897,5427,5650,4109,6797,121717,284,1041,187,3.077153974
1816.45,22536.32774,22.53632774,18164.5,829,824,5547,8316,4411,2966,107838,353,1243,175,2.795315577
1816.7,22537.96701,22.53796701,18167,765,949,6001,9600,4483,2866,109566,411,1417,136,3.12006337
1816.95,22539.60628,22.53960628,18169.5,768,856,5657,10163,4292,2916,110976,348,1332,165,3.690438759
1817.2,22541.24556,22.54124556,18172,779,832,5583,11010,4250,2842,105500,369,1515,130,3.844152004
1817.45,22542.88483,22.54288483,18174.5,728,773,5545,11467,4261,2587,101187,229,1788,117,2.62927284
1817.7,22544.5241,22.5445241,18177,836,821,5822,7933,4611,4741,107703,115,1513,222,2.849316543
1817.95,22546.16337,22.54616337,18179.5,775,841,6029,7102,4803,4572,108913,206,1430,276,2.972324299
1818.2,22547.80265,22.54780265,18182,831,820,6097,6664,4612,4369,106121,354,1379,213,3.512409928
1818.45,22549.44192,22.54944192,18184.5,758,761,6191,5633,4765,4156,106519,276,1291,153,3.513313609
1818.7,22551.08119,22.55108119,18187,839,729,6080,4978,4756,3957,107153,161,977,202,2.910093583
1818.95,22552.72047,22.55272047,18189.5,788,787,6221,4293,4793,3707,105701,294,986,184,3.28104164
1819.2,22554.35974,22.55435974,18192,785,666,6141,3657,4886,4101,109244,365,1113,21,2.493211828
1819.45,22555.99901,22.55599901,18194.5,803,755,6194,3400,4472,3656,109965,185,997,145,3.242345431
1819.7,22557.63829,22.55763829,18197,768,825,5848,3010,4566,3579,112889,244,1004,214,3.582747431
1819.95,22559.27756,22.55927756,18199.5,700,898,5380,2691,4149,4815,111914,372,893,121,3.867854184
1820.2,22560.91683,22.56091683,18202,614,1028,4607,2331,3557,5199,118276,264,576,66,3.92588643
1820.45,22562.55611,22.56255611,18204.5,612,1056,4620,2422,3499,4977,120005,433,675,35,3.474595129
1820.7,22564.19538,22.56419538,18207,674,1029,4896,2652,3982,3805,120622,345,702,95,3.683566434
1820.95,22565.83465,22.56583465,18209.5,647,965,4985,2692,3890,6605,125856,192,782,69,3.504750154
1821.2,22567.47392,22.56747392,18212,707,880,5502,2903,4357,3577,120425,428,864,77,3.821471332
1821.45,22569.1132,22.5691132,18214.5,806,881,5563,3205,4316,1823,107863,303,810,119,3.623098293
1821.7,22570.75247,22.57075247,18217,756,777,5703,4092,4488,2050,105323,248,873,188,4.256060363
1821.95,22572.39174,22.57239174,18219.5,701,797,5623,3995,4481,1580,109414,245,995,83,3.215424899
1822.2,22574.03102,22.57403102,18222,689,923,5598,4012,3992,1601,118201,375,891,150,3.615810811
1822.45,22575.67029,22.57567029,18224.5,721,878,5727,3945,4430,1687,116916,362,906,150,3.994772999
1822.7,22577.30956,22.57730956,18227,703,817,5696,4318,4405,1375,108798,273,1038,226,3.54831849
1822.95,22578.94884,22.57894884,18229.5,738,784,6096,4980,4632,1820,112434,266,952,156,3.299460652
1823.2,22580.58811,22.58058811,18232,713,831,6094,5279,4584,1998,109348,213,1039,231,2.879773843
1823.45,22582.22738,22.58222738,18234.5,787,761,5856,5294,4757,1657,107023,125,1098,93,2.892682927
1823.7,22583.86665,22.58386665,18237,771,818,5932,5112,4525,1922,107945,334,1124,165,4.014560099
1823.95,22585.50593,22.58550593,18239.5,739,752,6022,4703,4548,1849,109137,225,964,103,3.110031605
1824.2,22587.1452,22.5871452,18242,782,769,5776,5802,4542,1813,108879,243,1014,154,3.400891453
1824.45,22588.78447,22.58878447,18244.5,711,792,5755,6234,4514,1719,110359,248,988,84,2.984644914
1824.7,22590.42375,22.59042375,18247,760,758,5658,8095,4213,1632,104037,198,1002,215,3.159501558
1824.95,22592.06302,22.59206302,18249.5,739,796,5700,8230,4056,1570,104216,364,1348,212,2.8972401
1825.2,22593.70229,22.59370229,18252,731,927,5734,8396,4362,1571,113027,254,1146,73,3.674857973
1825.45,22595.34157,22.59534157,18254.5,744,761,6198,9113,4653,1779,109906,276,1205,110,3.882720432
1825.7,22596.98084,22.59698084,18257,767,787,6161,9296,4900,1779,103816,330,1495,183,3.080525883
1825.95,22598.62011,22.59862011,18259.5,829,790,6215,9251,4825,1855,104264,317,1291,113,3.0801812
1826.2,22600.25939,22.60025939,18262,849,767,6355,9244,5025,1902,106037,269,1293,90,3.80715419
1826.45,22601.89866,22.60189866,18264.5,771,756,6368,9264,4817,1912,105796,168,1313,143,4.082191781
1826.7,22603.53793,22.60353793,18267,835,765,6150,9615,4633,1887,105231,209,1386,153,2.843039848
1826.95,22605.1772,22.6051772,18269.5,815,701,6101,9193,4660,2022,104036,278,1225,154,3.034173669
1827.2,22606.81648,22.60681648,18272,728,772,6113,8470,4730,2160,103874,354,1375,149,3.796505653
1827.45,22608.45575,22.60845575,18274.5,831,701,6099,8740,4631,2106,103108,262,1309,175,3.080230603
1827.7,22610.09502,22.61009502,18277,800,730,6002,8591,4405,2045,102240,408,1231,267,2.911961073
1827.95,22611.7343,22.6117343,18279.5,796,702,5704,9057,4513,2033,99268,179,1302,202,4.058238408
1828.2,22613.37357,22.61337357,18282,736,731,5836,9111,4350,1810,100945,128,1261,264,3.458942795
1828.45,22615.01284,22.61501284,18284.5,755,694,5800,9322,4509,2081,100861,188,1412,164,3.078688525
1828.7,22616.65212,22.61665212,18287,824,743,5634,9887,4404,1903,99546,206,1308,234,3.084304146
1828.95,22618.29139,22.61829139,18289.5,867,737,5126,9439,3855,1579,110093,233,1405,110,3.25809307
1829.2,22619.93066,22.61993066,18292,748,730,5589,11846,4185,1844,99709,211,1520,169,3.000768344
1829.45,22621.56994,22.62156994,18294.5,804,729,5861,11763,4406,2024,94275,211,1532,173,2.806384379
1829.7,22623.20921,22.62320921,18297,776,741,6213,5889,4623,1983,104273,356,1334,160,3.104682869
1829.95,22624.84848,22.62484848,18299.5,776,679,6224,5080,4662,2327,106970,175,1068,244,2.885932413
1830.2,22626.48775,22.62648775,18302,751,715,6022,5116,4590,2568,106620,308,956,234,3.670500771
1830.45,22628.12703,22.62812703,18304.5,817,800,5937,5140,4711,2668,107098,370,1067,289,3.505785585
1830.7,22629.7663,22.6297663,18307,807,771,5892,4903,4720,2872,108205,310,1071,225,3.676632351
1830.95,22631.40557,22.63140557,18309.5,818,792,5892,4943,4590,3282,109126,367,1063,350,3.252712591
1831.2,22633.04485,22.63304485,18312,764,785,5990,5478,4693,3256,110003,334,1040,494,3.136920551
1831.45,22634.68412,22.63468412,18314.5,790,865,6105,4831,4871,3891,114975,218,1109,252,2.810963881
1831.7,22636.32339,22.63632339,18317,806,820,6160,4010,4757,4994,120338,381,1021,105,3.321774003
1831.95,22637.96267,22.63796267,18319.5,712,945,5544,3522,4606,6495,123189,278,933,14,3.410816301
1832.2,22639.60194,22.63960194,18322,781,979,5893,3804,4368,2986,125000,307,795,129,3.569971598
1832.45,22641.24121,22.64124121,18324.5,725,888,5940,4955,4365,2207,119463,290,1096,243,3.096085409
1832.7,22642.88049,22.64288049,18327,732,895,6041,5952,4263,1984,115075,391,1147,210,3.454920144
1832.95,22644.51976,22.64451976,18329.5,762,839,6130,6727,4541,1935,112601,282,1169,58,3.688114639
1833.2,22646.15903,22.64615903,18332,744,940,6174,7151,4488,1731,112216,301,1127,187,3.650174216
1833.45,22647.7983,22.6477983,18334.5,734,888,5803,7001,4354,1468,118269,328,1219,195,3.009721184
1833.95,22649.43758,22.64943758,18339.5,865,811,6538,7317,4855,1961,119565,214,1166,249,3.590134529
1834.2,22652.71612,22.65271612,18342,803,765,6489,8319,4829,1937,112166,203,1113,217,3.71957601
1834.45,22654.3554,22.6543554,18344.5,874,749,6308,10611,4728,1887,106222,276,1403,389,4.138687283
1834.7,22655.99467,22.65599467,18347,791,741,6458,10605,4990,1804,108072,143,1470,287,3.151809458
1834.95,22657.63394,22.65763394,18349.5,892,737,6304,9241,4800,1790,107509,278,1365,200,3.366431697
1835.2,22659.3163,22.6593163,18352,850,818,6445,9238,5064,1631,107822,119,1407,49,3.408170915
1835.45,22660.99865,22.66099865,18354.5,870,785,6337,9275,4801,1541,107145,242,1327,223,3.506587124
1835.7,22662.681,22.662681,18357,821,713,6210,9163,4885,1579,107053,408,1346,148,3.287065099
1835.95,22664.36336,22.66436336,18359.5,815,725,6293,9376,4993,1554,107606,330,1331,117,3.653221366
1836.2,22666.04571,22.66604571,18362,854,735,6319,9229,4770,1522,105820,296,1293,201,3.803204661
1836.45,22667.72806,22.66772806,18364.5,825,746,6386,9175,4749,1661,106748,223,1305,182,3.70466174
1836.7,22669.41042,22.66941042,18367,850,843,6236,8924,5020,1622,107662,231,1255,102,3.257180787
1836.95,22671.09277,22.67109277,18369.5,779,780,6083,8697,4977,1728,105687,112,1316,105,3.555600322
1837.2,22672.77512,22.67277512,18372,858,774,6055,8797,4729,2230,104867,266,1186,143,2.973313979
1837.45,22674.45748,22.67445748,18374.5,813,704,5998,8792,4800,2083,104431,397,1321,262,3.296930415
1837.7,22676.13983,22.67613983,18377,810,780,5988,8802,4693,2070,102882,283,1238,271,3.083044983
1837.95,22677.82218,22.67782218,18379.5,734,741,5824,8664,4794,2023,102134,47,1310,124,2.532865825
1838.2,22679.50454,22.67950454,18382,802,729,5881,8764,4472,2071,102218,157,1341,240,3.848121387
1838.45,22681.18689,22.68118689,18384.5,752,722,5601,8466,4343,2185,99204,369,1312,427,3.58237873
1838.7,22682.86924,22.68286924,18387,814,806,5628,8763,4491,2314,102799,213,1403,346,2.951783355
1838.95,22684.5516,22.6845516,18389.5,810,733,5882,8809,4571,2380,104885,298,1169,208,2.891559467
1839.2,22686.23395,22.68623395,18392,765,765,5989,8866,4619,2528,106327,287,1413,128,3.078182032
1839.45,22687.9163,22.6879163,18394.5,762,782,5942,9021,4859,2718,105615,349,1370,107,4.151645207
1839.7,22689.59865,22.68959865,18397,853,779,6113,8647,4695,2451,106560,260,1358,78,4.038018782
1839.95,22691.28101,22.69128101,18399.5,841,786,5972,8751,4738,2777,105801,237,1278,132,3.575701429
1840.2,22692.96336,22.69296336,18402,748,791,5851,8684,4561,2670,107404,346,1249,181,3.403101785
1840.45,22694.64571,22.69464571,18404.5,830,749,5813,8999,4629,2734,108305,319,1362,115,3.355189111
1840.7,22696.32807,22.69632807,18407,823,814,5937,8782,4662,2652,106110,233,1415,134,2.900977717
1840.95,22698.01042,22.69801042,18409.5,795,770,5848,8907,4756,2578,104244,367,1363,195,2.960972346
1841.2,22699.69277,22.69969277,18412,782,791,5886,8462,4579,2546,104089,158,1315,250,3.806423736
1841.45,22701.37513,22.70137513,18414.5,773,825,6158,8246,4864,2637,107046,158,1322,163,2.870184075
1841.7,22703.05748,22.70305748,18417,783,819,5944,8234,4626,2693,106143,283,1346,343,3.488646804
1841.95,22704.73983,22.70473983,18419.5,782,760,5720,8595,4700,2390,103191,288,1568,1018,3.166166917
1842.2,22706.42219,22.70642219,18422,788,763,5796,8074,4637,2266,103557,325,1454,1017,3.246343635
1842.45,22708.10454,22.70810454,18424.5,747,818,5734,8124,4584,2831,99995,283,1472,885,2.870637244
1842.7,22709.78689,22.70978689,18427,765,817,5769,6762,4565,3207,102620,186,1381,563,3.743258118
1842.95,22711.46925,22.71146925,18429.5,745,836,5827,6338,4673,4353,106435,231,1351,246,3.130960854
1843.2,22713.1516,22.7131516,18432,729,865,5966,4693,4753,6848,114733,250,1384,238,3.477693283
1843.45,22714.83395,22.71483395,18434.5,804,886,5943,3819,4607,5288,114233,225,1068,175,3.079561489
1843.7,22716.51631,22.71651631,18437,698,802,5992,3716,4768,5157,115457,223,983,153,3.477503251
1843.95,22718.19866,22.71819866,18439.5,759,796,6129,3774,4821,6027,118143,218,951,73,3.231892592
1844.45,22721.56337,22.72156337,18444.5,752,826,5659,3647,4341,8439,121832,277,924,147,4.082574199
1844.7,22723.24572,22.72324572,18447,740,927,5608,4099,4419,6887,119040,214,905,156,3.249236193
1844.95,22724.92807,22.72492807,18449.5,748,824,5848,4455,4439,5295,119113,425,979,218,3.533076828
1845.2,22726.61043,22.72661043,18452,774,883,5797,4891,4663,2780,115412,233,1228,173,3.298754193
1845.45,22728.29278,22.72829278,18454.5,761,855,5904,6253,4425,2257,114470,116,1110,152,2.813456277
1845.7,22729.97513,22.72997513,18457,823,814,5762,6514,4502,2004,111133,501,1304,111,3.459721
1845.95,22731.65749,22.73165749,18459.5,803,842,5964,7173,4501,2246,115261,367,1074,233,4.203777178
1846.2,22733.33984,22.73333984,18462,787,857,5989,7371,4628,2586,112051,262,1317,262,2.82724081
1846.45,22735.02219,22.73502219,18464.5,793,849,5963,7216,4742,2556,109984,446,1220,109,3.048252537
1846.7,22736.70455,22.73670455,18467,802,823,6020,8036,4798,2890,106195,261,1229,98,3.362344583
1846.95,22738.3869,22.7383869,18469.5,753,741,5982,7709,4571,2942,105253,255,1414,95,2.934140969
1847.2,22740.06925,22.74006925,18472,842,798,5919,7274,4359,2613,103271,400,1275,204,3.829642249
1847.45,22741.75161,22.74175161,18474.5,775,795,5844,7224,4417,2925,103044,286,1300,156,3.02519006
1847.7,22743.43396,22.74343396,18477,775,787,5671,7722,4306,2887,103080,228,1249,98,3.373211447
1847.95,22745.11631,22.74511631,18479.5,783,727,5643,7774,4558,2827,102409,253,1321,43,3.459559327
1848.2,22746.79867,22.74679867,18482,766,799,5556,8736,4261,3033,98940,279,1341,215,3.130113486
1848.45,22748.48102,22.74848102,18484.5,757,770,5149,9222,4262,3225,101828,356,1394,54,2.915530391
1848.7,22750.16337,22.75016337,18487,792,721,4642,8441,3583,2227,88975,264,1361,206,3.277334705
1848.95,22751.84573,22.75184573,18489.5,742,753,5019,9407,4125,2777,90879,336,1359,187,3.332781685
1849.2,22753.52808,22.75352808,18492,745,738,5286,7587,4103,2828,92260,256,1350,160,3.40734146
1849.45,22755.21043,22.75521043,18494.5,796,738,5373,7019,4303,2272,96014,199,1290,153,3.37767666
1849.7,22756.89279,22.75689279,18497,748,727,5635,5745,4394,2628,99791,145,1218,159,3.369075674
1849.95,22758.57514,22.75857514,18499.5,759,824,5790,4360,4509,2824,105719,230,1064,295,3.797078159
1850.2,22760.25749,22.76025749,18502,914,789,6208,4197,5113,3044,114130,237,1066,768,3.493811243
1850.45,22761.93985,22.76193985,18504.5,811,777,6343,3906,4921,3033,114202,352,1075,606,2.751786079
1850.7,22763.6222,22.7636222,18507,839,733,5867,3692,5025,3565,116928,394,931,916,3.382636264
1850.95,22765.30455,22.76530455,18509.5,780,819,6167,3701,4944,4245,116547,156,1040,1011,3.81754934
1851.2,22766.98691,22.76698691,18512,804,863,6194,3504,4950,4715,118169,309,1076,1073,3.430487034
1851.45,22768.66926,22.76866926,18514.5,706,1001,5847,3789,4870,5861,119714,372,1068,1528,3.723839177
1851.7,22770.35161,22.77035161,18517,577,1063,5100,4248,4645,8735,113702,489,1056,2552,3.607075599
1851.95,22772.03396,22.77203396,18519.5,611,996,5397,3958,4463,6357,117278,410,920,1485,3.087238227
1852.2,22773.71632,22.77371632,18522,722,975,5481,4033,4763,4612,119426,367,1052,1375,3.111555556
1852.45,22775.39867,22.77539867,18524.5,744,937,5711,4756,4751,3818,115587,529,961,1450,4.206679945
1852.7,22777.08102,22.77708102,18527,800,836,5776,7243,4901,2745,108738,273,1256,1829,3.007021179
1852.95,22778.76338,22.77876338,18529.5,652,920,5749,9374,4886,2312,105672,321,1470,1467,2.94766436
1853.2,22780.44573,22.78044573,18532,681,870,5603,9743,4941,2144,106071,184,1534,2119,2.731714689
1853.45,22782.12808,22.78212808,18534.5,752,903,5663,9876,4903,1970,105354,414,1541,1956,3.155314286
1853.7,22783.81044,22.78381044,18537,841,904,5832,10671,4916,1951,106915,172,1520,943,3.380865246
1853.95,22785.49279,22.78549279,18539.5,842,792,5924,7913,4887,2068,112107,219,1310,968,3.03628847
1854.2,22787.17514,22.78717514,18542,830,802,6267,6723,4931,1842,109972,330,1280,980,3.085517884
1854.45,22788.8575,22.7888575,18544.5,856,761,6102,7013,5030,1972,105109,196,1251,1131,3.004070096
1854.7,22790.53985,22.79053985,18547,818,803,6317,7493,4843,1946,104162,157,1279,1077,2.956011409
1854.95,22792.2222,22.7922222,18549.5,656,761,6141,6389,5049,1766,104446,226,1479,1724,2.994965675
1855.2,22793.92904,22.79392904,18552,692,864,5969,5225,5065,1678,106851,316,1266,1735,3.276495943
1855.45,22795.63589,22.79563589,18554.5,700,850,5895,5086,4953,1427,109774,336,1182,1114,3.346260055
1855.7,22797.34273,22.79734273,18557,742,915,5772,4714,4932,1590,110658,237,1153,1449,3.262301193
1855.95,22799.04957,22.79904957,18559.5,650,968,5647,3830,5155,1748,114304,212,1177,1807,2.711930069
1856.2,22800.75641,22.80075641,18562,614,972,5313,3463,4721,1506,117406,425,1020,2240,3.996663282
1856.45,22802.46325,22.80246325,18564.5,619,948,5568,3525,4627,1485,125266,445,1028,1311,3.70919602
1856.95,22805.87693,22.80587693,18569.5,727,924,5889,5080,4888,1413,120836,267,1286,1326,3.53891539
1857.2,22807.58377,22.80758377,18572,810,913,5850,5812,5010,1842,112582,283,1434,2193,3.567635736
1857.45,22809.29061,22.80929061,18574.5,651,939,5477,6944,4548,1782,116928,305,1154,1147,2.973144953
1857.7,22810.99745,22.81099745,18577,722,941,5723,7170,4474,1642,119984,258,1134,699,3.765365449
1857.95,22812.70429,22.81270429,18579.5,847,835,5981,8124,4886,1485,113221,271,1300,1123,3.831323592
1858.2,22814.41113,22.81441113,18582,863,759,6264,8516,5361,1383,108483,241,1437,1139,3.399446958
1858.45,22816.11797,22.81611797,18584.5,817,835,6251,8701,5264,1658,109844,293,1328,649,3.857229189
1858.7,22817.82481,22.81782481,18587,800,772,6194,8597,4836,1680,107771,300,1422,271,3.409121305
1858.95,22819.53166,22.81953166,18589.5,807,725,6111,8250,4976,1888,106923,243,1453,436,3.048625793
1859.2,22821.2385,22.8212385,18592,841,839,5984,8169,4857,1928,106822,220,1380,563,3.409552711
1859.45,22822.94534,22.82294534,18594.5,788,818,5907,8064,5108,1885,106868,166,1425,1216,2.924624829
1859.7,22824.65218,22.82465218,18597,758,794,5684,7843,4668,1755,104259,232,1277,1059,3.466449142
1859.95,22826.35902,22.82635902,18599.5,741,744,5849,7854,4692,1915,106287,305,1328,973,3.178811929
1860.2,22828.06586,22.82806586,18602,660,758,5325,7607,4621,1944,99264,358,1303,1132,3.419671262
1860.45,22829.7727,22.8297727,18604.5,643,747,5361,8221,4898,2046,100823,182,1461,1939,2.910274791
1860.7,22831.47954,22.83147954,18607,686,834,5471,8199,4763,2142,102091,237,1527,1712,3.450033715
1860.95,22833.18638,22.83318638,18609.5,771,763,5803,8144,4779,2108,104167,231,1425,781,3.514953271
1861.2,22834.89322,22.83489322,18612,817,822,5677,7988,4503,2283,104092,280,1310,663,3.658694713
1861.45,22836.60006,22.83660006,18614.5,821,694,5702,7764,4684,2325,105390,305,1165,275,3.475973488
1861.7,22838.3069,22.8383069,18617,677,732,5629,7510,4608,2578,102157,323,1371,153,3.961803381
1861.95,22840.01374,22.84001374,18619.5,711,784,5398,7503,4518,2203,102599,294,1265,210,3.33669626
1862.2,22841.72059,22.84172059,18622,719,770,5552,7472,4352,2270,102864,140,1228,271,3.05776699
1862.45,22843.42743,22.84342743,18624.5,691,773,5513,7555,4676,2075,102217,240,1332,261,2.973751452
1862.7,22845.13427,22.84513427,18627,741,705,5434,7613,4571,2027,102759,220,1269,230,3.605098263
1862.95,22846.84111,22.84684111,18629.5,750,733,5665,7350,4496,2062,104282,221,1316,404,3.284924623
1863.2,22848.54795,22.84854795,18632,777,767,5549,7885,4621,2010,105178,221,1334,451,3.400500132
1863.45,22850.25479,22.85025479,18634.5,797,719,5668,7947,4811,1974,105543,209,1326,499,3.87667304
1863.7,22851.96163,22.85196163,18637,777,726,5583,7883,4619,2010,105934,209,1324,624,3.183354193
1863.95,22853.66847,22.85366847,18639.5,819,730,5540,8513,4801,1824,103948,288,1389,516,3.349142412
1864.2,22855.37531,22.85537531,18642,780,830,5550,9155,4621,1864,103665,328,1487,321,3.135436225
1864.45,22857.08215,22.85708215,18644.5,780,813,5565,10078,4662,1778,99037,300,1493,376,2.599491687
1864.7,22858.78899,22.85878899,18647,811,774,5451,10104,4529,1822,99395,125,1535,302,2.994586962
1864.95,22860.49583,22.86049583,18649.5,774,815,5515,11134,4367,1832,96440,310,1611,174,3.90630195
1865.2,22862.20267,22.86220267,18652,863,696,5352,10551,4472,1718,98421,207,1595,204,3.307869118
1865.45,22863.90951,22.86390951,18654.5,800,743,5657,7202,4808,1715,105466,287,1359,300,3.731358529
1865.7,22865.61636,22.86561636,18657,724,748,5857,5810,4779,2440,107053,225,1142,140,2.847091109
1865.95,22867.3232,22.8673232,18659.5,760,747,5887,4636,4753,2271,111071,226,1059,177,4.040828763
1866.2,22869.03004,22.86903004,18662,803,754,5970,4690,4875,2652,110728,205,1062,87,4.247439987
1866.45,22870.73688,22.87073688,18664.5,753,729,5929,4882,4724,2939,109828,291,1064,289,3.454314381
1866.7,22872.44372,22.87244372,18667,847,762,5786,4907,4807,2881,109949,359,1064,212,3.110935601
1866.95,22874.15056,22.87415056,18669.5,777,812,5739,4289,4683,3369,109248,148,993,352,4.549410541
1867.2,22875.8574,22.8758574,18672,800,788,5795,4327,4710,4531,114185,288,1072,347,3.185144928
1867.45,22877.56424,22.87756424,18674.5,774,812,5876,4242,4781,5147,113372,265,1051,283,3.604730618
1867.7,22879.27108,22.87927108,18677,787,823,6059,4258,4858,4325,111444,405,1088,283,2.955245217
1867.95,22880.97792,22.88097792,18679.5,806,757,6183,4776,4806,3088,110940,367,1163,280,3.332764089
1868.2,22882.68476,22.88268476,18682,892,771,6430,4558,5192,3663,113289,302,1278,626,3.603619303
1868.45,22884.3916,22.8843916,18684.5,772,833,5864,3724,4848,5392,114979,324,1109,234,4.250627746
1868.7,22886.09844,22.88609844,18687,752,864,5751,3698,4785,6201,117005,222,994,260,3.429229429
1868.95,22887.80529,22.88780529,18689.5,751,881,6045,3580,4808,5943,114208,106,957,403,3.135898846
1869.2,22889.51213,22.88951213,18692,711,835,5850,4246,4535,5682,113835,311,1065,463,3.057406621
1869.45,22891.21897,22.89121897,18694.5,770,830,5869,5372,4545,3202,111059,300,1114,327,3.20097982
1869.7,22892.92581,22.89292581,18697,818,862,5974,7303,4592,2470,109728,391,1209,307,3.446858413
1869.95,22894.63265,22.89463265,18699.5,822,838,6073,7594,4656,2446,108847,346,1192,202,3.647297109
1870.2,22896.33949,22.89633949,18702,716,775,6011,7724,4726,2236,107919,236,1119,70,3.264380136
1870.45,22898.04633,22.89804633,18704.5,763,792,5806,7780,4419,2278,106306,304,1334,674,3.530607029
1870.7,22899.75317,22.89975317,18707,742,866,5840,7940,4535,2341,107960,324,1242,155,3.020433506
1870.95,22901.46001,22.90146001,18709.5,693,857,5685,7712,4359,2277,108282,392,1258,167,3.391436534
1871.2,22903.16685,22.90316685,18712,650,893,5489,7265,4235,2464,109456,252,1118,123,3.500626409
1871.45,22904.87369,22.90487369,18714.5,677,852,5407,6732,4328,2040,108293,430,1187,89,4.407714431
1871.7,22906.58053,22.90658053,18717,678,860,5317,7639,4245,2068,103534,281,1277,109,2.996275815
1871.95,22908.28737,22.90828737,18719.5,760,793,5613,7139,4369,1891,100703,260,1167,185,3.054149917
1872.2,22909.99421,22.90999421,18722,719,673,5754,4630,4588,1617,98618,335,1154,71,3.79064717
1872.45,22911.70106,22.91170106,18724.5,719,763,5777,3139,4608,1342,104386,258,950,123,2.943546577
1872.7,22913.4079,22.9134079,18727,833,871,5916,3397,4736,1294,110703,210,1025,475,5.097528768
1872.95,22915.11474,22.91511474,18729.5,845,775,6066,3122,4642,1591,111009,345,1087,629,3.074992022
1873.2,22916.82158,22.91682158,18732,751,749,6166,2819,4876,1426,112274,257,972,221,3.235533915
1873.45,22918.52842,22.91852842,18734.5,667,1001,5669,2744,4554,1396,118001,264,918,714,3.318612361
1873.7,22920.23526,22.92023526,18737,787,885,6153,2800,4812,1412,117530,420,901,523,3.219703073
1873.95,22921.9421,22.9219421,18739.5,766,917,5891,2690,4550,1677,120783,292,810,117,2.935783648
1874.7,22927.06262,22.92706262,18747,659,956,5728,2777,4537,1341,119440,146,884,160,3.959802539
1874.95,22928.76946,22.92876946,18749.5,698,884,5916,3914,4608,1330,115072,349,972,91,3.375291647
1875.2,22930.49795,22.93049795,18752,802,842,6217,6115,4613,1286,113748,403,1050,144,3.29325779
1875.45,22932.22643,22.93222643,18754.5,703,819,5675,6453,4567,1346,105698,346,1110,126,3.325376733
1875.7,22933.95492,22.93395492,18757,779,804,5622,6767,4331,1272,100647,324,1147,193,3.850767482
1875.95,22935.6834,22.9356834,18759.5,699,779,5665,6771,4376,1235,101556,276,1152,69,3.524280693
1876.2,22937.41188,22.93741188,18762,718,715,5657,6652,4570,1456,96590,184,1167,53,3.971362229
1876.45,22939.14037,22.93914037,18764.5,732,727,5779,6635,4613,1546,95734,230,1123,92,3.56346792
1876.7,22940.86885,22.94086885,18767,762,743,5914,6967,4693,1446,97998,235,1200,143,3.53148477
1876.95,22942.59734,22.94259734,18769.5,750,765,5702,6685,4535,1316,97204,263,1107,66,4.372116863
1877.2,22944.32582,22.94432582,18772,762,700,5562,7066,4286,1328,95206,155,1263,190,3.161545964
1877.45,22946.05431,22.94605431,18774.5,741,682,5764,7733,4488,1317,96675,326,1325,154,3.709927898
1877.7,22947.78279,22.94778279,18777,755,725,5558,7820,4319,1395,95028,405,1316,198,3.165477532
1877.95,22949.51128,22.94951128,18779.5,844,758,5736,8685,4296,1352,93862,287,1269,175,3.27348275
1878.2,22951.23976,22.95123976,18782,810,719,5635,5930,4435,1147,99303,295,1300,63,3.740005752
1878.45,22952.96824,22.95296824,18784.5,825,739,6028,3484,4795,1422,107667,424,983,110,3.311139402
1878.7,22954.69673,22.95469673,18787,749,710,6091,3203,4658,1356,107608,292,1117,245,3.986977589
1878.95,22956.42521,22.95642521,18789.5,792,737,5859,2949,4730,1295,108308,295,922,131,3.14946249
1879.2,22958.1537,22.9581537,18792,775,701,6006,2820,4787,1461,110661,274,831,72,4.120024125
1879.45,22959.88218,22.95988218,18794.5,771,739,5774,2821,4455,1567,111212,305,919,184,2.982811263
1879.7,22961.61067,22.96161067,18797,675,817,5813,2792,4376,1552,110318,367,993,230,2.881678173
1879.95,22963.33915,22.96333915,18799.5,719,857,5876,2881,4434,1634,113968,160,924,150,2.97226452
1880.2,22965.06764,22.96506764,18802,659,935,5359,2774,4124,1797,120950,404,906,181,3.213438735
1880.45,22966.79612,22.96679612,18804.5,719,886,5433,2730,4282,1719,122788,399,835,22,3.467923115
1880.7,22968.52461,22.96852461,18807,671,918,5287,2678,4297,1649,119687,331,953,66,3.701416872
1880.95,22970.25309,22.97025309,18809.5,627,915,5395,2701,4355,1734,118356,332,904,102,3.895328368
1881.2,22971.98157,22.97198157,18812,641,892,5417,2883,4213,1426,115360,404,862,92,3.826040697
1881.45,22973.71006,22.97371006,18814.5,655,937,5326,2940,4159,1304,122457,272,888,140,3.065547192
1881.7,22975.43854,22.97543854,18817,683,860,5322,3592,4013,1228,118898,405,883,111,3.301296813
1881.95,22977.16703,22.97716703,18819.5,702,829,5312,4883,4353,1270,117046,348,982,110,2.651096554
1882.2,22978.89551,22.97889551,18822,672,804,5563,6130,4187,1249,111659,503,917,130,3.288027906
1882.45,22980.624,22.980624,18824.5,728,813,5805,7162,4460,1294,110667,278,928,35,3.276019214
1882.7,22982.35248,22.98235248,18827,758,722,5740,8088,4450,1133,102020,244,1122,106,3.10095371
1882.95,22984.08097,22.98408097,18829.5,720,667,5782,8471,4321,1385,99581,284,1245,163,2.745829769
1883.2,22985.80945,22.98580945,18832,798,745,5859,8486,4519,1281,98307,159,1384,129,2.953520321
1883.45,22987.53793,22.98753793,18834.5,828,656,5969,9011,4656,1358,100435,257,1377,89,3.063000471
1883.7,22989.26642,22.98926642,18837,759,707,6033,9086,4537,1356,100222,323,1435,165,2.930187163
1883.95,22990.9949,22.9909949,18839.5,815,766,5862,9110,4566,1473,100084,300,1375,231,3.946834665
1884.2,22992.72339,22.99272339,18842,835,698,5995,8732,4591,1542,100758,56,1200,89,3.124098628
1884.45,22994.45187,22.99445187,18844.5,905,788,6219,9423,4977,1365,106178,199,1449,19,2.949346755
1884.7,22996.18036,22.99618036,18847,855,706,6208,8794,4791,1655,105298,265,1336,94,3.424457694
1884.95,22997.90884,22.99790884,18849.5,807,639,6300,8787,4975,1652,107121,328,1316,63,3.273343009
1885.2,22999.63733,22.99963733,18852,787,681,6227,9900,4739,1512,105618,181,1432,213,2.576271186
1885.45,23001.36581,23.00136581,18854.5,860,790,5979,10688,4525,1602,99555,271,1545,194,3.812508687
1885.7,23003.09429,23.00309429,18857,778,792,5866,11292,4500,1715,96995,286,1443,212,3.206582029
1885.95,23004.82278,23.00482278,18859.5,822,743,5854,9097,4520,1867,96393,197,1611,416,4.552387616
1886.2,23006.55126,23.00655126,18862,811,733,5764,6288,4583,1668,103402,247,1257,332,3.266260936
1886.45,23008.27975,23.00827975,18864.5,838,748,6297,4664,4848,1877,108129,281,1288,257,3.607085346
1886.7,23010.00823,23.01000823,18867,772,840,5794,3881,4744,3092,113476,333,956,525,3.92280753
1886.95,23011.73672,23.01173672,18869.5,744,804,5640,4183,4383,7047,117008,165,990,376,3.984572436
1887.2,23013.4652,23.0134652,18872,752,896,5631,3840,4335,7819,119186,226,911,224,3.428022795
1887.45,23015.19369,23.01519369,18874.5,719,740,5768,4111,4484,4779,114853,355,834,85,4.134767479
1887.7,23016.92217,23.01692217,18877,782,764,6092,5345,4642,2601,110394,322,979,162,3.455750435
1887.95,23018.65065,23.01865065,18879.5,845,692,6175,5966,4558,1922,107059,312,1152,216,3.613057325
1888.2,23020.37914,23.02037914,18882,867,748,6058,6357,4619,1846,107198,357,1162,125,3.042343836
1888.45,23022.10762,23.02210762,18884.5,753,770,5838,6673,4558,1683,110535,172,1240,124,3.499413528
1888.7,23023.83611,23.02383611,18887,768,743,5745,8147,4351,1705,111026,315,1112,203,3.587452719
1888.95,23025.56459,23.02556459,18889.5,890,782,5933,9085,4456,1813,111798,254,1238,247,3.866591295
1889.2,23027.29308,23.02729308,18892,887,701,5882,10160,4559,1978,104552,246,1370,168,3.033987554
1889.45,23029.02156,23.02902156,18894.5,830,723,6023,10235,4531,2002,99599,172,1421,214,3.562617324
1889.7,23030.75005,23.03075005,18897,816,711,6139,9659,4612,1672,101791,326,1426,66,3.492221205
1889.95,23032.47853,23.03247853,18899.5,859,709,6021,9066,4645,1673,103546,131,1299,154,3.040314885
1890.2,23034.20701,23.03420701,18902,831,713,5916,8815,4478,1677,101779,209,1391,135,3.169225401
1890.45,23035.9355,23.0359355,18904.5,791,741,5831,8795,4544,1691,99951,169,1325,177,3.683106576
1890.7,23037.66398,23.03766398,18907,776,694,5895,8843,4391,1833,99847,287,1444,147,3.386647764
1890.95,23039.39247,23.03939247,18909.5,775,689,5721,9301,4270,1704,97809,353,1342,203,3.315539587
1891.2,23041.12095,23.04112095,18912,753,780,5826,8854,4364,1697,97595,249,1425,80,3.691331058
1891.45,23042.84944,23.04284944,18914.5,748,760,5666,8804,4335,1817,98354,300,1208,118,5.405499026
1891.7,23044.57792,23.04457792,18917,787,713,5732,8665,4218,1838,99320,352,1304,182,3.785971763
1891.95,23046.30641,23.04630641,18919.5,767,778,5705,8348,4432,1820,100100,267,1212,168,3.353981159
1892.2,23048.03489,23.04803489,18922,780,716,5680,8671,4318,1788,99153,232,1278,117,2.944822964
1892.45,23049.76337,23.04976337,18924.5,790,715,5481,8517,4286,1657,98614,362,1320,162,3.141631953
1892.7,23051.49186,23.05149186,18927,816,766,5814,8361,4530,1926,100825,389,1281,94,3.095954845
1892.95,23053.22034,23.05322034,18929.5,761,760,5778,8454,4191,1943,98589,243,1226,158,3.678537447
1893.2,23054.94883,23.05494883,18932,825,748,5668,8080,4410,1984,95315,346,1328,57,3.512719358
1893.45,23056.67731,23.05667731,18934.5,873,831,6367,7383,4728,1593,106023,404,1275,102,3.257037653
1893.7,23058.4058,23.0584058,18937,795,820,6243,7056,4467,2161,105604,157,1274,151,3.681449432
1893.95,23060.13428,23.06013428,18939.5,741,848,5953,6203,4242,1957,104411,275,1130,214,2.703485418
1894.2,23061.86277,23.06186277,18942,712,911,5653,5573,4351,2348,111627,322,1044,154,3.326035869
1894.45,23063.59125,23.06359125,18944.5,708,904,5432,4835,4210,2964,115531,386,991,80,3.495415149
1894.7,23065.31973,23.06531973,18947,674,846,5450,5575,4268,2534,108567,209,1035,168,3.309515345
1894.95,23067.04822,23.06704822,18949.5,690,824,5642,7117,4251,2222,100942,333,1166,124,2.957800793
1895.2,23068.83265,23.06883265,18952,723,755,5426,6657,4372,1846,98934,212,1150,45,3.322434036
1895.45,23070.61709,23.07061709,18954.5,678,796,5410,6634,4304,1537,98051,157,1165,108,3.662254424
1895.7,23072.40152,23.07240152,18957,707,745,5350,6738,4353,1623,98128,330,1181,55,3.712893983
1895.95,23074.18596,23.07418596,18959.5,739,798,5488,7077,4089,1604,98031,209,1147,221,3.355455712
1896.2,23075.97039,23.07597039,18962,777,759,5736,7649,4364,1639,98939,309,1179,147,4.115990058
1896.45,23077.75483,23.07775483,18964.5,785,739,5502,7305,4311,1705,97773,146,1269,121,2.838324653
1896.7,23079.53926,23.07953926,18967,818,827,5162,7643,4073,1775,94175,272,1316,84,4.075864179
1896.95,23081.3237,23.0813237,18969.5,826,782,5631,6298,4508,2309,100008,245,1269,94,3.82528943
1897.2,23083.10813,23.08310813,18972,732,766,5709,4876,4517,2259,99584,305,1283,92,3.381540889
1897.45,23084.89257,23.08489257,18974.5,765,796,5807,3597,4287,2401,103775,275,1068,254,2.962857143
1897.7,23086.677,23.086677,18977,906,827,5826,3469,4584,2180,107036,174,1043,188,3.065167243
1897.95,23088.46144,23.08846144,18979.5,834,840,5967,3209,4746,1884,108119,226,986,121,3.985194957
1898.2,23090.24587,23.09024587,18982,781,836,5681,3013,4456,2198,109085,190,865,147,3.201880728
1898.45,23092.03031,23.09203031,18984.5,774,856,5390,2852,4452,2506,110801,289,1104,45,3.525774521
1898.7,23093.81474,23.09381474,18987,730,1008,4726,2642,3840,2817,118509,286,1018,93,3.354805726
1899.2,23097.38361,23.09738361,18992,706,926,5149,2640,4065,1431,120360,524,847,208,3.456140351
1899.45,23099.16805,23.09916805,18994.5,819,761,6127,3183,4615,1589,115960,371,989,84,4.005491244
1899.7,23100.95248,23.10095248,18997,836,757,6438,3701,4830,2620,109615,388,892,107,3.284739677
1899.95,23102.73692,23.10273692,18999.5,878,715,6313,4761,4869,1400,111493,146,1071,112,3.678379828
1900.2,23104.52135,23.10452135,19002,855,719,6038,4918,4490,2256,107135,239,985,156,3.290551087
1900.45,23106.30579,23.10630579,19004.5,872,692,6236,4295,4772,2077,106622,232,973,104,3.506608512
1900.7,23108.09022,23.10809022,19007,789,735,6138,4262,4511,1325,103457,211,997,197,3.827779416
1900.95,23109.87466,23.10987466,19009.5,807,741,6091,4446,4501,1180,105414,277,1140,194,3.28175667
1901.2,23111.65909,23.11165909,19012,808,804,6272,4454,4522,1656,107801,347,1106,201,4.911551658
1901.45,23113.44353,23.11344353,19014.5,800,830,5863,3972,4586,1303,110963,253,1007,168,3.088368999
1901.7,23115.22796,23.11522796,19017,675,894,5587,4055,4254,1186,118018,261,958,231,3.075358299
1901.95,23117.01239,23.11701239,19019.5,754,863,5589,4476,4312,1175,127412,392,921,143,3.469604492
1902.2,23118.79683,23.11879683,19022,837,877,5779,5278,4413,1363,122413,314,1090,281,3.606117521
1902.45,23120.58126,23.12058126,19024.5,829,875,5809,6848,4434,1311,115599,358,1100,753,4.001132343
1902.7,23122.3657,23.1223657,19027,742,861,5678,9454,4210,1332,117845,384,1091,535,5.190421012
1902.95,23124.15013,23.12415013,19029.5,803,769,5613,9759,4168,1313,105957,154,1177,291,3.35671317
1903.2,23125.93457,23.12593457,19032,819,700,5820,11001,4633,1116,98306,300,1297,473,2.971415399
1903.45,23127.719,23.127719,19034.5,824,728,6115,11731,4575,1276,96591,287,1466,500,3.623540993
1903.7,23129.50344,23.12950344,19037,778,755,6248,12654,4742,1194,100116,186,1683,382,3.590282612
1903.95,23131.28787,23.13128787,19039.5,914,697,6358,13193,4843,1301,103040,228,1547,105,3.361840325
1904.2,23133.07231,23.13307231,19042,824,664,6309,13304,4672,1467,101428,176,1694,194,3.794241675
1904.45,23134.85674,23.13485674,19044.5,957,783,6219,12983,4714,1467,101941,62,1511,159,3.613855996
1904.7,23136.64118,23.13664118,19047,896,791,5974,12830,4695,1280,99931,155,1686,210,3.835880023
1904.95,23138.42561,23.13842561,19049.5,891,699,6078,13725,4614,1368,95780,307,1632,98,2.902727683
1905.2,23140.21005,23.14021005,19052,816,759,6009,12534,4462,1407,95196,126,1814,240,3.15804247
1905.45,23141.99448,23.14199448,19054.5,854,725,6202,7906,4465,1459,102585,268,1424,215,3.021032287
1905.7,23143.77892,23.14377892,19057,766,754,5810,6308,4320,1536,103297,298,1136,142,3.1611182
1905.95,23145.56335,23.14556335,19059.5,709,770,5410,5261,4113,1503,101540,374,1114,125,3.949714638
1906.2,23147.34779,23.14734779,19062,782,795,5754,5638,4285,1710,105555,371,1074,220,4.916940489
1906.45,23149.13222,23.14913222,19064.5,723,738,5661,5354,4087,1891,102226,227,1061,184,4.804440333
1906.7,23150.91666,23.15091666,19067,758,780,5599,4923,4033,2127,104334,208,1091,151,3.501849726
1906.95,23152.70109,23.15270109,19069.5,671,803,5351,4507,3978,2479,110633,150,1013,145,3.439218241
1907.2,23154.48553,23.15448553,19072,716,889,5416,4258,4009,1982,115881,346,950,226,3.684887905
1907.45,23156.26996,23.15626996,19074.5,696,745,5385,4024,4004,1846,113420,362,1010,559,4.023631293
1907.7,23158.0544,23.1580544,19077,728,813,5490,5890,4286,1921,105015,307,1091,1006,3.740992321
1907.95,23159.83883,23.15983883,19079.5,777,789,5329,8225,4213,1424,106120,402,1122,39,3.616546661
1908.2,23161.62327,23.16162327,19082,742,674,5351,10218,4114,1340,92423,280,1175,63,3.472098834
1908.45,23163.4077,23.1634077,19084.5,783,650,5622,10641,4253,1343,92228,274,1228,163,3.454886174
1908.7,23165.19214,23.16519214,19087,806,608,5811,11095,4215,1371,92640,237,1478,149,3.913612143
1908.95,23166.97657,23.16697657,19089.5,816,632,5633,11359,4254,1518,92034,70,1419,168,3.628662036
1909.2,23168.76101,23.16876101,19092,818,695,5724,11302,4444,1539,94424,272,1568,105,3.36196402
1909.45,23170.54544,23.17054544,19094.5,786,716,5802,11801,4468,1626,95715,225,1542,214,3.159820671
1909.7,23172.32988,23.17232988,19097,754,764,5897,11680,4355,1705,97611,105,1473,249,4.170406614
1909.95,23174.11431,23.17411431,19099.5,819,708,5968,12285,4594,1637,98065,241,1509,105,3.673840134
1910.2,23175.89875,23.17589875,19102,799,741,6274,12508,4653,1650,100729,204,1479,238,4.1544703
1910.45,23177.68318,23.17768318,19104.5,909,732,5947,12592,4714,1607,102000,94,1477,176,3.393644617
1910.7,23179.46761,23.17946761,19107,834,696,5907,12360,4556,1878,100255,188,1466,145,2.911721488
1910.95,23181.25205,23.18125205,19109.5,958,771,6028,12639,4563,1914,104198,230,1403,160,3.999239775
1911.2,23183.03648,23.18303648,19112,912,774,6434,12348,4774,1811,105166,285,1510,25,3.596758947
1911.45,23184.82092,23.18482092,19114.5,907,767,6365,12770,4707,2144,106602,147,1550,109,6.051696652
1911.7,23186.60535,23.18660535,19117,892,782,6151,12812,4787,2001,106480,244,1534,49,3.155166415
1911.95,23188.38979,23.18838979,19119.5,867,797,5952,12713,4770,2139,107190,387,1452,63,3.895528684
1912.2,23190.17422,23.19017422,19122,835,835,6119,12494,4610,2116,107107,44,1565,107,3.839645562
1912.45,23191.95866,23.19195866,19124.5,889,824,6417,12602,4615,2139,109802,291,1564,156,3.155260116
1912.7,23193.74309,23.19374309,19127,852,799,6232,12715,4728,2173,107246,255,1559,90,3.686548745
1912.95,23195.52753,23.19552753,19129.5,839,849,6094,12802,4739,2261,108780,288,1657,153,4.014481822
1913.2,23197.31196,23.19731196,19132,834,761,6095,13002,4768,2207,107187,321,1450,49,3.268256148
1913.45,23199.0964,23.1990964,19134.5,814,838,6125,12342,4632,2051,107614,252,1502,123,4.713110356
1913.7,23200.88083,23.20088083,19137,855,815,5905,12351,4603,2213,107181,395,1419,94,5.940069686
1913.95,23202.66527,23.20266527,19139.5,892,886,6182,12450,4713,2238,109251,141,1436,62,5.355569155
1914.2,23204.4497,23.2044497,19142,810,837,6103,12412,4788,2247,108327,204,1477,82,4.313086268
1914.45,23206.23414,23.20623414,19144.5,878,812,6079,12683,4671,2471,108691,258,1618,25,3.786519908
1914.7,23208.01857,23.20801857,19147,781,853,6109,12347,4649,2407,108340,126,1547,107,4.273866625
1914.95,23209.80301,23.20980301,19149.5,811,822,6088,12517,4577,2473,111255,265,1558,203,4.234144015
1915.2,23211.48386,23.21148386,19152,796,833,5961,12341,4585,2679,112515,210,1489,68,4.950351912
1915.45,23213.16472,23.21316472,19154.5,743,804,5613,11634,4283,2354,103763,190,1322,55,4.176647655
1915.7,23214.84557,23.21484557,19157,758,759,5706,11840,4265,2623,104774,257,1446,107,4.203646951
1915.95,23216.52643,23.21652643,19159.5,795,913,5951,12444,4635,2269,113674,264,1588,98,3.964065708
1916.2,23218.20728,23.21820728,19162,764,883,5806,12599,4395,2514,111318,183,1458,70,4.030086169
1916.45,23219.88814,23.21988814,19164.5,818,773,5901,12120,4733,2587,106804,352,1477,26,3.260048135
1916.7,23221.56899,23.22156899,19167,751,809,6020,12014,4559,2623,107488,278,1490,0,4.36288
1916.95,23223.24985,23.22324985,19169.5,768,842,5754,12112,4508,2526,106413,247,1393,32,4.476986755
1917.2,23224.9307,23.2249307,19172,691,821,5714,11838,4324,2565,105644,164,1492,116,3.899956249
1917.45,23226.61156,23.22661156,19174.5,768,749,5678,12065,4334,2527,104111,335,1512,180,3.803548248
1917.7,23228.29241,23.22829241,19177,707,851,5715,11718,4199,2576,103188,233,1363,113,3.457590781
1917.95,23229.97327,23.22997327,19179.5,808,816,5516,11919,4286,2371,105120,196,1497,145,4.276077657
1918.2,23231.65412,23.23165412,19182,824,720,5208,11807,4240,2371,99473,188,1577,52,4.046698873
1918.45,23233.33498,23.23333498,19184.5,857,813,5815,11697,4569,2529,102993,132,1478,124,3.910984264
1919.2,23238.37755,23.23837755,19192,801,760,5480,13084,4570,2247,99667,286,1664,124,3.74844855
1919.45,23240.0584,23.2400584,19194.5,896,741,5879,13115,4400,2505,103694,289,1611,93,3.911258678
1919.7,23241.73926,23.24173926,19197,873,760,5871,12423,4484,2599,103973,227,1672,122,5.486202636
1919.95,23243.42011,23.24342011,19199.5,815,792,5630,11737,4442,2497,102749,60,1482,81,4.348008712
1920.2,23245.10097,23.24510097,19202,812,817,5807,12462,4447,2604,102589,152,1538,69,3.933880726
1920.45,23246.78182,23.24678182,19204.5,848,811,5599,12752,4331,2334,100220,289,1458,94,3.299012158
1920.7,23248.46268,23.24846268,19207,836,792,5624,12557,4267,2208,99909,237,1607,162,4.492155826
1920.95,23250.14353,23.25014353,19209.5,795,779,5601,11739,4326,2538,102053,397,1674,112,3.711126761
1921.2,23251.82439,23.25182439,19212,826,723,5532,11913,4421,2543,101222,206,1516,48,3.453600105
1921.45,23253.50524,23.25350524,19214.5,776,721,5476,11081,4227,2649,99692,182,1537,69,3.524503482
1921.7,23255.1861,23.2551861,19217,762,835,5550,11054,4189,2602,98940,105,1383,109,4.200598331
1921.95,23256.86695,23.25686695,19219.5,745,753,5386,10799,4224,2688,98862,212,1412,159,4.966812061
1922.2,23258.54781,23.25854781,19222,775,732,5618,10761,4342,2570,102761,281,1481,57,4.400532269
1922.7,23261.90952,23.26190952,19227,821,830,5507,11032,4350,2788,104130,283,1435,153,3.811539025
1924.45,23266.95208,23.26695208,19244.5,802,690,5717,10586,4414,2752,101789,281,1395,219,3.577884104
1924.7,23268.63294,23.26863294,19247,843,804,5614,10966,4379,2810,102482,272,1519,143,4.565984474
1924.95,23277.03721,23.27703721,19249.5,886,829,5581,11317,4515,2831,104268,299,1388,149,3.788057067
1925.2,23278.71807,23.27871807,19252,911,789,5679,11068,4496,3088,104094,280,1468,32,4.178767344
1925.45,23280.39892,23.28039892,19254.5,761,756,5650,10900,4333,2914,103124,169,1390,110,3.674412284
1925.95,23283.76063,23.28376063,19259.5,864,825,5743,10895,4310,2718,103959,194,1516,158,4.099444885
1926.7,23288.8032,23.2888032,19267,865,866,5271,12002,4126,2670,94034,308,1605,115,3.553098592
1926.95,23290.48405,23.29048405,19269.5,820,738,5157,13991,3964,3789,93352,249,1627,128,3.589399485
1927.2,23292.16491,23.29216491,19272,827,795,5285,10173,4032,3090,98290,370,1461,185,3.856546542
1927.45,23293.84576,23.29384576,19274.5,796,828,5405,10103,4088,3133,96248,312,1357,103,3.922822174
1927.7,23295.52662,23.29552662,19277,749,850,5477,10595,4126,3081,100342,411,1414,138,4.911164245
1927.95,23297.20748,23.29720748,19279.5,757,815,5484,10696,4116,3219,101210,291,1465,199,4.21196319
1928.2,23298.88833,23.29888833,19282,875,863,5564,9807,4127,3890,100499,271,1342,75,3.33760737
1928.45,23300.56919,23.30056919,19284.5,794,902,5435,9252,4145,3168,99244,174,1293,91,3.674296001
1928.7,23302.25004,23.30225004,19287,811,909,5438,9828,4099,2854,94320,403,1446,33,4.519112407
1928.95,23303.9309,23.3039309,19289.5,845,833,5618,9771,3976,2952,95257,282,1282,87,5.428288823
1929.2,23305.61175,23.30561175,19292,853,883,5333,9642,3939,3017,94706,478,1424,75,3.534421214
1929.45,23307.29261,23.30729261,19294.5,786,935,5179,8856,3866,3280,94017,320,1356,60,3.275503123
1929.7,23308.97346,23.30897346,19297,813,838,5110,8259,3967,7131,99551,306,1223,91,4.976811073
1929.95,23310.65432,23.31065432,19299.5,843,806,4958,8388,3903,6219,96945,463,1075,35,4.713465112
1930.2,23312.33517,23.31233517,19302,870,876,5092,8163,3843,4222,90549,364,1288,107,3.733745723
1930.45,23314.01603,23.31401603,19304.5,769,948,5341,4838,3929,4786,103460,227,1046,554,4.105364839
1930.7,23315.69688,23.31569688,19307,750,952,4820,3834,4035,5624,111099,178,1005,1270,4.254333533
1930.95,23317.37774,23.31737774,19309.5,739,1032,4705,3390,4057,1866,114915,277,1044,1296,4.709168835
1931.2,23319.05859,23.31905859,19312,757,930,4759,3964,3946,1538,109058,355,1277,1900,3.858976073
1931.45,23320.73945,23.32073945,19314.5,814,911,4892,4871,4050,1599,108530,479,1117,1549,3.091594828
1931.7,23322.4203,23.3224203,19317,774,853,4934,6000,3796,1918,105392,310,872,121,4.009813407
1931.95,23324.10116,23.32410116,19319.5,832,867,5276,8948,4059,1881,96290,215,1065,270,4.230471079
1932.2,23325.78201,23.32578201,19322,800,855,5313,10942,4240,2050,90649,205,1444,530,3.11217343
1932.45,23327.46287,23.32746287,19324.5,843,730,5245,10821,4031,2090,89201,324,1368,528,5.72026699
1932.7,23329.14372,23.32914372,19327,804,772,5105,10897,4034,1973,90460,431,1504,320,3.630310881
1932.95,23330.82458,23.33082458,19329.5,878,828,5352,11080,4182,2169,92608,219,1535,250,4.613979216
1933.2,23332.50543,23.33250543,19332,832,817,5448,11299,4125,2186,93062,335,1562,260,3.658665582
1933.45,23334.18629,23.33418629,19334.5,818,906,5280,11139,4223,1923,93003,279,1272,690,4.128
1933.7,23335.86714,23.33586714,19337,738,860,5275,11436,3944,2099,95339,342,1561,583,4.11615245
1933.95,23337.548,23.337548,19339.5,841,822,5249,11789,4497,2159,94974,361,1623,1852,3.771476463
1934.2,23339.22885,23.33922885,19342,858,816,5297,12134,4141,2414,94866,262,1572,416,3.484083425
1934.45,23340.90971,23.34090971,19344.5,821,757,4992,11662,4191,1943,92749,263,1519,1002,4.010390002
1934.7,23342.59056,23.34259056,19347,866,779,5083,11657,4383,2083,90713,191,1537,634,4.306072252
1934.95,23344.27142,23.34427142,19349.5,830,777,5035,11546,4075,2110,89067,301,1526,845,3.539250898
1935.2,23345.98775,23.34598775,19352,793,795,4968,12129,3952,1985,90673,290,1562,651,3.221303732
1935.45,23347.70407,23.34770407,19354.5,859,804,4895,11753,3874,1838,85835,209,1527,586,4.161686065
1935.7,23349.4204,23.3494204,19357,839,811,4845,12465,3880,1874,85470,389,1509,800,5.846003475
1936.2,23352.85305,23.35285305,19362,772,834,5411,9269,4620,1924,93337,260,1500,2029,4.759411662
1936.45,23354.56938,23.35456938,19364.5,885,881,4993,7888,3971,2199,94159,330,1356,1337,4.074171635
1936.7,23356.28571,23.35628571,19367,833,822,4791,8600,4008,2498,96436,224,1407,1105,4.051615671
1936.95,23358.00203,23.35800203,19369.5,827,778,5197,10091,3844,2387,91097,365,1493,80,3.90143824
1937.2,23359.71836,23.35971836,19372,862,863,5100,10161,4049,2202,90704,243,1288,0,4.625950413
1937.45,23361.43469,23.36143469,19374.5,791,838,5263,10086,3774,1853,90998,243,1464,129,4.888499912
1937.7,23363.15101,23.36315101,19377,848,853,5220,9981,3928,1756,90509,289,1310,55,4.205035429
1937.95,23364.86734,23.36486734,19379.5,848,791,5262,10102,4055,1645,92208,185,1275,0,4.272383545
1938.2,23366.58367,23.36658367,19382,765,853,5270,9836,3941,1637,90785,165,1263,95,4.050765156
1938.45,23368.29999,23.36829999,19384.5,846,790,5195,10091,3886,1491,90797,363,1416,133,3.237117074
1938.7,23370.01632,23.37001632,19387,807,858,5168,10045,3866,1646,92054,89,1292,48,3.587802713
1939.2,23373.44898,23.37344898,19392,845,779,5201,10038,3905,1782,92232,275,1399,159,4.930183727
1939.45,23375.1653,23.3751653,19394.5,880,804,5167,9892,3860,1780,91776,319,1351,183,3.586639365
1939.95,23378.59796,23.37859796,19399.5,875,837,5148,9747,3950,1646,90657,333,1381,176,3.396167289
1940.2,23380.31428,23.38031428,19402,844,831,5308,9569,4021,1802,94403,207,1377,199,4.362228608
1940.45,23382.03061,23.38203061,19404.5,868,800,5261,9843,4013,1876,93110,205,1263,180,4.139743392
1940.7,23383.74694,23.38374694,19407,817,782,5281,9845,3960,1819,93147,265,1338,136,4.011286682
1940.95,23385.46326,23.38546326,19409.5,830,782,5162,9990,3995,1811,94348,210,1309,90,4.18258677
1941.2,23387.17959,23.38717959,19412,805,854,5143,9932,3840,1894,92011,278,1411,121,4.352057082
1941.45,23388.89592,23.38889592,19414.5,889,819,5248,9942,3910,1729,93448,307,1303,97,3.59759683
1941.7,23390.61224,23.39061224,19417,743,797,5191,9765,3749,1794,91715,132,1411,140,4.6722962
1941.95,23392.32857,23.39232857,19419.5,861,778,5022,9705,4002,1726,93404,129,1314,37,3.484794699
1942.2,23394.0449,23.3940449,19422,910,919,4991,9356,3853,1635,92818,299,1323,79,4.98541023
1942.45,23395.76122,23.39576122,19424.5,789,817,4671,9012,3790,1443,92536,355,1303,0,4.05417013
1942.7,23397.47755,23.39747755,19427,830,906,4894,9327,3760,1848,89140,280,1267,24,3.756239493
1942.95,23399.19388,23.39919388,19429.5,794,880,5032,9568,4099,1997,91725,230,1266,42,3.780540834
1943.2,23400.9102,23.4009102,19432,731,885,4667,9026,3710,1409,93103,213,1310,34,3.405760424
1943.45,23402.62653,23.40262653,19434.5,742,840,4820,8875,3731,1393,88422,291,1238,66,3.98263429
1943.7,23404.34286,23.40434286,19437,838,861,4970,9120,3856,1844,90492,307,1257,112,3.926577753
1943.95,23406.05918,23.40605918,19439.5,824,793,4944,9191,3984,1786,90866,403,1292,0,3.895134115
1944.2,23407.77551,23.40777551,19442,781,771,5014,9188,3963,1846,91688,404,1178,0,3.742185413
1944.45,23409.49184,23.40949184,19444.5,868,837,5300,10092,4129,1956,94456,155,1288,77,4.122546747
1944.7,23411.20817,23.41120817,19447,850,823,5284,10290,4018,1910,94279,86,1233,115,3.509904153
1944.95,23412.92449,23.41292449,19449.5,911,795,5149,10501,4170,1954,94673,414,1403,85,3.294283367
1945.2,23414.64082,23.41464082,19452,833,849,5354,10824,4278,2068,95342,215,1417,115,4.464977405
1945.45,23416.35715,23.41635715,19454.5,887,866,5562,10982,4264,2040,97162,225,1361,91,4.244663383
1945.95,23419.7898,23.4197898,19459.5,869,811,5627,11248,4383,1913,96589,263,1381,9,3.510222336
1946.2,23421.50613,23.42150613,19462,877,831,5393,10925,4134,2069,97075,237,1393,64,3.10849573
1946.45,23423.22245,23.42322245,19464.5,849,931,5206,10698,4140,1862,94649,248,1371,65,4.729934211
1946.7,23424.93878,23.42493878,19467,859,904,5012,11933,3949,1924,102379,326,1496,61,4.347476341
1946.95,23426.65511,23.42665511,19469.5,906,866,4880,16605,3711,2177,102081,177,1591,65,3.929499859
1947.2,23428.37143,23.42837143,19472,870,825,4864,10276,3825,2018,115161,221,1390,78,3.361799375
1947.45,23430.08776,23.43008776,19474.5,886,901,4880,8278,3805,1957,87631,229,1311,0,4.056386214
1947.7,23431.80409,23.43180409,19477,862,917,4059,7890,3162,1329,93245,378,1181,87,2.88581484
1948.45,23436.95307,23.43695307,19484.5,855,838,5728,7619,4297,1727,95923,402,1197,93,3.679371069
1948.7,23438.66939,23.43866939,19487,909,857,5617,6508,4397,4322,94343,197,1143,8,3.982618607
1948.95,23440.38572,23.44038572,19489.5,771,846,5685,5944,4412,3115,99765,356,1115,33,3.485725019
1949.2,23442.10205,23.44210205,19492,772,835,5532,4711,4228,4704,105352,315,970,145,5.018188499
1949.45,23443.81837,23.44381837,19494.5,831,851,5314,5138,4071,9460,106676,299,1055,81,4.372375175
1949.7,23445.5347,23.4455347,19497,852,779,6203,5924,4864,6876,111781,151,1093,86,3.514459076
1950.35,23448.96736,23.44896736,19503.5,815,851,6274,5061,4488,2944,118643,286,1158,190,3.571820677
1950.6,23450.68368,23.45068368,19506,819,901,6114,4849,4219,2339,119119,211,965,162,2.823057696
1950.85,23452.40001,23.45240001,19508.5,786,852,6074,4676,4379,1865,120798,305,1000,144,3.201623652
1951.1,23454.11634,23.45411634,19511,794,830,6162,5133,4320,2172,123938,236,955,185,3.627776254
1951.35,23455.83266,23.45583266,19513.5,868,835,6259,5171,4385,1902,126613,253,1089,156,3.487886598
1951.6,23457.54899,23.45754899,19516,836,743,6044,6169,4577,1549,131693,199,935,16,2.651448551
1952.1,23460.98164,23.46098164,19521,780,854,5646,6750,4169,1871,129313,222,980,215,2.993291643
1952.35,23462.69797,23.46269797,19523.5,788,881,5904,7258,4367,1874,126917,310,1014,83,2.905150487
1952.6,23464.4143,23.4644143,19526,861,878,6103,8682,4427,2158,116997,303,1235,195,3.166968928
1952.85,23466.13062,23.46613062,19528.5,844,751,6093,10917,4263,2308,105480,295,1561,144,2.75450237
1953.1,23467.84695,23.46784695,19531,866,780,6288,12685,4358,1996,104546,148,1544,151,3.264487744
1953.35,23469.56328,23.46956328,19533.5,881,765,6216,13636,4691,1833,100855,235,1587,104,3.539337032
1953.6,23471.2796,23.4712796,19536,847,718,6193,14047,4594,1657,100437,213,1775,149,4.048776613
1953.85,23472.99593,23.47299593,19538.5,853,710,6223,13253,4328,1621,100979,264,1762,176,3.19524576
1954.1,23474.71226,23.47471226,19541,770,734,6281,13314,4301,1533,100781,303,1650,226,3.166748346
1954.35,23476.42858,23.47642858,19543.5,868,752,6146,14224,4464,1614,100756,342,1672,206,3.339669638
1954.6,23478.14491,23.47814491,19546,834,720,6100,14180,4432,1647,99510,147,1668,238,3.586751663
1954.85,23479.86124,23.47986124,19548.5,862,758,6192,14611,4576,1681,100804,290,1753,191,3.611238532
1955.1,23481.57756,23.48157756,19551,858,770,6285,14769,4582,1871,101047,274,1634,221,2.842795699
1955.35,23483.81587,23.48381587,19553.5,850,734,6101,14629,4509,1765,101537,221,1659,162,4.231264836
1955.6,23486.05417,23.48605417,19556,803,747,6219,14448,4515,1888,100774,217,1741,198,3.625888254
1955.85,23488.29248,23.48829248,19558.5,800,790,6115,14686,4489,2072,101009,42,1636,241,3.753396338
1956.1,23490.53078,23.49053078,19561,882,747,6170,14735,4573,1935,101435,276,1719,194,3.3723272
1956.35,23492.76908,23.49276908,19563.5,774,761,6105,14469,4588,1898,102065,295,1700,58,3.137027647
1956.6,23495.00739,23.49500739,19566,801,782,6220,14469,4365,1989,102695,262,1602,197,3.32675352
1956.85,23497.24569,23.49724569,19568.5,785,765,6256,14760,4499,1941,103791,345,1655,256,2.918907199
1957.1,23499.48399,23.49948399,19571,794,821,6160,14798,4467,2095,102026,220,1655,335,2.798363013
1957.35,23501.7223,23.5017223,19573.5,824,841,6302,14923,4598,2337,106006,342,1823,251,3.308545092
1957.6,23503.9606,23.5039606,19576,886,785,6253,15168,4682,2161,108091,139,1625,132,2.9425165
1957.85,23506.1989,23.5061989,19578.5,792,768,6126,14830,4475,2263,104406,0,1738,165,3.294053924
1958.1,23508.43721,23.50843721,19581,832,766,6152,14397,4570,2293,103638,133,1594,155,3.176
1958.35,23510.67551,23.51067551,19583.5,797,757,5594,13056,4150,2258,131237,252,1587,250,2.734017782
1958.6,23512.91381,23.51291381,19586,831,698,6043,14327,4297,2195,102068,188,1635,195,3.856812577
1958.85,23515.15212,23.51515212,19588.5,759,820,5824,14049,4256,2265,108999,225,1563,191,2.94245898
1959.1,23517.39042,23.51739042,19591,825,787,6112,14077,4579,2094,102302,226,1692,143,3.351909587
1959.35,23519.62872,23.51962872,19593.5,775,755,5923,13917,4354,2417,101383,278,1596,95,2.88260582
1959.6,23521.86703,23.52186703,19596,758,771,5907,13923,4270,2306,101129,231,1660,228,2.805248319
1959.85,23524.10533,23.52410533,19598.5,710,825,5760,14304,4195,2288,101202,202,1556,250,3.353162347
1960.1,23526.34363,23.52634363,19601,729,774,5852,13725,4270,2205,99995,291,1560,162,2.946688586
1960.35,23528.58194,23.52858194,19603.5,784,860,5856,13414,4277,2253,100478,238,1592,156,3.103792896
1960.6,23530.82024,23.53082024,19606,705,762,5779,13416,4202,2170,100468,116,1578,173,3.353319058
1960.85,23533.05855,23.53305855,19608.5,745,697,5786,13693,4184,2133,98859,144,1573,169,3.697553207
1961.1,23535.29685,23.53529685,19611,836,761,5596,14711,4408,2229,97055,402,1647,155,2.708651273
1961.35,23537.53515,23.53753515,19613.5,720,732,5767,15707,4217,2140,97806,231,1714,208,3.426546044
1961.6,23539.77346,23.53977346,19616,741,806,5573,14975,4282,2007,97477,312,1688,176,3.315913866
1961.85,23542.01176,23.54201176,19618.5,806,787,5757,15441,4319,1880,96959,269,1765,142,3.086829978
1962.1,23544.25006,23.54425006,19621,782,786,5555,16236,4108,2180,95162,245,1815,175,2.544479746
1962.35,23546.48837,23.54648837,19623.5,930,708,5665,16067,4300,2166,96199,210,1674,231,2.682553283
1962.6,23548.72667,23.54872667,19626,840,710,6032,15959,4364,2234,99597,173,1862,145,3.099777231
1962.85,23550.96497,23.55096497,19628.5,953,679,5810,16664,4256,2276,97928,30,1835,178,2.832215503
1963.1,23553.20328,23.55320328,19631,912,685,5373,21775,3942,1992,86063,254,1958,161,2.666334661
1963.35,23555.44158,23.55544158,19633.5,886,743,5358,22671,3836,1866,86698,108,2177,290,2.507324429
1963.6,23557.67988,23.55767988,19636,783,791,5640,18558,4009,1873,91379,303,2178,197,3.496652284
1963.85,23559.91819,23.55991819,19638.5,856,762,5854,16954,4220,2023,95819,324,1932,84,3.153455929
1964.1,23562.15649,23.56215649,19641,800,759,5782,15809,4296,2109,98359,178,1557,106,2.909943306
1964.35,23564.39479,23.56439479,19643.5,768,724,6159,15176,4147,1924,99209,74,1580,212,2.835971223
1964.6,23566.6331,23.5666331,19646,844,803,6073,13321,4140,2206,100148,296,1550,226,2.920231973
1964.85,23568.8714,23.5688714,19648.5,841,787,6119,13512,4354,2219,102023,280,1628,191,2.559267132
1965.1,23571.10971,23.57110971,19651,800,814,5966,13288,4172,2295,102336,207,1527,217,3.675558133
1965.35,23573.34801,23.57334801,19653.5,759,736,5734,12450,4297,2396,102902,269,1493,265,2.803742385
1965.6,23575.58631,23.57558631,19656,795,809,6156,13721,4387,2249,106274,202,1551,191,3.236609996
1965.85,23577.82462,23.57782462,19658.5,770,756,6289,13808,4356,2548,106125,454,1735,246,2.495953322
1966.1,23580.06292,23.58006292,19661,824,765,5941,13522,4162,2650,104078,257,1650,336,2.802801607
1966.35,23582.30122,23.58230122,19663.5,769,730,6109,13263,4303,2566,103436,241,1566,211,2.976423488
1966.6,23584.53953,23.58453953,19666,790,777,5969,13058,4396,2516,103852,124,1501,190,2.961786988
1966.85,23586.77783,23.58677783,19668.5,801,786,6068,13008,4143,2461,104123,386,1551,329,2.626773597
1967.1,23589.01613,23.58901613,19671,728,800,5925,12863,4356,2351,102059,406,1606,206,2.587531423
1967.35,23591.25444,23.59125444,19673.5,771,727,6005,12441,4254,2492,102203,233,1658,195,2.58716707
1967.6,23593.49274,23.59349274,19676,872,773,5891,12717,4301,2351,102041,283,1558,187,2.502402883
1967.85,23595.73104,23.59573104,19678.5,769,712,5823,12401,4286,2379,100894,398,1510,247,3.086485124
1968.1,23597.96935,23.59796935,19681,846,767,5987,12345,4323,2244,101418,200,1536,144,2.829749104
1968.35,23600.20765,23.60020765,19683.5,749,734,5901,12096,4098,2425,101713,296,1518,211,2.551852234
1968.6,23602.44595,23.60244595,19686,791,696,6053,12251,4471,2581,101550,290,1547,193,2.782180385
1968.85,23604.68426,23.60468426,19688.5,719,724,5933,12529,4460,2291,101590,240,1472,198,2.690553067
1969.1,23606.92256,23.60692256,19691,794,748,6043,12370,4198,2336,101158,149,1562,313,2.480920654
1969.35,23609.16087,23.60916087,19693.5,805,713,5965,12585,4361,2329,100380,299,1542,140,2.686645862
1969.6,23611.39917,23.61139917,19696,799,738,5820,12244,4349,2355,98887,272,1504,306,2.331439218
1969.85,23613.63747,23.61363747,19698.5,813,751,5909,12712,4346,2205,98060,256,1492,265,2.455810785
1970.1,23615.87578,23.61587578,19701,778,771,5893,12601,4161,2333,98251,165,1553,216,2.756554307
1970.35,23618.11408,23.61811408,19703.5,755,829,5793,13169,4235,2209,96614,230,1504,178,2.201055362
1970.6,23620.35238,23.62035238,19706,763,775,5832,13776,4050,2546,95054,306,1620,362,2.533613445
1970.85,23622.59069,23.62259069,19708.5,792,687,5840,17020,3979,2466,91677,193,1804,329,2.772791635
1971.1,23624.82899,23.62482899,19711,734,690,5953,11528,4162,2125,96535,100,1710,348,2.52474934
1971.35,23627.06729,23.62706729,19713.5,786,743,5790,9550,4034,2201,99963,260,1454,342,3.034793814
1971.6,23629.3056,23.6293056,19716,820,752,5868,10081,4118,2275,101773,498,1321,321,2.303335988
1972.35,23636.02051,23.63602051,19723.5,782,630,5950,10929,4396,3064,103994,205,1243,100,2.88725065
1972.6,23638.25881,23.63825881,19726,838,711,5867,11227,4094,2750,100820,231,1361,263,2.9994022
1972.85,23640.49711,23.64049711,19728.5,745,773,5795,11290,4160,2474,100430,345,1378,199,2.84723596
1973.1,23642.73542,23.64273542,19731,785,746,5828,11374,4206,2226,99948,246,1384,148,2.3853774
1973.35,23644.97372,23.64497372,19733.5,765,728,5951,10931,3977,2282,99475,254,1483,263,3.011097411
1973.85,23649.45033,23.64945033,19738.5,776,754,6115,10167,4416,1778,99216,300,1361,66,3.176752336
1974.1,23651.68863,23.65168863,19741,769,762,6029,10380,4226,1859,99882,247,1284,171,3.147789075
1974.35,23653.92694,23.65392694,19743.5,818,766,6090,10597,4165,1842,100159,293,1331,309,3.088948787
1974.6,23656.16524,23.65616524,19746,815,802,6148,11042,4229,2504,100995,312,1553,346,2.649279341
1975.1,23660.64185,23.66064185,19751,914,645,6334,11690,4456,2099,103821,124,1461,221,2.925951242
1975.35,23663.13542,23.66313542,19753.5,793,686,6046,11618,4353,2038,102331,301,1471,285,2.510961384
1975.6,23665.62899,23.66562899,19756,802,806,6323,11806,4523,2162,104570,255,1404,247,2.832567091
1975.85,23668.12257,23.66812257,19758.5,789,760,5985,11521,4384,2047,101540,240,1402,267,2.833971763
1976.35,23673.10971,23.67310971,19763.5,813,755,6119,11953,4486,1897,103750,162,1401,244,2.680718436
1976.85,23678.09686,23.67809686,19768.5,818,820,5982,11507,4379,2162,102303,281,1488,172,2.996784566
1977.1,23680.59043,23.68059043,19771,786,755,6259,11181,4287,2132,104058,182,1432,308,3.076146897
1977.35,23683.08401,23.68308401,19773.5,799,733,5908,11081,4312,2012,108543,210,1492,233,2.990575916
1977.6,23685.57758,23.68557758,19776,780,770,6211,11251,4308,2151,104991,127,1370,330,2.586745585
1977.85,23688.07116,23.68807116,19778.5,785,726,5951,11374,4457,2037,102443,170,1472,220,2.959765115
1978.1,23690.56473,23.69056473,19781,820,686,5771,12745,4244,1931,97969,195,1475,288,2.640451704
1978.35,23693.0583,23.6930583,19783.5,884,679,5677,12997,4435,1971,96676,222,1684,271,2.686327345
1978.6,23695.55188,23.69555188,19786,871,763,5844,12670,4363,2069,97217,214,1485,410,2.731880168
1978.85,23698.04545,23.69804545,19788.5,816,764,6053,11455,4381,2124,102690,243,1543,322,2.419586207
1979.1,23700.53902,23.70053902,19791,809,714,5991,10939,4263,2219,101131,134,1351,367,2.754665261
1979.35,23703.0326,23.7030326,19793.5,740,753,5927,11096,4376,2063,103330,256,1481,307,2.664371945
1979.85,23705.52617,23.70552617,19798.5,842,756,5911,11571,4228,2246,101648,201,1353,449,2.497985805
1980.1,23708.01974,23.70801974,19801,833,730,5947,12112,4220,2198,100083,362,1448,313,2.401102435
1980.35,23713.00689,23.71300689,19803.5,868,763,5763,12697,4473,2351,97819,504,1560,387,2.704178775
1980.6,23715.50046,23.71550046,19806,808,685,5880,13113,4288,2325,94687,419,1568,412,2.723837826
1980.85,23717.99404,23.71799404,19808.5,849,673,5679,13005,4152,2778,94374,225,1613,279,2.522404481
1981.1,23720.48761,23.72048761,19811,814,818,5766,10770,4313,2280,100963,265,1518,290,2.732229195
1981.35,23722.98118,23.72298118,19813.5,786,750,5764,9729,4395,2498,99067,301,1316,366,2.435064935
1981.6,23725.47476,23.72547476,19816,803,780,5763,8594,4290,3177,99711,303,1369,302,2.793053245
1981.85,23727.96833,23.72796833,19818.5,797,716,5775,7022,4304,2722,102371,291,1263,280,2.586036124
1982.1,23730.46191,23.73046191,19821,725,774,5778,6213,4204,2904,103487,247,1130,237,2.87442154
1982.35,23732.95548,23.73295548,19823.5,779,791,5513,4538,4071,3976,107730,365,960,199,2.964270568
1982.6,23735.44905,23.73544905,19826,767,859,5071,3902,3784,6611,107982,327,916,261,2.766636914
1982.85,23737.94263,23.73794263,19828.5,716,922,4753,3576,3571,11644,109984,192,819,121,2.707693739
1983.1,23740.4362,23.7404362,19831,767,984,4555,2965,3454,9801,110667,257,782,179,2.796586194
1984.35,23742.92977,23.74292977,19843.5,795,859,4798,5572,3764,2787,108441,366,986,180,2.887187917
1984.6,23745.42335,23.74542335,19846,755,953,4768,8917,3522,2456,100007,318,1119,315,2.807530963
1984.85,23747.91692,23.74791692,19848.5,805,828,4663,10608,3567,3306,86766,365,1306,202,2.671649954
1985.1,23760.38479,23.76038479,19851,797,853,4914,11114,3551,4127,82432,396,1473,259,2.778886036
1985.35,23762.87836,23.76287836,19853.5,835,820,4885,10584,3654,3232,84611,312,1564,221,2.667659654
1985.6,23765.37194,23.76537194,19856,970,966,4382,8093,3264,3112,76807,445,1260,138,3.639277191
1985.85,23767.86551,23.76786551,19858.5,958,861,4306,7106,3256,3749,75669,507,1227,93,3.108704137
1986.1,23770.35908,23.77035908,19861,930,881,4144,7248,3214,3843,77671,495,1071,214,3.284632147
1986.35,23772.85266,23.77285266,19863.5,947,843,4572,8075,3318,4898,85579,350,1208,313,3.704944985
1986.6,23775.34623,23.77534623,19866,931,840,4520,6332,3398,7125,82221,404,1034,298,2.760811162
1986.85,23777.8398,23.7778398,19868.5,882,847,4377,8103,3295,2945,83823,288,1226,153,2.887305579
1987.1,23780.33338,23.78033338,19871,904,896,4107,9409,3221,1164,100839,298,1550,353,2.788653541
1987.35,23782.82695,23.78282695,19873.5,875,855,4314,9958,3188,1402,84157,358,1726,460,2.841741136
1987.6,23785.32052,23.78532052,19876,903,769,6049,9979,4057,1671,89778,309,1450,246,3.317475052
1987.85,23787.8141,23.7878141,19878.5,812,709,6189,10402,4230,2934,95826,305,1525,272,2.550206592
1988.1,23790.30767,23.79030767,19881,799,778,5855,9740,4217,1683,98752,213,1394,333,2.487145432
1988.35,23792.80124,23.79280124,19883.5,701,777,5639,9482,4247,2147,100949,267,1332,672,2.77959013
1988.6,23795.29482,23.79529482,19886,717,740,5652,9601,4360,2207,99302,267,1421,2258,3.156705882
1988.85,23797.78839,23.79778839,19888.5,770,681,5800,9799,4114,2744,98170,212,1366,1555,2.552034013
1989.1,23800.28196,23.80028196,19891,825,742,5884,9957,4169,2677,102136,345,1269,897,2.488103201
1989.35,23802.77554,23.80277554,19893.5,700,777,5828,9318,4165,2517,104761,395,1235,643,2.903405918
1989.6,23805.26911,23.80526911,19896,767,725,5879,11421,4270,2290,99157,339,1580,464,2.338631899
1990.1,23810.25626,23.81025626,19901,734,724,5897,11396,4339,2305,100209,161,1585,423,2.690820273
1990.35,23812.74983,23.81274983,19903.5,804,730,6024,11404,4262,2596,100917,184,1450,283,2.487955182
1990.6,23815.24341,23.81524341,19906,848,734,6045,12022,4476,1792,99896,329,1535,315,2.502887437
1990.85,23817.73698,23.81773698,19908.5,926,697,5886,11995,4444,1791,100317,285,1571,304,3.157167731
1991.1,23820.23055,23.82023055,19911,781,758,5958,11959,4257,1989,99136,360,1558,311,2.307159553
1991.35,23822.72413,23.82272413,19913.5,870,742,5959,11738,4532,1845,99176,288,1551,275,2.434351775
1991.6,23825.2177,23.8252177,19916,808,726,6075,11539,4435,1885,97475,188,1517,392,2.961571863
1991.85,23827.71127,23.82771127,19918.5,798,726,5880,11268,4319,1815,97081,279,1494,341,2.792450857
1992.1,23830.20485,23.83020485,19921,757,696,5737,11170,4265,1759,94953,229,1416,242,2.625334706
1992.35,23832.69842,23.83269842,19923.5,718,693,5639,11359,4278,1962,93358,250,1435,324,2.968340369
1992.6,23835.19199,23.83519199,19926,883,718,5746,11267,4271,1894,93002,310,1558,303,2.286381389
1992.85,23837.68557,23.83768557,19928.5,792,687,5684,11196,4155,1908,90816,240,1570,293,2.655737705
1993.1,23840.17914,23.84017914,19931,794,717,5737,12365,4112,1819,91926,318,1639,279,2.742409508
1993.35,23842.67272,23.84267272,19933.5,770,670,5846,10591,4295,2041,97127,273,1500,286,2.445132826
1993.85,23847.65986,23.84765986,19938.5,814,758,6065,7765,4404,4237,99616,258,1283,276,2.259899941
1994.1,23850.15344,23.85015344,19941,831,712,5961,7359,4318,1820,100576,334,1286,345,2.752288638
1994.35,23852.64701,23.85264701,19943.5,779,736,6007,7440,4414,1943,99633,235,1131,222,2.419683258
1994.6,23855.14058,23.85514058,19946,728,741,5905,7452,4256,1680,98553,241,1240,477,2.640551142
1994.85,23857.63416,23.85763416,19948.5,766,737,5784,6907,4161,2166,99398,308,1182,612,2.352148349
1995.1,23860.12773,23.86012773,19951,784,775,5891,6281,4504,2034,103752,195,1155,1047,3.091993387
1995.35,23862.6626,23.8626626,19953.5,771,785,5939,5718,4338,2533,106884,336,1208,1296,2.938069617
1995.6,23865.19748,23.86519748,19956,775,837,5975,5203,4424,6255,113947,295,1047,819,2.392908181
1997.1,23880.40671,23.88040671,19971,795,865,5638,7917,4033,2368,113839,357,1088,270,2.260222759
1997.35,23882.94159,23.88294159,19973.5,793,899,5658,8533,4042,1769,114937,390,1104,436,2.745715918
1998.1,23890.54621,23.89054621,19981,880,793,5907,9503,4218,1926,104638,367,1423,256,2.537404432
1998.35,23893.08108,23.89308108,19983.5,760,741,6073,9711,4345,2056,100311,176,1439,733,2.39091858
1998.6,23895.61595,23.89561595,19986,816,752,6086,10250,4264,1682,97363,263,1339,595,2.33725457
1998.85,23898.15082,23.89815082,19988.5,879,743,6006,9774,4384,1560,96859,54,1264,302,2.164325961
1999.35,23903.22057,23.90322057,19993.5,877,705,6040,9994,4408,1734,98548,450,1432,183,3.798740338
1999.6,23905.75544,23.90575544,19996,849,690,5978,9696,4295,1322,96676,205,1378,252,2.347482014
2000.1,23910.82519,23.91082519,20001,793,685,6066,7759,4295,1136,102314,205,1254,236,2.333159314
2000.35,23913.36006,23.91336006,20003.5,845,758,6215,8301,4595,1254,103878,306,1267,223,2.719979818
2000.85,23918.42981,23.91842981,20008.5,889,725,6081,8975,4430,1365,101427,253,1396,210,2.58411525
2001.1,23920.96468,23.92096468,20011,792,752,5904,7804,4240,1325,102903,375,1383,232,2.926494259
2001.35,23923.49955,23.92349955,20013.5,726,779,5765,7741,4266,1046,100005,281,1220,156,2.60100183
2001.6,23926.03443,23.92603443,20016,746,732,5721,7181,4052,1141,100834,325,1199,244,2.492177434
2001.85,23928.5693,23.9285693,20018.5,782,690,5950,7122,4205,1158,101920,122,1183,260,2.607050977
2002.1,23931.10417,23.93110417,20021,770,749,5741,5948,4101,1165,105274,266,1186,198,3.351495986
2002.35,23933.63904,23.93363904,20023.5,669,880,5465,4685,3876,1210,113060,296,1008,127,2.647253603
2002.6,23936.17392,23.93617392,20026,691,983,5111,4590,3777,1341,115067,310,935,253,2.708019701
2003.1,23941.24366,23.94124366,20031,655,966,5241,4859,3817,1084,120924,391,966,342,2.47452363
2003.35,23943.77854,23.94377854,20033.5,729,929,5421,5761,4026,1023,118653,340,976,185,2.505146991
2004.1,23951.38316,23.95138316,20041,632,915,5043,5892,3755,1067,110668,311,993,174,2.680036969
2004.6,23956.4529,23.9564529,20046,782,827,5882,11258,4130,1266,97086,335,1447,209,2.437545521
2004.85,23958.98777,23.95898777,20048.5,781,753,6070,12820,4219,1136,94106,342,1584,204,2.035428219
2005.1,23961.52265,23.96152265,20051,860,716,5903,13222,4089,1347,92246,210,1631,268,2.41436865
2005.35,23964.05752,23.96405752,20053.5,788,741,5819,12974,4002,1271,91206,154,1584,286,2.164070782
2005.6,23966.59239,23.96659239,20056,816,740,5792,12858,4066,1359,91499,228,1566,250,2.739824162
2005.85,23969.12727,23.96912727,20058.5,780,796,5534,12666,3998,1353,95822,331,1669,189,2.275911365
2006.1,23971.66214,23.97166214,20061,782,710,5766,12755,3944,1268,109930,252,1516,246,2.457087259
2006.35,23974.19701,23.97419701,20063.5,800,686,5639,12651,3969,1398,89982,167,1662,292,2.001102883
2006.6,23976.73188,23.97673188,20066,766,778,5419,12695,3986,1351,89952,139,1632,234,3.048462367
2006.85,23979.26676,23.97926676,20068.5,697,751,5198,12903,3778,1784,89010,108,1682,311,2.547226387
2007.1,23981.80163,23.98180163,20071,850,768,5976,13927,4309,1636,95780,287,1598,235,2.629351798
2007.35,23984.3365,23.9843365,20073.5,798,730,5807,13448,4124,1692,95067,210,1664,277,2.447022287
2007.6,23986.87138,23.98687138,20076,771,718,6093,13961,4216,1880,97150,343,1571,355,2.815386241
2007.85,23989.40625,23.98940625,20078.5,804,779,5591,13294,4147,1829,94878,213,1624,264,2.450652601
2008.1,23991.94112,23.99194112,20081,786,676,5730,13158,4086,2006,95073,75,1645,242,2.552334944
2008.35,23994.476,23.994476,20083.5,756,761,5648,13218,4057,1946,94940,350,1553,294,2.418031262
2008.6,23997.01087,23.99701087,20086,816,808,5590,13386,4108,2017,95089,181,1657,296,2.546242775
2008.85,23999.54574,23.99954574,20088.5,794,678,5607,12856,4084,2074,96392,259,1752,201,2.487811609
2009.1,24002.08061,24.00208061,20091,837,715,5577,13136,4057,1868,95015,339,1603,297,2.122926344
2009.35,24004.61549,24.00461549,20093.5,793,720,5742,13140,4136,2081,98927,318,1621,342,2.167632485
2009.6,24007.15036,24.00715036,20096,780,752,5606,12957,4294,2103,96928,308,1577,216,2.355261967
2009.85,24009.68523,24.00968523,20098.5,759,761,5522,12742,4281,2218,95084,242,1493,189,2.482178125
2010.1,24012.22011,24.01222011,20101,807,782,5688,12857,4225,2876,96885,210,1591,268,2.306323763
2010.35,24014.75498,24.01475498,20103.5,790,772,5622,13121,4002,2097,95918,421,1553,287,2.565221675
2010.85,24019.82472,24.01982472,20108.5,794,776,5677,12828,3939,2343,97089,264,1619,281,2.504159097
2011.1,24022.3596,24.0223596,20111,765,775,5483,12855,4118,2558,97100,263,1592,239,2.145847287
2011.35,24024.89447,24.02489447,20113.5,739,760,5458,13170,4031,2644,97332,289,1434,374,2.097238612
2011.6,24027.42934,24.02742934,20116,801,754,5646,13120,4093,2676,98131,276,1549,223,2.641627228
2012.35,24035.03396,24.03503396,20123.5,766,838,5453,12675,4078,2484,95938,299,1736,229,2.192143798
2012.85,24040.10371,24.04010371,20128.5,735,843,5604,12807,4065,2509,100297,314,1548,189,2.58646906
2013.1,24042.63858,24.04263858,20131,815,760,5877,13070,3971,2501,98820,221,1535,304,2.019938535
2013.35,24045.17345,24.04517345,20133.5,762,818,5548,13566,4038,2401,98045,129,1487,250,2.703157243
2013.6,24047.70833,24.04770833,20136,761,753,5556,13994,4056,2102,96278,226,1627,190,2.379329714
2013.85,24050.2432,24.0502432,20138.5,813,700,5524,14531,3945,2179,93887,267,1728,238,2.477853492
2014.1,24052.77807,24.05277807,20141,892,740,5381,15131,3888,2140,91355,354,1793,267,2.563242421
2014.35,24055.31295,24.05531295,20143.5,818,720,5015,16480,3909,2203,91294,190,1823,189,2.18792002
2014.6,24057.84782,24.05784782,20146,861,704,5183,15901,3779,2283,90196,58,1843,205,2.469097889
2015.1,24062.91756,24.06291756,20151,873,759,5298,15737,3902,2268,95607,133,1978,241,2.174640348
2015.6,24067.95855,24.06795855,20156,779,781,5584,11418,4056,2445,97964,173,1441,186,2.30704827
2015.85,24070.47904,24.07047904,20158.5,759,776,5596,11807,3950,2670,98193,240,1520,283,2.097090376
2016.1,24072.99953,24.07299953,20161,748,815,5331,11045,3837,2734,99512,316,1425,339,2.563313724
2016.35,24075.52002,24.07552002,20163.5,772,766,5413,11773,3960,3313,97397,291,1506,292,2.678686869
2016.6,24078.04051,24.07804051,20166,866,844,5659,10228,3857,2337,98234,114,1494,249,2.539060959
2016.85,24080.561,24.080561,20168.5,874,808,5848,10371,3898,2523,96929,244,1406,263,2.478144684
2017.1,24083.0815,24.0830815,20171,784,810,5656,10233,3971,2655,99105,237,1394,201,2.455273455
2017.35,24085.60199,24.08560199,20173.5,700,843,5450,7948,3930,2867,110472,266,1351,278,2.324771591
2017.6,24088.12248,24.08812248,20176,744,821,5470,8596,3923,1893,117539,253,1247,404,2.676461739
2017.85,24090.64297,24.09064297,20178.5,790,722,5605,11740,4184,2384,100946,284,1500,307,2.539356159
2018.1,24093.16346,24.09316346,20181,816,733,5578,12686,4103,2228,96874,284,1561,209,2.436693439
2018.35,24095.68395,24.09568395,20183.5,794,780,5641,12619,3942,2038,95860,158,1562,239,2.391613362
2018.6,24098.20444,24.09820444,20186,789,745,5343,12769,4052,1489,94938,214,1598,211,2.599733155
2018.85,24100.72494,24.10072494,20188.5,797,812,5326,12597,3946,1602,92367,215,1630,193,2.623482607
2019.1,24103.24543,24.10324543,20191,834,765,5482,13031,4005,1601,90876,216,1550,222,2.41180805
2019.35,24105.76592,24.10576592,20193.5,867,738,5450,13650,3760,1740,91890,194,1684,260,2.118804723
2019.6,24108.28641,24.10828641,20196,834,751,5470,12740,3785,1653,89104,169,1625,230,2.384608428
2019.85,24110.8069,24.1108069,20198.5,824,780,5428,13281,3807,1560,89397,143,1692,170,2.755992882
2020.1,24113.32739,24.11332739,20201,804,719,5889,12675,3881,1539,95196,162,1617,269,2.60199053
2020.35,24115.84788,24.11584788,20203.5,805,782,5895,12111,3763,1616,96004,365,1585,342,2.587835249
2020.6,24118.36838,24.11836838,20206,728,755,5572,11696,3847,1595,93434,286,1487,242,2.694425394
2021.1,24120.88887,24.12088887,20211,794,749,5658,11884,3925,2314,94267,227,1530,198,1.96878042
2021.35,24123.40936,24.12340936,20213.5,800,831,5631,12063,4227,1962,94376,303,1476,149,2.536095417
2021.6,24125.92985,24.12592985,20216,754,821,5345,11903,3929,2034,91664,327,1525,284,2.424479646
2021.85,24130.97083,24.13097083,20218.5,778,759,5391,12074,3902,1848,93397,230,1486,295,2.438642055
2022.1,24133.49132,24.13349132,20221,766,738,5393,11428,3867,1911,92994,319,1553,341,2.132978307
2022.35,24136.01182,24.13601182,20223.5,861,805,5339,11729,3975,1793,93075,302,1547,294,2.124379629
2022.6,24138.53231,24.13853231,20226,824,769,5207,11778,3929,1941,91765,232,1517,366,2.159432115
2022.85,24141.0528,24.1410528,20228.5,831,744,5449,11972,3889,1965,92676,292,1540,370,2.528296548
2023.1,24143.57329,24.14357329,20231,862,661,5283,11926,3869,1957,91716,118,1310,258,2.595669688
2023.6,24148.61427,24.14861427,20236,803,745,5161,11356,3964,1860,92871,247,1529,1044,2.728839486
2023.85,24151.13476,24.15113476,20238.5,774,713,5292,11077,3776,1820,91786,242,1579,546,2.337692506
2024.1,24153.65526,24.15365526,20241,830,699,5227,11189,3709,1886,93946,332,1492,391,2.544185625
2024.6,24158.69624,24.15869624,20246,808,669,5405,11298,3821,2129,94064,219,1530,323,2.19991942
2024.85,24161.21673,24.16121673,20248.5,871,795,5196,11292,3786,2025,92596,284,1444,302,2.219395995
2026.35,24176.33968,24.17633968,20263.5,830,750,5195,11023,3922,2100,96274,318,1518,261,2.448222299
2026.85,24181.38066,24.18138066,20268.5,901,645,5263,11206,3735,2479,92076,273,1490,366,1.964447806
2027.35,24186.42164,24.18642164,20273.5,792,765,5090,10961,3836,2023,94046,216,1636,456,2.103736754
2027.6,24188.94214,24.18894214,20276,813,749,5120,10851,3937,2053,90987,362,1579,455,2.35396603
2027.85,24191.46263,24.19146263,20278.5,849,790,5126,11306,3792,2101,90722,152,1582,609,2.411581137
2028.1,24193.98312,24.19398312,20281,890,739,4987,11034,3672,2350,89433,251,1413,322,2.134705184
2028.35,24196.50361,24.19650361,20283.5,848,728,5103,11660,3791,2451,90857,338,1557,368,2.390302067
2028.85,24201.54459,24.20154459,20288.5,903,765,4962,11405,4007,2565,90862,462,1533,232,2.657797557
2029.1,24204.06508,24.20406508,20291,868,623,4917,10972,3671,1997,86999,285,1607,235,2.224481529
2029.35,24206.58558,24.20658558,20293.5,904,694,4743,10070,3507,1979,82179,295,1420,202,2.571041357
2029.6,24209.10607,24.20910607,20296,905,783,4735,9837,3414,1658,84145,259,1568,238,3.227394209
2029.85,24211.62656,24.21162656,20298.5,964,713,4749,9637,3499,1900,85637,249,1356,207,2.337274165
2030.1,24214.14705,24.21414705,20301,865,721,4830,9729,3551,1726,84470,175,1357,199,2.823379794
2030.35,24216.66754,24.21666754,20303.5,913,770,4812,9833,3388,1836,84733,283,1362,220,2.351065601
2030.6,24219.18803,24.21918803,20306,945,712,4715,9308,3487,1692,84602,376,1329,257,2.634321571
2030.85,24221.70852,24.22170852,20308.5,846,668,4639,9567,3514,1922,84296,288,1431,279,2.706983373
2031.1,24224.22902,24.22422902,20311,891,702,4521,9851,3464,1622,82615,347,1395,207,2.306159124
2031.35,24226.74951,24.22674951,20313.5,877,704,4554,10567,3598,1740,82699,295,1573,222,2.697078521
2031.6,24229.27,24.22927,20316,838,725,4754,10543,3329,1833,82124,332,1611,271,2.259022165
2031.85,24231.79049,24.23179049,20318.5,830,777,5234,10021,3540,1599,88616,268,1646,1002,2.584012745
2032.1,24234.31098,24.23431098,20321,882,806,4752,8495,3379,1532,87718,375,1411,1280,2.780113101
2032.35,24236.83147,24.23683147,20323.5,903,834,4540,9496,3253,1813,83201,359,1349,441,2.680432553
2032.6,24239.35196,24.23935196,20326,909,830,4771,9745,3646,1683,88238,294,1464,338,2.465469851
2032.85,24241.87246,24.24187246,20328.5,926,771,4974,9609,3572,1697,84771,371,1454,205,2.335809347
2033.1,24244.39295,24.24439295,20331,907,817,4942,9537,3730,1682,86122,472,1385,173,2.723059743
2033.35,24246.91344,24.24691344,20333.5,852,863,4909,10055,3672,1882,87314,448,1372,188,2.613986257
2033.6,24249.43393,24.24943393,20336,925,892,4539,10205,3418,1550,83709,361,1494,188,2.543123351
2033.85,24251.95442,24.25195442,20338.5,930,893,4510,9979,3481,1641,84205,363,1465,222,2.658069884
2034.1,24254.47491,24.25447491,20341,878,764,4432,9472,3284,1717,82684,386,1329,224,2.91448908
2034.35,24256.9954,24.2569954,20343.5,1009,798,4357,9548,3525,1562,82768,272,1483,162,2.898035264
2034.6,24259.5159,24.2595159,20346,944,812,4409,9436,3372,1776,84471,449,1477,204,2.764909653
2034.85,24262.03639,24.26203639,20348.5,1048,743,4060,8817,3184,1509,79080,541,1308,218,2.595137599
2035.1,24264.55688,24.26455688,20351,971,805,3579,7991,2846,1282,96033,342,1390,242,2.540291382
2035.35,24267.16269,24.26716269,20353.5,1029,886,3016,7004,2487,1096,80700,401,1589,210,2.606520517
2035.85,24272.3743,24.2723743,20358.5,906,793,4626,8893,3432,1721,80633,296,1297,249,2.5176
2036.1,24274.98011,24.27498011,20361,816,710,5546,10965,3976,2470,91678,261,1516,290,2.332361782
2036.35,24277.58592,24.27758592,20363.5,909,688,6169,7610,4243,2085,100160,221,1325,257,2.456337257
2036.6,24280.19173,24.28019173,20366,836,719,6025,7875,4269,2265,101656,341,1310,280,2.764712108
2036.85,24282.79754,24.28279754,20368.5,773,744,5923,7711,4418,2372,100804,247,1290,755,2.196517827
2037.1,24285.40334,24.28540334,20371,781,733,5955,7467,4303,2365,102242,154,1298,357,2.65442404
2037.35,24288.00915,24.28800915,20373.5,868,801,6011,6860,4225,4151,102732,258,1202,356,2.276046078
2037.6,24290.61496,24.29061496,20376,784,705,5808,5800,4195,6176,108280,234,1125,274,2.928508868
2037.85,24293.22077,24.29322077,20378.5,770,813,5827,5432,4304,9268,113158,274,1047,187,2.273172379
2038.1,24295.82658,24.29582658,20381,697,847,5344,5080,3887,20184,117293,109,1002,235,2.53125592
2038.6,24301.03819,24.30103819,20386,650,857,4969,4853,3752,18446,116837,368,960,348,3.049256506
2038.85,24303.644,24.303644,20388.5,726,822,5365,4837,3786,4396,115044,207,1026,255,2.87884326
2039.1,24306.24981,24.30624981,20391,729,838,5509,6563,4037,3544,112734,197,1137,215,2.150047786
2039.35,24308.85562,24.30885562,20393.5,752,892,5137,7623,3935,2723,115856,332,1249,221,2.48325975
2039.6,24311.46142,24.31146142,20396,747,772,5287,9384,3694,3263,108963,172,1212,318,2.519078272
2039.85,24314.06723,24.31406723,20398.5,771,741,5505,10183,4163,4712,99370,293,1270,211,2.781798829
2040.1,24316.67304,24.31667304,20401,784,759,5763,10704,4288,4439,97562,168,1481,303,2.64394348
2040.35,24319.27885,24.31927885,20403.5,829,748,5675,10756,4290,3813,97940,221,1571,440,1.989794304
2040.6,24321.88466,24.32188466,20406,777,757,5589,11149,4040,3376,97616,311,1466,317,3.015125073
2040.85,24324.49047,24.32449047,20408.5,787,678,5768,10985,4393,3261,98867,247,1539,138,2.436602183
2041.1,24327.09627,24.32709627,20411,777,739,5548,11303,4231,2963,98258,68,1395,196,2.068505558
2041.35,24329.70208,24.32970208,20413.5,770,761,5548,11088,4242,2808,98184,263,1524,245,2.487153854
2041.6,24332.30789,24.33230789,20416,780,700,5693,11396,4197,3228,99523,170,1476,184,1.946692991
2041.85,24334.9137,24.3349137,20418.5,767,792,5891,10800,4218,2968,100232,333,1487,200,2.306090578
2042.1,24337.51951,24.33751951,20421,764,732,5691,10756,4118,2877,100338,240,1532,272,2.378414931
2042.35,24340.12531,24.34012531,20423.5,872,740,5827,10797,4396,2651,100623,206,1388,362,2.331932773
2042.6,24342.73112,24.34273112,20426,791,762,5761,11324,4421,2615,100945,73,1438,439,2.406150487
2042.85,24345.33693,24.34533693,20428.5,798,708,5813,11680,4437,2647,98688,189,1609,367,2.269957806
2043.1,24347.94274,24.34794274,20431,841,763,5913,11937,4169,2412,97555,235,1446,338,2.362781621
2043.35,24350.54855,24.35054855,20433.5,870,666,5853,11624,4527,2787,102430,269,1486,171,2.68892723
2043.6,24353.15435,24.35315435,20436,807,755,5796,10965,4431,2623,101344,131,1507,215,2.688557819
2043.85,24355.76016,24.35576016,20438.5,790,686,5593,10824,4198,2773,128906,106,1420,301,2.12541862
2044.1,24358.36597,24.35836597,20441,876,668,5794,11588,4374,2389,99803,255,1588,247,2.494657082
2044.35,24360.97178,24.36097178,20443.5,831,721,5805,11505,4283,2208,100230,178,1531,251,2.425277291
2044.6,24363.57759,24.36357759,20446,824,717,5842,11737,4331,2325,97528,88,1478,208,2.44069671
2044.85,24366.18339,24.36618339,20448.5,815,811,5526,11687,4145,2450,95685,299,1613,330,2.329058263
2045.1,24368.7892,24.3687892,20451,844,773,5488,11899,4233,2403,95175,106,1693,172,2.186161312
2045.35,24371.39501,24.37139501,20453.5,884,738,5454,11022,4223,2333,92609,162,1735,233,2.473496241
2045.6,24374.00082,24.37400082,20456,766,717,5234,12095,4161,2433,90364,252,1641,227,2.350971439
2045.85,24376.60663,24.37660663,20458.5,906,708,5497,14308,4026,2307,88368,238,1743,212,2.10413961
2046.1,24379.21244,24.37921244,20461,849,766,5695,8561,4099,2364,95805,438,1370,204,2.65172347
2046.35,24381.81824,24.38181824,20463.5,820,755,5676,8594,4042,4633,95755,226,1266,290,2.821599169
2046.6,24384.42405,24.38442405,20466,778,789,5477,5813,4249,4120,101893,226,1218,249,2.402236112
2046.85,24387.02986,24.38702986,20468.5,640,909,4905,4394,3799,3380,116419,247,1080,221,2.672816265
2047.35,24392.24148,24.39224148,20473.5,639,932,4628,4169,3472,5129,117091,272,963,271,2.246407047
2047.6,24394.84728,24.39484728,20476,743,840,5046,6187,3820,2522,108777,286,1273,473,2.458453757
2047.85,24397.45309,24.39745309,20478.5,706,849,5083,8368,3917,3009,97091,275,1360,677,2.658631415
2048.1,24400.0589,24.4000589,20481,747,938,4963,9491,3625,2293,101110,423,1293,469,2.551006839
2048.35,24402.66471,24.40266471,20483.5,889,696,5009,10191,3907,2038,89696,378,1366,506,2.770943907
2048.6,24405.27052,24.40527052,20486,789,725,5034,10499,3800,2181,86029,332,1574,440,2.493060837
2048.85,24407.87632,24.40787632,20488.5,795,688,4993,10639,3669,2393,84855,233,1505,237,2.630778467
2049.1,24410.48213,24.41048213,20491,879,763,4920,10883,3726,2264,85047,226,1484,388,2.816940738
2049.35,24413.08794,24.41308794,20493.5,915,728,5117,10615,3851,2306,86468,309,1523,206,3.19423573
2049.6,24415.69375,24.41569375,20496,891,719,5166,10465,3763,2246,87352,171,1494,265,2.324460492
2049.85,24418.29956,24.41829956,20498.5,915,791,5131,10766,3658,2322,87907,257,1563,196,2.634139122
2050.1,24420.90536,24.42090536,20501,825,811,5027,10687,3760,2357,87986,245,1527,206,2.438042824
2050.35,24423.51117,24.42351117,20503.5,857,761,5072,10614,3705,2346,88187,352,1556,290,2.458609121
2050.6,24426.11698,24.42611698,20506,848,765,4744,10642,3911,2240,88235,393,1526,260,2.473457676
2050.85,24428.72279,24.42872279,20508.5,904,725,4918,11130,3633,2319,87083,330,1533,354,2.513904829
2051.1,24431.3286,24.4313286,20511,871,744,5048,11848,3915,2418,91568,357,1532,519,2.46657277
2051.35,24433.9344,24.4339344,20513.5,828,763,5317,11366,4022,2538,92183,297,1646,518,2.299103778
2051.6,24436.54021,24.43654021,20516,866,786,4891,10744,3915,2357,88445,388,1575,197,2.136270814
2051.85,24439.14602,24.43914602,20518.5,888,751,5335,11009,4069,2304,91246,305,1524,151,3.016180517
2052.1,24441.75183,24.44175183,20521,779,761,5570,11477,3853,2392,92966,365,1713,268,2.838010204
2052.35,24444.35764,24.44435764,20523.5,857,745,5831,10436,4239,2534,97344,241,1709,191,2.490376646
2052.6,24446.96345,24.44696345,20526,868,729,5413,10374,3988,3306,95048,294,1502,204,2.537802744
2052.85,24449.56925,24.44956925,20528.5,896,712,5356,10107,3780,3123,94027,245,1559,296,2.438052702
2053.1,24452.17506,24.45217506,20531,907,794,5733,11263,4117,2844,101885,317,1623,182,2.26058528
2053.35,24454.78087,24.45478087,20533.5,840,818,5278,8536,3941,4283,109143,118,1347,238,2.907999596
2053.6,24457.38668,24.45738668,20536,818,912,4782,7800,3812,4176,104908,343,1387,127,2.319627062
2053.85,24459.99249,24.45999249,20538.5,968,862,4821,10115,3542,3205,87905,333,1549,149,2.558591785
2054.1,24462.59829,24.46259829,20541,975,810,4326,13643,3393,2832,83948,284,1745,110,2.399720991
2054.35,24465.2041,24.4652041,20543.5,935,685,5062,16828,3875,2242,89114,156,2147,192,2.244940322
2054.6,24467.80991,24.46780991,20546,910,684,4942,14221,3867,2402,101017,167,2040,181,2.142494264
2054.85,24470.41572,24.47041572,20548.5,853,832,4377,12560,3503,2189,109988,311,1918,219,2.074509221
2055.1,24473.02153,24.47302153,20551,937,846,3849,8370,2876,1927,74071,475,1349,82,2.77814346
2056.1,24482.88682,24.48288682,20561,834,789,4800,10446,3484,2397,82469,297,1630,222,2.817929562
2056.35,24485.35314,24.48535314,20563.5,851,770,5473,13993,4193,2940,95580,236,1853,238,2.147829978
2056.6,24487.81946,24.48781946,20566,856,680,5376,14727,4380,3028,95627,178,1927,161,2.411735356
2056.85,24490.28578,24.49028578,20568.5,908,663,5801,12890,4496,2909,99497,107,2212,219,2.141816547
2057.1,24492.75211,24.49275211,20571,915,636,6060,11283,4420,3093,98530,125,1827,300,3.156921087
2057.35,24495.21843,24.49521843,20573.5,836,710,6164,8661,4371,3110,100874,391,1229,488,2.274380871
2057.6,24497.68475,24.49768475,20576,828,764,5967,7965,4324,2929,101684,295,1193,725,2.456541059
2057.85,24500.15107,24.50015107,20578.5,794,754,6044,7275,4488,3064,101519,242,1339,601,2.268221337
2058.1,24502.61739,24.50261739,20581,792,727,5998,7063,4298,2932,100581,299,1184,470,2.460704862
2058.35,24505.08372,24.50508372,20583.5,776,737,5971,6663,4436,3508,98941,326,1143,416,3.009512355
2058.6,24507.55004,24.50755004,20586,851,744,5911,6161,4404,2750,100527,299,1144,611,2.926214891
2058.85,24510.01636,24.51001636,20588.5,786,699,5925,5994,4330,2879,101521,182,1185,847,1.995746586
2059.1,24512.48268,24.51248268,20591,787,691,5682,4690,4549,2753,101584,252,1121,1871,2.900075864
2059.35,24514.94901,24.51494901,20593.5,851,758,6034,4405,4248,2676,103819,117,1118,1819,2.636408052
2059.6,24517.41533,24.51741533,20596,813,768,5937,4372,4454,2780,106563,188,971,397,2.019446629
2059.85,24519.88165,24.51988165,20598.5,757,790,5444,3831,4277,3499,105496,355,1013,728,2.850320816
2060.1,24522.34797,24.52234797,20601,788,869,5333,3431,4251,4796,110013,282,1074,549,2.525479357
2060.35,24524.8143,24.5248143,20603.5,780,881,5035,3000,3886,7715,110215,306,853,166,2.657906785
2061.35,24534.67959,24.53467959,20613.5,718,892,4647,3254,3631,4532,108480,435,674,81,3.184143787
2061.6,24537.14591,24.53714591,20616,821,741,4567,4839,3361,3692,98134,360,817,119,3.173965937
2061.85,24539.61223,24.53961223,20618.5,916,793,4508,7505,3437,2471,91832,413,971,149,2.440654397
2062.1,24542.07855,24.54207855,20621,860,821,4527,8383,3354,2289,88161,395,1414,175,3.28741555
2062.35,24544.54487,24.54454487,20623.5,824,803,4480,8481,3278,2047,88747,305,1016,75,3.098402361
2062.6,24547.0112,24.5470112,20626,788,720,5040,9126,3687,1820,84646,312,1267,289,2.893479184
2062.85,24549.47752,24.54947752,20628.5,844,754,5885,9936,4216,2000,90735,234,1467,888,2.489681551
2063.1,24551.94384,24.55194384,20631,860,716,6043,9013,4361,2030,93271,77,1602,1916,2.501431077
2063.35,24554.41016,24.55441016,20633.5,753,698,5913,8763,4422,1812,94146,183,1492,2570,2.534996667
2063.6,24556.87649,24.55687649,20636,754,778,5837,9032,4332,2352,94930,217,1418,1399,2.221780467
2063.85,24559.34281,24.55934281,20638.5,807,793,5777,8465,4337,2664,94176,129,1397,1555,2.500606739
2064.1,24561.80913,24.56180913,20641,843,708,5813,7797,4400,2112,96651,183,1303,1056,2.040643522
2064.35,24564.27545,24.56427545,20643.5,814,761,5959,7308,4481,1656,99733,361,1215,536,2.399135314
2064.6,24566.74178,24.56674178,20646,798,757,5922,6986,4256,1823,101191,338,1108,444,2.617021277
2064.85,24569.2081,24.5692081,20648.5,867,746,5827,8042,4504,1594,98517,371,1098,209,2.808843051
2065.1,24571.67442,24.57167442,20651,853,697,6196,9085,4387,1500,96204,147,1227,176,2.224319332
2065.35,24574.14074,24.57414074,20653.5,806,656,5939,9159,4210,1474,94257,232,1328,410,2.297613993
2065.6,24576.60707,24.57660707,20656,826,755,5934,7058,4347,1667,96586,156,1188,290,2.299805595
2065.85,24579.07339,24.57907339,20658.5,781,757,6049,8613,4501,1573,98719,256,1178,392,2.579789272
2066.1,24581.53971,24.58153971,20661,810,734,6025,7602,4588,1472,100723,205,1301,1075,2.414737586
2066.35,24584.00603,24.58400603,20663.5,818,819,6094,6552,4472,1957,107692,130,1218,610,2.408943228
2066.6,24586.47235,24.58647235,20666,777,781,5857,5795,4376,1826,107849,416,1171,580,2.25906527
2066.85,24588.93868,24.58893868,20668.5,789,741,5978,5803,4448,1959,105899,286,1112,486,2.583900227
2067.1,24591.405,24.591405,20671,793,861,5923,5696,4433,1913,105586,182,1227,451,3.652811736
2067.35,24593.87132,24.59387132,20673.5,802,778,5882,5573,4347,1800,106168,316,1183,336,2.106250958
2067.6,24596.33764,24.59633764,20676,815,673,5994,5733,4261,1762,105719,315,1124,329,2.688873211
2067.85,24598.80397,24.59880397,20678.5,797,802,5892,5462,4522,1758,104892,245,1045,297,2.230361941
2068.1,24601.27029,24.60127029,20681,789,776,5918,4881,4375,1754,107814,378,1062,215,2.414430425
2068.35,24603.73661,24.60373661,20683.5,761,796,5862,4680,4256,1731,107935,367,944,570,1.839360863
2068.6,24606.20293,24.60620293,20686,803,872,5711,4785,4142,1825,107076,171,1106,806,2.481231434
2068.85,24608.66926,24.60866926,20688.5,714,848,5535,4462,4287,1701,111971,200,974,474,2.655759536
2069.1,24611.13558,24.61113558,20691,764,825,5582,5137,4339,1692,113018,162,1090,827,2.766010802
2069.35,24613.6019,24.6136019,20693.5,722,864,5564,5450,4230,1711,112044,287,1149,923,2.659701785
2069.6,24616.06822,24.61606822,20696,706,884,5733,6223,4069,1753,112224,221,1015,473,2.973898341
2069.85,24618.53455,24.61853455,20698.5,715,944,5453,5461,4104,1753,118310,367,1025,235,2.00161166
2070.35,24623.46719,24.62346719,20703.5,703,894,5354,5211,4077,1558,122500,372,968,182,2.493836874
2070.6,24625.93351,24.62593351,20706,782,760,5919,9902,4170,1499,109892,317,911,191,2.468133884
2070.85,24628.39983,24.62839983,20708.5,787,728,5862,13212,4270,1507,96576,223,1405,228,2.906636415
2071.1,24630.86616,24.63086616,20711,796,720,5816,12042,4331,1553,95168,324,1508,253,2.552427868
2071.35,24633.33248,24.63333248,20713.5,824,768,5937,10393,4199,1222,96928,85,1437,557,2.377881844
2071.6,24635.7988,24.6357988,20716,886,825,6235,10489,4286,1158,95929,280,1368,618,2.794836957
2071.85,24638.26512,24.63826512,20718.5,815,866,6340,10136,4408,1153,94884,270,1407,457,2.847284825
2072.1,24640.73145,24.64073145,20721,901,725,6251,9236,4544,1506,97066,195,1354,329,2.479443333
2072.35,24643.19777,24.64319777,20723.5,905,648,6316,8286,4559,1158,97373,243,1325,382,2.320082602
2072.6,24645.66409,24.64566409,20726,830,698,6148,7652,4523,1141,97845,273,1155,278,2.553057053
2072.85,24648.13041,24.64813041,20728.5,868,698,6278,7027,4637,1244,100263,239,1235,312,2.265072501
2073.1,24650.59674,24.65059674,20731,871,737,6170,6124,4399,1143,102989,214,1026,498,2.718685193
2073.35,24653.06306,24.65306306,20733.5,788,704,6021,4958,4289,1154,109580,215,1063,341,2.238868782
2073.6,24655.52938,24.65552938,20736,826,796,5791,4360,4413,1306,114941,204,980,355,2.683976962
2073.85,24657.9957,24.6579957,20738.5,750,708,5875,3966,4129,1254,113441,383,929,344,3.136067205
2074.1,24660.46203,24.66046203,20741,819,835,5985,4114,4222,1199,113002,239,880,320,2.562494319
2074.35,24662.92835,24.66292835,20743.5,752,799,6010,4983,4247,1273,112381,200,862,245,2.617770718
2074.6,24665.39467,24.66539467,20746,806,821,6048,5897,4301,1172,107642,113,970,209,2.643491846
2074.85,24667.86099,24.66786099,20748.5,832,839,6008,6330,4478,1369,109450,344,1046,125,2.497784209
2075.1,24670.32731,24.67032731,20751,733,834,5651,5917,4206,1368,112902,233,1040,260,2.503150315
2075.35,24673.01886,24.67301886,20753.5,752,813,5423,5117,3958,1378,114689,368,980,285,2.469380562
2075.6,24675.71041,24.67571041,20756,722,804,5660,5634,4070,1359,116626,264,863,330,2.518464066
2075.85,24678.40195,24.67840195,20758.5,776,732,5816,7639,4142,1366,109724,195,930,326,2.935683761
2076.1,24681.0935,24.6810935,20761,800,751,6026,10241,4289,1220,99128,210,1240,280,2.412971125
2076.35,24683.78504,24.68378504,20763.5,800,650,5946,10288,4316,1144,96860,207,1368,227,2.254973188
2076.6,24686.47659,24.68647659,20766,758,675,6198,9720,4301,1317,96488,154,1425,237,2.174332583
2076.85,24689.16813,24.68916813,20768.5,822,634,6066,8932,4259,1200,96266,281,1319,241,2.328932211
2077.1,24691.85968,24.69185968,20771,785,664,5998,8298,4416,1110,97875,183,1332,252,3.425534777
2077.35,24694.55122,24.69455122,20773.5,829,748,6241,7649,4323,1181,99325,321,1306,304,1.968901175
2077.6,24697.24277,24.69724277,20776,761,731,6175,7879,4424,1091,100595,287,1347,183,2.481193747
2077.85,24699.93432,24.69993432,20778.5,823,721,6048,7018,4447,1436,103558,222,1246,248,2.448323893
2078.1,24702.62586,24.70262586,20781,779,715,6136,6769,4356,1448,105826,190,1168,249,2.452057245
2078.35,24705.31741,24.70531741,20783.5,822,720,6301,6448,4320,1169,104959,244,1202,258,2.526775753
2078.6,24708.00895,24.70800895,20786,762,817,5961,4478,4471,1327,116120,174,906,245,2.362496735
2079.1,24713.39204,24.71339204,20791,722,836,5654,6710,3995,1472,123659,313,1028,299,2.315876699
2079.35,24716.08359,24.71608359,20793.5,838,743,5881,8655,4316,1436,111202,273,1038,180,2.58713417
2079.6,24718.77513,24.71877513,20796,854,702,6194,10027,4312,1281,101744,257,1334,233,2.548958628
2079.85,24721.46668,24.72146668,20798.5,839,668,6237,10479,4422,1270,96348,243,1385,237,2.091199875
2080.1,24724.15823,24.72415823,20801,725,687,6092,9280,4498,1432,93507,283,1353,229,2.342454905
2080.35,24726.84977,24.72684977,20803.5,792,653,6217,8200,4404,1190,95295,330,1361,245,2.725401659
2080.6,24729.54132,24.72954132,20806,843,602,6486,7805,4552,1231,98272,195,1288,232,2.06184739
2080.85,24732.23286,24.73223286,20808.5,832,691,6149,7349,4472,1190,99848,227,1261,156,2.408058136
2081.1,24734.92441,24.73492441,20811,822,688,6240,5198,4501,1222,104535,202,1248,294,2.56850901
2081.35,24737.61595,24.73761595,20813.5,812,701,6013,4380,4425,1422,108849,310,1081,441,2.517575639
2081.6,24740.3075,24.7403075,20816,783,784,5929,3807,4341,1216,116665,261,984,286,2.161258844
2081.85,24742.99904,24.74299904,20818.5,720,750,5767,3790,4193,1138,121083,177,909,235,2.893356825
2082.1,24745.69059,24.74569059,20821,719,809,5636,4242,4358,1219,117522,332,946,245,2.620567715
2082.35,24748.38213,24.74838213,20823.5,794,913,5758,4531,4333,1358,120395,285,969,167,2.399282511
2082.85,24753.76523,24.75376523,20828.5,785,690,5877,9102,4262,1730,113610,171,1079,236,2.507980958
2083.1,24756.45677,24.75645677,20831,848,656,5935,10609,4303,1496,103233,175,1238,266,2.583199518
2083.35,24759.14832,24.75914832,20833.5,840,659,6087,10982,4414,1640,96720,159,1416,240,2.470035253
2083.6,24761.83986,24.76183986,20836,854,698,6188,10731,4463,1740,95702,109,1464,255,1.92455072
2083.85,24764.53141,24.76453141,20838.5,907,656,6366,11207,4436,1726,97106,277,1490,299,2.148986687
2084.1,24767.22295,24.76722295,20841,880,677,6207,11623,4440,1550,95852,225,1395,255,2.196941376
2084.35,24769.9145,24.7699145,20843.5,804,643,6153,11646,4417,1638,94537,182,1441,313,2.980075454
2084.6,24772.60604,24.77260604,20846,795,754,5886,13403,4242,1506,91363,188,1648,262,2.484391925
2084.85,24775.29759,24.77529759,20848.5,892,632,5679,11608,3925,1110,91988,265,1666,194,2.064671216
2085.1,24777.98914,24.77798914,20851,826,754,6098,12258,4071,1284,89303,208,1666,183,2.259188425
2085.35,24780.68068,24.78068068,20853.5,838,748,5991,10966,4273,1485,93093,215,1544,291,2.346842011
2085.6,24783.37223,24.78337223,20856,828,641,6331,8640,4382,1231,97168,131,1326,223,2.432259856
2085.85,24786.06377,24.78606377,20858.5,885,687,6483,6483,4424,2083,101122,129,1145,226,2.377829967
2086.1,24788.75532,24.78875532,20861,808,682,6348,5825,4545,2382,104761,119,1026,229,2.458822442
2086.35,24791.44686,24.79144686,20863.5,831,710,6275,4930,4448,1817,108367,257,884,280,3.390891347
2086.6,24794.13841,24.79413841,20866,795,723,6403,4641,4413,1670,110674,236,960,270,2.412356853
2086.85,24796.82995,24.79682995,20868.5,869,711,6201,4651,4284,2186,110492,219,936,206,2.7231487
2087.1,24799.5215,24.7995215,20871,785,771,6349,4895,4133,2165,109371,300,1037,317,2.062434731
2087.35,24802.21305,24.80221305,20873.5,764,771,6157,4576,4317,2366,112821,258,961,170,2.879698414
2087.6,24804.90459,24.80490459,20876,863,677,6144,4154,4186,2753,111698,157,974,279,2.362177754
2087.85,24807.59614,24.80759614,20878.5,701,857,5916,2997,4234,2425,118628,212,859,192,2.497912507
2088.85,24818.36232,24.81836232,20888.5,771,732,5949,7251,4046,2004,103093,7,911,293,2.668520578
2089.1,24821.05386,24.82105386,20891,847,688,6088,9917,4265,1735,96798,44,1265,160,2.254774898
2089.35,24823.74541,24.82374541,20893.5,874,649,6092,10805,4152,1765,93741,220,1359,181,2.568283694
2089.6,24826.43695,24.82643695,20896,798,652,6106,11034,4164,1624,92943,262,1453,195,2.655895752
2089.85,24829.1285,24.8291285,20898.5,788,643,6247,11188,4071,1539,93942,222,1453,285,2.226869904
2090.1,24831.82005,24.83182005,20901,761,681,6199,11338,3965,1755,92604,187,1552,312,2.389581602
2090.35,24834.51159,24.83451159,20903.5,875,680,6133,11827,4051,1680,92682,338,1497,331,2.055991669
2090.6,24837.20314,24.83720314,20906,850,697,6202,11989,4168,1789,94157,195,1432,191,2.310850702
2090.85,24839.89468,24.83989468,20908.5,766,636,6296,11812,4171,1756,94276,240,1437,258,2.470164509
2091.1,24842.58623,24.84258623,20911,813,637,6139,12114,4128,1653,92608,271,1516,220,2.728806134
2091.35,24845.27777,24.84527777,20913.5,832,732,6357,11069,3989,1646,93036,87,1366,249,2.380103665
2091.6,24847.96932,24.84796932,20916,769,699,6195,9986,3945,1609,93569,223,1394,263,2.492262774
2091.85,24850.66086,24.85066086,20918.5,857,655,6317,10250,4072,1813,94221,160,1413,187,2.513636814
2092.1,24853.35241,24.85335241,20921,765,676,6101,10372,4025,1865,94069,236,1371,286,2.146103896
2092.35,24856.04396,24.85604396,20923.5,781,692,5910,10281,4149,1786,93509,149,1404,186,1.975144007
2092.6,24858.7355,24.8587355,20926,807,664,6075,10199,3973,1879,93327,265,1348,289,2.391924883
2092.85,24861.42705,24.86142705,20928.5,767,704,5887,10207,3921,2118,92123,268,1274,298,2.188685906
2093.1,24864.11859,24.86411859,20931,738,653,5833,10352,3992,1943,92759,231,1359,299,2.282518348
2093.35,24866.81014,24.86681014,20933.5,707,660,5980,10374,4114,1880,93103,273,1390,235,3.051427865
2093.6,24869.50168,24.86950168,20936,734,649,5682,10618,4069,2056,93370,73,1347,217,2.889263305
2093.85,24872.19323,24.87219323,20938.5,717,596,5691,10325,3985,2093,92251,262,1398,290,2.344779453
2094.1,24874.88477,24.87488477,20941,741,621,5881,10577,3848,2229,92236,235,1427,392,2.353499521
2094.35,24877.57632,24.87757632,20943.5,762,678,5769,10426,4045,2075,91671,205,1396,297,2.79038749
2094.6,24880.26787,24.88026787,20946,775,687,5710,10553,3895,1895,94123,244,1359,302,2.591684211
2094.85,24882.95941,24.88295941,20948.5,786,684,5756,10459,4006,2002,93454,56,1350,310,2.153273938
2095.1,24885.65096,24.88565096,20951,803,661,5611,10337,3916,2221,92481,130,1469,254,2.663413098
2095.35,24888.27311,24.88827311,20953.5,820,667,5988,10562,4031,2005,94073,267,1379,332,2.740414902
2095.6,24890.89526,24.89089526,20956,752,644,5825,10610,3949,2230,94053,252,1295,285,2.34899786
2095.85,24893.51741,24.89351741,20958.5,797,626,5768,10415,4048,2496,93604,275,1359,191,2.363759036
2096.1,24896.13956,24.89613956,20961,787,630,5864,10447,4086,2177,95133,220,1347,313,3.024896266
2096.35,24898.76171,24.89876171,20963.5,787,650,6073,10553,4268,2277,94725,214,1293,190,2.774382819
2096.6,24901.38386,24.90138386,20966,856,707,6274,10602,3977,2220,96533,127,1356,351,2.810835012
2096.85,24904.00601,24.90400601,20968.5,811,636,6330,10751,4152,2256,98397,96,1445,317,1.921142277
2097.1,24906.62817,24.90662817,20971,871,705,6447,11207,4194,2340,100007,126,1323,350,2.123474101
2097.6,24909.25032,24.90925032,20976,796,711,6449,11135,4156,2443,100705,232,1434,318,2.135196436
2097.85,24914.49462,24.91449462,20978.5,831,718,6580,10989,4279,2552,102614,263,1386,207,2.619047619
2098.1,24917.11677,24.91711677,20981,808,787,6337,11122,4101,2295,102563,155,1429,261,2.54641678
2098.35,24919.73892,24.91973892,20983.5,815,753,6533,11042,4227,2585,102430,106,1404,283,2.334736277
2099.1,24927.60538,24.92760538,20991,809,733,6503,10485,4228,2301,98859,50,1442,205,2.481080572
2099.6,24932.84968,24.93284968,20996,771,741,6299,9829,4043,2402,97227,304,1177,226,2.607471904
2099.85,24935.47183,24.93547183,20998.5,833,774,6371,10104,3938,2389,96826,340,1229,206,2.236546115
2100.45,24943.33828,24.94333828,21004.5,1018,569,7344,12866,4790,2695,113329,214,1477,226,2.772843061
2100.7,24945.96043,24.94596043,21007,1066,568,7344,12795,4815,2885,114007,235,1434,157,4.090680101
2100.95,24948.58259,24.94858259,21009.5,1041,578,7075,12904,4560,2949,113068,133,1497,296,3.761127596
2101.2,24951.20474,24.95120474,21012,929,587,6869,12701,4862,2863,112386,163,1370,193,3.225666996
2101.45,24953.82689,24.95382689,21014.5,986,559,6950,12664,4868,2846,111280,301,1469,134,2.722710981
2101.7,24956.44904,24.95644904,21017,999,542,6761,12436,4671,2936,110802,163,1485,146,4.068341709
2101.95,24959.07119,24.95907119,21019.5,967,510,6737,12448,4605,3048,110476,158,1470,220,2.792161792
2102.2,24961.69334,24.96169334,21022,1040,549,6807,12713,4739,2848,110461,331,1433,187,3.514884393
2102.45,24964.31549,24.96431549,21024.5,1000,624,6675,12787,4676,2851,111729,187,1514,138,2.965891299
2102.7,24966.93764,24.96693764,21027,959,525,6725,12197,4760,2948,111560,121,1472,176,3.529757531
2102.95,24969.55979,24.96955979,21029.5,975,532,6640,12121,4561,2978,109924,190,1514,201,3.382377162
2103.2,24972.18195,24.97218195,21032,1004,451,6734,12169,4647,2860,109275,133,1382,170,3.537268419
2103.45,24974.8041,24.9748041,21034.5,987,540,6663,12508,4508,2866,108481,229,1426,188,3.759427208
2103.7,24977.42625,24.97742625,21037,892,468,6631,12219,4552,3022,107336,181,1499,217,3.305768455
2103.95,24980.0484,24.9800484,21039.5,961,477,6461,12224,4597,2958,106144,283,1447,183,3.327659574
2104.2,24982.67055,24.98267055,21042,939,487,6590,11868,4482,2906,105287,158,1371,207,3.308863886
2104.45,24985.2927,24.9852927,21044.5,935,522,6612,11764,4440,2951,105191,224,1418,161,3.608425721
2104.7,24987.91485,24.98791485,21047,909,554,6523,11729,4463,3005,104922,259,1486,62,3.383071672
2104.95,24990.537,24.990537,21049.5,873,603,6334,12002,4362,2828,103813,165,1404,169,2.48845953
2105.2,24993.15916,24.99315916,21052,942,574,6385,11746,4286,2961,104343,357,1434,260,3.171496312
2105.45,24995.78131,24.99578131,21054.5,873,600,6431,11596,4258,3005,104434,159,1506,190,2.781989458
2105.7,24998.40346,24.99840346,21057,926,625,6359,11849,4376,3014,104278,154,1455,173,3.147780072
2105.95,25001.02561,25.00102561,21059.5,877,574,6421,11736,4207,3158,103315,294,1448,217,2.866744051
2106.2,25003.64776,25.00364776,21062,947,608,6290,11824,4486,3000,104141,245,1301,57,3.265799257
2106.45,25006.26991,25.00626991,21064.5,885,551,6409,11656,4259,2928,102836,173,1509,192,3.437691299
2106.7,25008.89206,25.00889206,21067,867,522,6392,11520,4252,2944,102343,245,1428,179,3.085333668
2106.95,25011.51421,25.01151421,21069.5,885,556,6098,11433,4377,3080,101512,282,1410,158,3.218776916
2107.2,25014.13637,25.01413637,21072,832,582,6189,11321,4364,2943,101114,260,1358,129,3.495023028
2107.45,25016.75852,25.01675852,21074.5,883,580,6051,11246,4109,3021,101533,52,1370,115,3.585770274
2107.7,25019.38067,25.01938067,21077,898,554,6098,11473,4216,3038,102746,312,1472,210,3.340984975
2107.95,25022.00282,25.02200282,21079.5,888,599,6284,11887,4360,2928,103792,128,1353,225,3.536650775
2108.2,25024.62497,25.02462497,21082,827,582,6293,12384,4548,3206,107216,308,1440,98,3.274293405
2108.45,25027.24712,25.02724712,21084.5,899,657,6402,12215,4509,3185,108332,223,1378,149,2.956856147
2108.7,25029.86927,25.02986927,21087,966,661,6546,12560,4468,3137,108233,200,1347,221,3.809277567
2108.95,25032.49142,25.03249142,21089.5,921,630,6545,12429,4721,3303,109623,204,1484,54,3.452283907
2109.2,25035.11357,25.03511357,21092,904,629,6665,12431,4694,3381,112501,203,1310,116,2.801890015
2109.45,25037.73573,25.03773573,21094.5,890,639,6611,12640,4614,3208,111142,382,1470,137,3.211066667
2109.7,25040.35788,25.04035788,21097,864,644,6444,12348,4591,3201,108812,145,1465,91,3.604985472
2109.95,25042.98003,25.04298003,21099.5,847,634,6379,12620,4582,3221,108021,91,1445,131,3.729297459
2110.2,25045.60218,25.04560218,21102,829,615,6268,12092,4438,3050,107583,140,1491,164,3.295180723
2110.45,25048.22433,25.04822433,21104.5,801,648,6330,12263,4564,2984,105571,338,1455,127,3.560127963
2110.7,25050.84648,25.05084648,21107,757,703,6349,11875,4626,3140,105942,274,1393,62,2.852249672
2110.95,25053.46863,25.05346863,21109.5,855,685,6304,12396,4494,3298,109208,266,1366,175,3.577418432
2111.2,25056.09078,25.05609078,21112,828,714,6289,12338,4522,3239,108441,251,1483,128,3.789310038
2111.45,25058.71294,25.05871294,21114.5,839,743,6304,12475,4513,3313,108070,237,1430,242,4.593058802
2111.7,25061.33509,25.06133509,21117,781,738,6025,12128,4519,3280,106702,291,1527,131,3.354974927
2111.95,25063.95724,25.06395724,21119.5,735,743,5932,11889,4362,3108,103412,257,1464,146,3.450376359
2112.2,25066.57939,25.06657939,21122,783,738,6081,11974,4404,3188,106285,318,1419,180,3.238027255
2112.45,25069.20154,25.06920154,21124.5,800,742,6100,11930,4361,3229,107511,194,1389,184,3.394838001
2112.7,25071.82369,25.07182369,21127,765,669,6120,11907,4448,3203,107445,376,1309,184,4.800791296
2112.95,25074.44584,25.07444584,21129.5,797,668,6428,12176,4421,3602,108045,350,1434,197,2.797973048
2113.2,25077.06799,25.07706799,21132,759,662,6088,11738,4411,3363,105107,265,1373,162,2.93957346
2113.45,25079.69015,25.07969015,21134.5,790,685,6178,11781,4444,3204,104934,241,1426,213,3.268008048
2113.7,25082.3123,25.0823123,21137,820,792,6332,12244,4515,3205,106447,169,1465,191,3.286993222
2113.95,25084.93445,25.08493445,21139.5,788,726,6068,12216,4325,3289,107195,295,1407,273,3.498871968
2114.2,25087.5566,25.0875566,21142,832,682,5924,11841,4359,3206,106339,222,1507,145,2.671042639
2114.45,25090.17875,25.09017875,21144.5,796,721,6056,12069,4450,3083,106066,126,1426,57,2.770287577
2114.7,25092.8009,25.0928009,21147,836,730,6293,11358,4367,3224,104904,131,1423,100,3.891560729
2114.95,25095.42305,25.09542305,21149.5,853,712,6153,11023,4339,3085,104372,300,1395,198,3.088943792
2115.2,25098.11762,25.09811762,21152,895,761,6184,11092,4112,3166,101962,238,1313,129,3.335832084
2115.45,25100.81219,25.10081219,21154.5,819,604,6166,10743,4231,3152,101276,252,1462,163,3.61369156
2115.7,25103.50676,25.10350676,21157,806,707,5918,10755,4271,3195,101908,301,1429,191,2.959926245
2115.95,25106.20133,25.10620133,21159.5,793,742,6070,10930,4166,3022,102278,228,1398,166,2.954649897
2116.2,25108.89591,25.10889591,21162,828,711,5933,10794,4144,3031,102886,156,1329,172,3.176116609
2116.45,25111.59048,25.11159048,21164.5,791,734,5909,11324,4214,3237,104133,180,1320,180,3.546660959
2116.7,25114.28505,25.11428505,21167,836,750,5934,11665,4502,3433,104781,289,1287,78,2.588387375
2116.95,25116.97962,25.11697962,21169.5,774,725,6160,11650,4412,3245,106653,170,1449,127,2.6701265
2117.2,25119.67419,25.11967419,21172,793,715,6187,11424,4324,3183,105965,294,1495,170,2.698753229
2117.45,25122.36876,25.12236876,21174.5,839,708,6215,11270,4207,3184,104921,289,1390,88,3.143945913
2117.7,25125.06333,25.12506333,21177,845,609,6107,11307,4347,3239,103247,144,1525,163,3.065228175
2117.95,25127.7579,25.1277579,21179.5,721,655,6096,11244,4152,3157,101839,261,1328,133,3.537476622
2118.2,25130.45247,25.13045247,21182,760,755,5768,11398,4107,3255,103466,178,1437,158,3.576229759
2118.45,25133.14704,25.13314704,21184.5,756,730,6004,11654,4427,3326,104469,197,1460,158,3.387755102
2118.7,25135.84161,25.13584161,21187,748,749,6023,11570,4282,3189,104601,167,1416,106,3.570493669
2118.95,25138.53618,25.13853618,21189.5,851,755,5938,11929,4237,3141,105213,159,1395,106,2.851631368
2119.2,25141.23075,25.14123075,21192,814,708,6158,11725,4476,3344,107051,232,1367,135,3.522901315
2119.45,25143.92532,25.14392532,21194.5,797,733,6309,11968,4418,3239,107230,204,1478,109,3.910711518
2119.7,25146.61989,25.14661989,21197,841,675,6270,11942,4426,3338,107663,156,1337,183,3.244090159
2119.95,25149.31446,25.14931446,21199.5,796,678,6058,12131,4434,3559,107282,169,1460,198,3.776112186
2120.2,25152.00904,25.15200904,21202,796,702,6316,12044,4573,3500,108718,230,1525,187,2.585330727
2120.45,25154.70361,25.15470361,21204.5,787,693,6200,11966,4585,3437,109002,159,1457,115,3.957402008
2120.7,25157.39818,25.15739818,21207,858,728,6160,11923,4548,3316,106889,102,1465,114,3.667478859
2120.95,25160.09275,25.16009275,21209.5,866,663,6123,11755,4510,3289,107824,163,1450,96,2.770778938
2121.2,25162.78732,25.16278732,21212,787,703,6375,11781,4369,3426,107723,355,1438,85,3.680341368
2121.45,25165.48189,25.16548189,21214.5,796,697,6066,11756,4562,3472,106730,273,1316,153,3.119677501
2121.7,25168.17646,25.16817646,21217,744,658,6154,11924,4394,3489,107036,208,1459,190,3.19579064
2121.95,25170.87103,25.17087103,21219.5,810,721,6048,11839,4382,3339,106065,237,1429,164,3.582233949
2122.2,25173.5656,25.1735656,21222,851,674,6046,11647,4416,3463,104793,218,1436,118,3.220149744
2122.45,25176.26017,25.17626017,21224.5,826,630,6206,11510,4259,3276,105578,253,1274,211,3.886922953
2122.7,25178.95474,25.17895474,21227,789,656,6100,11609,4362,3392,105458,169,1376,132,3.149344978
2122.95,25181.64931,25.18164931,21229.5,838,697,6036,11820,4379,3461,106135,219,1349,172,3.281966344
2123.2,25184.34388,25.18434388,21232,843,767,6293,12167,4631,3382,107864,225,1353,105,3.221714733
2123.45,25187.03845,25.18703845,21234.5,775,667,6153,11986,4478,3209,106847,191,1537,172,4.475355363
2123.7,25189.73302,25.18973302,21237,770,670,6128,11648,4336,3313,105279,310,1377,198,3.013147273
2123.95,25192.4276,25.1924276,21239.5,816,731,6153,11465,4341,3306,105200,127,1423,88,3.559758378
2124.2,25195.12217,25.19512217,21242,826,644,6114,11247,4380,3238,104479,340,1360,125,3.064347604
2124.45,25197.81674,25.19781674,21244.5,830,682,6098,11288,4406,3232,104371,386,1272,103,3.131328052
2124.7,25200.51131,25.20051131,21247,808,711,6010,11302,4251,3162,105076,136,1427,246,3.81764416
2124.95,25203.20588,25.20320588,21249.5,813,671,6022,11178,4580,3230,105592,278,1348,124,2.697461369
2125.2,25205.90045,25.20590045,21252,794,623,5995,11686,4509,3137,104333,277,1349,80,3.599115171
2125.45,25208.59502,25.20859502,21254.5,728,705,6027,11706,4398,3192,102880,172,1318,126,3.292567942
2125.7,25211.28959,25.21128959,21257,819,644,6019,11815,4496,3391,103695,169,1408,105,3.238676845
2125.95,25213.98416,25.21398416,21259.5,833,619,5977,12130,4452,2976,102581,261,1405,73,3.384918895
2126.2,25216.67873,25.21667873,21262,840,621,5950,12707,4473,2940,101641,251,1379,133,3.370359712
2126.45,25219.3733,25.2193733,21264.5,780,693,5510,13605,4244,3028,98871,154,1514,167,2.993621374
2126.7,25222.06787,25.22206787,21267,853,642,5891,13661,4505,3054,100073,186,1576,89,3.053708757
2126.95,25224.76244,25.22476244,21269.5,865,666,5791,14225,4162,3107,97356,289,1665,193,3.157542187
2127.2,25227.45701,25.22745701,21272,874,656,5978,15206,4273,2982,96511,71,1741,137,2.699660633
2127.45,25230.15158,25.23015158,21274.5,929,668,6050,14432,4289,2867,102136,229,1616,162,3.217378627
2127.7,25232.84615,25.23284615,21277,832,689,5930,12014,4475,3013,103144,264,1446,33,3.745477829
2127.95,25235.54073,25.23554073,21279.5,859,647,6305,10772,4393,3010,106313,109,1316,191,4.044350042
2128.2,25238.2353,25.2382353,21282,839,678,6131,10358,4592,2998,105013,214,1266,86,3.520488857
2128.45,25240.92987,25.24092987,21284.5,854,625,6050,10426,4479,2962,105969,138,1369,151,3.27805784
2128.7,25243.62444,25.24362444,21287,827,670,6060,10388,4712,2911,104963,226,1241,56,3.701785714
2128.95,25246.31901,25.24631901,21289.5,860,687,5993,10339,4451,2902,106041,155,1218,115,3.174322733
2129.2,25249.01358,25.24901358,21292,801,706,6032,10598,4656,3029,106163,270,1243,134,4.169757993
2129.45,25251.70815,25.25170815,21294.5,786,635,6032,10785,4600,3066,106973,310,1417,123,3.18273717
2129.7,25254.40272,25.25440272,21297,859,709,6025,10991,4527,3091,107352,229,1338,105,3.507268661
2129.95,25257.09729,25.25709729,21299.5,800,725,6069,10757,4454,3135,107423,282,1306,201,3.33531961
2130.2,25259.79186,25.25979186,21302,839,694,6147,10530,4462,3223,108638,208,1318,144,4.206908345
2130.45,25262.48643,25.26248643,21304.5,799,727,6140,11062,4545,3295,110604,270,1413,186,3.200593778
2130.7,25265.181,25.265181,21307,787,663,6283,10867,4420,3471,108021,254,1332,225,3.676691729
2130.95,25267.87557,25.26787557,21309.5,837,690,6328,11090,4747,3207,108644,284,1407,127,3.032503215
2131.2,25270.57014,25.27057014,21312,767,616,6261,10810,4631,3330,107928,185,1357,103,3.861423815
2131.45,25273.26471,25.27326471,21314.5,851,690,6199,10844,4574,3164,109186,280,1337,153,3.257865845
2131.7,25275.95929,25.27595929,21317,871,723,6228,10948,4554,3283,108546,196,1251,187,3.204003079
2131.95,25278.65386,25.27865386,21319.5,863,695,6228,10986,4595,3238,108795,300,1384,158,3.38796825
2132.2,25281.34843,25.28134843,21322,863,640,6087,10907,4618,3269,107677,389,1338,109,3.312736104
2132.45,25284.043,25.284043,21324.5,889,620,6146,11089,4621,3125,108252,207,1249,163,2.977442702
2132.7,25286.73757,25.28673757,21327,822,693,6281,10917,4652,3172,108169,414,1357,133,3.507093225
2132.95,25289.43214,25.28943214,21329.5,857,620,6176,10858,4585,3178,107313,228,1229,117,3.307343729
2133.2,25292.12671,25.29212671,21332,827,656,6276,10778,4554,3226,107729,125,1215,167,3.837593755
2133.45,25294.82128,25.29482128,21334.5,788,639,6300,10707,4615,3178,108058,373,1475,137,3.160144566
2133.7,25297.51585,25.29751585,21337,776,686,6236,10966,4448,3179,107678,345,1374,92,3.348058902
2133.95,25300.21042,25.30021042,21339.5,845,630,6297,11019,4743,3406,109137,216,1359,106,3.333599255
2134.2,25302.90499,25.30290499,21342,844,688,6362,11126,4549,3432,110782,412,1363,210,3.080502392
2134.45,25305.59956,25.30559956,21344.5,849,732,6282,10874,4508,3232,109711,304,1396,178,3.927338484
2134.7,25308.29413,25.30829413,21347,896,700,6211,10778,4519,3480,109725,287,1326,181,3.274918743
2134.95,25310.9887,25.3109887,21349.5,825,656,6090,10911,4775,3261,109723,248,1217,149,3.74400362
2135.2,25313.78009,25.31378009,21352,821,653,6192,10947,4585,3331,108448,186,1254,127,3.135886061
2135.45,25316.57147,25.31657147,21354.5,796,676,6159,10973,4565,3207,108254,296,1372,144,3.757411212
2135.7,25319.36285,25.31936285,21357,790,666,6191,10840,4519,3182,106564,315,1317,114,3.722769409
2135.95,25322.15423,25.32215423,21359.5,843,686,6082,10814,4537,3122,107853,292,1400,152,3.336205717
2136.2,25324.94561,25.32494561,21362,795,691,6163,10670,4574,3329,106592,450,1298,44,2.93248063
2136.45,25327.737,25.327737,21364.5,770,600,5899,10682,4575,3232,106220,336,1365,177,4.040625531
2136.7,25330.52838,25.33052838,21367,883,617,5947,10540,4454,3329,105774,122,1253,74,2.893422148
2136.95,25333.31976,25.33331976,21369.5,782,640,6061,10501,4405,3250,106622,150,1271,72,3.421195652
2137.2,25336.11114,25.33611114,21372,853,658,6074,10675,4500,3238,105990,260,1336,166,3.261429146
2137.45,25338.90252,25.33890252,21374.5,804,586,5834,10594,4414,3196,105493,264,1358,151,3.551665485
2137.7,25341.69391,25.34169391,21377,811,687,5996,10318,4281,3107,105107,123,1343,196,3.011483138
2137.95,25344.48529,25.34448529,21379.5,825,677,5884,10524,4459,3289,105095,136,1282,136,3.611961861
2138.2,25347.27667,25.34727667,21382,771,625,6006,10337,4417,3149,104332,236,1425,153,3.648369133
2138.45,25350.06805,25.35006805,21384.5,877,684,6128,10917,4663,3386,108539,126,1347,72,2.848686436
2138.7,25352.85943,25.35285943,21387,822,684,6145,10777,4351,3320,106830,154,1337,89,3.604310345
2138.95,25355.65082,25.35565082,21389.5,834,621,6137,10700,4513,3408,107410,231,1314,56,4.157102869
2139.2,25358.4422,25.3584422,21392,887,634,6083,10459,4540,3328,107177,141,1385,95,4.04719063
2139.45,25361.23358,25.36123358,21394.5,792,679,5952,11095,4610,3225,107140,95,1326,74,3.403450656
2139.7,25364.02496,25.36402496,21397,846,645,6200,10851,4662,3344,108179,284,1370,80,3.822426938
2139.95,25366.81634,25.36681634,21399.5,867,623,6035,11088,4504,3401,108808,71,1355,136,3.429536815
2140.2,25369.60773,25.36960773,21402,873,636,6283,10881,4630,3270,108787,235,1420,216,3.388192964
2140.45,25372.39911,25.37239911,21404.5,863,631,6410,11123,4760,3516,110642,172,1405,163,3.30433626
2140.7,25375.19049,25.37519049,21407,820,592,6398,11173,4760,3303,110376,184,1329,118,3.610635155
2140.95,25377.98187,25.37798187,21409.5,842,604,6340,11394,4783,3355,110699,258,1371,99,3.949229092
2141.2,25380.77325,25.38077325,21412,829,622,6363,11356,4812,3189,110271,381,1416,38,3.348791122
2141.45,25383.56464,25.38356464,21414.5,892,635,6408,11173,4585,3364,110111,159,1310,149,4.216202532
2141.7,25386.35602,25.38635602,21417,844,593,6379,11312,5002,3404,111006,272,1365,41,2.778769841
2141.95,25389.1474,25.3891474,21419.5,869,668,6288,11182,4667,3373,109029,215,1377,142,4.53318502
2142.2,25391.93878,25.39193878,21422,879,590,6269,11271,4592,3148,109620,176,1324,142,3.419689119
2142.45,25394.73016,25.39473016,21424.5,891,624,6059,11815,4722,3141,106455,264,1349,147,4.312726645
2142.7,25397.52155,25.39752155,21427,883,571,6171,12253,4618,2948,103217,246,1393,219,3.277369336
2142.95,25400.31293,25.40031293,21429.5,950,655,6227,11899,4870,2889,104913,256,1546,127,3.461113534
2143.2,25403.10431,25.40310431,21432,886,624,6027,11724,4623,2979,106118,245,1387,176,3.302119205
2143.45,25405.89569,25.40589569,21434.5,860,605,6146,11888,4543,3140,104494,269,1439,280,3.262539185
2143.7,25408.68707,25.40868707,21437,849,601,6198,11534,4802,3130,103910,377,1387,127,3.183980139
2143.95,25411.47846,25.41147846,21439.5,884,647,6127,11838,4521,3047,104534,249,1480,158,3.131905573
2144.2,25414.26984,25.41426984,21442,895,658,6107,11645,4603,2978,105248,158,1475,146,4.566065245
2144.45,25417.06122,25.41706122,21444.5,896,696,6057,11695,4385,2954,104374,199,1372,229,4.215247421
2144.7,25419.8526,25.4198526,21447,822,702,6096,11653,4582,2963,102350,282,1481,162,3.637197786
2144.95,25422.64399,25.42264399,21449.5,883,614,5937,12424,4418,2982,103109,129,1418,173,3.139972749
2145.2,25425.43537,25.42543537,21452,860,632,6037,12304,4520,2809,102179,0,1410,93,4.008268647
2145.45,25428.22675,25.42822675,21454.5,951,598,6010,12066,4562,2904,102497,178,1375,127,4.256899147
2145.7,25431.01813,25.43101813,21457,902,591,6050,13050,4433,2766,100787,205,1467,90,4.643554875
2145.95,25433.80951,25.43380951,21459.5,900,635,5725,13006,4455,2838,100323,134,1598,99,3.671870122
2146.2,25436.6009,25.4366009,21462,923,645,6023,12136,4579,2882,100329,330,1490,102,3.500576369
2146.45,25439.39228,25.43939228,21464.5,862,568,5942,12130,4482,2906,100973,305,1556,100,3.631206741
2146.7,25442.18366,25.44218366,21467,857,642,5992,11798,4440,2815,101086,280,1474,116,3.46693526
2146.95,25444.97504,25.44497504,21469.5,902,617,6167,11586,4387,2834,101861,239,1419,68,2.876541717
2147.2,25447.76642,25.44776642,21472,850,671,6075,11703,4566,2816,100883,238,1542,83,3.745518615
2147.45,25450.55781,25.45055781,21474.5,884,626,6034,11542,4504,2726,101795,280,1431,117,3.791113147
2147.7,25453.34919,25.45334919,21477,877,652,6009,11932,4595,2751,102543,103,1424,48,3.282075096
2147.95,25456.14057,25.45614057,21479.5,842,635,5966,11815,4446,2726,101684,314,1405,118,3.144649354
2148.2,25458.93195,25.45893195,21482,858,639,5860,11426,4425,2804,100636,236,1431,38,3.812683681
2148.45,25461.72333,25.46172333,21484.5,857,622,5761,11521,4619,2794,100702,244,1425,62,3.62905649
2148.7,25464.51472,25.46451472,21487,834,619,5917,11391,4493,2920,100537,126,1396,129,3.461863809
2148.95,25467.3061,25.4673061,21489.5,811,632,5951,11655,4544,2758,101813,353,1394,70,3.244083036
2149.2,25470.09748,25.47009748,21492,876,690,5765,11975,4434,2885,101284,9,1426,34,4.211490573
2149.45,25472.88886,25.47288886,21494.5,908,665,5833,11785,4361,2723,100401,219,1346,11,4.072271141
2149.7,25475.68024,25.47568024,21497,855,636,6148,11730,4566,2982,101430,202,1360,75,3.633786351
2149.95,25478.47163,25.47847163,21499.5,839,659,6086,11298,4330,3065,101582,70,1255,141,3.131741241
2150.2,25481.26301,25.48126301,21502,806,676,5930,11602,4466,2797,101259,154,1512,36,3.561166132
2150.45,25484.05439,25.48405439,21504.5,856,649,6141,11634,4446,2699,101822,77,1459,24,3.413125261
2150.7,25486.84577,25.48684577,21507,846,683,5820,12081,4598,2894,101845,226,1361,59,3.080075424
2150.95,25489.63715,25.48963715,21509.5,876,679,5776,12698,4453,2799,98814,208,1523,110,4.13253012
2151.2,25492.42854,25.49242854,21512,887,623,5758,13282,4475,2903,98059,210,1423,93,5.509688091
2151.45,25495.21992,25.49521992,21514.5,866,641,5810,12627,4474,2982,100611,227,1407,109,3.861031519
2151.7,25498.0113,25.4980113,21517,876,659,6068,12125,4473,3050,103500,305,1407,39,3.486494253
2151.95,25500.80268,25.50080268,21519.5,852,719,6197,11257,4757,3186,106013,301,1290,51,3.167043741
2152.2,25503.59406,25.50359406,21522,844,742,6109,10465,4509,3348,105823,391,1272,110,4.232110244
2152.45,25506.38545,25.50638545,21524.5,782,670,5745,10033,4564,3322,104616,220,1280,15,3.238138925
2152.7,25509.17683,25.50917683,21527,810,632,5925,9936,4476,3268,105573,265,1388,32,3.568009173
2152.95,25511.96821,25.51196821,21529.5,801,621,6072,10382,4625,3061,107290,298,1344,71,4.657270861
2153.2,25514.75959,25.51475959,21532,832,658,6003,10640,4683,3103,105554,397,1391,58,4.005813953
2153.45,25517.55097,25.51755097,21534.5,869,734,5989,10253,4469,3214,105459,247,1387,68,4.762098264
2153.7,25520.34236,25.52034236,21537,860,715,6108,10388,4687,3127,105878,241,1380,63,3.297686715
2153.95,25523.13374,25.52313374,21539.5,865,642,6149,10453,4666,3059,107056,128,1324,99,4.099602254
2154.2,25525.92512,25.52592512,21542,849,682,6228,11003,4718,3242,106825,265,1412,20,3.30989904
2154.45,25528.7165,25.5287165,21544.5,891,687,6395,10632,4759,3213,108556,249,1259,11,4.232774067
2154.7,25531.50788,25.53150788,21547,878,659,6275,11130,4669,3146,107287,138,1316,0,4.029620674
2155.2,25539.01999,25.53901999,21552,850,702,6272,10376,4713,2981,108774,319,1336,82,3.693080678
2155.45,25543.74071,25.54374071,21554.5,827,691,6321,10477,4786,3297,107449,219,1376,92,3.781295594
2155.7,25548.46143,25.54846143,21557,854,771,6057,10540,4658,3160,106465,155,1364,171,3.428853235
2155.95,25553.18215,25.55318215,21559.5,904,718,6046,10543,4682,3348,105196,231,1215,134,4.274255927
2156.2,25557.90288,25.55790288,21562,830,734,6136,10959,4617,3164,102777,345,1476,263,3.285075961
2156.45,25562.6236,25.5626236,21564.5,885,736,5995,11062,4634,3335,102995,296,1458,266,4.082554015
2156.7,25567.34432,25.56734432,21567,835,686,5919,10949,4569,2995,102584,126,1314,265,3.027313931
2156.95,25572.06504,25.57206504,21569.5,898,717,5886,11051,4473,2783,100505,299,1521,222,4.016530227
2157.2,25576.78576,25.57678576,21572,819,673,5600,11994,4546,2775,97862,259,1523,303,3.910006293
2157.45,25581.50649,25.58150649,21574.5,884,642,5651,11293,4584,2795,99424,231,1434,187,3.327035657
