depth-mm,filename,position-mm,Al,Si,Cl,K,Ca,Ti,V,Cr,Mn,Fe,Ni,Cu,Zn,Ga,Ge,Br,Rb,Sr,Y,Zr,In,Sb,Ba,La,Ce,Eu,Tb,Dy,Ho,Tm,Hf,Ir,Pt,Hg,Mo-inc,Mo-coh
77,C:\Data\20260323_MD18-3537\20260323_MD18-3537_S01\MD18-3537_S01_XRF\XRF data\L000006.spe,85,73,621,914,4203,11561,3621,202,1415,770,72145,290,150,397,8,337,0,65,1220,305,581,32,74,21,83,145,251,460,0,41,187,12,217,0,312,23516,8917
79.5,C:\Data\20260323_MD18-3537\20260323_MD18-3537_S01\MD18-3537_S01_XRF\XRF data\L000007.spe,87.5,55,662,928,4568,10843,3856,183,1489,874,77902,342,266,444,238,256,0,128,1082,178,622,62,36,107,79,94,162,141,61,0,55,71,108,187,376,23366,6787
82,C:\Data\20260323_MD18-3537\20260323_MD18-3537_S01\MD18-3537_S01_XRF\XRF data\L000008.spe,90,60,666,927,4581,11020,3695,121,1541,865,77919,319,372,388,148,324,0,1139,1201,108,678,46,83,130,87,115,110,309,0,11,79,0,170,105,425,22908,7456
84.5,C:\Data\20260323_MD18-3537\20260323_MD18-3537_S01\MD18-3537_S01_XRF\XRF data\L000009.spe,92.5,102,623,921,5026,9595,3891,210,1528,839,81233,289,261,417,165,79,158,565,1110,222,612,24,65,64,101,123,258,288,111,0,30,56,121,188,82,22599,6125
87,C:\Data\20260323_MD18-3537\20260323_MD18-3537_S01\MD18-3537_S01_XRF\XRF data\L000010.spe,95,97,678,785,5511,8369,3983,174,1562,1047,90162,403,332,472,90,0,140,796,1061,205,493,0,43,129,131,107,118,126,194,0,101,68,195,235,29,22741,9577
89.5,C:\Data\20260323_MD18-3537\20260323_MD18-3537_S01\MD18-3537_S01_XRF\XRF data\L000011.spe,97.5,76,601,761,5754,6811,4363,205,1529,1094,99110,267,257,473,106,216,23,635,968,195,432,45,59,109,93,157,166,555,0,74,159,25,188,122,123,23236,6259
92,C:\Data\20260323_MD18-3537\20260323_MD18-3537_S01\MD18-3537_S01_XRF\XRF data\L000012.spe,100,97,694,728,5963,7107,4328,205,1496,1098,99989,271,360,471,79,179,129,1130,976,247,459,29,45,112,109,137,117,576,43,137,72,25,188,121,120,23909,8182
94.5,C:\Data\20260323_MD18-3537\20260323_MD18-3537_S01\MD18-3537_S01_XRF\XRF data\L000013.spe,102.5,79,620,816,5598,8619,4284,220,1445,1166,97364,271,225,448,49,221,156,1229,975,123,612,65,42,82,91,165,72,377,0,61,292,9,146,173,29,23124,10238
97,C:\Data\20260323_MD18-3537\20260323_MD18-3537_S01\MD18-3537_S01_XRF\XRF data\L000014.spe,105,114,609,784,5546,7898,4473,138,1482,1122,97214,343,209,498,57,14,352,1201,899,206,492,67,49,74,109,174,166,331,0,66,261,80,237,52,0,24063,7753
99.5,C:\Data\20260323_MD18-3537\20260323_MD18-3537_S01\MD18-3537_S01_XRF\XRF data\L000015.spe,107.5,72,583,930,5490,7728,4205,256,1524,1066,97076,343,308,441,205,335,74,397,823,237,569,62,50,89,74,120,130,342,47,0,13,0,128,34,228,23468,7965
102,C:\Data\20260323_MD18-3537\20260323_MD18-3537_S01\MD18-3537_S01_XRF\XRF data\L000016.spe,110,57,536,884,5233,9022,4105,173,1507,1059,93386,384,305,528,0,176,102,631,1029,219,563,48,26,212,66,65,148,237,159,37,0,77,307,169,120,22987,7418
104.5,C:\Data\20260323_MD18-3537\20260323_MD18-3537_S01\MD18-3537_S01_XRF\XRF data\L000017.spe,112.5,89,543,911,4897,8982,4044,92,1554,1114,92864,326,219,430,111,86,92,680,1071,246,610,60,73,33,91,200,104,576,0,113,207,53,194,236,263,23616,7560
107,C:\Data\20260323_MD18-3537\20260323_MD18-3537_S01\MD18-3537_S01_XRF\XRF data\L000018.spe,115,79,610,793,5449,9559,4139,171,1511,1134,94150,372,373,448,214,310,0,655,921,142,569,0,99,111,101,129,72,136,68,31,155,26,12,31,215,22299,7247
109.5,C:\Data\20260323_MD18-3537\20260323_MD18-3537_S01\MD18-3537_S01_XRF\XRF data\L000019.spe,117.5,76,643,838,5555,11777,4245,147,1573,1193,97206,404,282,462,215,70,56,1170,977,163,683,0,112,218,69,120,115,342,103,13,66,103,172,164,92,22851,6717
112,C:\Data\20260323_MD18-3537\20260323_MD18-3537_S01\MD18-3537_S01_XRF\XRF data\L000020.spe,120,83,631,851,5428,12141,4467,181,1518,1066,94060,392,258,480,146,146,70,1253,1141,192,549,37,83,94,100,129,71,139,146,0,0,124,116,93,136,22964,7672
114.5,C:\Data\20260323_MD18-3537\20260323_MD18-3537_S01\MD18-3537_S01_XRF\XRF data\L000021.spe,122.5,80,643,814,5739,9976,4300,239,1611,1109,98593,347,369,456,193,129,74,299,900,159,518,44,73,52,97,203,151,254,165,58,49,45,112,238,214,22814,8499
117,C:\Data\20260323_MD18-3537\20260323_MD18-3537_S01\MD18-3537_S01_XRF\XRF data\L000022.spe,125,72,653,809,5874,11765,4338,273,1590,1283,94599,338,293,457,63,281,46,1756,1150,188,603,36,81,130,82,112,0,104,90,74,0,14,177,45,185,23013,6911
119.5,C:\Data\20260323_MD18-3537\20260323_MD18-3537_S01\MD18-3537_S01_XRF\XRF data\L000023.spe,127.5,81,710,773,5743,12488,4274,223,1450,1182,93684,388,278,536,217,196,54,946,1133,163,492,61,139,124,108,129,109,266,93,11,69,42,169,179,262,22871,8127
122,C:\Data\20260323_MD18-3537\20260323_MD18-3537_S01\MD18-3537_S01_XRF\XRF data\L000024.spe,130,61,735,789,5867,12241,4457,256,1530,1093,92947,323,321,458,182,55,0,939,1164,154,592,29,99,85,103,164,169,443,54,74,53,88,157,295,213,23205,7546
124.5,C:\Data\20260323_MD18-3537\20260323_MD18-3537_S01\MD18-3537_S01_XRF\XRF data\L000025.spe,132.5,102,752,760,5924,11681,4404,267,1529,1176,94708,344,245,411,80,119,106,842,1069,206,542,37,70,77,87,161,84,109,76,50,90,96,227,115,172,24087,8545
127,C:\Data\20260323_MD18-3537\20260323_MD18-3537_S01\MD18-3537_S01_XRF\XRF data\L000026.spe,135,114,732,818,5916,12036,4332,158,1633,1168,96073,328,282,486,172,315,99,1098,1020,222,575,5,141,122,130,170,71,283,21,56,136,57,131,150,154,24690,7537
129.5,C:\Data\20260323_MD18-3537\20260323_MD18-3537_S01\MD18-3537_S01_XRF\XRF data\L000027.spe,137.5,99,661,837,5670,11608,4254,254,1589,1052,94713,268,231,422,219,0,175,548,895,310,519,79,94,82,89,173,216,481,0,102,272,33,105,252,118,24092,9514
132,C:\Data\20260323_MD18-3537\20260323_MD18-3537_S01\MD18-3537_S01_XRF\XRF data\L000028.spe,140,91,644,861,5910,9798,4293,242,1631,1228,97595,321,276,524,204,161,25,1346,893,188,465,29,68,119,100,122,42,79,219,60,0,27,117,131,206,23940,6587
134.5,C:\Data\20260323_MD18-3537\20260323_MD18-3537_S01\MD18-3537_S01_XRF\XRF data\L000029.spe,142.5,109,693,826,5805,9333,4321,318,1417,1120,98285,410,350,497,116,240,33,1021,937,284,599,61,89,144,130,118,64,109,81,21,78,96,146,104,315,23860,7338
137,C:\Data\20260323_MD18-3537\20260323_MD18-3537_S01\MD18-3537_S01_XRF\XRF data\L000030.spe,145,89,654,921,5887,9094,4309,300,1604,1204,99116,411,330,493,7,238,0,1338,990,158,519,98,63,114,110,144,78,280,53,83,171,49,259,196,308,24069,7534
139.5,C:\Data\20260323_MD18-3537\20260323_MD18-3537_S01\MD18-3537_S01_XRF\XRF data\L000031.spe,147.5,67,654,831,5808,9377,4270,193,1604,1199,99262,325,320,437,37,242,148,1254,978,185,552,99,50,148,104,158,64,560,0,71,340,47,253,0,95,23862,6802
142,C:\Data\20260323_MD18-3537\20260323_MD18-3537_S01\MD18-3537_S01_XRF\XRF data\L000032.spe,150,110,679,844,5769,9600,4219,200,1596,1141,98767,352,261,457,218,439,0,1333,972,222,584,28,77,185,83,114,179,409,67,51,50,64,137,173,401,24367,8905
144.5,C:\Data\20260323_MD18-3537\20260323_MD18-3537_S01\MD18-3537_S01_XRF\XRF data\L000033.spe,152.5,78,717,839,5821,10109,4281,285,1472,1196,100586,320,353,431,102,236,75,1110,841,210,462,56,38,135,34,96,80,380,122,132,0,36,192,202,283,24348,7157
147,C:\Data\20260323_MD18-3537\20260323_MD18-3537_S01\MD18-3537_S01_XRF\XRF data\L000034.spe,155,104,720,764,5836,9776,4230,179,1627,1108,99783,289,318,418,153,129,137,843,1028,301,668,6,107,158,91,153,208,555,0,35,23,0,179,210,61,23877,10129
149.5,C:\Data\20260323_MD18-3537\20260323_MD18-3537_S01\MD18-3537_S01_XRF\XRF data\L000035.spe,157.5,100,692,821,5944,10661,4256,199,1589,1208,98462,372,315,541,211,192,47,339,1155,275,489,88,122,154,125,135,100,521,60,32,102,62,162,188,252,24405,8370
152,C:\Data\20260323_MD18-3537\20260323_MD18-3537_S01\MD18-3537_S01_XRF\XRF data\L000036.spe,160,101,651,775,5661,11626,4391,230,1536,1224,95467,315,249,465,122,178,84,734,1065,170,710,145,82,127,95,160,119,391,0,79,76,51,167,154,183,22756,5614
154.5,C:\Data\20260323_MD18-3537\20260323_MD18-3537_S01\MD18-3537_S01_XRF\XRF data\L000037.spe,162.5,124,691,759,5753,12103,4449,239,1478,1276,93847,393,311,518,112,41,66,994,1102,183,600,14,89,132,95,141,55,56,166,46,20,56,134,112,0,24469,10694
157,C:\Data\20260323_MD18-3537\20260323_MD18-3537_S01\MD18-3537_S01_XRF\XRF data\L000038.spe,165,116,790,820,5798,12193,4393,218,1515,1221,92577,400,325,522,248,172,0,644,1095,219,578,0,101,86,115,141,57,77,327,24,0,28,101,0,114,24386,6534
159.5,C:\Data\20260323_MD18-3537\20260323_MD18-3537_S01\MD18-3537_S01_XRF\XRF data\L000039.spe,167.5,77,747,815,5679,12156,4231,175,1552,1075,87276,388,428,452,172,133,0,643,1165,218,760,126,140,174,132,132,204,484,0,0,124,7,222,61,284,23823,9299
162,C:\Data\20260323_MD18-3537\20260323_MD18-3537_S01\MD18-3537_S01_XRF\XRF data\L000040.spe,170,105,722,828,5437,12743,4605,114,1509,1085,84701,393,276,455,242,305,0,451,1091,185,634,34,123,143,94,127,162,434,0,22,71,44,162,94,274,23404,7005
164.5,C:\Data\20260323_MD18-3537\20260323_MD18-3537_S01\MD18-3537_S01_XRF\XRF data\L000041.spe,172.5,105,672,798,5315,12937,4180,214,1458,1150,85454,352,358,413,157,116,20,705,1265,245,562,8,99,137,104,105,86,308,123,0,0,40,136,173,206,24674,7011
167,C:\Data\20260323_MD18-3537\20260323_MD18-3537_S01\MD18-3537_S01_XRF\XRF data\L000042.spe,175,100,702,782,5441,12143,4252,199,1482,1129,87355,382,284,422,113,0,80,1356,1046,110,503,42,101,108,75,176,138,274,62,0,85,46,200,92,32,23490,9467
169.5,C:\Data\20260323_MD18-3537\20260323_MD18-3537_S01\MD18-3537_S01_XRF\XRF data\L000043.spe,177.5,87,731,762,5722,10252,4252,167,1545,1174,90330,353,232,431,278,346,44,1076,1090,112,663,115,55,143,115,108,89,189,73,37,0,0,121,169,293,22695,8712
172,C:\Data\20260323_MD18-3537\20260323_MD18-3537_S01\MD18-3537_S01_XRF\XRF data\L000044.spe,180,85,740,662,5899,9203,4394,274,1593,1147,93268,435,359,532,122,306,0,922,956,147,614,39,121,123,89,106,178,351,59,20,117,49,184,75,266,23536,8957
174.5,C:\Data\20260323_MD18-3537\20260323_MD18-3537_S01\MD18-3537_S01_XRF\XRF data\L000045.spe,182.5,100,688,751,5690,9326,4066,179,1407,1267,92375,369,280,492,61,186,104,1100,1054,197,642,70,67,130,115,148,87,534,57,120,41,61,184,70,56,23957,8443
177,C:\Data\20260323_MD18-3537\20260323_MD18-3537_S01\MD18-3537_S01_XRF\XRF data\L000046.spe,185,58,794,759,5690,10251,4355,172,1551,1136,90173,356,327,508,0,197,0,1283,1109,214,701,62,72,155,99,155,165,488,0,70,138,0,286,119,186,23768,7005
179.5,C:\Data\20260323_MD18-3537\20260323_MD18-3537_S01\MD18-3537_S01_XRF\XRF data\L000047.spe,187.5,115,728,754,5688,11557,4225,213,1545,1238,90604,418,368,449,207,239,9,968,1104,198,643,30,95,114,132,173,34,266,142,41,0,18,123,157,315,24467,7074
182,C:\Data\20260323_MD18-3537\20260323_MD18-3537_S01\MD18-3537_S01_XRF\XRF data\L000048.spe,190,114,720,765,5435,11341,4229,167,1485,1112,88369,381,321,459,147,218,0,1314,1118,160,741,80,83,135,91,99,56,226,0,0,201,39,83,120,326,24534,7434
184.5,C:\Data\20260323_MD18-3537\20260323_MD18-3537_S01\MD18-3537_S01_XRF\XRF data\L000049.spe,192.5,96,701,736,5516,11337,4128,226,1420,1087,88891,353,298,559,67,106,105,1363,1129,132,511,72,112,109,86,174,214,277,118,0,112,66,242,158,38,24175,9367
187,C:\Data\20260323_MD18-3537\20260323_MD18-3537_S01\MD18-3537_S01_XRF\XRF data\L000050.spe,195,105,751,654,5618,11199,4056,224,1407,1176,91326,433,264,484,171,250,45,2183,972,40,489,47,102,201,109,116,117,92,191,6,12,121,183,0,298,23290,6269
189.5,C:\Data\20260323_MD18-3537\20260323_MD18-3537_S01\MD18-3537_S01_XRF\XRF data\L000051.spe,197.5,103,717,725,5437,10889,4093,208,1560,1079,91207,251,230,433,236,307,48,955,1029,164,537,121,55,82,82,165,213,551,0,67,236,0,159,153,243,23518,6532
192,C:\Data\20260323_MD18-3537\20260323_MD18-3537_S01\MD18-3537_S01_XRF\XRF data\L000052.spe,200,59,730,772,5848,10497,4101,175,1631,1217,93549,346,303,499,281,0,126,934,1033,230,590,17,94,193,77,79,102,284,0,0,230,26,126,124,19,23854,7183
194.5,C:\Data\20260323_MD18-3537\20260323_MD18-3537_S01\MD18-3537_S01_XRF\XRF data\L000053.spe,202.5,126,717,728,5717,10578,4105,194,1493,1196,91250,377,238,483,160,223,0,961,1034,119,525,0,102,90,124,115,0,249,115,39,24,79,230,82,327,22583,7872
197,C:\Data\20260323_MD18-3537\20260323_MD18-3537_S01\MD18-3537_S01_XRF\XRF data\L000054.spe,205,112,731,739,5690,11083,4187,160,1597,1119,90087,322,356,462,116,101,147,930,1087,132,585,98,142,169,98,113,35,207,142,57,0,42,236,137,56,23384,7309
199.5,C:\Data\20260323_MD18-3537\20260323_MD18-3537_S01\MD18-3537_S01_XRF\XRF data\L000055.spe,207.5,85,732,715,5704,12039,4204,184,1481,1073,86192,304,268,441,88,118,0,768,1139,158,657,14,103,141,117,141,148,363,0,25,95,50,236,263,242,23137,7022
202,C:\Data\20260323_MD18-3537\20260323_MD18-3537_S01\MD18-3537_S01_XRF\XRF data\L000056.spe,210,83,783,728,5494,12570,4274,219,1507,1116,84740,278,210,415,311,243,0,650,1257,102,519,24,130,54,122,125,84,277,40,7,0,16,92,175,157,23738,5414
204.5,C:\Data\20260323_MD18-3537\20260323_MD18-3537_S01\MD18-3537_S01_XRF\XRF data\L000057.spe,212.5,88,743,821,5482,12674,4042,173,1480,1117,83497,301,283,396,211,214,200,1254,1135,20,630,14,137,108,88,112,94,469,0,47,179,0,180,111,0,22204,8059
207,C:\Data\20260323_MD18-3537\20260323_MD18-3537_S01\MD18-3537_S01_XRF\XRF data\L000058.spe,215,84,736,746,5565,11447,4340,138,1570,1268,91215,444,198,423,179,87,117,1175,1126,123,543,49,106,150,107,116,74,211,50,0,124,85,90,158,33,23971,7733
209.5,C:\Data\20260323_MD18-3537\20260323_MD18-3537_S01\MD18-3537_S01_XRF\XRF data\L000059.spe,217.5,105,714,763,5902,11389,4463,260,1597,1370,97457,315,281,393,194,31,80,546,950,214,630,67,88,205,45,116,38,358,0,127,135,0,205,254,66,23263,8898
212,C:\Data\20260323_MD18-3537\20260323_MD18-3537_S01\MD18-3537_S01_XRF\XRF data\L000060.spe,220,75,657,721,6030,8756,4521,251,1599,1208,101632,276,276,431,138,125,143,1018,877,266,474,91,73,140,112,131,111,479,0,77,67,0,146,139,87,25345,8903
214.5,C:\Data\20260323_MD18-3537\20260323_MD18-3537_S01\MD18-3537_S01_XRF\XRF data\L000061.spe,222.5,95,730,743,6115,9097,4312,243,1663,1143,100764,393,316,448,206,155,229,1202,924,147,520,55,70,149,62,163,35,230,102,67,134,48,106,190,29,24819,7756
217,C:\Data\20260323_MD18-3537\20260323_MD18-3537_S01\MD18-3537_S01_XRF\XRF data\L000062.spe,225,98,811,752,6351,8807,4491,172,1596,1250,100359,386,325,471,93,24,150,1469,952,135,567,76,59,178,130,125,0,342,23,20,36,100,186,226,76,25220,6233
219.5,C:\Data\20260323_MD18-3537\20260323_MD18-3537_S01\MD18-3537_S01_XRF\XRF data\L000063.spe,227.5,109,800,725,6365,8946,4583,168,1657,1210,103656,322,328,438,184,207,100,1579,1001,119,529,54,104,146,105,155,168,474,0,6,118,0,172,209,256,25772,8844
222,C:\Data\20260323_MD18-3537\20260323_MD18-3537_S01\MD18-3537_S01_XRF\XRF data\L000064.spe,230,107,749,796,6536,8127,4458,329,1620,1120,107812,286,256,514,55,151,186,1212,955,180,636,110,55,254,91,63,156,468,0,50,54,18,211,97,99,24644,6451
224.5,C:\Data\20260323_MD18-3537\20260323_MD18-3537_S01\MD18-3537_S01_XRF\XRF data\L000065.spe,232.5,106,685,833,6362,9510,4591,236,1705,1128,105085,327,398,586,83,104,165,1268,1022,212,510,61,70,152,77,143,214,362,100,85,119,58,287,170,0,24934,6953
227,C:\Data\20260323_MD18-3537\20260323_MD18-3537_S01\MD18-3537_S01_XRF\XRF data\L000066.spe,235,96,725,747,6316,9551,4525,227,1580,1347,106668,269,314,543,100,326,86,995,1095,195,576,74,121,241,99,71,70,600,0,50,199,56,163,49,195,23988,7896
229.5,C:\Data\20260323_MD18-3537\20260323_MD18-3537_S01\MD18-3537_S01_XRF\XRF data\L000067.spe,237.5,74,642,745,6302,9518,4589,256,1578,1454,110879,326,362,540,141,180,89,1714,855,111,608,117,84,181,104,99,0,452,86,147,86,42,211,141,223,24446,9103
232,C:\Data\20260323_MD18-3537\20260323_MD18-3537_S01\MD18-3537_S01_XRF\XRF data\L000068.spe,240,74,705,781,6253,7959,4657,227,1695,1011,107842,404,364,468,49,112,195,1243,964,157,472,87,55,169,108,110,71,284,77,35,89,25,242,107,41,24912,8827
234.5,C:\Data\20260323_MD18-3537\20260323_MD18-3537_S01\MD18-3537_S01_XRF\XRF data\L000069.spe,242.5,103,659,857,5919,8659,4459,191,1557,1011,100626,309,307,419,40,0,19,1186,1081,183,507,68,47,151,108,161,202,105,35,58,149,0,158,146,91,24547,10862
237,C:\Data\20260323_MD18-3537\20260323_MD18-3537_S01\MD18-3537_S01_XRF\XRF data\L000070.spe,245,86,591,1037,5841,6432,4220,159,1613,1035,101387,376,332,444,0,0,110,730,1008,270,693,61,28,173,90,139,124,330,0,46,206,66,306,94,126,24314,7654
239.5,C:\Data\20260323_MD18-3537\20260323_MD18-3537_S01\MD18-3537_S01_XRF\XRF data\L000071.spe,247.5,93,608,834,6232,7829,4431,235,1643,1209,109493,305,302,481,122,0,226,1367,901,54,532,91,100,124,98,142,45,633,0,175,195,15,209,207,0,23463,8093
242,C:\Data\20260323_MD18-3537\20260323_MD18-3537_S01\MD18-3537_S01_XRF\XRF data\L000072.spe,250,81,585,915,5625,10118,4406,227,1626,1255,105013,219,215,488,106,113,128,795,1031,249,636,87,88,203,93,95,130,376,0,70,229,0,176,141,72,23451,8827
244.5,C:\Data\20260323_MD18-3537\20260323_MD18-3537_S01\MD18-3537_S01_XRF\XRF data\L000073.spe,252.5,106,672,804,6001,12098,4568,285,1605,1359,106266,339,252,480,81,0,234,977,1062,205,459,79,94,149,115,92,120,99,115,73,62,9,178,41,0,24110,7152
247,C:\Data\20260323_MD18-3537\20260323_MD18-3537_S01\MD18-3537_S01_XRF\XRF data\L000074.spe,255,94,719,824,5807,12679,4451,186,1632,1307,104186,349,312,513,223,196,62,1164,1052,142,598,0,127,165,142,97,247,246,21,48,90,0,114,51,61,23761,7591
249.5,C:\Data\20260323_MD18-3537\20260323_MD18-3537_S01\MD18-3537_S01_XRF\XRF data\L000075.spe,257.5,106,663,847,6117,7882,4680,279,1685,1082,108617,344,308,469,131,173,198,1452,921,207,426,71,78,85,113,183,242,233,75,83,132,16,183,143,38,24604,6722
252,C:\Data\20260323_MD18-3537\20260323_MD18-3537_S01\MD18-3537_S01_XRF\XRF data\L000076.spe,260,119,705,827,6225,7129,4498,276,1680,1161,107794,354,367,526,242,78,175,372,735,366,582,83,50,198,145,103,61,487,12,120,162,75,140,226,13,24534,7820
254.5,C:\Data\20260323_MD18-3537\20260323_MD18-3537_S01\MD18-3537_S01_XRF\XRF data\L000077.spe,262.5,74,704,812,6132,8335,4496,186,1634,1240,106944,287,267,568,123,370,106,933,921,252,622,98,65,161,80,106,0,364,0,88,240,28,161,117,262,23899,7801
257,C:\Data\20260323_MD18-3537\20260323_MD18-3537_S01\MD18-3537_S01_XRF\XRF data\L000078.spe,265,103,790,849,6442,9116,4864,250,1683,1454,109058,285,380,489,0,103,0,716,1089,240,629,40,94,75,111,189,38,317,0,149,169,0,281,31,169,24157,7286
259.5,C:\Data\20260323_MD18-3537\20260323_MD18-3537_S01\MD18-3537_S01_XRF\XRF data\L000079.spe,267.5,123,748,842,6352,9529,4762,222,1748,1191,107503,394,296,492,218,361,0,946,1051,278,636,40,74,166,130,144,121,435,66,34,73,87,86,114,281,25682,8834
262,C:\Data\20260323_MD18-3537\20260323_MD18-3537_S01\MD18-3537_S01_XRF\XRF data\L000080.spe,270,79,773,823,6348,10162,4693,209,1594,1232,103661,344,317,504,201,234,77,910,1030,150,669,0,79,121,133,154,67,0,187,46,92,13,56,64,218,24116,7528
264.5,C:\Data\20260323_MD18-3537\20260323_MD18-3537_S01\MD18-3537_S01_XRF\XRF data\L000081.spe,272.5,103,767,961,5824,11170,4569,220,1717,1065,95114,364,323,437,85,312,35,294,1149,116,929,35,105,177,75,74,144,152,28,0,0,0,270,99,189,23476,5410
267,C:\Data\20260323_MD18-3537\20260323_MD18-3537_S01\MD18-3537_S01_XRF\XRF data\L000082.spe,275,102,799,815,6184,9554,4318,241,1711,1225,95836,359,368,507,141,354,11,1043,1046,175,939,88,74,163,101,99,0,376,0,19,46,11,191,73,306,24159,8908
269.5,C:\Data\20260323_MD18-3537\20260323_MD18-3537_S01\MD18-3537_S01_XRF\XRF data\L000083.spe,277.5,131,701,784,6308,9320,4398,241,1611,1267,102160,362,349,525,90,261,19,869,929,263,512,109,57,193,86,121,147,250,197,107,38,44,149,99,322,24687,8266
272,C:\Data\20260323_MD18-3537\20260323_MD18-3537_S01\MD18-3537_S01_XRF\XRF data\L000084.spe,280,85,748,728,6372,12048,4783,143,1591,1508,102115,383,307,524,115,159,14,835,1146,247,548,67,84,169,113,110,10,165,102,86,96,23,156,148,335,23461,7760
274.5,C:\Data\20260323_MD18-3537\20260323_MD18-3537_S01\MD18-3537_S01_XRF\XRF data\L000085.spe,282.5,71,774,811,5971,14830,4573,212,1573,1352,97087,314,260,482,158,70,21,1055,1140,269,465,95,106,152,107,112,160,556,0,14,127,9,175,211,217,23003,8298
277,C:\Data\20260323_MD18-3537\20260323_MD18-3537_S01\MD18-3537_S01_XRF\XRF data\L000086.spe,285,119,724,872,5767,15340,4384,282,1577,1305,98389,374,389,530,120,317,0,360,1268,307,608,94,156,150,136,62,107,312,95,52,0,0,155,49,232,23924,10283
279.5,C:\Data\20260323_MD18-3537\20260323_MD18-3537_S01\MD18-3537_S01_XRF\XRF data\L000087.spe,287.5,102,752,823,5987,12476,4426,230,1698,1425,99041,381,310,522,130,234,11,493,1106,268,683,68,118,188,92,165,59,620,38,73,84,50,125,171,244,24649,8252
282,C:\Data\20260323_MD18-3537\20260323_MD18-3537_S01\MD18-3537_S01_XRF\XRF data\L000088.spe,290,97,772,804,5954,11702,4747,220,1557,1293,99982,422,387,490,113,110,190,1439,1050,147,526,110,97,155,117,151,123,158,121,37,49,34,169,17,0,25184,7799
284.5,C:\Data\20260323_MD18-3537\20260323_MD18-3537_S01\MD18-3537_S01_XRF\XRF data\L000089.spe,292.5,81,799,880,5885,11513,4618,213,1458,1260,95833,403,299,575,195,212,31,788,1075,225,701,67,138,151,126,149,33,307,0,55,186,32,134,201,144,23857,10274
287,C:\Data\20260323_MD18-3537\20260323_MD18-3537_S01\MD18-3537_S01_XRF\XRF data\L000090.spe,295,119,765,839,5523,11381,4547,253,1520,1231,91945,276,217,511,203,147,0,553,1140,264,687,78,113,79,148,218,54,549,0,85,104,38,158,81,188,23863,8380
289.5,C:\Data\20260323_MD18-3537\20260323_MD18-3537_S01\MD18-3537_S01_XRF\XRF data\L000091.spe,297.5,91,748,841,5629,9531,4492,169,1714,1054,90899,352,361,495,285,123,119,604,1163,190,743,86,40,94,83,169,221,331,104,30,0,30,86,14,53,25867,9682
292,C:\Data\20260323_MD18-3537\20260323_MD18-3537_S01\MD18-3537_S01_XRF\XRF data\L000092.spe,300,86,780,768,6356,7426,4576,268,1694,1281,103916,337,228,526,79,226,34,1316,1107,190,548,77,46,178,110,129,210,569,0,111,217,0,242,122,214,24819,6535
294.5,C:\Data\20260323_MD18-3537\20260323_MD18-3537_S01\MD18-3537_S01_XRF\XRF data\L000093.spe,302.5,102,676,803,5835,6790,4473,283,1603,1234,101334,387,336,441,132,103,223,1539,900,102,622,78,29,97,81,169,212,395,0,30,299,90,106,147,41,24858,7912
297,C:\Data\20260323_MD18-3537\20260323_MD18-3537_S01\MD18-3537_S01_XRF\XRF data\L000094.spe,305,104,685,810,5811,6954,4476,293,1690,1015,101208,368,197,473,260,225,121,890,977,242,566,70,83,177,60,119,112,342,29,15,118,94,52,213,65,23839,8556
299.5,C:\Data\20260323_MD18-3537\20260323_MD18-3537_S01\MD18-3537_S01_XRF\XRF data\L000095.spe,307.5,117,768,769,6121,7612,4632,257,1516,1042,100415,345,312,477,294,0,110,1204,986,57,503,30,58,71,107,164,186,318,68,60,216,18,73,220,57,23071,7133
302,C:\Data\20260323_MD18-3537\20260323_MD18-3537_S01\MD18-3537_S01_XRF\XRF data\L000096.spe,310,69,758,876,5956,7800,4665,193,1652,1000,103022,381,347,459,256,218,0,746,1155,123,493,97,25,119,137,187,179,378,72,20,69,43,73,83,366,23978,9477
304.5,C:\Data\20260323_MD18-3537\20260323_MD18-3537_S01\MD18-3537_S01_XRF\XRF data\L000097.spe,312.5,89,723,791,6139,7784,4545,258,1718,1092,102452,362,355,514,151,359,0,1188,1148,209,440,43,71,107,134,165,29,184,318,112,0,98,228,128,272,24792,6856
307,C:\Data\20260323_MD18-3537\20260323_MD18-3537_S01\MD18-3537_S01_XRF\XRF data\L000098.spe,315,95,771,854,6244,7914,4833,229,1714,979,104609,373,232,479,109,427,33,867,1063,173,539,22,49,122,92,122,164,250,4,126,138,60,210,91,215,23526,8217
309.5,C:\Data\20260323_MD18-3537\20260323_MD18-3537_S01\MD18-3537_S01_XRF\XRF data\L000099.spe,317.5,95,764,806,6021,8265,4533,309,1649,983,101810,324,264,447,125,358,0,1514,1281,246,535,92,68,226,100,65,91,83,5,90,168,48,270,180,345,25387,8965
312,C:\Data\20260323_MD18-3537\20260323_MD18-3537_S01\MD18-3537_S01_XRF\XRF data\L000100.spe,320,118,748,869,6137,8121,4437,218,1627,1268,103664,270,332,448,123,161,72,842,1101,153,560,43,84,144,83,121,0,577,0,88,168,0,88,72,90,23887,8387
314.5,C:\Data\20260323_MD18-3537\20260323_MD18-3537_S01\MD18-3537_S01_XRF\XRF data\L000101.spe,322.5,89,702,800,6041,7754,4709,75,1620,1226,105501,333,280,465,176,209,19,1140,1038,297,514,36,42,104,129,184,53,223,0,24,230,0,141,29,278,24496,7867
317,C:\Data\20260323_MD18-3537\20260323_MD18-3537_S01\MD18-3537_S01_XRF\XRF data\L000102.spe,325,109,754,897,6046,8514,4646,217,1640,1349,109192,307,265,582,192,319,0,1031,1029,248,512,124,52,230,142,102,0,482,152,107,61,57,151,0,312,25656,8605
319.5,C:\Data\20260323_MD18-3537\20260323_MD18-3537_S01\MD18-3537_S01_XRF\XRF data\L000103.spe,327.5,64,734,814,6052,9372,4408,273,1627,1214,105412,273,284,492,235,134,69,1208,1024,247,622,107,116,147,113,192,80,662,0,116,210,42,118,181,116,25102,8281
322,C:\Data\20260323_MD18-3537\20260323_MD18-3537_S01\MD18-3537_S01_XRF\XRF data\L000104.spe,330,91,740,809,5963,9752,4551,237,1652,1069,101934,415,430,572,196,21,236,556,1124,363,458,21,51,93,101,181,145,75,279,58,0,147,109,159,0,24827,7774
324.5,C:\Data\20260323_MD18-3537\20260323_MD18-3537_S01\MD18-3537_S01_XRF\XRF data\L000105.spe,332.5,87,783,812,6056,10828,4582,239,1616,1194,101915,417,390,486,176,224,45,1283,1092,117,543,103,129,181,132,128,70,327,98,0,109,0,152,257,261,25184,8020
327,C:\Data\20260323_MD18-3537\20260323_MD18-3537_S01\MD18-3537_S01_XRF\XRF data\L000106.spe,335,83,712,770,5953,10949,4402,206,1671,1121,101449,317,428,509,152,18,98,1262,1040,234,587,43,91,215,101,78,114,184,56,101,98,0,215,110,74,23678,5609
329.5,C:\Data\20260323_MD18-3537\20260323_MD18-3537_S01\MD18-3537_S01_XRF\XRF data\L000107.spe,337.5,104,736,819,5897,11200,4434,294,1591,1199,100861,393,288,526,110,61,0,1026,1056,252,607,104,118,218,117,126,65,401,39,26,19,83,165,192,265,23759,8529
332,C:\Data\20260323_MD18-3537\20260323_MD18-3537_S01\MD18-3537_S01_XRF\XRF data\L000108.spe,340,98,765,870,5853,11071,4653,240,1598,1160,101991,386,337,513,42,185,147,1307,1084,125,504,81,85,127,111,145,105,238,141,108,105,9,313,167,35,24981,8292
334.5,C:\Data\20260323_MD18-3537\20260323_MD18-3537_S01\MD18-3537_S01_XRF\XRF data\L000109.spe,342.5,127,725,861,6130,11871,4601,250,1862,1123,103784,430,369,562,0,290,92,476,1016,296,546,17,133,179,83,148,229,181,219,72,93,146,258,0,175,25321,9713
337,C:\Data\20260323_MD18-3537\20260323_MD18-3537_S01\MD18-3537_S01_XRF\XRF data\L000110.spe,345,122,830,874,5916,12399,4633,191,1659,1201,99386,368,368,488,126,244,0,1015,1067,184,692,72,121,174,115,116,74,225,101,95,36,7,178,185,357,24352,6086
339.5,C:\Data\20260323_MD18-3537\20260323_MD18-3537_S01\MD18-3537_S01_XRF\XRF data\L000111.spe,347.5,76,692,815,5717,11693,4551,198,1570,1213,98107,369,247,502,137,324,0,1136,1011,225,544,23,109,144,85,145,135,446,178,48,10,84,169,16,399,24546,7147
342,C:\Data\20260323_MD18-3537\20260323_MD18-3537_S01\MD18-3537_S01_XRF\XRF data\L000112.spe,350,103,725,837,5983,11405,4479,225,1569,1221,99632,294,328,574,119,413,65,701,1087,296,597,123,103,127,121,158,111,344,70,85,0,65,233,0,299,24298,9706
344.5,C:\Data\20260323_MD18-3537\20260323_MD18-3537_S01\MD18-3537_S01_XRF\XRF data\L000113.spe,352.5,112,670,812,6281,9261,4506,229,1721,1207,103040,279,238,551,271,270,69,693,1008,258,593,67,90,142,81,172,113,621,0,97,38,0,62,134,234,24076,8247
347,C:\Data\20260323_MD18-3537\20260323_MD18-3537_S01\MD18-3537_S01_XRF\XRF data\L000114.spe,355,97,720,839,6111,8732,4358,252,1629,1038,104476,321,345,480,7,203,32,1929,984,165,523,147,66,185,87,125,182,381,0,47,91,0,328,188,270,25085,9417
349.5,C:\Data\20260323_MD18-3537\20260323_MD18-3537_S01\MD18-3537_S01_XRF\XRF data\L000115.spe,357.5,81,722,979,6330,8651,4399,310,1673,1157,108378,344,291,544,135,57,166,1099,882,114,548,71,44,179,100,131,119,286,63,58,217,31,207,0,19,26045,7507
352,C:\Data\20260323_MD18-3537\20260323_MD18-3537_S01\MD18-3537_S01_XRF\XRF data\L000116.spe,360,116,712,844,6348,8202,4572,217,1747,1145,107784,317,389,516,85,222,217,1365,942,159,490,48,91,113,58,156,119,470,59,63,88,0,206,151,41,25927,6974
354.5,C:\Data\20260323_MD18-3537\20260323_MD18-3537_S01\MD18-3537_S01_XRF\XRF data\L000117.spe,362.5,97,751,760,6237,8326,4575,125,1612,1092,105383,347,223,503,169,191,79,1523,1013,190,453,95,81,126,135,198,110,349,162,61,95,105,227,134,200,25528,7573
357,C:\Data\20260323_MD18-3537\20260323_MD18-3537_S01\MD18-3537_S01_XRF\XRF data\L000118.spe,365,119,690,782,6154,8689,4352,288,1670,1038,104827,330,347,441,121,122,185,1490,794,84,565,45,102,250,93,73,136,132,50,4,63,0,205,35,56,25470,7544
359.5,C:\Data\20260323_MD18-3537\20260323_MD18-3537_S01\MD18-3537_S01_XRF\XRF data\L000119.spe,367.5,94,696,889,6169,8517,4473,188,1593,1104,106671,383,354,443,214,247,125,1284,944,198,398,95,89,193,118,93,154,365,33,39,11,0,148,186,216,25329,7509
362,C:\Data\20260323_MD18-3537\20260323_MD18-3537_S01\MD18-3537_S01_XRF\XRF data\L000120.spe,370,97,725,880,6100,8356,4442,242,1648,1098,106309,359,435,505,25,267,0,1338,932,106,515,42,56,118,100,160,206,464,0,20,188,20,258,118,302,25267,9765
364.5,C:\Data\20260323_MD18-3537\20260323_MD18-3537_S01\MD18-3537_S01_XRF\XRF data\L000121.spe,372.5,64,709,814,5979,8373,4593,191,1634,1139,106272,367,283,557,178,243,33,1213,841,152,472,76,46,101,108,144,100,275,228,27,67,73,103,49,226,25814,8052
367,C:\Data\20260323_MD18-3537\20260323_MD18-3537_S01\MD18-3537_S01_XRF\XRF data\L000122.spe,375,73,736,873,6060,8909,4735,226,1628,1160,106135,450,305,506,193,288,52,1081,949,148,491,54,49,41,127,176,149,0,199,59,131,22,130,86,173,25704,7195
369.5,C:\Data\20260323_MD18-3537\20260323_MD18-3537_S01\MD18-3537_S01_XRF\XRF data\L000123.spe,377.5,85,685,880,5812,9311,4437,177,1684,1210,104615,283,314,483,81,305,166,1253,1022,229,605,119,81,121,124,188,153,600,0,134,97,12,245,156,185,24930,7050
372,C:\Data\20260323_MD18-3537\20260323_MD18-3537_S01\MD18-3537_S01_XRF\XRF data\L000124.spe,380,103,795,900,6189,10226,4736,190,1750,1207,104380,320,348,525,82,53,69,1128,1152,190,557,113,69,114,114,143,183,419,0,136,138,0,312,252,283,24759,6982
374.5,C:\Data\20260323_MD18-3537\20260323_MD18-3537_S01\MD18-3537_S01_XRF\XRF data\L000125.spe,382.5,89,821,824,6039,10117,4744,218,1636,1293,103678,382,390,515,58,0,185,704,1084,257,734,118,54,166,124,124,59,377,55,11,68,0,205,168,18,26114,7817
377,C:\Data\20260323_MD18-3537\20260323_MD18-3537_S01\MD18-3537_S01_XRF\XRF data\L000126.spe,385,125,766,859,5966,10483,4695,197,1661,1443,101998,397,396,635,0,140,72,1336,1083,190,608,72,101,96,146,214,91,396,140,74,78,44,287,76,209,25394,6105
379.5,C:\Data\20260323_MD18-3537\20260323_MD18-3537_S01\MD18-3537_S01_XRF\XRF data\L000127.spe,387.5,118,772,836,5941,9561,4572,219,1649,1369,100534,376,285,456,207,54,153,1594,1075,153,559,72,89,147,104,134,128,529,0,34,347,39,155,221,59,24817,7841
382,C:\Data\20260323_MD18-3537\20260323_MD18-3537_S01\MD18-3537_S01_XRF\XRF data\L000128.spe,390,91,730,863,6114,9213,4656,256,1605,1248,101453,346,400,444,35,246,137,1249,1069,163,571,106,46,180,129,119,201,375,0,85,162,44,248,111,257,24977,8031
384.5,C:\Data\20260323_MD18-3537\20260323_MD18-3537_S01\MD18-3537_S01_XRF\XRF data\L000129.spe,392.5,87,767,936,5810,10093,4475,239,1720,1466,98251,341,266,471,246,356,66,1390,1073,171,708,36,101,98,120,160,136,501,22,68,5,39,138,162,227,24719,8192
387,C:\Data\20260323_MD18-3537\20260323_MD18-3537_S01\MD18-3537_S01_XRF\XRF data\L000130.spe,395,83,754,962,5575,10359,4653,188,1715,1239,95097,487,434,527,101,0,107,877,1149,196,688,10,95,106,125,151,115,63,206,0,0,67,119,268,0,26410,7659
389.5,C:\Data\20260323_MD18-3537\20260323_MD18-3537_S01\MD18-3537_S01_XRF\XRF data\L000131.spe,397.5,76,794,931,5409,11362,4294,311,1717,1270,90245,365,388,486,262,224,0,1143,1282,149,844,50,116,147,114,105,87,324,120,14,0,13,62,124,123,25881,6631
392,C:\Data\20260323_MD18-3537\20260323_MD18-3537_S01\MD18-3537_S01_XRF\XRF data\L000132.spe,400,87,770,841,5213,11424,4156,199,1659,1066,85806,441,287,471,160,0,40,553,1365,184,626,22,77,84,71,128,110,0,197,0,10,135,118,0,127,26084,7211
394.5,C:\Data\20260323_MD18-3537\20260323_MD18-3537_S01\MD18-3537_S01_XRF\XRF data\L000133.spe,402.5,69,693,1038,4992,9702,3923,138,1587,1336,83445,459,391,444,326,306,139,1103,1281,100,442,25,61,90,94,148,45,83,194,29,19,39,105,167,37,25908,7030
397,C:\Data\20260323_MD18-3537\20260323_MD18-3537_S01\MD18-3537_S01_XRF\XRF data\L000134.spe,405,90,685,916,5983,5243,4321,254,1652,1227,94063,420,367,529,236,0,200,843,1167,217,572,46,29,193,100,98,137,564,32,0,0,116,141,191,146,26467,9118
399.5,C:\Data\20260323_MD18-3537\20260323_MD18-3537_S01\MD18-3537_S01_XRF\XRF data\L000135.spe,407.5,83,749,879,6547,3693,4620,278,1705,1264,105645,395,379,593,215,205,55,1665,863,4,476,22,19,124,101,148,118,557,17,27,91,25,193,305,130,24791,6076
402,C:\Data\20260323_MD18-3537\20260323_MD18-3537_S01\MD18-3537_S01_XRF\XRF data\L000136.spe,410,102,766,876,6404,4178,4642,282,1678,1062,105204,384,338,486,197,185,31,954,1116,168,584,103,0,126,123,119,106,404,0,41,285,69,124,145,260,25693,9130
404.5,C:\Data\20260323_MD18-3537\20260323_MD18-3537_S01\MD18-3537_S01_XRF\XRF data\L000137.spe,412.5,128,745,774,6387,3795,4862,225,1755,1157,110019,346,243,573,201,240,242,1656,985,121,536,39,19,76,89,224,94,427,0,87,172,106,206,183,100,25837,10865
407,C:\Data\20260323_MD18-3537\20260323_MD18-3537_S01\MD18-3537_S01_XRF\XRF data\L000138.spe,415,113,801,793,6912,4270,4730,245,1818,1071,115736,410,358,593,165,158,122,838,940,257,503,16,68,106,111,225,228,431,225,99,104,92,123,191,112,27522,8316
409.5,C:\Data\20260323_MD18-3537\20260323_MD18-3537_S01\MD18-3537_S01_XRF\XRF data\L000139.spe,417.5,71,790,816,6630,7810,4707,218,1703,1253,114312,403,375,507,153,0,48,1024,933,165,511,117,88,183,104,123,134,266,174,58,87,60,216,207,204,24814,9282
412,C:\Data\20260323_MD18-3537\20260323_MD18-3537_S01\MD18-3537_S01_XRF\XRF data\L000140.spe,420,109,728,865,6520,11007,4825,224,1671,1314,112336,374,326,490,209,205,48,1187,1091,200,532,73,88,120,105,179,108,413,16,52,156,54,132,95,168,24801,7107
414.5,C:\Data\20260323_MD18-3537\20260323_MD18-3537_S01\MD18-3537_S01_XRF\XRF data\L000141.spe,422.5,92,739,926,6172,11193,4794,165,1859,1411,110029,375,258,496,275,80,122,922,1037,299,454,61,139,127,145,167,266,258,117,73,87,49,142,88,48,25140,8888
417,C:\Data\20260323_MD18-3537\20260323_MD18-3537_S01\MD18-3537_S01_XRF\XRF data\L000142.spe,425,107,779,850,6146,12784,4952,271,1724,1453,109924,365,345,469,124,0,104,1280,990,171,561,17,115,177,130,118,204,296,191,78,125,71,146,133,67,24430,7443
419.5,C:\Data\20260323_MD18-3537\20260323_MD18-3537_S01\MD18-3537_S01_XRF\XRF data\L000143.spe,427.5,79,727,851,5638,13165,4922,175,1625,1390,107666,442,392,507,137,202,0,837,1051,278,539,82,141,182,113,120,113,234,253,48,0,129,151,91,289,24742,6578
422,C:\Data\20260323_MD18-3537\20260323_MD18-3537_S01\MD18-3537_S01_XRF\XRF data\L000144.spe,430,86,655,957,5663,13058,4738,256,1557,1379,105958,397,420,521,152,186,132,907,984,217,599,96,151,118,81,147,181,134,166,47,77,24,117,150,171,24030,6239
424.5,C:\Data\20260323_MD18-3537\20260323_MD18-3537_S01\MD18-3537_S01_XRF\XRF data\L000145.spe,432.5,103,652,979,5538,13454,4798,215,1657,1255,94581,301,357,465,40,134,42,1022,1305,229,561,55,129,142,98,160,191,425,86,63,0,0,216,84,201,24297,7852
427,C:\Data\20260323_MD18-3537\20260323_MD18-3537_S01\MD18-3537_S01_XRF\XRF data\L000146.spe,435,100,724,918,6381,6749,4713,230,1693,1587,105526,418,296,475,52,175,38,592,992,264,687,25,78,121,107,128,28,0,237,54,73,53,188,62,273,25877,7402
429.5,C:\Data\20260323_MD18-3537\20260323_MD18-3537_S01\MD18-3537_S01_XRF\XRF data\L000147.spe,437.5,77,704,855,6588,8395,4688,263,1681,1291,111604,378,315,558,73,259,24,995,845,203,548,34,41,111,130,158,157,392,70,57,141,118,119,54,325,24546,8712
432,C:\Data\20260323_MD18-3537\20260323_MD18-3537_S01\MD18-3537_S01_XRF\XRF data\L000148.spe,440,115,711,905,6208,10195,4758,241,1577,1360,107890,360,401,516,146,63,48,1695,892,246,601,52,120,147,129,150,167,407,131,106,0,51,144,217,229,24541,8324
434.5,C:\Data\20260323_MD18-3537\20260323_MD18-3537_S01\MD18-3537_S01_XRF\XRF data\L000149.spe,442.5,87,661,857,6278,8611,4627,221,1623,1225,107895,301,351,490,56,272,104,896,902,195,636,71,120,160,104,146,75,267,0,114,95,80,159,44,237,23359,7146
437,C:\Data\20260323_MD18-3537\20260323_MD18-3537_S01\MD18-3537_S01_XRF\XRF data\L000150.spe,445,93,685,801,6212,6717,4747,237,1635,1101,107362,313,338,590,14,156,70,1591,927,141,594,5,41,117,114,164,143,239,156,88,0,31,262,248,131,24798,7668
439.5,C:\Data\20260323_MD18-3537\20260323_MD18-3537_S01\MD18-3537_S01_XRF\XRF data\L000151.spe,447.5,58,695,929,6628,5203,4690,199,1695,1107,108810,451,456,651,108,251,286,1197,804,214,622,81,0,159,120,111,187,236,260,53,89,78,216,56,36,25799,6820
442,C:\Data\20260323_MD18-3537\20260323_MD18-3537_S01\MD18-3537_S01_XRF\XRF data\L000152.spe,450,88,667,906,6285,7033,4519,209,1650,1105,112071,354,363,535,155,125,76,1274,912,246,529,49,19,121,122,154,223,145,120,105,169,52,172,96,231,25562,7354
444.5,C:\Data\20260323_MD18-3537\20260323_MD18-3537_S01\MD18-3537_S01_XRF\XRF data\L000153.spe,452.5,114,702,887,6317,8027,4692,268,1659,1246,111723,400,199,520,77,178,186,887,1009,275,482,34,78,144,133,128,126,228,36,0,190,82,202,112,0,26162,8566
447,C:\Data\20260323_MD18-3537\20260323_MD18-3537_S01\MD18-3537_S01_XRF\XRF data\L000154.spe,455,76,670,891,6140,8982,4742,224,1676,1337,110276,353,311,494,195,338,100,1417,917,137,540,29,64,108,109,171,94,277,121,123,67,0,97,135,166,24989,8233
449.5,C:\Data\20260323_MD18-3537\20260323_MD18-3537_S01\MD18-3537_S01_XRF\XRF data\L000155.spe,457.5,84,629,886,5892,10123,4674,184,1623,1279,107703,357,288,518,156,242,37,1177,1080,201,614,60,54,178,98,108,32,290,0,51,146,38,155,179,221,24156,6538
452,C:\Data\20260323_MD18-3537\20260323_MD18-3537_S01\MD18-3537_S01_XRF\XRF data\L000156.spe,460,100,743,803,5884,11984,4849,353,1588,1296,104441,367,377,472,152,121,0,1148,1065,149,514,129,117,59,60,166,144,387,131,64,116,78,178,251,370,24530,8637
454.5,C:\Data\20260323_MD18-3537\20260323_MD18-3537_S01\MD18-3537_S01_XRF\XRF data\L000157.spe,462.5,64,755,877,5712,12902,4766,228,1734,1260,97244,336,376,530,138,218,71,615,1128,319,669,115,134,148,109,151,43,290,198,83,0,69,230,229,165,23907,7761
457,C:\Data\20260323_MD18-3537\20260323_MD18-3537_S01\MD18-3537_S01_XRF\XRF data\L000158.spe,465,82,694,841,6604,4267,4749,266,1629,1233,106891,325,323,506,201,346,59,1528,884,182,680,93,12,100,87,172,167,406,0,80,245,0,208,93,251,25635,8153
459.5,C:\Data\20260323_MD18-3537\20260323_MD18-3537_S01\MD18-3537_S01_XRF\XRF data\L000159.spe,467.5,103,698,830,6670,3460,4578,273,1748,1201,107635,375,372,447,65,22,181,1807,797,68,473,103,0,169,85,119,0,379,0,36,70,0,238,182,0,25717,6640
462,C:\Data\20260323_MD18-3537\20260323_MD18-3537_S01\MD18-3537_S01_XRF\XRF data\L000160.spe,470,91,689,878,6605,5209,4604,221,1750,1015,109720,377,348,464,98,23,193,1299,859,177,556,64,0,177,73,149,268,504,0,62,312,0,202,276,87,25928,8629
464.5,C:\Data\20260323_MD18-3537\20260323_MD18-3537_S01\MD18-3537_S01_XRF\XRF data\L000161.spe,472.5,88,726,781,6448,6629,4459,199,1632,1188,108190,450,326,605,118,221,104,1514,957,171,553,41,58,165,149,136,75,36,206,48,84,155,141,169,180,25712,8104
467,C:\Data\20260323_MD18-3537\20260323_MD18-3537_S01\MD18-3537_S01_XRF\XRF data\L000162.spe,475,104,771,842,6344,7511,4751,208,1719,1287,109796,388,328,609,129,237,71,1093,926,193,554,110,82,213,101,67,189,318,73,53,239,69,150,106,308,25603,8034
469.5,C:\Data\20260323_MD18-3537\20260323_MD18-3537_S01\MD18-3537_S01_XRF\XRF data\L000163.spe,477.5,111,745,826,6128,10288,4766,184,1703,1243,111665,378,363,525,99,395,31,942,839,208,460,66,71,226,136,79,124,338,126,115,124,73,169,117,356,24483,7409
472,C:\Data\20260323_MD18-3537\20260323_MD18-3537_S01\MD18-3537_S01_XRF\XRF data\L000164.spe,480,81,680,840,5942,11196,4778,237,1661,1403,110934,313,307,500,100,281,95,861,914,242,500,100,129,150,130,138,150,607,0,122,333,0,190,112,133,23285,8461
474.5,C:\Data\20260323_MD18-3537\20260323_MD18-3537_S01\MD18-3537_S01_XRF\XRF data\L000165.spe,482.5,117,679,900,5680,12783,4728,252,1717,1152,101892,350,335,510,91,212,53,835,1051,300,537,72,126,152,84,116,234,359,0,37,129,67,276,70,103,24170,7421
477,C:\Data\20260323_MD18-3537\20260323_MD18-3537_S01\MD18-3537_S01_XRF\XRF data\L000166.spe,485,72,681,861,5600,11952,4839,266,1616,1291,99837,350,279,601,241,317,42,591,1025,270,739,62,106,84,95,161,107,634,94,92,132,135,175,143,338,24119,8537
479.5,C:\Data\20260323_MD18-3537\20260323_MD18-3537_S01\MD18-3537_S01_XRF\XRF data\L000167.spe,487.5,99,756,870,5509,12143,4664,311,1618,1129,96594,414,309,484,140,146,27,998,1112,258,670,85,61,85,100,165,166,139,160,18,131,47,192,179,242,26056,8615
482,C:\Data\20260323_MD18-3537\20260323_MD18-3537_S01\MD18-3537_S01_XRF\XRF data\L000168.spe,490,71,752,843,5894,12725,4774,212,1722,1252,96001,460,306,552,266,201,139,825,1193,283,597,69,141,100,143,163,73,22,357,44,0,82,245,265,87,26072,9324
484.5,C:\Data\20260323_MD18-3537\20260323_MD18-3537_S01\MD18-3537_S01_XRF\XRF data\L000169.spe,492.5,112,868,923,5324,12848,4482,222,1720,1085,91297,405,317,481,50,284,61,1521,1196,132,715,74,109,104,99,143,219,257,0,0,228,8,205,0,182,25028,8525
487,C:\Data\20260323_MD18-3537\20260323_MD18-3537_S01\MD18-3537_S01_XRF\XRF data\L000170.spe,495,97,723,974,5183,13446,4496,153,1751,1155,90466,372,240,445,369,343,133,709,1266,230,628,23,123,93,127,139,189,422,0,69,99,33,48,210,223,25486,9650
489.5,C:\Data\20260323_MD18-3537\20260323_MD18-3537_S01\MD18-3537_S01_XRF\XRF data\L000171.spe,497.5,97,771,942,4724,14220,4759,159,1691,1059,86552,440,409,498,256,239,132,1449,1294,188,725,4,147,143,130,97,264,82,121,0,0,0,192,141,276,26109,7619
492,C:\Data\20260323_MD18-3537\20260323_MD18-3537_S01\MD18-3537_S01_XRF\XRF data\L000172.spe,500,88,733,1049,4784,12411,4306,177,1675,1024,81504,401,322,374,121,83,36,789,1118,77,763,8,113,0,91,216,205,446,0,0,87,12,175,126,161,24257,8973
494.5,C:\Data\20260323_MD18-3537\20260323_MD18-3537_S01\MD18-3537_S01_XRF\XRF data\L000173.spe,502.5,53,765,1032,4846,12279,4409,223,1785,1263,83747,427,265,461,109,100,113,591,1257,240,674,43,83,73,108,112,59,398,160,9,0,112,227,178,92,25675,10672
497,C:\Data\20260323_MD18-3537\20260323_MD18-3537_S01\MD18-3537_S01_XRF\XRF data\L000174.spe,505,66,762,1000,4510,12664,4132,216,1623,1235,81432,498,351,443,84,335,0,964,1229,158,885,51,101,110,101,96,100,96,242,0,0,138,217,145,326,25548,9870
499.5,C:\Data\20260323_MD18-3537\20260323_MD18-3537_S01\MD18-3537_S01_XRF\XRF data\L000175.spe,507.5,54,642,992,4633,11373,4065,224,1745,1102,80949,480,371,463,138,446,29,816,1206,220,664,65,119,89,49,125,84,114,106,0,50,65,221,110,209,25859,7792
502,C:\Data\20260323_MD18-3537\20260323_MD18-3537_S01\MD18-3537_S01_XRF\XRF data\L000176.spe,510,83,659,1055,4798,10803,4125,150,1671,1127,82022,429,384,485,195,287,0,81,1254,393,524,44,81,56,92,149,64,119,210,0,20,50,114,151,357,25021,5263
504.5,C:\Data\20260323_MD18-3537\20260323_MD18-3537_S01\MD18-3537_S01_XRF\XRF data\L000177.spe,512.5,70,635,896,5230,9044,4503,250,1660,1228,92347,479,398,519,144,264,53,1404,1080,251,920,48,63,74,122,141,213,0,385,16,0,124,232,37,290,25361,7565
507,C:\Data\20260323_MD18-3537\20260323_MD18-3537_S01\MD18-3537_S01_XRF\XRF data\L000178.spe,515,116,729,774,5956,8444,4849,217,1630,1177,104562,347,303,556,167,126,220,846,1006,181,552,50,60,71,150,179,109,344,128,72,14,20,129,197,27,24875,6502
509.5,C:\Data\20260323_MD18-3537\20260323_MD18-3537_S01\MD18-3537_S01_XRF\XRF data\L000179.spe,517.5,101,721,837,5972,8622,4584,207,1672,1088,104610,494,320,525,219,83,72,1163,1002,203,529,21,75,78,105,209,189,17,206,0,94,66,32,121,148,25180,8078
512,C:\Data\20260323_MD18-3537\20260323_MD18-3537_S01\MD18-3537_S01_XRF\XRF data\L000180.spe,520,112,736,827,5771,8995,4887,154,1730,1209,105931,421,303,516,231,15,148,847,997,266,653,84,72,76,101,164,106,389,28,98,71,15,190,181,118,24723,8179
514.5,C:\Data\20260323_MD18-3537\20260323_MD18-3537_S01\MD18-3537_S01_XRF\XRF data\L000181.spe,522.5,132,762,920,6060,9275,4728,278,1601,1152,106745,406,299,494,209,377,0,1072,982,190,539,40,71,49,95,179,159,62,199,54,165,73,125,120,379,26018,6790
517,C:\Data\20260323_MD18-3537\20260323_MD18-3537_S01\MD18-3537_S01_XRF\XRF data\L000182.spe,525,111,877,855,5801,10706,4851,249,1745,1168,101652,506,349,499,105,157,88,802,1033,190,552,75,90,78,120,144,148,0,177,0,168,44,161,87,35,26012,8375
519.5,C:\Data\20260323_MD18-3537\20260323_MD18-3537_S01\MD18-3537_S01_XRF\XRF data\L000183.spe,527.5,63,795,879,5534,11045,4717,198,1668,1039,93951,395,290,509,101,226,0,1227,1132,178,754,96,62,127,93,135,114,161,109,20,122,29,132,63,244,25704,7448
522,C:\Data\20260323_MD18-3537\20260323_MD18-3537_S01\MD18-3537_S01_XRF\XRF data\L000184.spe,530,58,742,1022,5483,11760,4484,198,1819,1008,91650,449,319,542,311,0,185,60,1200,260,654,25,88,55,113,182,235,62,248,0,0,70,143,285,0,24377,9031
524.5,C:\Data\20260323_MD18-3537\20260323_MD18-3537_S01\MD18-3537_S01_XRF\XRF data\L000185.spe,532.5,88,786,867,5162,11685,4520,185,1606,973,86361,431,296,510,277,139,31,270,1257,188,651,23,105,85,107,206,328,108,146,0,136,59,83,151,193,24723,7674
527,C:\Data\20260323_MD18-3537\20260323_MD18-3537_S01\MD18-3537_S01_XRF\XRF data\L000186.spe,535,81,702,1019,4970,12429,4437,180,1592,993,80496,339,321,521,67,301,25,1233,1244,67,817,61,95,129,91,139,84,227,127,43,0,45,187,97,147,24396,7761
529.5,C:\Data\20260323_MD18-3537\20260323_MD18-3537_S01\MD18-3537_S01_XRF\XRF data\L000187.spe,537.5,126,765,782,6628,8170,4619,263,1664,1346,101967,450,333,522,218,90,195,1553,958,250,662,112,68,119,130,165,153,141,270,0,0,98,133,83,107,26837,7905
532,C:\Data\20260323_MD18-3537\20260323_MD18-3537_S01\MD18-3537_S01_XRF\XRF data\L000188.spe,540,116,696,862,6488,10923,4428,201,1698,1430,103875,397,289,544,201,130,153,953,997,231,414,99,84,179,100,152,161,487,37,21,45,79,119,137,0,25503,9900
534.5,C:\Data\20260323_MD18-3537\20260323_MD18-3537_S01\MD18-3537_S01_XRF\XRF data\L000189.spe,542.5,87,760,818,6759,12020,4770,233,1690,1431,104514,337,367,538,102,169,126,1356,1026,188,527,82,106,127,139,122,114,463,16,88,170,46,108,96,124,24336,7713
537,C:\Data\20260323_MD18-3537\20260323_MD18-3537_S01\MD18-3537_S01_XRF\XRF data\L000190.spe,545,106,732,861,6554,12957,4732,202,1700,1652,105333,396,385,610,155,95,147,1019,1044,80,547,76,126,172,103,106,177,370,179,78,0,65,146,168,95,24448,7629
539.5,C:\Data\20260323_MD18-3537\20260323_MD18-3537_S01\MD18-3537_S01_XRF\XRF data\L000191.spe,547.5,65,697,913,6246,14166,4718,193,1603,1720,103488,289,372,501,189,153,89,611,1189,209,423,143,120,206,100,137,66,330,0,58,0,26,127,117,129,24742,8446
542,C:\Data\20260323_MD18-3537\20260323_MD18-3537_S01\MD18-3537_S01_XRF\XRF data\L000192.spe,550,105,734,839,6274,14520,4604,134,1707,1471,100608,404,375,568,21,65,0,1668,1152,111,579,73,141,208,98,153,167,360,150,9,28,89,277,142,290,23567,9475
544.5,C:\Data\20260323_MD18-3537\20260323_MD18-3537_S01\MD18-3537_S01_XRF\XRF data\L000193.spe,552.5,74,787,883,6122,15600,4648,230,1609,1440,99700,523,402,602,341,242,59,957,1057,253,548,28,114,166,118,108,57,0,451,0,0,222,0,56,68,25014,9718
547,C:\Data\20260323_MD18-3537\20260323_MD18-3537_S01\MD18-3537_S01_XRF\XRF data\L000194.spe,555,91,716,892,6104,15757,4705,210,1646,1381,101305,410,468,554,238,311,48,988,1162,193,642,48,134,82,147,168,201,0,353,20,21,56,49,181,247,24554,7850
549.5,C:\Data\20260323_MD18-3537\20260323_MD18-3537_S01\MD18-3537_S01_XRF\XRF data\L000195.spe,557.5,79,740,883,6088,13582,4525,198,1624,1310,96452,395,384,544,283,238,14,666,1100,153,510,32,134,279,105,77,46,0,381,12,0,0,72,21,125,23881,7076
552,C:\Data\20260323_MD18-3537\20260323_MD18-3537_S01\MD18-3537_S01_XRF\XRF data\L000196.spe,560,130,687,928,6484,6834,4733,199,1680,1346,105389,390,301,510,168,280,70,1006,1026,216,405,36,68,135,162,165,187,441,35,77,170,53,119,206,292,24815,7106
554.5,C:\Data\20260323_MD18-3537\20260323_MD18-3537_S01\MD18-3537_S01_XRF\XRF data\L000197.spe,562.5,103,678,913,6566,4387,4731,309,1703,1186,106786,382,307,600,215,70,13,1445,858,172,618,67,0,164,100,124,218,480,202,6,0,123,53,163,192,27415,10355
557,C:\Data\20260323_MD18-3537\20260323_MD18-3537_S01\MD18-3537_S01_XRF\XRF data\L000198.spe,565,115,724,886,6694,5427,4589,284,1718,1027,111653,397,363,551,75,0,293,1612,781,146,550,40,56,175,126,162,176,232,150,54,86,155,227,311,0,25743,7971
559.5,C:\Data\20260323_MD18-3537\20260323_MD18-3537_S01\MD18-3537_S01_XRF\XRF data\L000199.spe,567.5,73,687,872,6520,6303,4716,254,1735,1264,113620,411,434,619,183,149,0,910,810,265,461,158,33,165,86,182,26,462,121,75,97,104,109,140,295,25481,9155
562,C:\Data\20260323_MD18-3537\20260323_MD18-3537_S01\MD18-3537_S01_XRF\XRF data\L000200.spe,570,103,705,929,6300,7846,4780,345,1660,1186,113211,441,347,586,84,346,184,1879,903,200,572,57,84,125,138,84,157,0,172,69,207,0,194,36,123,24663,8352
564.5,C:\Data\20260323_MD18-3537\20260323_MD18-3537_S01\MD18-3537_S01_XRF\XRF data\L000201.spe,572.5,97,815,838,6345,9093,4846,257,1635,1353,112247,330,391,541,83,221,144,1291,933,93,557,98,101,128,108,145,82,472,93,128,114,62,225,74,133,23911,7051
567,C:\Data\20260323_MD18-3537\20260323_MD18-3537_S01\MD18-3537_S01_XRF\XRF data\L000202.spe,575,57,720,836,6369,8737,4769,179,1667,1220,111090,344,269,523,213,260,0,1088,1041,215,636,46,53,157,127,113,186,419,121,44,179,81,105,7,340,24769,9794
569.5,C:\Data\20260323_MD18-3537\20260323_MD18-3537_S01\MD18-3537_S01_XRF\XRF data\L000203.spe,577.5,76,788,809,6327,8302,4828,217,1610,1186,109504,416,273,496,79,220,11,1666,940,126,516,98,69,126,136,170,168,120,202,45,178,72,265,188,342,25045,7496
572,C:\Data\20260323_MD18-3537\20260323_MD18-3537_S01\MD18-3537_S01_XRF\XRF data\L000204.spe,580,95,790,884,6502,9381,5057,209,1720,1107,110818,328,289,459,169,83,0,1530,1160,172,599,51,83,122,95,142,234,296,0,74,193,48,161,0,242,26277,9244
574.5,C:\Data\20260323_MD18-3537\20260323_MD18-3537_S01\MD18-3537_S01_XRF\XRF data\L000205.spe,582.5,90,865,894,5934,10394,4933,216,1737,1267,111449,436,301,502,0,43,196,1295,1115,232,475,54,103,120,132,153,0,0,334,46,33,141,255,89,34,25710,8991
577,C:\Data\20260323_MD18-3537\20260323_MD18-3537_S01\MD18-3537_S01_XRF\XRF data\L000206.spe,585,75,858,899,6025,9552,4920,225,1695,1433,115694,487,399,533,83,219,0,1566,991,43,689,66,74,130,127,161,58,93,456,52,0,81,144,85,345,26600,8061
579.5,C:\Data\20260323_MD18-3537\20260323_MD18-3537_S01\MD18-3537_S01_XRF\XRF data\L000207.spe,587.5,101,783,836,6283,8981,4975,219,1646,1213,110011,416,334,622,265,39,157,1244,1042,51,612,17,87,106,88,151,161,0,198,54,156,116,137,158,0,26380,8104
582,C:\Data\20260323_MD18-3537\20260323_MD18-3537_S01\MD18-3537_S01_XRF\XRF data\L000208.spe,590,131,781,852,6013,11272,4744,211,1650,1297,99040,484,406,560,252,257,0,1445,1061,89,669,25,128,59,109,183,162,0,229,0,0,81,109,184,240,25470,8537
584.5,C:\Data\20260323_MD18-3537\20260323_MD18-3537_S01\MD18-3537_S01_XRF\XRF data\L000209.spe,592.5,81,800,910,6026,11859,4798,231,1693,1449,97110,416,465,531,65,268,84,1177,1104,150,709,7,110,100,103,190,76,8,405,26,0,108,219,114,150,26263,7704
587,C:\Data\20260323_MD18-3537\20260323_MD18-3537_S01\MD18-3537_S01_XRF\XRF data\L000210.spe,595,85,719,801,6558,10656,4661,284,1635,1758,105349,394,367,506,139,173,25,1392,1050,180,578,124,68,171,137,116,90,33,114,87,148,15,201,118,214,24606,9949
589.5,C:\Data\20260323_MD18-3537\20260323_MD18-3537_S01\MD18-3537_S01_XRF\XRF data\L000211.spe,597.5,96,754,736,6779,7296,4847,214,1680,1655,107359,453,340,608,244,356,106,1072,900,117,556,28,83,118,122,119,62,0,260,12,0,197,177,88,213,24060,7477
592,C:\Data\20260323_MD18-3537\20260323_MD18-3537_S01\MD18-3537_S01_XRF\XRF data\L000212.spe,600,92,713,807,6856,5306,4732,300,1648,1318,111524,387,351,571,60,246,123,1464,895,166,584,110,6,213,114,101,124,405,24,103,140,52,329,142,264,25901,6284
594.5,C:\Data\20260323_MD18-3537\20260323_MD18-3537_S01\MD18-3537_S01_XRF\XRF data\L000213.spe,602.5,89,744,824,6330,8380,4889,270,1682,1217,111357,415,378,614,19,95,0,1660,912,134,474,69,71,141,112,151,111,0,251,44,78,30,250,226,246,24959,7692
597,C:\Data\20260323_MD18-3537\20260323_MD18-3537_S01\MD18-3537_S01_XRF\XRF data\L000214.spe,605,122,792,792,6238,8911,5059,240,1733,1251,108813,381,340,542,122,143,146,1145,940,203,598,58,87,104,102,170,102,357,34,51,159,67,170,136,80,25213,7786
599.5,C:\Data\20260323_MD18-3537\20260323_MD18-3537_S01\MD18-3537_S01_XRF\XRF data\L000215.spe,607.5,86,766,779,6838,6360,5090,233,1690,1201,115084,307,455,567,48,130,315,1882,845,130,592,73,35,203,45,120,95,262,40,48,89,17,265,213,0,25632,7975
602,C:\Data\20260323_MD18-3537\20260323_MD18-3537_S01\MD18-3537_S01_XRF\XRF data\L000216.spe,610,97,733,848,6937,6634,4799,226,1753,1239,116722,375,338,569,0,229,125,1543,844,41,560,51,23,227,106,97,18,194,141,47,232,52,241,134,226,24483,8497
604.5,C:\Data\20260323_MD18-3537\20260323_MD18-3537_S01\MD18-3537_S01_XRF\XRF data\L000217.spe,612.5,73,719,797,6896,6227,4790,223,1725,1089,116202,328,316,593,219,56,137,1402,947,193,447,45,76,138,84,162,214,360,0,60,97,0,147,310,116,25462,5486
607,C:\Data\20260323_MD18-3537\20260323_MD18-3537_S01\MD18-3537_S01_XRF\XRF data\L000218.spe,615,98,723,880,6662,7924,4893,213,1803,1187,115963,384,393,543,81,159,162,1750,1057,205,575,103,66,139,104,158,211,156,98,93,188,34,157,183,124,25835,9456
609.5,C:\Data\20260323_MD18-3537\20260323_MD18-3537_S01\MD18-3537_S01_XRF\XRF data\L000219.spe,617.5,145,692,942,6231,7260,4680,272,1627,1114,113514,309,363,490,129,111,151,1809,1001,179,459,50,69,174,76,139,82,458,0,100,245,26,183,93,65,25300,7959
612,C:\Data\20260323_MD18-3537\20260323_MD18-3537_S01\MD18-3537_S01_XRF\XRF data\L000220.spe,620,123,651,963,6357,4045,4634,175,1741,960,111777,401,358,550,67,0,313,1440,790,154,545,77,22,97,119,157,153,219,152,34,0,98,304,205,0,26182,7789
614.5,C:\Data\20260323_MD18-3537\20260323_MD18-3537_S01\MD18-3537_S01_XRF\XRF data\L000221.spe,622.5,120,683,923,6266,4034,4740,274,1681,936,111687,303,401,473,211,129,66,895,841,252,538,135,20,85,122,141,197,400,88,77,102,66,115,192,262,25849,7278
617,C:\Data\20260323_MD18-3537\20260323_MD18-3537_S01\MD18-3537_S01_XRF\XRF data\L000222.spe,625,84,670,880,6744,4929,4689,129,1718,1014,114817,322,269,460,69,0,255,1380,836,194,525,37,14,48,147,184,165,434,0,89,217,0,262,204,120,24843,6667
619.5,C:\Data\20260323_MD18-3537\20260323_MD18-3537_S01\MD18-3537_S01_XRF\XRF data\L000223.spe,627.5,85,685,896,6511,6141,4755,197,1705,1105,115385,372,260,525,177,269,0,846,964,316,428,24,53,166,100,140,142,475,0,85,269,139,161,134,269,25589,7784
622,C:\Data\20260323_MD18-3537\20260323_MD18-3537_S01\MD18-3537_S01_XRF\XRF data\L000224.spe,630,73,661,827,6178,8369,4846,252,1600,1233,112225,384,287,522,108,204,148,1014,964,186,486,91,39,99,110,190,197,368,62,17,291,0,191,77,124,25491,6494
624.5,C:\Data\20260323_MD18-3537\20260323_MD18-3537_S01\MD18-3537_S01_XRF\XRF data\L000225.spe,632.5,68,698,875,6301,8964,4742,224,1669,1125,109074,494,361,602,53,238,28,877,868,251,500,81,40,73,109,197,261,47,312,16,0,132,121,140,206,24842,8271
627,C:\Data\20260323_MD18-3537\20260323_MD18-3537_S01\MD18-3537_S01_XRF\XRF data\L000226.spe,635,92,756,846,6257,8819,4752,261,1614,1244,110055,425,424,500,114,270,94,1619,996,150,560,33,71,129,136,136,100,19,252,47,59,0,218,288,235,25295,7456
629.5,C:\Data\20260323_MD18-3537\20260323_MD18-3537_S01\MD18-3537_S01_XRF\XRF data\L000227.spe,637.5,134,728,858,6315,9391,4755,290,1746,1241,109263,383,274,530,216,256,31,1924,971,0,490,25,75,123,63,152,238,299,70,0,176,111,137,120,176,25213,7036
632,C:\Data\20260323_MD18-3537\20260323_MD18-3537_S01\MD18-3537_S01_XRF\XRF data\L000228.spe,640,105,764,822,6198,9755,4860,233,1740,1311,109358,458,421,520,65,354,59,1378,1071,167,680,49,99,122,96,145,116,339,189,12,0,55,216,111,222,25172,9129
634.5,C:\Data\20260323_MD18-3537\20260323_MD18-3537_S01\MD18-3537_S01_XRF\XRF data\L000229.spe,642.5,89,754,795,5948,9935,4696,257,1724,1449,108098,400,294,528,111,10,108,2014,1098,158,672,106,98,113,103,109,96,10,7,91,239,0,169,150,40,24288,8637
637,C:\Data\20260323_MD18-3537\20260323_MD18-3537_S01\MD18-3537_S01_XRF\XRF data\L000230.spe,645,110,730,853,6090,10160,4973,200,1706,1685,103537,445,332,615,170,173,140,1933,1134,112,616,57,87,114,114,181,144,195,138,0,145,100,197,104,126,24659,7207
639.5,C:\Data\20260323_MD18-3537\20260323_MD18-3537_S01\MD18-3537_S01_XRF\XRF data\L000231.spe,647.5,83,733,894,5722,10636,4835,256,1716,1618,101990,401,254,506,90,282,0,1048,1164,244,651,109,116,143,103,119,152,459,155,59,128,79,166,79,258,24877,7623
642,C:\Data\20260323_MD18-3537\20260323_MD18-3537_S01\MD18-3537_S01_XRF\XRF data\L000232.spe,650,107,736,941,6091,11544,5158,248,1639,1582,103015,431,393,588,222,234,36,925,1131,203,810,65,116,70,79,153,111,186,291,46,0,84,201,264,228,24876,7181
644.5,C:\Data\20260323_MD18-3537\20260323_MD18-3537_S01\MD18-3537_S01_XRF\XRF data\L000233.spe,652.5,90,796,869,5916,11483,5087,200,1749,1565,99363,408,367,532,63,208,40,1021,1134,295,756,96,100,162,53,157,142,289,247,7,0,105,175,45,202,25581,10165
647,C:\Data\20260323_MD18-3537\20260323_MD18-3537_S01\MD18-3537_S01_XRF\XRF data\L000234.spe,655,111,802,931,5929,11735,5005,227,1747,1449,99417,458,370,543,147,140,78,695,1175,159,663,80,81,159,97,112,44,0,211,63,7,90,204,39,98,25432,8116
649.5,C:\Data\20260323_MD18-3537\20260323_MD18-3537_S01\MD18-3537_S01_XRF\XRF data\L000235.spe,657.5,48,800,898,5566,11699,4966,210,1788,1442,94467,470,300,578,55,216,83,1421,1158,154,799,56,102,126,92,164,88,360,42,49,126,67,279,37,111,24972,6916
652,C:\Data\20260323_MD18-3537\20260323_MD18-3537_S01\MD18-3537_S01_XRF\XRF data\L000236.spe,660,86,668,980,5170,10788,4390,209,1660,1268,87305,340,327,430,217,128,102,872,1248,115,852,48,111,55,103,161,81,220,21,0,126,14,96,73,22,25555,7204
654.5,C:\Data\20260323_MD18-3537\20260323_MD18-3537_S01\MD18-3537_S01_XRF\XRF data\L000237.spe,662.5,119,600,951,5624,7502,4405,252,1606,1772,92412,380,388,460,182,63,231,1539,1275,178,701,0,60,122,75,149,167,505,0,16,64,12,142,204,57,25804,6899
657,C:\Data\20260323_MD18-3537\20260323_MD18-3537_S01\MD18-3537_S01_XRF\XRF data\L000238.spe,665,83,656,904,6231,4514,4613,214,1574,1070,103360,371,359,592,122,127,143,1667,862,183,452,64,15,136,80,146,222,386,21,19,150,0,175,162,178,26034,7618
659.5,C:\Data\20260323_MD18-3537\20260323_MD18-3537_S01\MD18-3537_S01_XRF\XRF data\L000239.spe,667.5,104,661,761,6202,6218,4733,217,1705,1257,107751,370,306,584,96,337,8,851,793,241,523,68,58,162,104,132,81,248,105,59,209,63,183,141,297,25012,9034
662,C:\Data\20260323_MD18-3537\20260323_MD18-3537_S01\MD18-3537_S01_XRF\XRF data\L000240.spe,670,66,660,728,6255,9003,4688,245,1705,1275,109711,379,313,496,207,219,80,695,810,274,518,78,83,155,136,113,66,255,73,71,40,81,173,152,82,23875,7909
664.5,C:\Data\20260323_MD18-3537\20260323_MD18-3537_S01\MD18-3537_S01_XRF\XRF data\L000241.spe,672.5,135,720,815,6431,5929,4694,246,1746,946,110485,424,252,610,146,99,126,1522,907,164,474,67,70,166,108,106,142,210,22,26,294,115,159,113,57,25204,8742
667,C:\Data\20260323_MD18-3537\20260323_MD18-3537_S01\MD18-3537_S01_XRF\XRF data\L000242.spe,675,107,689,816,6641,5251,4567,276,1630,972,110434,324,263,474,148,128,162,1425,979,186,582,76,18,238,82,110,42,216,0,75,287,31,234,138,198,25237,8730
669.5,C:\Data\20260323_MD18-3537\20260323_MD18-3537_S01\MD18-3537_S01_XRF\XRF data\L000243.spe,677.5,112,687,817,6809,5469,4675,264,1542,1105,111811,339,313,480,190,178,159,1170,889,195,608,33,38,200,104,112,0,305,71,99,166,71,158,133,107,25274,6113
672,C:\Data\20260323_MD18-3537\20260323_MD18-3537_S01\MD18-3537_S01_XRF\XRF data\L000244.spe,680,98,792,853,6517,6556,4870,300,1730,1167,113089,417,286,628,132,45,137,1556,962,175,502,67,49,129,119,116,55,184,219,53,191,184,151,115,0,25583,9597
674.5,C:\Data\20260323_MD18-3537\20260323_MD18-3537_S01\MD18-3537_S01_XRF\XRF data\L000245.spe,682.5,91,772,815,6854,6437,4874,285,1680,1037,113859,370,384,540,113,68,170,1585,948,56,539,20,59,185,92,111,197,244,83,124,200,60,252,165,124,24518,8306
677,C:\Data\20260323_MD18-3537\20260323_MD18-3537_S01\MD18-3537_S01_XRF\XRF data\L000246.spe,685,108,744,831,6735,5676,4847,320,1625,1069,114998,427,492,544,296,182,44,852,839,315,436,0,0,54,102,191,106,0,421,14,0,132,139,225,172,24774,5989
679.5,C:\Data\20260323_MD18-3537\20260323_MD18-3537_S01\MD18-3537_S01_XRF\XRF data\L000247.spe,687.5,117,755,745,6390,5655,4814,216,1577,1073,115157,394,332,468,159,244,0,1152,887,214,458,70,24,106,106,185,59,115,126,32,33,23,69,88,260,25254,7538
682,C:\Data\20260323_MD18-3537\20260323_MD18-3537_S01\MD18-3537_S01_XRF\XRF data\L000248.spe,690,80,766,756,6325,5651,4796,258,1628,1069,115907,334,389,604,109,0,271,1364,887,261,418,19,68,92,108,152,239,22,253,75,128,0,269,34,0,24179,6362
684.5,C:\Data\20260323_MD18-3537\20260323_MD18-3537_S01\MD18-3537_S01_XRF\XRF data\L000249.spe,692.5,97,692,744,6452,5586,4552,251,1658,1162,114046,409,341,505,186,55,139,823,840,236,486,13,58,158,91,96,112,85,256,0,111,69,174,141,0,24930,5554
687,C:\Data\20260323_MD18-3537\20260323_MD18-3537_S01\MD18-3537_S01_XRF\XRF data\L000250.spe,695,105,812,732,6386,6575,4719,195,1566,1201,109920,355,403,516,164,179,97,1589,917,100,604,23,36,87,109,149,0,0,293,59,0,49,115,106,0,25111,9583
689.5,C:\Data\20260323_MD18-3537\20260323_MD18-3537_S01\MD18-3537_S01_XRF\XRF data\L000251.spe,697.5,134,763,786,6430,7760,4783,236,1533,1264,108822,358,248,501,279,352,0,1070,931,209,497,44,38,92,135,198,152,312,12,41,72,29,68,103,298,24692,7935
692,C:\Data\20260323_MD18-3537\20260323_MD18-3537_S01\MD18-3537_S01_XRF\XRF data\L000252.spe,700,117,853,868,6311,8533,5037,293,1908,1178,112572,422,322,605,94,182,17,687,1015,243,464,111,80,172,86,124,129,157,272,38,8,114,215,19,258,26074,7488
694.5,C:\Data\20260323_MD18-3537\20260323_MD18-3537_S01\MD18-3537_S01_XRF\XRF data\L000253.spe,702.5,97,813,801,6359,8839,5144,180,1652,1234,108338,470,409,653,129,171,27,1208,1145,156,478,21,62,56,110,222,205,29,291,20,14,130,165,191,110,26963,7792
697,C:\Data\20260323_MD18-3537\20260323_MD18-3537_S01\MD18-3537_S01_XRF\XRF data\L000254.spe,705,104,849,856,6382,9986,5009,246,1726,1308,103338,339,308,591,257,173,79,840,1190,352,738,110,43,142,120,178,138,613,220,82,0,65,131,223,110,25912,8821
699.5,C:\Data\20260323_MD18-3537\20260323_MD18-3537_S01\MD18-3537_S01_XRF\XRF data\L000255.spe,707.5,79,870,857,5863,10455,5073,234,1768,1161,99208,427,367,525,179,283,16,736,1214,281,681,72,64,21,108,194,196,0,200,37,76,60,79,156,78,26690,6768
702,C:\Data\20260323_MD18-3537\20260323_MD18-3537_S01\MD18-3537_S01_XRF\XRF data\L000256.spe,710,116,854,831,5848,9859,4683,208,1723,1343,96645,385,397,517,138,166,175,1156,1233,297,641,80,63,120,125,132,33,175,0,0,0,0,257,166,134,25677,8496
704.5,C:\Data\20260323_MD18-3537\20260323_MD18-3537_S01\MD18-3537_S01_XRF\XRF data\L000257.spe,712.5,88,912,930,5752,10463,4860,204,1761,1178,95080,314,416,502,177,324,107,1021,1333,120,873,67,68,111,91,175,219,268,146,22,0,50,214,179,221,25128,7388
707,C:\Data\20260323_MD18-3537\20260323_MD18-3537_S01\MD18-3537_S01_XRF\XRF data\L000258.spe,715,97,716,961,5596,9253,4155,179,1656,1193,89874,364,376,466,168,87,218,390,1310,187,526,37,53,52,135,189,83,427,17,39,0,9,107,84,0,24394,9095
709.5,C:\Data\20260323_MD18-3537\20260323_MD18-3537_S01\MD18-3537_S01_XRF\XRF data\L000259.spe,717.5,87,728,824,5628,9690,4289,275,1658,1356,96395,464,333,513,223,232,160,952,1076,191,547,89,97,129,91,143,135,404,135,51,63,59,160,209,0,24973,7962
712,C:\Data\20260323_MD18-3537\20260323_MD18-3537_S01\MD18-3537_S01_XRF\XRF data\L000260.spe,720,78,665,889,5327,11109,4164,279,1653,1336,95069,390,255,408,169,238,69,1440,1088,233,536,44,97,215,115,63,151,467,36,28,108,80,154,177,215,24754,9534
714.5,C:\Data\20260323_MD18-3537\20260323_MD18-3537_S01\MD18-3537_S01_XRF\XRF data\L000261.spe,722.5,93,700,885,5758,9525,4598,207,1725,1141,96784,358,244,483,137,154,0,1182,989,45,653,73,54,67,111,156,210,443,0,51,285,0,223,103,308,24335,7083
717,C:\Data\20260323_MD18-3537\20260323_MD18-3537_S01\MD18-3537_S01_XRF\XRF data\L000262.spe,725,118,682,860,5675,10289,4626,188,1621,1223,96602,466,386,498,166,115,79,746,1077,140,440,40,36,125,117,142,99,177,213,0,0,91,113,130,71,25054,7636
719.5,C:\Data\20260323_MD18-3537\20260323_MD18-3537_S01\MD18-3537_S01_XRF\XRF data\L000263.spe,727.5,76,675,926,5708,10512,4337,216,1647,1393,96257,528,346,509,256,138,112,1032,1053,113,612,45,78,93,91,184,175,298,214,0,94,101,111,202,275,24771,8469
722,C:\Data\20260323_MD18-3537\20260323_MD18-3537_S01\MD18-3537_S01_XRF\XRF data\L000264.spe,730,88,772,852,5685,11025,4855,219,1588,1396,97111,432,287,491,115,314,105,1486,1198,100,606,22,93,70,108,128,174,21,207,58,39,97,184,125,141,24350,6623
724.5,C:\Data\20260323_MD18-3537\20260323_MD18-3537_S01\MD18-3537_S01_XRF\XRF data\L000265.spe,732.5,103,726,923,5588,11944,4720,181,1701,1506,97130,481,337,483,183,236,0,878,1084,251,695,47,92,103,129,132,58,0,282,0,100,158,145,163,218,23909,9275
727,C:\Data\20260323_MD18-3537\20260323_MD18-3537_S01\MD18-3537_S01_XRF\XRF data\L000266.spe,735,68,752,877,5664,12129,4982,196,1592,1254,96200,355,337,513,101,51,116,1605,1133,144,720,59,120,155,117,137,175,202,38,10,98,31,219,206,88,24434,9147
729.5,C:\Data\20260323_MD18-3537\20260323_MD18-3537_S01\MD18-3537_S01_XRF\XRF data\L000267.spe,737.5,96,764,759,5818,11583,4693,213,1720,1413,96173,463,353,542,111,249,28,514,1130,307,594,112,91,166,116,132,162,343,40,24,59,15,234,130,254,24231,7756
732,C:\Data\20260323_MD18-3537\20260323_MD18-3537_S01\MD18-3537_S01_XRF\XRF data\L000268.spe,740,122,736,793,6341,7371,4629,224,1614,1260,104306,411,434,549,143,178,195,1331,870,169,526,53,56,161,108,129,121,237,210,88,39,49,205,160,72,25807,8534
734.5,C:\Data\20260323_MD18-3537\20260323_MD18-3537_S01\MD18-3537_S01_XRF\XRF data\L000269.spe,742.5,116,689,771,6237,7382,4741,251,1632,1252,104987,352,231,479,29,181,49,1159,875,220,646,56,34,124,92,151,31,499,0,75,212,37,206,46,170,24102,9796
737,C:\Data\20260323_MD18-3537\20260323_MD18-3537_S01\MD18-3537_S01_XRF\XRF data\L000270.spe,745,133,683,795,6479,6960,4748,234,1705,1127,108229,317,311,548,166,184,191,1534,916,92,558,70,34,151,98,109,136,382,12,13,186,60,137,239,180,25441,8322
739.5,C:\Data\20260323_MD18-3537\20260323_MD18-3537_S01\MD18-3537_S01_XRF\XRF data\L000271.spe,747.5,99,747,809,6650,4508,4926,255,1704,1001,114255,370,331,527,229,90,168,1004,841,296,532,48,31,172,115,105,200,388,0,72,157,45,173,282,138,25623,8651
742,C:\Data\20260323_MD18-3537\20260323_MD18-3537_S01\MD18-3537_S01_XRF\XRF data\L000272.spe,750,125,755,832,6793,4527,4776,316,1710,1007,115208,443,257,558,226,90,339,1145,843,160,511,117,29,132,111,136,243,383,66,82,112,100,218,310,0,25343,7847
744.5,C:\Data\20260323_MD18-3537\20260323_MD18-3537_S01\MD18-3537_S01_XRF\XRF data\L000273.spe,752.5,107,776,783,6756,5134,4927,207,1593,1015,113919,410,320,485,133,119,203,1229,915,194,474,48,22,69,102,220,145,459,128,50,85,95,113,207,148,25840,7167
747,C:\Data\20260323_MD18-3537\20260323_MD18-3537_S01\MD18-3537_S01_XRF\XRF data\L000274.spe,755,94,758,826,6197,8078,4836,204,1721,1034,108624,304,227,521,152,146,137,1015,1010,238,428,102,50,141,89,198,165,613,0,66,179,0,129,0,0,25047,9465
749.5,C:\Data\20260323_MD18-3537\20260323_MD18-3537_S01\MD18-3537_S01_XRF\XRF data\L000275.spe,757.5,128,712,791,6011,9664,4794,155,1632,1317,109996,355,232,495,36,287,23,517,1033,381,549,118,54,210,116,85,63,415,0,51,317,47,249,120,334,24923,7832
752,C:\Data\20260323_MD18-3537\20260323_MD18-3537_S01\MD18-3537_S01_XRF\XRF data\L000276.spe,760,97,672,771,6296,9042,4880,245,1706,1292,118350,350,310,514,10,25,155,1059,960,143,562,69,68,187,147,71,96,350,0,66,256,12,218,210,0,23357,9125
754.5,C:\Data\20260323_MD18-3537\20260323_MD18-3537_S01\MD18-3537_S01_XRF\XRF data\L000277.spe,762.5,66,649,760,6080,9590,4907,269,1626,1130,116449,316,322,569,231,89,143,1668,923,142,595,71,103,118,106,159,195,226,164,93,142,84,121,44,0,23260,9065
757,C:\Data\20260323_MD18-3537\20260323_MD18-3537_S01\MD18-3537_S01_XRF\XRF data\L000278.spe,765,81,732,829,5955,9289,4657,208,1653,1173,114221,352,306,538,135,101,0,885,946,238,612,87,35,115,78,158,164,270,128,104,99,14,242,203,266,24007,6662
759.5,C:\Data\20260323_MD18-3537\20260323_MD18-3537_S01\MD18-3537_S01_XRF\XRF data\L000279.spe,767.5,103,773,907,5980,10289,4780,270,1702,1153,111786,393,314,494,15,174,107,1321,976,102,558,55,97,119,117,165,131,103,136,29,112,22,261,0,59,24684,6154
762,C:\Data\20260323_MD18-3537\20260323_MD18-3537_S01\MD18-3537_S01_XRF\XRF data\L000280.spe,770,77,841,944,5845,11115,4743,247,1726,1126,105509,456,312,534,213,264,15,379,1084,190,758,64,92,143,109,164,144,152,264,7,56,115,92,105,265,24032,7123
764.5,C:\Data\20260323_MD18-3537\20260323_MD18-3537_S01\MD18-3537_S01_XRF\XRF data\L000281.spe,772.5,149,802,986,5820,12267,4776,199,1783,1235,101663,429,492,569,138,216,70,1216,1042,200,526,32,97,6,124,236,214,246,366,126,0,201,69,114,115,26205,9779
767,C:\Data\20260323_MD18-3537\20260323_MD18-3537_S01\MD18-3537_S01_XRF\XRF data\L000282.spe,775,99,777,898,5763,12630,4722,184,1641,1239,97748,360,381,534,145,129,127,1362,1149,148,758,30,98,149,135,137,112,177,159,87,0,31,259,193,238,24518,7381
769.5,C:\Data\20260323_MD18-3537\20260323_MD18-3537_S01\MD18-3537_S01_XRF\XRF data\L000283.spe,777.5,114,728,954,5453,12154,4738,149,1667,1048,91014,420,454,522,61,136,84,39,1226,326,954,44,106,151,105,149,170,290,19,12,55,0,199,111,17,24576,8715
772,C:\Data\20260323_MD18-3537\20260323_MD18-3537_S01\MD18-3537_S01_XRF\XRF data\L000284.spe,780,80,694,1014,5305,11670,4376,265,1610,1047,89211,393,370,418,190,233,45,1137,1234,110,720,64,110,155,100,103,131,290,85,0,36,0,222,145,201,24238,7377
774.5,C:\Data\20260323_MD18-3537\20260323_MD18-3537_S01\MD18-3537_S01_XRF\XRF data\L000285.spe,782.5,68,635,1075,5058,9723,4279,235,1682,968,84631,379,414,472,205,258,0,899,1118,69,696,51,97,106,92,135,155,454,81,0,0,56,153,170,175,24592,9444
777,C:\Data\20260323_MD18-3537\20260323_MD18-3537_S01\MD18-3537_S01_XRF\XRF data\L000286.spe,785,73,600,1080,4784,8791,4145,267,1686,950,84766,376,363,450,202,228,0,1232,1194,149,798,56,111,129,85,166,180,204,0,5,63,43,172,36,303,25717,8197
779.5,C:\Data\20260323_MD18-3537\20260323_MD18-3537_S01\MD18-3537_S01_XRF\XRF data\L000287.spe,787.5,84,663,852,6101,5370,4566,223,1637,1367,102374,452,295,466,189,130,109,1204,769,246,579,32,26,79,116,156,25,54,168,69,175,83,110,93,61,25189,6986
782,C:\Data\20260323_MD18-3537\20260323_MD18-3537_S01\MD18-3537_S01_XRF\XRF data\L000288.spe,790,95,729,890,6193,6474,4480,238,1648,1299,108316,388,376,593,108,75,96,1299,925,106,536,89,0,162,140,150,101,0,284,76,32,113,242,162,158,23935,6174
784.5,C:\Data\20260323_MD18-3537\20260323_MD18-3537_S01\MD18-3537_S01_XRF\XRF data\L000289.spe,792.5,83,756,839,6075,8738,4730,233,1635,1218,105628,397,233,508,127,271,111,1115,997,150,516,185,71,159,132,140,67,640,0,58,115,57,214,214,220,25106,7985
787,C:\Data\20260323_MD18-3537\20260323_MD18-3537_S01\MD18-3537_S01_XRF\XRF data\L000290.spe,795,71,647,834,5910,9399,4730,221,1604,1225,105846,387,372,520,279,28,40,1129,955,154,563,125,50,180,110,120,63,361,57,45,179,26,110,95,172,23836,7929
789.5,C:\Data\20260323_MD18-3537\20260323_MD18-3537_S01\MD18-3537_S01_XRF\XRF data\L000291.spe,797.5,83,715,847,5886,9351,4762,218,1641,1199,105034,389,353,537,188,165,0,764,1030,250,563,105,78,67,117,166,54,129,178,34,60,56,106,132,211,24467,7536
792,C:\Data\20260323_MD18-3537\20260323_MD18-3537_S01\MD18-3537_S01_XRF\XRF data\L000292.spe,800,124,787,824,5907,10361,4815,237,1711,1153,106708,374,380,518,27,137,81,1211,1018,122,614,97,65,128,103,155,169,370,149,59,12,69,207,132,150,24075,8196
794.5,C:\Data\20260323_MD18-3537\20260323_MD18-3537_S01\MD18-3537_S01_XRF\XRF data\L000293.spe,802.5,108,771,796,6243,10497,5101,195,1647,1267,109127,418,365,503,82,34,92,1282,1001,180,410,51,99,94,110,153,58,0,258,55,136,70,176,88,82,24772,7291
797,C:\Data\20260323_MD18-3537\20260323_MD18-3537_S01\MD18-3537_S01_XRF\XRF data\L000294.spe,805,95,660,952,5878,9856,4716,304,1724,1010,106346,388,376,522,277,235,5,1107,1031,193,588,54,111,170,79,113,255,384,202,70,66,20,117,112,192,24644,8352
799.5,C:\Data\20260323_MD18-3537\20260323_MD18-3537_S01\MD18-3537_S01_XRF\XRF data\L000295.spe,807.5,104,633,1007,5918,7798,4416,183,1752,1034,104166,357,262,496,203,251,96,1479,946,107,756,17,27,154,114,192,121,392,99,86,181,110,161,58,84,24503,10083
802,C:\Data\20260323_MD18-3537\20260323_MD18-3537_S01\MD18-3537_S01_XRF\XRF data\L000296.spe,810,101,651,960,5840,7359,4448,215,1698,1109,106400,389,299,501,285,113,102,1665,932,157,598,29,27,90,100,100,105,8,151,8,155,73,103,102,121,24800,9188
804.5,C:\Data\20260323_MD18-3537\20260323_MD18-3537_S01\MD18-3537_S01_XRF\XRF data\L000297.spe,812.5,87,684,821,6178,9708,4872,276,1635,1120,108158,296,243,525,137,173,92,826,1110,248,533,80,100,8,119,199,261,374,0,59,239,0,186,130,159,24529,6602
807,C:\Data\20260323_MD18-3537\20260323_MD18-3537_S01\MD18-3537_S01_XRF\XRF data\L000298.spe,815,92,799,774,6218,10981,4757,175,1597,1126,105275,335,388,475,179,0,141,1135,1094,288,561,89,90,142,132,152,196,265,159,76,95,28,137,246,111,24969,7884
809.5,C:\Data\20260323_MD18-3537\20260323_MD18-3537_S01\MD18-3537_S01_XRF\XRF data\L000299.spe,817.5,110,799,767,7052,9018,4629,239,1619,1337,110530,423,389,547,229,400,0,1181,949,166,437,84,107,190,129,170,174,152,280,55,102,127,133,196,254,24687,7161
812,C:\Data\20260323_MD18-3537\20260323_MD18-3537_S01\MD18-3537_S01_XRF\XRF data\L000300.spe,820,81,755,777,6766,10060,4827,200,1680,1329,109295,413,341,560,171,97,199,944,970,256,410,24,115,135,118,152,93,289,327,128,25,176,155,262,47,25529,8699
814.5,C:\Data\20260323_MD18-3537\20260323_MD18-3537_S01\MD18-3537_S01_XRF\XRF data\L000301.spe,822.5,111,764,702,6778,10868,4702,273,1647,1198,106875,422,404,548,134,188,180,1423,1032,178,528,75,57,172,75,121,262,234,165,32,60,96,254,168,82,24534,6550
817,C:\Data\20260323_MD18-3537\20260323_MD18-3537_S01\MD18-3537_S01_XRF\XRF data\L000302.spe,825,82,805,729,6824,12237,4653,261,1600,1517,104724,292,362,492,119,149,103,792,1028,246,533,0,145,220,101,83,188,452,0,110,192,11,120,0,149,24120,6808
819.5,C:\Data\20260323_MD18-3537\20260323_MD18-3537_S01\MD18-3537_S01_XRF\XRF data\L000303.spe,827.5,86,833,787,6477,14781,4928,219,1603,1382,101797,428,352,571,185,151,64,1631,1242,127,501,54,156,166,99,128,216,398,154,12,56,80,152,167,127,25797,7651
822,C:\Data\20260323_MD18-3537\20260323_MD18-3537_S01\MD18-3537_S01_XRF\XRF data\L000304.spe,830,92,824,734,5910,16187,4775,190,1589,1297,96218,371,321,505,144,173,102,1205,1237,251,542,109,116,205,115,91,148,325,22,20,35,98,239,128,192,23454,7998
824.5,C:\Data\20260323_MD18-3537\20260323_MD18-3537_S01\MD18-3537_S01_XRF\XRF data\L000305.spe,832.5,87,775,734,5579,16075,4690,171,1494,1248,92873,360,428,454,93,238,0,1113,1187,221,447,74,169,155,85,139,115,369,162,31,48,54,138,202,329,24826,7156
827,C:\Data\20260323_MD18-3537\20260323_MD18-3537_S01\MD18-3537_S01_XRF\XRF data\L000306.spe,835,72,750,921,5430,15752,4716,214,1546,1304,90433,432,291,506,284,164,50,1213,1142,122,521,73,116,92,128,135,109,0,126,0,205,117,121,93,187,23719,6969
829.5,C:\Data\20260323_MD18-3537\20260323_MD18-3537_S01\MD18-3537_S01_XRF\XRF data\L000307.spe,837.5,82,739,956,5278,15969,4467,172,1634,1161,86031,338,296,440,205,309,46,903,1118,111,691,39,140,38,128,183,175,323,51,0,10,0,234,159,325,23080,7099
832,C:\Data\20260323_MD18-3537\20260323_MD18-3537_S01\MD18-3537_S01_XRF\XRF data\L000308.spe,840,83,701,763,5701,10972,4656,229,1643,2470,92715,478,319,528,118,229,150,1422,1180,92,563,93,123,165,125,131,315,526,19,40,178,33,210,105,66,24421,6991
834.5,C:\Data\20260323_MD18-3537\20260323_MD18-3537_S01\MD18-3537_S01_XRF\XRF data\L000309.spe,842.5,80,698,748,6590,6153,4656,252,1642,1473,104886,400,408,590,268,104,269,1333,969,141,512,0,0,195,76,100,102,405,137,26,136,86,125,253,0,24553,8830
837,C:\Data\20260323_MD18-3537\20260323_MD18-3537_S01\MD18-3537_S01_XRF\XRF data\L000310.spe,845,81,756,758,6648,6042,4890,280,1504,1117,108778,456,422,534,122,0,273,1359,861,154,528,69,6,124,172,136,88,63,221,19,66,49,236,73,0,25693,6835
839.5,C:\Data\20260323_MD18-3537\20260323_MD18-3537_S01\MD18-3537_S01_XRF\XRF data\L000311.spe,847.5,118,729,747,6346,7290,4771,249,1699,961,107697,419,353,520,396,155,203,1591,897,181,430,67,47,172,117,104,214,202,66,75,194,8,77,203,29,25977,8571
842,C:\Data\20260323_MD18-3537\20260323_MD18-3537_S01\MD18-3537_S01_XRF\XRF data\L000312.spe,850,132,827,847,6443,8406,4849,272,1730,1121,114662,364,309,551,0,0,242,855,1005,270,517,78,83,161,93,119,133,300,99,56,137,61,265,177,0,25134,7577
844.5,C:\Data\20260323_MD18-3537\20260323_MD18-3537_S01\MD18-3537_S01_XRF\XRF data\L000313.spe,852.5,107,750,915,5987,8777,4881,138,1753,1159,109796,294,388,483,189,137,99,1022,1065,74,575,32,82,161,131,150,111,338,16,80,140,0,115,158,198,24804,6536
847,C:\Data\20260323_MD18-3537\20260323_MD18-3537_S01\MD18-3537_S01_XRF\XRF data\L000314.spe,855,65,779,940,5604,9713,4606,244,1690,1072,103366,501,395,523,245,188,104,1066,968,235,615,87,88,129,112,121,203,158,253,16,25,142,140,79,129,26306,7772
849.5,C:\Data\20260323_MD18-3537\20260323_MD18-3537_S01\MD18-3537_S01_XRF\XRF data\L000315.spe,857.5,71,839,874,5137,10797,4408,249,1584,992,94007,432,301,406,247,325,0,341,1129,279,675,38,71,122,74,118,153,237,107,0,40,98,156,110,331,24601,9465
852,C:\Data\20260323_MD18-3537\20260323_MD18-3537_S01\MD18-3537_S01_XRF\XRF data\L000316.spe,860,77,777,873,4997,11526,4384,214,1593,949,95893,410,290,547,157,121,5,408,1158,288,643,68,68,95,86,180,100,108,247,6,0,78,213,160,143,25408,10404
854.5,C:\Data\20260323_MD18-3537\20260323_MD18-3537_S01\MD18-3537_S01_XRF\XRF data\L000317.spe,862.5,77,725,907,5260,11301,4540,267,1729,1103,99654,405,353,409,103,91,52,886,1125,156,636,0,126,120,89,135,193,257,136,0,130,42,244,114,205,26151,6982
857,C:\Data\20260323_MD18-3537\20260323_MD18-3537_S01\MD18-3537_S01_XRF\XRF data\L000318.spe,865,114,688,891,5279,9854,4334,257,1605,976,91795,289,372,451,101,47,176,963,1175,230,682,34,121,71,121,134,160,193,7,11,229,19,134,231,4,25409,7587
859.5,C:\Data\20260323_MD18-3537\20260323_MD18-3537_S01\MD18-3537_S01_XRF\XRF data\L000319.spe,867.5,97,785,842,6423,7233,4603,237,1625,1212,107989,250,321,448,178,0,255,1311,966,161,693,32,68,168,85,145,186,431,0,28,229,0,167,161,92,24028,7080
862,C:\Data\20260323_MD18-3537\20260323_MD18-3537_S01\MD18-3537_S01_XRF\XRF data\L000320.spe,870,91,713,829,6317,8959,4613,255,1649,1125,108903,356,324,565,272,140,123,1440,1077,179,450,80,66,189,89,121,85,477,0,19,260,29,184,221,250,24509,7295
864.5,C:\Data\20260323_MD18-3537\20260323_MD18-3537_S01\MD18-3537_S01_XRF\XRF data\L000321.spe,872.5,154,756,804,6020,10696,5090,205,1608,1242,107583,327,400,540,57,106,59,1145,1090,148,595,83,131,42,95,227,140,149,147,80,152,66,322,259,129,23112,7795
867,C:\Data\20260323_MD18-3537\20260323_MD18-3537_S01\MD18-3537_S01_XRF\XRF data\L000322.spe,875,112,720,746,5658,11818,4704,228,1537,1216,101752,360,339,461,269,172,37,1387,1070,132,554,129,66,90,125,175,218,230,79,16,80,131,109,116,258,24159,5368
869.5,C:\Data\20260323_MD18-3537\20260323_MD18-3537_S01\MD18-3537_S01_XRF\XRF data\L000323.spe,877.5,93,702,691,6302,9774,4659,292,1574,1163,103602,332,385,491,104,120,151,827,922,208,591,89,83,84,109,167,148,314,227,88,103,27,213,191,0,23542,7330
872,C:\Data\20260323_MD18-3537\20260323_MD18-3537_S01\MD18-3537_S01_XRF\XRF data\L000324.spe,880,122,717,663,6638,10947,4793,189,1689,1199,109284,391,311,538,73,226,58,1200,1117,247,431,66,110,143,135,149,122,189,95,107,206,100,205,111,236,24629,7247
874.5,C:\Data\20260323_MD18-3537\20260323_MD18-3537_S01\MD18-3537_S01_XRF\XRF data\L000325.spe,882.5,95,838,781,7071,6116,4670,241,1712,1383,108208,311,387,543,186,88,236,1558,1067,106,460,67,32,196,104,157,126,536,0,88,149,0,152,75,0,25405,6560
877,C:\Data\20260323_MD18-3537\20260323_MD18-3537_S01\MD18-3537_S01_XRF\XRF data\L000326.spe,885,64,869,720,7289,8573,5072,287,1659,1299,115435,398,287,561,27,190,83,1807,877,116,652,60,94,221,92,98,98,197,55,79,159,102,224,106,213,24519,9399
879.5,C:\Data\20260323_MD18-3537\20260323_MD18-3537_S01\MD18-3537_S01_XRF\XRF data\L000327.spe,887.5,101,857,760,7171,7492,4973,346,1730,1075,116696,414,360,622,167,511,82,1797,886,154,531,125,85,205,133,81,134,36,354,13,0,159,151,159,140,25897,8608
882,C:\Data\20260323_MD18-3537\20260323_MD18-3537_S01\MD18-3537_S01_XRF\XRF data\L000328.spe,890,118,825,699,7030,8847,4973,316,1707,1152,113992,418,324,542,147,41,119,1654,968,82,495,39,63,103,96,132,170,113,210,0,163,104,184,126,85,25675,6399
884.5,C:\Data\20260323_MD18-3537\20260323_MD18-3537_S01\MD18-3537_S01_XRF\XRF data\L000329.spe,892.5,99,843,829,6621,9576,4961,254,1616,1261,110161,350,344,586,265,290,96,1785,1033,87,619,107,57,97,107,177,184,618,96,80,5,38,139,254,45,25331,7479
887,C:\Data\20260323_MD18-3537\20260323_MD18-3537_S01\MD18-3537_S01_XRF\XRF data\L000330.spe,895,114,788,814,7174,5862,5025,223,1697,1110,115961,325,380,514,65,199,123,1364,876,174,535,95,45,184,133,153,41,276,117,65,184,34,190,123,126,25965,8386
889.5,C:\Data\20260323_MD18-3537\20260323_MD18-3537_S01\MD18-3537_S01_XRF\XRF data\L000331.spe,897.5,116,832,837,7301,5505,4936,285,1792,1198,122549,369,338,536,135,95,90,1403,851,238,467,111,46,218,122,152,0,463,129,77,16,61,189,166,185,26026,8585
892,C:\Data\20260323_MD18-3537\20260323_MD18-3537_S01\MD18-3537_S01_XRF\XRF data\L000332.spe,900,85,765,882,6627,6921,4875,243,1793,960,116540,349,294,525,120,0,130,1103,979,267,464,58,49,118,122,199,215,452,0,130,275,104,166,118,125,26068,7150
894.5,C:\Data\20260323_MD18-3537\20260323_MD18-3537_S01\MD18-3537_S01_XRF\XRF data\L000333.spe,902.5,125,762,826,6461,6953,4734,251,1680,971,114556,377,256,538,271,44,209,2037,965,90,604,115,76,105,130,182,216,472,37,11,196,84,76,231,0,24781,9269
897,C:\Data\20260323_MD18-3537\20260323_MD18-3537_S01\MD18-3537_S01_XRF\XRF data\L000334.spe,905,113,761,879,6744,7148,4747,196,1647,1006,115963,485,364,551,269,287,51,1030,922,195,604,24,90,132,166,132,88,0,301,22,0,115,59,124,187,26399,9126
899.5,C:\Data\20260323_MD18-3537\20260323_MD18-3537_S01\MD18-3537_S01_XRF\XRF data\L000335.spe,907.5,82,681,851,6404,7099,4724,285,1628,1090,116368,341,232,474,74,102,148,1536,862,31,639,91,27,177,98,160,136,483,0,145,241,48,94,79,0,24745,7830
902,C:\Data\20260323_MD18-3537\20260323_MD18-3537_S01\MD18-3537_S01_XRF\XRF data\L000336.spe,910,77,716,826,6782,6655,4829,275,1703,1180,118611,284,282,523,235,152,231,1562,1015,168,481,71,62,220,123,111,78,610,5,119,151,0,111,32,0,25713,7409
904.5,C:\Data\20260323_MD18-3537\20260323_MD18-3537_S01\MD18-3537_S01_XRF\XRF data\L000337.spe,912.5,94,771,851,6894,7097,5194,239,1719,1014,118281,406,406,505,122,124,102,1475,968,184,382,88,34,119,92,186,214,104,181,35,100,84,181,101,102,26520,7577
907,C:\Data\20260323_MD18-3537\20260323_MD18-3537_S01\MD18-3537_S01_XRF\XRF data\L000338.spe,915,79,753,823,6488,7560,4774,240,1662,881,115227,328,268,516,111,124,72,1092,973,166,477,101,49,135,117,166,304,504,17,64,218,31,180,140,217,24370,8757
909.5,C:\Data\20260323_MD18-3537\20260323_MD18-3537_S01\MD18-3537_S01_XRF\XRF data\L000339.spe,917.5,101,721,881,6338,7555,4806,240,1727,980,111898,408,265,594,338,324,20,966,1007,211,515,44,52,143,130,152,213,199,199,71,52,141,56,220,261,24963,7695
912,C:\Data\20260323_MD18-3537\20260323_MD18-3537_S01\MD18-3537_S01_XRF\XRF data\L000340.spe,920,116,744,890,6178,7761,4821,212,1612,1072,113333,261,343,507,147,82,158,1045,999,139,611,99,61,118,111,132,184,441,0,123,123,0,230,215,0,23976,8964
914.5,C:\Data\20260323_MD18-3537\20260323_MD18-3537_S01\MD18-3537_S01_XRF\XRF data\L000341.spe,922.5,73,716,876,6360,8401,4822,235,1707,1186,113866,287,351,547,174,87,86,1394,978,208,609,107,89,152,88,149,223,597,107,117,156,92,141,304,145,25347,7744
917,C:\Data\20260323_MD18-3537\20260323_MD18-3537_S01\MD18-3537_S01_XRF\XRF data\L000342.spe,925,101,736,861,7106,6728,4816,233,1834,1053,117236,392,352,637,137,56,151,1276,919,256,463,70,37,177,105,159,201,162,145,88,203,84,210,95,108,26538,9284
919.5,C:\Data\20260323_MD18-3537\20260323_MD18-3537_S01\MD18-3537_S01_XRF\XRF data\L000343.spe,927.5,73,716,861,6799,8705,4942,242,1716,1146,112718,378,436,528,240,166,0,1222,937,116,478,45,94,131,116,175,200,280,147,123,175,48,141,80,331,25408,8449
922,C:\Data\20260323_MD18-3537\20260323_MD18-3537_S01\MD18-3537_S01_XRF\XRF data\L000344.spe,930,93,707,736,6331,9226,4807,239,1614,1230,105959,390,374,491,95,180,241,1852,1112,91,513,114,117,153,79,141,25,61,73,0,143,16,220,81,24,25820,8882
924.5,C:\Data\20260323_MD18-3537\20260323_MD18-3537_S01\MD18-3537_S01_XRF\XRF data\L000345.spe,932.5,90,724,815,6158,10796,4819,230,1691,1210,104102,471,381,548,100,89,100,1025,1103,201,449,42,91,135,131,129,127,161,352,33,39,122,208,98,140,25741,8086
927,C:\Data\20260323_MD18-3537\20260323_MD18-3537_S01\MD18-3537_S01_XRF\XRF data\L000346.spe,935,88,743,834,6024,12062,4843,330,1708,1218,101985,336,317,517,270,282,11,908,1132,108,651,46,96,145,122,163,142,284,196,70,0,25,115,53,296,24802,7521
929.5,C:\Data\20260323_MD18-3537\20260323_MD18-3537_S01\MD18-3537_S01_XRF\XRF data\L000347.spe,937.5,89,686,925,5838,12610,4552,181,1735,1117,99300,299,252,413,198,5,152,752,1095,328,537,72,149,182,93,122,182,260,73,80,152,50,157,15,0,24532,8282
932,C:\Data\20260323_MD18-3537\20260323_MD18-3537_S01\MD18-3537_S01_XRF\XRF data\L000348.spe,940,66,778,815,5679,13939,4624,200,1593,1247,99108,377,378,551,175,177,69,969,1030,139,594,51,92,96,135,176,137,71,318,19,0,58,154,21,0,23585,6553
934.5,C:\Data\20260323_MD18-3537\20260323_MD18-3537_S01\MD18-3537_S01_XRF\XRF data\L000349.spe,942.5,74,762,772,5891,12721,4963,266,1668,1239,101126,401,390,473,222,70,79,529,1065,299,614,109,98,83,123,161,126,42,271,39,16,130,155,63,52,24073,6790
937,C:\Data\20260323_MD18-3537\20260323_MD18-3537_S01\MD18-3537_S01_XRF\XRF data\L000350.spe,945,104,824,843,6186,12818,5079,251,1643,1284,104209,417,353,457,161,70,161,919,1014,226,559,55,140,131,90,124,94,176,163,13,0,53,113,216,40,25252,7995
939.5,C:\Data\20260323_MD18-3537\20260323_MD18-3537_S01\MD18-3537_S01_XRF\XRF data\L000351.spe,947.5,109,785,781,6338,11017,4919,316,1653,1204,108118,356,498,533,0,192,187,1950,1031,91,594,124,97,104,123,165,168,264,126,35,99,66,227,133,183,24778,10357
942,C:\Data\20260323_MD18-3537\20260323_MD18-3537_S01\MD18-3537_S01_XRF\XRF data\L000352.spe,950,127,793,844,6229,12153,4922,226,1563,1156,105581,477,350,586,258,275,57,1265,1005,137,538,70,131,104,152,180,181,0,258,0,143,124,128,211,209,24787,9017
944.5,C:\Data\20260323_MD18-3537\20260323_MD18-3537_S01\MD18-3537_S01_XRF\XRF data\L000353.spe,952.5,77,801,848,5767,13067,4722,218,1706,1244,102322,368,360,467,98,198,100,701,1130,275,630,98,80,160,119,132,122,322,77,14,82,59,219,128,197,23259,7662
947,C:\Data\20260323_MD18-3537\20260323_MD18-3537_S01\MD18-3537_S01_XRF\XRF data\L000354.spe,955,79,696,654,6281,10830,4868,233,1628,1137,102767,365,342,521,118,173,57,1050,990,194,624,62,68,46,142,188,228,247,299,54,0,95,189,28,239,23859,6256
949.5,C:\Data\20260323_MD18-3537\20260323_MD18-3537_S01\MD18-3537_S01_XRF\XRF data\L000355.spe,957.5,141,777,767,7173,5703,4765,260,1660,1155,112388,350,361,532,37,162,78,927,895,163,561,76,62,165,140,137,204,110,223,63,19,106,225,70,156,25032,6969
952,C:\Data\20260323_MD18-3537\20260323_MD18-3537_S01\MD18-3537_S01_XRF\XRF data\L000356.spe,960,120,706,737,6895,6179,4744,230,1690,997,112075,330,332,551,58,238,118,523,803,325,524,101,88,139,88,167,200,440,17,116,122,11,203,171,249,24562,4715
954.5,C:\Data\20260323_MD18-3537\20260323_MD18-3537_S01\MD18-3537_S01_XRF\XRF data\L000357.spe,962.5,130,758,698,6982,9507,4828,236,1687,1111,112868,343,231,556,45,205,6,926,819,181,508,58,94,143,123,163,210,307,0,80,297,76,222,83,272,23243,9173
957,C:\Data\20260323_MD18-3537\20260323_MD18-3537_S01\MD18-3537_S01_XRF\XRF data\L000358.spe,965,128,670,724,6251,11280,4715,239,1577,1138,107952,393,328,564,157,14,98,1435,990,103,352,73,118,174,97,160,224,504,83,28,134,118,175,92,40,24278,7835
959.5,C:\Data\20260323_MD18-3537\20260323_MD18-3537_S01\MD18-3537_S01_XRF\XRF data\L000359.spe,967.5,97,739,830,6249,11630,4795,289,1659,1281,108183,370,335,537,300,161,206,953,946,257,505,99,105,142,122,134,0,469,154,99,58,33,103,313,75,25536,7263
962,C:\Data\20260323_MD18-3537\20260323_MD18-3537_S01\MD18-3537_S01_XRF\XRF data\L000360.spe,970,63,642,887,5896,11688,4635,257,1568,1220,102278,356,269,521,122,212,43,1223,876,271,611,49,125,52,84,185,128,400,71,77,125,70,122,76,222,24455,8315
964.5,C:\Data\20260323_MD18-3537\20260323_MD18-3537_S01\MD18-3537_S01_XRF\XRF data\L000361.spe,972.5,100,695,829,5646,12763,4621,252,1634,1216,100175,437,398,518,88,130,177,1049,1055,205,521,62,88,106,95,168,98,152,259,16,10,60,309,110,65,24486,8521
967,C:\Data\20260323_MD18-3537\20260323_MD18-3537_S01\MD18-3537_S01_XRF\XRF data\L000362.spe,975,92,740,838,5733,14109,4838,222,1673,1117,98168,368,475,535,124,153,124,1171,1116,232,574,50,136,185,129,115,128,282,268,62,0,96,211,169,39,24105,6638
969.5,C:\Data\20260323_MD18-3537\20260323_MD18-3537_S01\MD18-3537_S01_XRF\XRF data\L000363.spe,977.5,80,697,848,5279,13105,4675,190,1649,1187,93840,370,301,448,161,285,0,1192,1080,228,676,103,129,126,125,136,130,357,159,73,0,70,240,77,281,24403,7152
972,C:\Data\20260323_MD18-3537\20260323_MD18-3537_S01\MD18-3537_S01_XRF\XRF data\L000364.spe,980,76,696,849,5143,13429,4267,230,1504,1211,92012,303,299,365,98,166,7,1359,1124,117,597,111,88,146,96,137,260,566,5,37,181,40,128,138,138,23553,9945
974.5,C:\Data\20260323_MD18-3537\20260323_MD18-3537_S01\MD18-3537_S01_XRF\XRF data\L000365.spe,982.5,112,646,829,5451,12968,4415,224,1643,2254,93295,397,371,448,148,155,207,297,1098,221,539,68,114,142,108,179,78,355,81,50,100,0,134,134,0,23727,8863
977,C:\Data\20260323_MD18-3537\20260323_MD18-3537_S01\MD18-3537_S01_XRF\XRF data\L000366.spe,985,92,677,864,5628,14848,4833,152,1668,1392,94217,401,381,466,197,56,144,1058,1128,199,626,86,133,120,150,183,231,451,0,21,189,20,177,267,12,24709,9125
979.5,C:\Data\20260323_MD18-3537\20260323_MD18-3537_S01\MD18-3537_S01_XRF\XRF data\L000367.spe,987.5,96,733,773,6488,10206,4754,199,1812,1453,100837,350,434,472,111,41,81,922,927,236,666,76,142,257,122,114,182,359,0,109,314,37,224,112,95,24020,8150
982,C:\Data\20260323_MD18-3537\20260323_MD18-3537_S01\MD18-3537_S01_XRF\XRF data\L000368.spe,990,105,745,780,6583,9493,4804,236,1605,1497,107641,445,489,592,144,232,119,1497,829,95,535,33,97,190,129,112,61,336,233,98,0,111,223,147,146,24234,7464
984.5,C:\Data\20260323_MD18-3537\20260323_MD18-3537_S01\MD18-3537_S01_XRF\XRF data\L000369.spe,992.5,96,680,809,6118,12286,4794,233,1628,1198,105719,378,229,522,242,0,101,1486,1041,196,532,108,95,160,116,158,182,158,116,61,88,97,97,123,81,24699,8458
987,C:\Data\20260323_MD18-3537\20260323_MD18-3537_S01\MD18-3537_S01_XRF\XRF data\L000370.spe,995,73,726,858,5747,13204,4871,206,1691,1198,101956,373,375,539,47,0,56,962,1049,169,583,53,167,129,89,160,125,0,257,106,59,92,292,96,118,22902,9442
989.5,C:\Data\20260323_MD18-3537\20260323_MD18-3537_S01\MD18-3537_S01_XRF\XRF data\L000371.spe,997.5,82,677,890,5788,14699,4830,189,1645,1172,100259,427,308,527,164,245,94,1009,1096,158,615,61,131,77,149,150,184,53,260,18,148,131,152,198,196,23799,7884
992,C:\Data\20260323_MD18-3537\20260323_MD18-3537_S01\MD18-3537_S01_XRF\XRF data\L000372.spe,1000,80,762,806,5738,14136,4624,139,1680,1153,99510,250,279,402,136,184,0,925,1099,143,512,82,131,218,83,124,186,435,0,53,45,0,200,113,280,23535,9446
994.5,C:\Data\20260323_MD18-3537\20260323_MD18-3537_S01\MD18-3537_S01_XRF\XRF data\L000373.spe,1002.5,126,686,817,6108,8682,4535,181,1722,1153,103759,365,164,469,223,72,93,1436,1005,157,504,50,116,84,94,195,140,488,0,66,347,151,88,118,234,24205,8359
997,C:\Data\20260323_MD18-3537\20260323_MD18-3537_S01\MD18-3537_S01_XRF\XRF data\L000374.spe,1005,112,678,788,5922,9574,4768,177,1701,949,104892,390,218,536,194,296,74,1714,964,120,533,54,104,29,124,158,217,386,28,74,245,81,187,166,211,24444,7453
999.5,C:\Data\20260323_MD18-3537\20260323_MD18-3537_S01\MD18-3537_S01_XRF\XRF data\L000375.spe,1007.5,81,699,847,5787,9739,4620,241,1592,1078,110651,324,288,438,0,306,220,873,967,264,512,70,115,208,122,91,127,595,0,87,449,54,271,227,192,25026,5844
1002,C:\Data\20260323_MD18-3537\20260323_MD18-3537_S01\MD18-3537_S01_XRF\XRF data\L000376.spe,1010,103,685,819,5731,10583,4891,181,1651,1081,108709,427,373,483,67,308,91,702,943,219,583,21,112,71,104,214,261,405,91,48,174,66,315,75,158,24184,10110
1004.5,C:\Data\20260323_MD18-3537\20260323_MD18-3537_S01\MD18-3537_S01_XRF\XRF data\L000377.spe,1012.5,88,731,850,5592,10917,4683,212,1724,1070,108551,378,303,482,176,166,122,1079,1062,185,564,59,93,92,131,156,165,315,118,88,88,13,174,141,86,24646,7004
1007,C:\Data\20260323_MD18-3537\20260323_MD18-3537_S01\MD18-3537_S01_XRF\XRF data\L000378.spe,1015,98,788,851,5626,11949,4648,211,1681,1096,107311,354,361,500,168,197,85,808,1138,194,430,54,134,117,102,178,169,292,147,38,121,41,142,176,144,25455,8184
1009.5,C:\Data\20260323_MD18-3537\20260323_MD18-3537_S01\MD18-3537_S01_XRF\XRF data\L000379.spe,1017.5,65,824,850,5292,12743,4522,258,1669,1074,103625,414,315,488,283,84,51,1288,1139,110,582,76,203,156,136,110,74,203,188,15,49,117,15,162,179,25054,9346
1012,C:\Data\20260323_MD18-3537\20260323_MD18-3537_S01\MD18-3537_S01_XRF\XRF data\L000380.spe,1020,84,855,771,5124,13850,4815,164,1643,1172,97497,423,438,459,280,180,59,1009,1092,220,667,53,122,58,126,219,182,338,258,81,29,173,188,210,242,24813,8069
1014.5,C:\Data\20260323_MD18-3537\20260323_MD18-3537_S01\MD18-3537_S01_XRF\XRF data\L000381.spe,1022.5,71,723,792,5024,14142,4334,224,1716,1159,90490,323,348,466,252,58,118,602,1194,295,562,17,104,123,94,105,107,316,0,0,83,28,119,240,61,25125,9461
1017,C:\Data\20260323_MD18-3537\20260323_MD18-3537_S01\MD18-3537_S01_XRF\XRF data\L000382.spe,1025,122,745,768,5643,9228,4525,246,1600,1153,101835,401,353,428,108,42,146,945,942,177,519,32,64,105,106,113,0,0,289,63,71,82,172,85,0,24800,7407
1019.5,C:\Data\20260323_MD18-3537\20260323_MD18-3537_S01\MD18-3537_S01_XRF\XRF data\L000383.spe,1027.5,81,685,832,5684,9751,4670,201,1704,1068,104580,377,347,485,176,0,193,1353,1032,247,531,43,107,95,95,186,119,620,0,92,92,0,74,275,64,24518,7466
1022,C:\Data\20260323_MD18-3537\20260323_MD18-3537_S01\MD18-3537_S01_XRF\XRF data\L000384.spe,1030,112,688,763,5581,11709,4675,295,1634,1079,102320,446,367,414,234,126,188,1340,853,23,451,52,112,58,124,173,183,192,143,44,284,40,28,276,15,24659,8417
1024.5,C:\Data\20260323_MD18-3537\20260323_MD18-3537_S01\MD18-3537_S01_XRF\XRF data\L000385.spe,1032.5,60,685,762,5493,10278,4403,218,1645,1184,100026,396,404,435,66,48,196,1267,1018,105,596,36,58,121,99,120,65,168,135,0,162,52,151,100,0,24269,7954
1027,C:\Data\20260323_MD18-3537\20260323_MD18-3537_S01\MD18-3537_S01_XRF\XRF data\L000386.spe,1035,111,734,760,6027,5953,4564,238,1598,903,101972,365,486,568,174,369,94,1013,846,234,548,98,28,35,124,164,173,48,256,72,62,69,144,151,303,25046,8434
1029.5,C:\Data\20260323_MD18-3537\20260323_MD18-3537_S01\MD18-3537_S01_XRF\XRF data\L000387.spe,1037.5,61,733,785,6009,7602,4608,178,1629,984,106158,320,296,481,272,149,68,1301,871,256,431,95,26,123,128,112,139,297,29,82,225,44,76,104,161,24824,7701
1032,C:\Data\20260323_MD18-3537\20260323_MD18-3537_S01\MD18-3537_S01_XRF\XRF data\L000388.spe,1040,85,639,827,5923,10426,4621,240,1507,978,105239,286,300,490,116,140,14,1352,955,246,485,0,106,187,94,67,169,51,155,64,21,31,132,198,172,22754,8540
1034.5,C:\Data\20260323_MD18-3537\20260323_MD18-3537_S01\MD18-3537_S01_XRF\XRF data\L000389.spe,1042.5,113,733,764,6158,12796,4886,239,1539,1005,106395,377,319,488,136,224,31,1309,951,100,534,0,150,108,96,176,186,367,129,63,0,57,273,109,278,23314,7994
1037,C:\Data\20260323_MD18-3537\20260323_MD18-3537_S01\MD18-3537_S01_XRF\XRF data\L000390.spe,1045,80,830,687,5910,13334,4773,271,1598,1047,105841,346,334,550,242,175,146,1224,1104,124,655,61,93,193,86,99,174,552,0,85,149,67,148,134,146,23007,8565
1039.5,C:\Data\20260323_MD18-3537\20260323_MD18-3537_S01\MD18-3537_S01_XRF\XRF data\L000391.spe,1047.5,59,861,773,6189,12739,4768,276,1761,1175,107923,375,355,632,122,137,68,625,1059,202,644,34,100,140,133,154,64,244,115,97,182,73,105,221,179,24300,6660
1042,C:\Data\20260323_MD18-3537\20260323_MD18-3537_S01\MD18-3537_S01_XRF\XRF data\L000392.spe,1050,98,832,762,6224,12433,4903,149,1761,1098,107355,313,340,529,255,147,42,1209,1141,141,708,54,113,148,171,116,178,264,255,122,133,86,196,135,111,24222,8528
1044.5,C:\Data\20260323_MD18-3537\20260323_MD18-3537_S01\MD18-3537_S01_XRF\XRF data\L000393.spe,1052.5,102,921,779,6124,13923,5000,259,1687,1152,101785,409,369,591,20,245,9,1035,1190,244,595,62,126,158,105,138,179,482,316,60,0,128,190,168,89,24842,8229
1047,C:\Data\20260323_MD18-3537\20260323_MD18-3537_S01\MD18-3537_S01_XRF\XRF data\L000394.spe,1055,108,885,824,6199,13961,5049,223,1610,1333,100270,480,299,545,196,88,139,999,1211,258,836,51,120,62,122,163,0,27,244,61,70,154,146,103,0,25007,9779
1049.5,C:\Data\20260323_MD18-3537\20260323_MD18-3537_S01\MD18-3537_S01_XRF\XRF data\L000395.spe,1057.5,109,933,800,5913,13323,4720,201,1786,1090,95264,385,397,506,78,45,187,1025,1233,136,757,79,137,165,112,99,99,161,300,0,0,32,184,34,51,24924,8471
1052,C:\Data\20260323_MD18-3537\20260323_MD18-3537_S01\MD18-3537_S01_XRF\XRF data\L000396.spe,1060,104,793,791,5640,12745,4467,180,1644,1179,90546,361,366,460,162,118,63,1253,1069,124,666,0,97,130,114,177,76,361,143,28,0,100,198,110,158,24820,7243
1054.5,C:\Data\20260323_MD18-3537\20260323_MD18-3537_S01\MD18-3537_S01_XRF\XRF data\L000397.spe,1062.5,86,811,838,5256,12793,4653,235,1646,1001,87981,437,412,440,204,100,0,257,1139,277,777,29,133,63,85,142,135,249,132,0,46,49,82,79,201,25230,8068
1057,C:\Data\20260323_MD18-3537\20260323_MD18-3537_S01\MD18-3537_S01_XRF\XRF data\L000398.spe,1065,80,738,876,5322,13109,4489,277,1590,1106,88062,398,337,529,123,216,22,957,1223,142,780,65,93,53,102,157,169,183,63,61,216,20,252,205,252,23351,8178
1059.5,C:\Data\20260323_MD18-3537\20260323_MD18-3537_S01\MD18-3537_S01_XRF\XRF data\L000399.spe,1067.5,72,728,886,5220,12577,4557,221,1675,983,86450,492,371,489,163,78,0,361,1212,259,666,28,113,123,88,115,68,152,244,0,0,72,126,223,202,25523,7715
1062,C:\Data\20260323_MD18-3537\20260323_MD18-3537_S01\MD18-3537_S01_XRF\XRF data\L000400.spe,1070,88,740,922,5089,12502,4606,216,1614,1098,88446,437,260,442,149,246,0,1412,1140,129,638,54,75,115,98,129,89,144,206,0,0,51,133,78,208,26271,7714
1064.5,C:\Data\20260323_MD18-3537\20260323_MD18-3537_S01\MD18-3537_S01_XRF\XRF data\L000401.spe,1072.5,87,662,817,5858,11175,4550,214,1664,1204,99210,398,356,463,147,128,77,783,951,245,503,51,79,180,110,93,28,162,144,64,94,102,172,46,142,24045,7971
1067,C:\Data\20260323_MD18-3537\20260323_MD18-3537_S01\MD18-3537_S01_XRF\XRF data\L000402.spe,1075,53,664,860,5785,11181,4516,219,1557,1134,99617,414,386,477,37,0,43,569,921,329,670,49,148,102,130,165,133,309,148,8,87,0,256,183,145,25156,6791
1069.5,C:\Data\20260323_MD18-3537\20260323_MD18-3537_S01\MD18-3537_S01_XRF\XRF data\L000403.spe,1077.5,87,660,792,5917,11493,4533,209,1593,1075,101678,450,394,565,85,182,12,1113,976,197,414,52,99,153,119,144,198,127,178,76,91,89,244,91,234,25018,6858
1072,C:\Data\20260323_MD18-3537\20260323_MD18-3537_S01\MD18-3537_S01_XRF\XRF data\L000404.spe,1080,70,709,821,5857,11842,4604,202,1535,1306,99261,478,464,639,171,12,212,1066,1006,174,696,34,113,93,108,184,107,0,470,80,0,85,139,100,0,23743,9403
1074.5,C:\Data\20260323_MD18-3537\20260323_MD18-3537_S01\MD18-3537_S01_XRF\XRF data\L000405.spe,1082.5,96,702,808,5647,12334,4570,177,1728,1263,98767,382,334,502,106,162,56,559,1028,312,552,61,108,145,88,159,209,217,202,82,42,83,169,202,160,23695,8502
1077,C:\Data\20260323_MD18-3537\20260323_MD18-3537_S01\MD18-3537_S01_XRF\XRF data\L000406.spe,1085,66,706,741,5527,13370,4619,163,1653,1241,97634,331,278,467,183,98,151,960,991,152,573,60,128,160,79,132,198,339,85,61,33,44,122,124,89,22143,8181
1079.5,C:\Data\20260323_MD18-3537\20260323_MD18-3537_S01\MD18-3537_S01_XRF\XRF data\L000407.spe,1087.5,85,735,850,5914,15693,4778,147,1540,1387,102701,401,332,543,47,217,107,848,1172,219,631,79,135,243,103,126,30,202,69,43,109,35,215,77,175,22876,9288
1082,C:\Data\20260323_MD18-3537\20260323_MD18-3537_S01\MD18-3537_S01_XRF\XRF data\L000408.spe,1090,77,769,773,5708,15205,5081,248,1684,1175,101616,425,402,540,93,351,0,1564,1253,152,559,70,170,124,124,182,180,0,334,77,0,39,207,98,381,23682,7656
1084.5,C:\Data\20260323_MD18-3537\20260323_MD18-3537_S01\MD18-3537_S01_XRF\XRF data\L000409.spe,1092.5,122,794,829,5836,15075,4931,214,1658,1280,102749,347,372,600,37,184,0,950,1176,170,582,61,174,198,164,81,102,105,112,35,177,14,172,91,313,23524,7676
1087,C:\Data\20260323_MD18-3537\20260323_MD18-3537_S01\MD18-3537_S01_XRF\XRF data\L000410.spe,1095,94,692,815,6126,14610,4833,154,1763,1262,100729,400,310,544,202,185,89,905,1052,187,587,38,150,165,117,171,124,211,163,43,166,10,149,260,101,24236,7262
1089.5,C:\Data\20260323_MD18-3537\20260323_MD18-3537_S01\MD18-3537_S01_XRF\XRF data\L000411.spe,1097.5,93,742,750,5942,14108,5043,244,1570,1330,104355,500,326,554,187,109,12,679,1101,239,568,100,133,81,150,132,89,84,340,9,40,132,189,133,255,25115,9165
1092,C:\Data\20260323_MD18-3537\20260323_MD18-3537_S01\MD18-3537_S01_XRF\XRF data\L000412.spe,1100,94,776,811,5959,13404,4768,224,1674,1390,104488,449,328,562,209,303,183,1355,1209,145,537,60,64,160,138,139,39,66,336,55,14,149,216,34,54,24437,6983
1094.5,C:\Data\20260323_MD18-3537\20260323_MD18-3537_S01\MD18-3537_S01_XRF\XRF data\L000413.spe,1102.5,83,755,788,5785,12462,4758,245,1688,1219,101660,476,445,617,99,290,0,967,1126,279,677,0,154,40,118,147,184,0,308,0,79,37,202,174,313,24311,7721
1097,C:\Data\20260323_MD18-3537\20260323_MD18-3537_S01\MD18-3537_S01_XRF\XRF data\L000414.spe,1105,93,748,815,5806,13340,4867,222,1659,1345,102286,530,453,623,161,7,0,991,1209,155,489,37,160,126,135,111,115,0,558,0,0,159,166,164,217,25232,7933
1099.5,C:\Data\20260323_MD18-3537\20260323_MD18-3537_S01\MD18-3537_S01_XRF\XRF data\L000415.spe,1107.5,106,797,859,5562,14460,5007,216,1704,1254,99465,452,455,536,151,139,13,1395,1203,184,618,70,134,67,121,143,137,149,166,0,101,62,188,241,288,24575,8358
1102,C:\Data\20260323_MD18-3537\20260323_MD18-3537_S01\MD18-3537_S01_XRF\XRF data\L000416.spe,1110,84,703,861,5606,15035,4902,275,1604,1250,97334,448,433,532,187,307,0,1444,1177,99,584,38,129,58,113,171,199,0,379,0,0,124,199,143,378,24280,7082
1104.5,C:\Data\20260323_MD18-3537\20260323_MD18-3537_S01\MD18-3537_S01_XRF\XRF data\L000417.spe,1112.5,40,782,814,5651,15258,5009,169,1600,1269,97805,410,365,561,182,244,0,1305,1173,102,554,66,144,86,108,187,143,187,237,68,21,47,196,125,390,24592,7788
1107,C:\Data\20260323_MD18-3537\20260323_MD18-3537_S01\MD18-3537_S01_XRF\XRF data\L000418.spe,1115,110,861,826,5057,19078,4838,236,1703,1033,84538,510,378,529,199,261,0,638,1384,173,599,16,157,43,117,170,222,0,266,0,0,134,176,102,233,25809,7465
1109.5,C:\Data\20260323_MD18-3537\20260323_MD18-3537_S01\MD18-3537_S01_XRF\XRF data\L000419.spe,1117.5,93,794,725,5567,15262,4653,215,1772,1115,91269,415,289,528,304,245,0,1287,1132,210,618,59,148,173,154,124,116,143,327,0,0,108,74,0,109,24700,7945
1112,C:\Data\20260323_MD18-3537\20260323_MD18-3537_S01\MD18-3537_S01_XRF\XRF data\L000420.spe,1120,106,811,709,6043,14329,4855,277,1595,1328,98549,445,317,509,132,165,67,1537,1179,133,591,32,130,107,113,135,6,0,189,0,101,0,132,8,29,24495,7768
1114.5,C:\Data\20260323_MD18-3537\20260323_MD18-3537_S01\MD18-3537_S01_XRF\XRF data\L000421.spe,1122.5,67,726,727,6406,10742,4879,187,1687,1077,105199,432,352,526,177,281,12,1243,1031,251,535,51,69,152,133,100,6,0,200,38,93,60,155,118,253,23968,8684
1117,C:\Data\20260323_MD18-3537\20260323_MD18-3537_S01\MD18-3537_S01_XRF\XRF data\L000422.spe,1125,86,730,748,6259,11222,4810,252,1620,1316,106232,401,333,536,137,106,16,1648,934,118,434,42,110,189,93,138,90,196,141,83,14,0,206,162,258,24965,8586
1119.5,C:\Data\20260323_MD18-3537\20260323_MD18-3537_S01\MD18-3537_S01_XRF\XRF data\L000423.spe,1127.5,133,713,757,6386,10350,5088,261,1737,1335,110075,510,402,577,132,170,58,1275,921,213,385,77,59,102,123,128,4,0,438,22,63,165,195,96,70,25252,7879
1122,C:\Data\20260323_MD18-3537\20260323_MD18-3537_S01\MD18-3537_S01_XRF\XRF data\L000424.spe,1130,68,744,795,6420,11157,4897,267,1684,1432,110775,434,405,594,192,282,8,1395,976,171,461,27,92,148,107,136,109,187,274,100,142,117,193,231,405,23763,7290
1124.5,C:\Data\20260323_MD18-3537\20260323_MD18-3537_S01\MD18-3537_S01_XRF\XRF data\L000425.spe,1132.5,87,819,797,6360,8343,4850,256,1761,1406,111458,364,348,557,131,201,113,1320,921,46,560,62,67,212,118,89,129,326,111,99,72,0,199,68,160,23498,6897
1127,C:\Data\20260323_MD18-3537\20260323_MD18-3537_S01\MD18-3537_S01_XRF\XRF data\L000426.spe,1135,63,794,752,6339,8948,4644,148,1661,1253,109380,412,416,579,84,141,195,1569,953,174,539,67,91,216,87,136,123,111,281,54,93,113,194,165,16,25052,4837
1129.5,C:\Data\20260323_MD18-3537\20260323_MD18-3537_S01\MD18-3537_S01_XRF\XRF data\L000427.spe,1137.5,124,800,855,6232,10017,5138,290,1602,1153,108999,375,364,560,0,148,83,1785,1054,139,576,61,130,86,116,197,168,242,164,103,100,45,323,81,249,24521,9179
1132,C:\Data\20260323_MD18-3537\20260323_MD18-3537_S01\MD18-3537_S01_XRF\XRF data\L000428.spe,1140,121,695,818,6161,10990,4873,235,1752,975,104853,461,423,546,119,272,50,1474,1110,235,706,0,69,47,102,175,143,0,432,10,22,132,189,13,266,26062,9151
1134.5,C:\Data\20260323_MD18-3537\20260323_MD18-3537_S01\MD18-3537_S01_XRF\XRF data\L000429.spe,1142.5,96,809,858,6125,10281,5009,259,1762,1014,104295,462,314,572,227,102,91,815,1004,127,773,49,85,196,114,88,66,141,248,15,67,178,186,176,7,24241,7215
1137,C:\Data\20260323_MD18-3537\20260323_MD18-3537_S01\MD18-3537_S01_XRF\XRF data\L000430.spe,1145,102,829,808,6241,9850,4887,262,1666,1042,106642,461,380,537,236,234,38,1426,1075,84,627,133,110,132,119,117,78,229,234,61,25,141,137,174,182,24661,8990
1139.5,C:\Data\20260323_MD18-3537\20260323_MD18-3537_S01\MD18-3537_S01_XRF\XRF data\L000431.spe,1147.5,77,813,759,6299,9713,4902,325,1627,1076,106707,422,278,566,167,140,68,1425,1055,172,594,84,106,149,88,132,96,128,174,51,158,143,170,150,56,25258,6772
1142,C:\Data\20260323_MD18-3537\20260323_MD18-3537_S01\MD18-3537_S01_XRF\XRF data\L000432.spe,1150,100,914,831,6379,10051,5028,197,1685,1038,104660,378,393,549,151,49,25,1185,1004,103,638,66,109,86,171,168,161,284,169,80,237,81,175,122,192,24227,7791
1144.5,C:\Data\20260323_MD18-3537\20260323_MD18-3537_S01\MD18-3537_S01_XRF\XRF data\L000433.spe,1152.5,96,745,849,6062,10785,4848,146,1765,1075,100961,374,337,593,183,22,91,1046,1146,169,645,72,107,178,102,174,86,264,240,39,30,54,199,179,62,25963,8256
1147,C:\Data\20260323_MD18-3537\20260323_MD18-3537_S01\MD18-3537_S01_XRF\XRF data\L000434.spe,1155,111,789,912,5678,11593,4866,192,1660,1128,97856,461,332,476,95,336,48,1012,1020,151,571,30,133,114,100,181,58,28,251,0,121,67,218,15,136,24737,8578
1149.5,C:\Data\20260323_MD18-3537\20260323_MD18-3537_S01\MD18-3537_S01_XRF\XRF data\L000435.spe,1157.5,70,805,808,5632,11579,4764,241,1717,1055,92167,378,359,516,288,254,0,340,1242,197,697,0,97,83,98,174,231,71,251,49,0,89,100,185,310,23874,6907
1152,C:\Data\20260323_MD18-3537\20260323_MD18-3537_S01\MD18-3537_S01_XRF\XRF data\L000436.spe,1160,79,738,829,5767,11225,4467,231,1535,1219,91903,420,362,493,205,28,78,1065,1325,45,659,64,100,71,102,166,163,114,196,0,0,54,98,70,164,23521,8792
1154.5,C:\Data\20260323_MD18-3537\20260323_MD18-3537_S01\MD18-3537_S01_XRF\XRF data\L000437.spe,1162.5,43,624,669,6152,10955,4624,309,1475,1096,101433,395,282,496,192,90,221,929,1039,117,403,85,59,122,44,112,74,13,161,0,157,52,151,207,12,22577,7691
1157,C:\Data\20260323_MD18-3537\20260323_MD18-3537_S01\MD18-3537_S01_XRF\XRF data\L000438.spe,1165,101,721,763,6072,13101,4996,228,1638,1705,105163,411,275,467,275,250,58,1492,1071,216,495,87,144,171,118,126,196,296,184,114,107,71,143,165,352,23037,8293
1159.5,C:\Data\20260323_MD18-3537\20260323_MD18-3537_S01\MD18-3537_S01_XRF\XRF data\L000439.spe,1167.5,71,693,781,5420,13306,4757,245,1605,1375,100739,374,279,523,126,334,98,803,1161,208,458,84,108,131,109,122,0,0,130,17,200,36,205,137,258,23352,5737
1162,C:\Data\20260323_MD18-3537\20260323_MD18-3537_S01\MD18-3537_S01_XRF\XRF data\L000440.spe,1170,77,671,865,6031,13159,4880,94,1650,1211,105293,472,325,499,171,252,35,994,1072,169,454,79,86,204,145,137,0,111,363,22,0,69,166,113,258,24149,7220
1164.5,C:\Data\20260323_MD18-3537\20260323_MD18-3537_S01\MD18-3537_S01_XRF\XRF data\L000441.spe,1172.5,99,680,861,6218,11450,5130,229,1781,1168,109344,411,298,556,95,125,159,1280,1104,144,422,57,100,157,130,128,126,142,144,70,93,113,203,22,119,24063,8259
1167,C:\Data\20260323_MD18-3537\20260323_MD18-3537_S01\MD18-3537_S01_XRF\XRF data\L000442.spe,1175,93,695,837,6084,10582,4856,183,1555,1216,107365,506,327,546,247,150,0,1668,859,46,459,11,65,142,170,157,20,0,364,78,113,141,135,133,247,24333,6415
1169.5,C:\Data\20260323_MD18-3537\20260323_MD18-3537_S01\MD18-3537_S01_XRF\XRF data\L000443.spe,1177.5,64,631,933,5766,9760,4595,221,1748,1073,105332,506,429,516,113,169,143,1086,1040,273,424,60,77,152,109,108,10,0,392,23,49,110,218,15,48,25270,9232
1172,C:\Data\20260323_MD18-3537\20260323_MD18-3537_S01\MD18-3537_S01_XRF\XRF data\L000444.spe,1180,93,791,798,6408,10801,5115,204,1763,1163,110338,401,310,506,264,0,160,1087,970,173,559,57,98,106,133,169,21,21,244,56,58,15,155,142,0,24284,8240
1174.5,C:\Data\20260323_MD18-3537\20260323_MD18-3537_S01\MD18-3537_S01_XRF\XRF data\L000445.spe,1182.5,110,820,762,6316,10799,5187,236,1745,1027,111322,384,300,558,78,0,116,1468,999,114,443,96,92,144,105,154,119,66,142,71,156,147,285,157,48,24428,6665
1177,C:\Data\20260323_MD18-3537\20260323_MD18-3537_S01\MD18-3537_S01_XRF\XRF data\L000446.spe,1185,109,793,754,6445,10560,5109,247,1687,1181,110887,453,351,631,137,480,0,902,1066,312,604,79,27,160,131,101,42,0,333,80,60,79,193,54,412,24250,8329
1179.5,C:\Data\20260323_MD18-3537\20260323_MD18-3537_S01\MD18-3537_S01_XRF\XRF data\L000447.spe,1187.5,118,777,713,6609,8787,4946,265,1674,991,110837,444,299,591,291,185,180,2177,846,0,447,51,90,141,141,117,138,0,342,60,150,123,125,182,68,24439,5007
1182,C:\Data\20260323_MD18-3537\20260323_MD18-3537_S01\MD18-3537_S01_XRF\XRF data\L000448.spe,1190,109,911,730,6890,9855,5030,214,1701,978,115975,364,305,555,151,309,101,1609,907,135,542,77,84,116,176,155,277,221,320,56,32,72,222,208,188,24057,8146
1184.5,C:\Data\20260323_MD18-3537\20260323_MD18-3537_S01\MD18-3537_S01_XRF\XRF data\L000449.spe,1192.5,121,845,783,6793,9907,5028,252,1613,1024,114089,443,368,608,185,236,0,1220,936,170,418,34,111,181,107,124,126,0,313,0,110,112,167,232,358,24254,9018
1187,C:\Data\20260323_MD18-3537\20260323_MD18-3537_S01\MD18-3537_S01_XRF\XRF data\L000450.spe,1195,62,779,785,6593,10762,5140,310,1746,1143,113011,474,374,616,148,163,101,1421,906,164,511,76,137,115,103,94,161,0,422,53,66,136,147,19,111,25129,7452
1189.5,C:\Data\20260323_MD18-3537\20260323_MD18-3537_S01\MD18-3537_S01_XRF\XRF data\L000451.spe,1197.5,69,786,726,6414,11166,5092,198,1697,1144,111838,503,467,618,119,14,160,1204,981,209,626,36,132,102,101,161,108,0,523,6,0,96,163,208,0,25109,8931
1192,C:\Data\20260323_MD18-3537\20260323_MD18-3537_S01\MD18-3537_S01_XRF\XRF data\L000452.spe,1200,116,830,767,5921,13002,4882,212,1677,1016,105840,410,324,513,147,223,0,1353,1119,187,587,59,118,166,146,119,255,128,218,107,185,122,215,137,233,24235,8300
1194.5,C:\Data\20260323_MD18-3537\20260323_MD18-3537_S01\MD18-3537_S01_XRF\XRF data\L000453.spe,1202.5,60,807,793,6167,9781,4764,239,1766,1115,104607,444,315,552,222,160,0,1098,1163,273,628,78,89,172,130,100,113,0,382,29,0,170,239,253,252,23884,7581
1197,C:\Data\20260323_MD18-3537\20260323_MD18-3537_S01\MD18-3537_S01_XRF\XRF data\L000454.spe,1205,83,716,716,6480,5909,4804,254,1679,891,115744,469,415,561,200,251,111,1592,846,81,601,83,58,145,148,137,160,0,395,63,225,142,174,201,302,24469,7147
1199.5,C:\Data\20260323_MD18-3537\20260323_MD18-3537_S01\MD18-3537_S01_XRF\XRF data\L000455.spe,1207.5,133,744,750,6545,6597,4764,247,1582,962,115093,410,220,518,0,215,171,1747,826,100,487,88,28,248,123,80,62,33,247,99,239,100,235,191,202,23825,6106
1202,C:\Data\20260323_MD18-3537\20260323_MD18-3537_S01\MD18-3537_S01_XRF\XRF data\L000456.spe,1210,61,712,903,6435,7082,4861,239,1724,1047,115085,463,342,526,211,154,0,1495,902,231,514,12,31,98,141,120,194,43,407,20,0,119,146,238,276,25755,8320
1204.5,C:\Data\20260323_MD18-3537\20260323_MD18-3537_S01\MD18-3537_S01_XRF\XRF data\L000457.spe,1212.5,106,582,894,6336,6942,4685,247,1734,933,112754,430,396,591,78,188,55,1308,933,155,417,51,42,115,125,146,165,0,225,81,198,79,139,120,110,25733,9939
1207,C:\Data\20260323_MD18-3537\20260323_MD18-3537_S01\MD18-3537_S01_XRF\XRF data\L000458.spe,1215,74,646,900,6502,6897,4744,272,1688,1006,110951,358,464,563,159,312,0,687,781,288,428,9,55,128,106,129,188,0,407,33,0,97,162,53,406,25470,7791
1209.5,C:\Data\20260323_MD18-3537\20260323_MD18-3537_S01\MD18-3537_S01_XRF\XRF data\L000459.spe,1217.5,90,690,918,6388,6991,4572,206,1626,981,111255,425,372,590,142,142,159,1533,874,104,386,16,33,197,126,90,148,0,260,11,180,116,143,4,82,25486,9152
1212,C:\Data\20260323_MD18-3537\20260323_MD18-3537_S01\MD18-3537_S01_XRF\XRF data\L000460.spe,1220,150,709,863,6122,7081,4610,260,1695,1066,111023,397,449,567,38,302,48,721,936,296,437,73,41,103,127,127,108,0,423,59,54,114,223,140,204,25626,9244
1214.5,C:\Data\20260323_MD18-3537\20260323_MD18-3537_S01\MD18-3537_S01_XRF\XRF data\L000461.spe,1222.5,116,683,894,6180,7366,4587,240,1611,981,111177,414,330,467,241,4,33,1698,828,91,440,55,65,170,156,134,124,52,145,105,235,53,175,171,267,25013,8418
1217,C:\Data\20260323_MD18-3537\20260323_MD18-3537_S01\MD18-3537_S01_XRF\XRF data\L000462.spe,1225,85,656,866,6005,7118,4652,262,1656,895,109344,431,455,556,72,67,215,1723,862,143,428,49,17,0,106,190,240,0,312,30,67,42,400,165,157,25497,6077
1219.5,C:\Data\20260323_MD18-3537\20260323_MD18-3537_S01\MD18-3537_S01_XRF\XRF data\L000463.spe,1227.5,111,771,893,6749,7072,4955,254,1781,913,115205,441,201,568,175,211,203,1052,880,131,545,0,66,125,90,136,157,35,327,73,130,182,130,65,0,24685,8557
1222,C:\Data\20260323_MD18-3537\20260323_MD18-3537_S01\MD18-3537_S01_XRF\XRF data\L000464.spe,1230,113,805,731,6796,6679,4791,269,1618,952,117463,464,425,696,129,294,17,1278,941,145,513,56,52,136,140,139,180,0,533,65,111,173,148,203,181,25839,8236
1224.5,C:\Data\20260323_MD18-3537\20260323_MD18-3537_S01\MD18-3537_S01_XRF\XRF data\L000465.spe,1232.5,66,799,713,6791,7334,4973,219,1654,969,116740,462,273,600,185,208,138,1047,858,195,511,73,45,84,147,157,249,0,294,12,166,166,160,78,137,24897,6421
1227,C:\Data\20260323_MD18-3537\20260323_MD18-3537_S01\MD18-3537_S01_XRF\XRF data\L000466.spe,1235,141,811,719,6584,8717,5176,179,1727,954,112624,486,443,587,0,136,13,1525,1079,136,476,62,100,94,122,176,194,63,325,21,187,123,234,116,261,25412,8297
1229.5,C:\Data\20260323_MD18-3537\20260323_MD18-3537_S01\MD18-3537_S01_XRF\XRF data\L000467.spe,1237.5,105,904,766,6541,9566,4879,243,1759,970,108457,435,373,541,190,203,33,880,1047,342,613,19,76,233,117,88,121,0,376,0,56,128,122,0,180,26511,8273
1232,C:\Data\20260323_MD18-3537\20260323_MD18-3537_S01\MD18-3537_S01_XRF\XRF data\L000468.spe,1240,93,907,805,6168,9986,4798,293,1703,1025,100666,503,386,606,182,180,67,1328,1057,155,739,46,69,93,107,195,124,0,576,0,0,113,216,146,183,24303,7767
1234.5,C:\Data\20260323_MD18-3537\20260323_MD18-3537_S01\MD18-3537_S01_XRF\XRF data\L000469.spe,1242.5,83,876,798,5691,10645,4521,204,1794,944,96074,486,337,538,171,52,73,923,1169,270,644,0,70,101,118,115,189,0,229,0,235,45,246,167,100,25768,6640
1237,C:\Data\20260323_MD18-3537\20260323_MD18-3537_S01\MD18-3537_S01_XRF\XRF data\L000470.spe,1245,102,846,804,5482,10782,4532,166,1620,855,91310,454,273,565,216,340,0,1486,1110,114,654,80,55,69,79,141,129,0,305,8,0,150,203,26,357,24751,8865
1239.5,C:\Data\20260323_MD18-3537\20260323_MD18-3537_S01\MD18-3537_S01_XRF\XRF data\L000471.spe,1247.5,126,905,818,5521,11501,4417,234,1648,1006,91482,430,328,538,207,116,28,997,1129,130,637,38,92,95,114,149,110,0,276,0,0,95,112,196,220,24417,4545
1242,C:\Data\20260323_MD18-3537\20260323_MD18-3537_S01\MD18-3537_S01_XRF\XRF data\L000472.spe,1250,89,873,856,5301,11712,4605,190,1755,1125,88327,466,345,440,94,412,0,1157,1196,109,675,73,118,159,119,115,39,41,272,0,21,161,200,153,307,24719,7774
1244.5,C:\Data\20260323_MD18-3537\20260323_MD18-3537_S01\MD18-3537_S01_XRF\XRF data\L000473.spe,1252.5,108,808,874,5241,11870,4642,218,1666,1076,89434,475,324,461,138,177,13,586,1041,188,855,22,113,113,126,97,66,0,301,0,100,32,168,0,82,24363,9404
1247,C:\Data\20260323_MD18-3537\20260323_MD18-3537_S01\MD18-3537_S01_XRF\XRF data\L000474.spe,1255,86,820,863,5846,10453,4992,159,1812,1076,100735,416,334,529,96,114,91,979,1059,246,556,35,74,87,124,183,134,0,337,64,52,30,210,0,116,25206,6369
1249.5,C:\Data\20260323_MD18-3537\20260323_MD18-3537_S01\MD18-3537_S01_XRF\XRF data\L000475.spe,1257.5,51,804,886,6151,9339,4769,309,1612,990,106109,500,378,579,144,116,116,1593,1086,185,565,49,61,154,72,96,95,0,364,0,0,134,134,135,112,25275,8509
1252,C:\Data\20260323_MD18-3537\20260323_MD18-3537_S01\MD18-3537_S01_XRF\XRF data\L000476.spe,1260,123,868,880,6700,8442,5192,259,1631,999,116654,493,254,585,262,205,58,1418,917,217,551,35,108,170,138,125,89,0,352,7,42,138,143,188,168,26220,8522
1254.5,C:\Data\20260323_MD18-3537\20260323_MD18-3537_S01\MD18-3537_S01_XRF\XRF data\L000477.spe,1262.5,139,835,876,6238,8696,5017,297,1746,1043,112287,443,304,600,236,63,202,1941,910,120,569,85,89,104,98,202,64,0,331,82,100,113,149,213,80,24872,8110
1257,C:\Data\20260323_MD18-3537\20260323_MD18-3537_S01\MD18-3537_S01_XRF\XRF data\L000478.spe,1265,102,753,908,6025,8046,4616,303,1742,984,112994,413,334,522,220,169,33,1500,893,122,596,55,48,237,142,114,204,0,179,61,249,59,158,173,178,24575,8011
1259.5,C:\Data\20260323_MD18-3537\20260323_MD18-3537_S01\MD18-3537_S01_XRF\XRF data\L000479.spe,1267.5,85,785,827,6389,7806,5142,220,1712,967,115785,417,401,572,219,95,161,1549,937,87,515,104,40,217,117,114,55,0,323,73,0,129,259,173,0,24885,8830
1262,C:\Data\20260323_MD18-3537\20260323_MD18-3537_S01\MD18-3537_S01_XRF\XRF data\L000480.spe,1270,112,753,847,6724,8124,5039,253,1722,1013,117271,416,310,663,328,144,11,1679,956,174,522,21,56,156,110,101,66,0,305,79,141,171,211,191,269,25002,9055
1264.5,C:\Data\20260323_MD18-3537\20260323_MD18-3537_S01\MD18-3537_S01_XRF\XRF data\L000481.spe,1272.5,151,840,785,6801,8513,5122,220,1756,949,118468,466,365,585,227,24,65,1669,878,226,520,78,111,100,161,189,155,119,269,26,304,160,86,102,155,25383,8219
1267,C:\Data\20260323_MD18-3537\20260323_MD18-3537_S01\MD18-3537_S01_XRF\XRF data\L000482.spe,1275,96,787,752,6432,9122,5057,255,1648,1100,116642,422,378,573,171,121,75,1399,951,230,553,64,35,102,145,133,164,0,403,94,102,102,109,75,161,25200,7614
1269.5,C:\Data\20260323_MD18-3537\20260323_MD18-3537_S01\MD18-3537_S01_XRF\XRF data\L000483.spe,1277.5,105,785,792,6277,9639,5045,176,1815,1083,114564,575,369,579,192,0,160,1841,1012,104,460,77,93,140,156,101,104,0,397,0,6,172,27,91,0,27188,9546
1272,C:\Data\20260323_MD18-3537\20260323_MD18-3537_S01\MD18-3537_S01_XRF\XRF data\L000484.spe,1280,72,812,856,6225,11167,5138,292,1741,1057,110192,454,432,627,76,130,101,1783,1114,125,599,20,22,79,103,133,94,0,443,5,39,75,214,148,133,25100,7863
1274.5,C:\Data\20260323_MD18-3537\20260323_MD18-3537_S01\MD18-3537_S01_XRF\XRF data\L000485.spe,1282.5,70,756,866,5741,12991,5222,230,1768,1162,103514,448,346,592,256,170,83,1500,1165,109,471,80,70,78,137,183,132,0,433,22,163,166,131,169,74,25602,9232
1277,C:\Data\20260323_MD18-3537\20260323_MD18-3537_S01\MD18-3537_S01_XRF\XRF data\L000486.spe,1285,81,828,852,5590,13246,4887,215,1669,1117,100387,477,368,506,166,371,0,1273,1038,248,496,18,134,139,134,129,99,0,502,14,0,80,132,48,488,25563,6778
1279.5,C:\Data\20260323_MD18-3537\20260323_MD18-3537_S01\MD18-3537_S01_XRF\XRF data\L000487.spe,1287.5,111,785,804,5770,13164,5173,287,1650,1134,101575,508,350,579,132,408,48,1441,1101,18,474,19,168,117,65,140,79,0,473,0,0,221,122,64,244,24999,6882
1282,C:\Data\20260323_MD18-3537\20260323_MD18-3537_S01\MD18-3537_S01_XRF\XRF data\L000488.spe,1290,87,757,761,5283,13783,4928,180,1620,1115,94482,494,417,558,226,113,99,2133,1053,14,596,16,144,76,114,153,180,0,577,0,0,188,91,157,43,24738,9548
1284.5,C:\Data\20260323_MD18-3537\20260323_MD18-3537_S01\MD18-3537_S01_XRF\XRF data\L000489.spe,1292.5,129,739,734,5795,11566,4711,300,1623,1230,97617,546,420,565,213,102,39,1774,1104,119,581,47,100,69,114,104,55,0,615,0,0,205,155,112,121,24797,8350
1287,C:\Data\20260323_MD18-3537\20260323_MD18-3537_S01\MD18-3537_S01_XRF\XRF data\L000490.spe,1295,117,759,743,6344,9050,4819,199,1624,1364,106338,503,407,584,121,82,225,1267,869,130,518,51,65,204,122,132,46,0,556,0,0,167,225,70,14,24380,8727
1289.5,C:\Data\20260323_MD18-3537\20260323_MD18-3537_S01\MD18-3537_S01_XRF\XRF data\L000491.spe,1297.5,107,763,779,6504,9188,4696,285,1636,1150,106605,505,319,698,237,38,112,1832,929,237,452,59,79,90,134,168,218,0,427,10,191,102,134,176,29,25653,8851
1292,C:\Data\20260323_MD18-3537\20260323_MD18-3537_S01\MD18-3537_S01_XRF\XRF data\L000492.spe,1300,102,757,739,6415,8679,4589,310,1614,1139,106821,525,387,633,0,152,92,1825,851,216,336,43,53,97,133,148,234,0,541,0,187,217,287,0,112,26596,8800
1294.5,C:\Data\20260323_MD18-3537\20260323_MD18-3537_S01\MD18-3537_S01_XRF\XRF data\L000493.spe,1302.5,89,789,703,6567,8689,5021,201,1647,1295,110051,441,406,629,228,135,124,2052,931,56,546,45,30,67,148,182,89,0,592,59,148,165,167,251,5,25929,8463
1297,C:\Data\20260323_MD18-3537\20260323_MD18-3537_S01\MD18-3537_S01_XRF\XRF data\L000494.spe,1305,104,832,733,6453,8830,4837,245,1697,1280,107657,524,402,597,108,498,0,1483,950,170,583,88,120,183,134,63,19,0,453,0,0,104,149,0,374,24206,5997
1299.5,C:\Data\20260323_MD18-3537\20260323_MD18-3537_S01\MD18-3537_S01_XRF\XRF data\L000495.spe,1307.5,85,770,772,6506,6858,4645,215,1701,1110,105369,526,408,582,362,112,0,1815,913,156,394,68,74,108,137,146,146,0,741,19,0,153,74,116,181,25997,7431
1302,C:\Data\20260323_MD18-3537\20260323_MD18-3537_S01\MD18-3537_S01_XRF\XRF data\L000496.spe,1310,100,784,753,6724,6622,4756,278,1604,935,108258,493,421,613,155,412,22,1404,982,146,395,102,36,56,106,148,168,0,680,29,36,169,199,143,252,25745,7326
1304.5,C:\Data\20260323_MD18-3537\20260323_MD18-3537_S01\MD18-3537_S01_XRF\XRF data\L000497.spe,1312.5,132,814,707,6828,7217,4752,247,1575,1076,110138,434,297,553,183,150,136,1411,932,132,383,77,33,166,118,118,62,0,418,49,147,121,205,83,81,25312,5830
1307,C:\Data\20260323_MD18-3537\20260323_MD18-3537_S01\MD18-3537_S01_XRF\XRF data\L000498.spe,1315,79,805,693,6801,7195,4689,225,1669,998,110157,509,375,584,290,389,29,1561,857,94,445,74,52,139,134,152,193,0,553,44,108,160,148,152,248,25234,6324
1309.5,C:\Data\20260323_MD18-3537\20260323_MD18-3537_S01\MD18-3537_S01_XRF\XRF data\L000499.spe,1317.5,101,769,668,6562,8172,4764,218,1650,1138,108902,541,456,607,85,146,111,1402,951,235,592,5,71,141,158,97,58,0,594,18,69,181,170,130,68,24721,6446
1312,C:\Data\20260323_MD18-3537\20260323_MD18-3537_S01\MD18-3537_S01_XRF\XRF data\L000500.spe,1320,94,756,739,6327,9368,4822,239,1670,1125,107010,568,384,634,167,134,65,1433,1065,73,549,76,64,85,155,128,90,0,693,0,50,229,149,107,168,24759,7140
1314.5,C:\Data\20260323_MD18-3537\20260323_MD18-3537_S01\MD18-3537_S01_XRF\XRF data\L000501.spe,1322.5,74,780,695,6158,11052,4884,229,1650,1373,104576,444,360,583,211,219,90,1501,1077,191,460,102,96,113,120,144,64,0,417,17,107,119,107,174,56,24190,7775
1317,C:\Data\20260323_MD18-3537\20260323_MD18-3537_S01\MD18-3537_S01_XRF\XRF data\L000502.spe,1325,80,739,725,6070,11246,4625,262,1669,1324,102900,539,401,593,92,209,0,1520,1095,204,540,60,115,122,116,147,105,0,615,0,59,119,129,51,156,23898,7284
1319.5,C:\Data\20260323_MD18-3537\20260323_MD18-3537_S01\MD18-3537_S01_XRF\XRF data\L000503.spe,1327.5,79,800,752,6107,12159,4940,231,1634,1286,103210,444,387,565,267,251,66,1552,1051,124,607,71,103,142,116,121,137,0,651,0,139,116,125,46,118,23961,8491
1324.5,C:\Data\20260323_MD18-3537\20260323_MD18-3537_S01\MD18-3537_S01_XRF\XRF data\L000505.spe,1332.5,96,831,748,5979,12816,5098,181,1737,1232,102492,545,295,549,170,325,26,2296,1182,45,690,112,127,189,104,138,138,0,495,0,201,167,170,57,273,24389,6820
1327,C:\Data\20260323_MD18-3537\20260323_MD18-3537_S01\MD18-3537_S01_XRF\XRF data\L000506.spe,1335,86,867,800,5833,13024,5197,234,1756,1200,101334,520,363,565,217,205,101,2050,1174,137,622,73,83,40,107,185,139,0,566,0,0,162,126,79,200,24981,7018
1329.5,C:\Data\20260323_MD18-3537\20260323_MD18-3537_S01\MD18-3537_S01_XRF\XRF data\L000507.spe,1337.5,120,884,762,6101,12713,4935,194,1690,1186,98635,587,552,639,77,255,113,1348,1239,206,696,69,75,120,144,118,167,0,668,0,0,189,97,31,36,26235,6870
1332,C:\Data\20260323_MD18-3537\20260323_MD18-3537_S01\MD18-3537_S01_XRF\XRF data\L000508.spe,1340,106,846,909,5451,12979,4689,150,1665,1021,89788,550,351,581,73,201,188,1619,1284,88,635,38,134,44,149,164,233,0,630,0,0,200,196,207,0,26572,9224
1337,C:\Data\20260323_MD18-3537\20260323_MD18-3537_S01\MD18-3537_S01_XRF\XRF data\L000510.spe,1345,42,687,963,4301,14241,4358,154,1540,879,72632,479,309,428,207,147,80,753,1337,173,774,17,138,56,85,161,151,0,380,0,0,80,134,0,120,25392,7717
1339.5,C:\Data\20260323_MD18-3537\20260323_MD18-3537_S01\MD18-3537_S01_XRF\XRF data\L000511.spe,1347.5,63,642,1028,4574,13265,4123,221,1689,879,75024,549,375,487,171,14,0,1421,1183,115,513,53,102,84,104,136,207,0,474,0,87,149,162,233,200,25767,6858
1342,C:\Data\20260323_MD18-3537\20260323_MD18-3537_S01\MD18-3537_S01_XRF\XRF data\L000512.spe,1350,78,757,858,5801,12167,4595,244,1535,1635,91174,553,417,555,248,343,0,1253,1019,163,456,39,127,48,137,200,183,0,632,0,0,226,153,206,354,24747,4890
1344.5,C:\Data\20260323_MD18-3537\20260323_MD18-3537_S01\MD18-3537_S01_XRF\XRF data\L000513.spe,1352.5,98,805,834,5981,12362,4583,232,1714,1746,96041,628,465,600,290,256,54,1161,1076,259,571,40,129,85,137,123,28,0,585,0,0,148,106,178,162,24656,8304
1347,C:\Data\20260323_MD18-3537\20260323_MD18-3537_S01\MD18-3537_S01_XRF\XRF data\L000514.spe,1355,87,820,792,6148,13393,4965,288,1544,1815,103115,642,352,580,294,494,52,1305,1139,143,527,53,94,82,133,130,0,0,764,15,72,173,57,132,381,24567,6130
1349.5,C:\Data\20260323_MD18-3537\20260323_MD18-3537_S01\MD18-3537_S01_XRF\XRF data\L000515.spe,1357.5,92,686,801,5771,12901,4794,220,1574,1179,99275,565,432,541,121,108,0,1375,1117,206,531,62,131,30,138,204,187,0,536,14,158,178,159,219,205,24274,8819
1352,C:\Data\20260323_MD18-3537\20260323_MD18-3537_S01\MD18-3537_S01_XRF\XRF data\L000516.spe,1360,74,703,727,5758,12055,4544,239,1541,1209,96054,454,332,549,135,222,0,1227,985,196,540,70,100,161,122,98,57,0,411,0,51,102,106,48,259,23901,7479
1354.5,C:\Data\20260323_MD18-3537\20260323_MD18-3537_S01\MD18-3537_S01_XRF\XRF data\L000517.spe,1362.5,81,679,733,6068,9525,4620,179,1648,1224,97909,548,403,470,132,51,81,780,1080,355,427,0,101,38,147,209,0,0,495,0,228,159,143,83,0,25069,7174
1357,C:\Data\20260323_MD18-3537\20260323_MD18-3537_S01\MD18-3537_S01_XRF\XRF data\L000518.spe,1365,71,800,645,6425,9726,4912,226,1569,1244,106876,532,353,638,149,207,190,2010,1003,56,440,11,53,78,129,131,228,0,554,44,28,101,197,90,0,25482,4655
1359.5,C:\Data\20260323_MD18-3537\20260323_MD18-3537_S01\MD18-3537_S01_XRF\XRF data\L000519.spe,1367.5,98,920,813,6585,10167,4992,179,1715,1216,109208,594,476,557,195,206,147,1486,1074,164,553,68,64,121,139,131,40,0,677,0,75,201,214,221,207,26167,6106
1362,C:\Data\20260323_MD18-3537\20260323_MD18-3537_S01\MD18-3537_S01_XRF\XRF data\L000520.spe,1370,87,867,686,5866,10431,4766,287,1722,1175,102261,532,373,541,290,155,77,1426,1136,178,428,94,87,120,97,138,136,0,563,19,79,89,76,141,285,25649,5066
1364.5,C:\Data\20260323_MD18-3537\20260323_MD18-3537_S01\MD18-3537_S01_XRF\XRF data\L000521.spe,1372.5,90,816,754,6119,10629,4883,273,1665,1248,102375,574,429,572,68,172,33,1330,1173,217,640,0,87,122,119,112,74,0,651,0,0,119,233,106,247,25623,6457
1367,C:\Data\20260323_MD18-3537\20260323_MD18-3537_S01\MD18-3537_S01_XRF\XRF data\L000522.spe,1375,74,826,695,6047,11403,4751,278,1606,1051,99057,535,341,562,88,232,0,1404,1160,228,476,24,46,68,100,100,172,0,715,0,0,205,281,59,282,25786,7179
1369.5,C:\Data\20260323_MD18-3537\20260323_MD18-3537_S01\MD18-3537_S01_XRF\XRF data\L000523.spe,1377.5,122,869,670,5625,12176,4728,204,1682,1205,92920,557,370,594,373,256,0,1082,1102,59,735,65,114,90,136,104,10,0,702,0,0,244,30,131,260,25073,8816
1372,C:\Data\20260323_MD18-3537\20260323_MD18-3537_S01\MD18-3537_S01_XRF\XRF data\L000524.spe,1380,62,780,707,5687,11257,4803,275,1610,1073,98388,551,333,556,126,342,37,1639,1224,188,539,58,77,127,114,86,85,0,553,0,94,180,153,195,205,25196,6853
1374.5,C:\Data\20260323_MD18-3537\20260323_MD18-3537_S01\MD18-3537_S01_XRF\XRF data\L000525.spe,1382.5,89,803,729,5814,11821,4862,169,1557,1146,92764,576,530,607,190,163,0,955,1233,177,598,29,106,0,148,181,20,0,825,34,53,237,152,199,293,24864,6785
1382,C:\Data\20260323_MD18-3537\20260323_MD18-3537_S01\MD18-3537_S01_XRF\XRF data\L000528.spe,1390,79,772,583,6558,11520,4985,320,1584,1148,109787,597,389,563,55,277,0,1697,938,158,418,54,75,53,159,163,94,0,741,0,81,237,111,21,196,24945,6042
1387,C:\Data\20260323_MD18-3537\20260323_MD18-3537_S01\MD18-3537_S01_XRF\XRF data\L000530.spe,1395,81,861,728,6118,15979,5097,286,1677,1024,103481,542,374,601,152,324,11,543,1005,299,446,0,130,131,133,110,191,0,742,0,112,189,125,12,357,24329,8393
1389.5,C:\Data\20260323_MD18-3537\20260323_MD18-3537_S01\MD18-3537_S01_XRF\XRF data\L000531.spe,1397.5,155,891,707,5714,17160,5160,274,1762,1185,100681,591,453,572,296,108,16,1147,1172,164,578,41,165,108,107,142,57,0,804,19,0,193,148,128,208,24553,6085
1394.5,C:\Data\20260323_MD18-3537\20260323_MD18-3537_S01\MD18-3537_S01_XRF\XRF data\L000533.spe,1402.5,96,718,757,5551,15461,5219,213,1572,1131,102113,532,401,606,112,173,50,1527,1213,104,551,66,164,115,115,136,0,0,594,0,0,93,212,0,85,24185,5595
1399.5,C:\Data\20260323_MD18-3537\20260323_MD18-3537_S01\MD18-3537_S01_XRF\XRF data\L000535.spe,1407.5,120,837,695,5874,15285,5027,235,1561,1084,99653,560,526,610,174,143,0,1192,1241,133,519,65,160,58,88,139,137,0,721,0,0,186,113,51,187,24456,7928
1402,C:\Data\20260323_MD18-3537\20260323_MD18-3537_S01\MD18-3537_S01_XRF\XRF data\L000536.spe,1410,77,784,633,5968,12251,4912,282,1579,1181,102667,505,478,549,0,245,0,1129,1070,183,387,48,121,113,147,94,66,0,765,0,0,141,270,8,158,24404,4926
1404.5,C:\Data\20260323_MD18-3537\20260323_MD18-3537_S01\MD18-3537_S01_XRF\XRF data\L000537.spe,1412.5,87,842,667,6250,10954,5069,239,1567,1113,108812,500,471,567,97,205,39,1387,887,150,465,51,32,57,135,182,39,0,686,26,12,166,215,77,204,24272,6704
1407,C:\Data\20260323_MD18-3537\20260323_MD18-3537_S01\MD18-3537_S01_XRF\XRF data\L000538.spe,1415,103,808,667,6423,9595,5125,265,1629,1101,112938,596,352,608,175,266,0,1570,964,168,613,80,63,121,119,145,67,0,684,4,141,208,69,141,319,24288,4978
1409.5,C:\Data\20260323_MD18-3537\20260323_MD18-3537_S01\MD18-3537_S01_XRF\XRF data\L000539.spe,1417.5,84,774,703,6544,10026,5131,224,1666,1118,113017,568,497,628,157,91,160,1662,811,219,360,95,71,119,148,154,92,0,883,0,30,258,175,23,21,25704,6713
1414.5,C:\Data\20260323_MD18-3537\20260323_MD18-3537_S01\MD18-3537_S01_XRF\XRF data\L000541.spe,1422.5,93,823,687,6832,9717,4889,312,1681,1038,115720,629,411,691,175,218,37,1853,984,107,447,110,73,162,144,77,89,0,577,0,100,164,258,167,254,25669,7504
1417,C:\Data\20260323_MD18-3537\20260323_MD18-3537_S01\MD18-3537_S01_XRF\XRF data\L000542.spe,1425,114,815,687,6438,10195,4999,280,1645,1060,112504,481,495,658,294,251,36,1366,923,108,511,110,59,85,124,147,73,0,666,34,0,83,193,154,284,23701,6266
1419.5,C:\Data\20260323_MD18-3537\20260323_MD18-3537_S01\MD18-3537_S01_XRF\XRF data\L000543.spe,1427.5,98,752,709,6222,10413,4800,307,1593,1069,107823,596,384,563,213,198,0,1305,943,247,425,45,110,144,145,89,123,0,709,0,35,193,104,46,180,25319,4556
1422,C:\Data\20260323_MD18-3537\20260323_MD18-3537_S01\MD18-3537_S01_XRF\XRF data\L000544.spe,1430,84,732,737,6389,10586,4889,226,1588,1014,108925,521,408,588,25,404,0,1666,1063,92,454,50,85,54,130,190,180,0,571,13,55,166,225,0,276,24168,6919
1424.5,C:\Data\20260323_MD18-3537\20260323_MD18-3537_S01\MD18-3537_S01_XRF\XRF data\L000545.spe,1432.5,108,780,641,6907,9348,4996,247,1612,1066,116018,493,445,590,169,163,131,1337,878,155,524,24,91,93,106,149,50,0,504,5,164,70,103,205,71,24757,8250
1427,C:\Data\20260323_MD18-3537\20260323_MD18-3537_S01\MD18-3537_S01_XRF\XRF data\L000546.spe,1435,122,838,741,7117,9839,5292,347,1760,1150,118619,451,195,617,287,237,0,2228,861,99,403,35,103,24,132,216,123,0,538,52,153,158,125,182,303,24780,5772
1429.5,C:\Data\20260323_MD18-3537\20260323_MD18-3537_S01\MD18-3537_S01_XRF\XRF data\L000547.spe,1437.5,124,883,751,7289,10429,5223,291,1789,1170,120429,555,361,715,311,198,0,1980,891,141,508,81,88,165,129,119,83,0,673,0,14,174,121,153,334,25125,7723
1434.5,C:\Data\20260323_MD18-3537\20260323_MD18-3537_S01\MD18-3537_S01_XRF\XRF data\L000549.spe,1442.5,84,808,741,7112,11543,5050,361,1699,1145,118001,467,421,658,263,214,120,2208,1020,138,453,88,99,136,144,143,168,0,712,99,0,164,145,210,44,25284,6953
1437,C:\Data\20260323_MD18-3537\20260323_MD18-3537_S01\MD18-3537_S01_XRF\XRF data\L000550.spe,1445,52,803,733,6965,12032,5224,346,1655,1099,113621,554,437,627,148,215,70,1749,1065,104,451,74,107,74,114,150,157,0,733,0,9,140,143,44,145,25379,7352
1439.5,C:\Data\20260323_MD18-3537\20260323_MD18-3537_S01\MD18-3537_S01_XRF\XRF data\L000551.spe,1447.5,67,834,706,6363,12418,5177,179,1490,1118,111461,517,401,617,151,157,93,2131,1152,0,496,35,118,189,111,36,0,0,619,0,53,194,189,254,163,24031,5358
1442,C:\Data\20260323_MD18-3537\20260323_MD18-3537_S01\MD18-3537_S01_XRF\XRF data\L000552.spe,1450,116,874,733,6488,13820,5215,316,1686,1236,110097,498,386,479,232,123,49,1095,1158,213,575,24,148,66,96,151,46,0,514,19,92,162,225,72,217,24779,7280
1444.5,C:\Data\20260323_MD18-3537\20260323_MD18-3537_S01\MD18-3537_S01_XRF\XRF data\L000553.spe,1452.5,76,835,678,6128,13489,4972,229,1556,1129,106119,502,456,596,175,306,0,1071,1135,292,574,76,134,126,179,103,110,0,614,10,39,135,203,102,374,23838,7807
1447,C:\Data\20260323_MD18-3537\20260323_MD18-3537_S01\MD18-3537_S01_XRF\XRF data\L000554.spe,1455,119,885,658,6811,12348,5220,273,1623,1134,112013,435,344,630,231,302,37,2069,1000,32,657,48,138,129,154,102,211,0,522,43,169,154,168,154,323,24360,7239
1449.5,C:\Data\20260323_MD18-3537\20260323_MD18-3537_S01\MD18-3537_S01_XRF\XRF data\L000555.spe,1457.5,93,834,644,6780,11441,4957,229,1600,1262,111189,474,467,572,119,238,0,1465,1145,181,547,57,76,156,132,138,0,0,616,11,0,94,292,36,267,24934,6677
1452,C:\Data\20260323_MD18-3537\20260323_MD18-3537_S01\MD18-3537_S01_XRF\XRF data\L000556.spe,1460,106,877,688,6673,9550,4976,372,1580,1162,113244,530,412,649,177,102,16,2215,1177,64,447,108,91,178,0,95,0,0,262,28,146,77,121,121,212,25335,6195
1454.5,C:\Data\20260323_MD18-3537\20260323_MD18-3537_S01\MD18-3537_S01_XRF\XRF data\L000557.spe,1462.5,96,829,696,6681,10426,5110,214,1695,1105,112849,537,353,651,150,254,0,1321,1099,203,472,114,79,136,143,164,178,0,587,62,162,179,165,51,299,26312,9251
1457,C:\Data\20260323_MD18-3537\20260323_MD18-3537_S01\MD18-3537_S01_XRF\XRF data\L000558.spe,1465,127,896,743,6881,10163,4922,332,1582,1154,113896,505,409,536,107,214,0,2005,1046,93,354,48,110,227,115,95,83,0,466,6,138,113,214,66,394,25918,7529
1459.5,C:\Data\20260323_MD18-3537\20260323_MD18-3537_S01\MD18-3537_S01_XRF\XRF data\L000559.spe,1467.5,96,842,719,6796,8966,5137,166,1740,1088,113738,448,537,647,107,178,69,1986,1031,103,551,72,85,93,180,167,177,0,554,91,139,111,195,201,176,25426,5504
1462,C:\Data\20260323_MD18-3537\20260323_MD18-3537_S01\MD18-3537_S01_XRF\XRF data\L000560.spe,1470,80,785,760,6725,8449,4911,304,1648,1087,112603,540,332,612,217,64,225,1519,929,165,560,81,34,151,125,82,64,0,525,0,76,198,126,55,0,25333,8906
1464.5,C:\Data\20260323_MD18-3537\20260323_MD18-3537_S01\MD18-3537_S01_XRF\XRF data\L000561.spe,1472.5,108,791,701,6881,8194,4879,260,1661,1090,113127,528,384,627,217,215,0,1795,881,147,457,43,56,64,125,147,54,0,795,28,0,197,180,116,259,26468,7207
1467,C:\Data\20260323_MD18-3537\20260323_MD18-3537_S01\MD18-3537_S01_XRF\XRF data\L000562.spe,1475,90,778,844,6785,7777,4766,191,1694,991,113223,500,467,565,59,8,121,1530,753,140,412,73,10,204,132,111,142,0,484,38,0,125,209,99,0,25142,7925
1469.5,C:\Data\20260323_MD18-3537\20260323_MD18-3537_S01\MD18-3537_S01_XRF\XRF data\L000563.spe,1477.5,109,811,558,7113,9279,5012,279,1641,1056,113391,570,505,595,68,154,71,1791,882,0,410,54,74,109,159,145,91,0,697,16,0,184,239,43,142,23898,4120
1472,C:\Data\20260323_MD18-3537\20260323_MD18-3537_S01\MD18-3537_S01_XRF\XRF data\L000564.spe,1480,100,743,606,6589,9770,4736,235,1703,914,109660,455,416,547,102,201,0,1754,982,60,487,82,96,184,142,104,193,0,365,0,98,87,186,67,186,24005,6930
1474.5,C:\Data\20260323_MD18-3537\20260323_MD18-3537_S01\MD18-3537_S01_XRF\XRF data\L000565.spe,1482.5,126,877,697,6870,10183,5032,324,1686,1117,113738,508,503,544,22,270,125,979,1014,184,454,27,81,98,157,141,133,0,463,0,165,122,247,33,90,24839,7188
1477,C:\Data\20260323_MD18-3537\20260323_MD18-3537_S01\MD18-3537_S01_XRF\XRF data\L000566.spe,1485,90,762,788,6773,10566,4974,223,1697,1080,111620,519,431,637,201,154,0,1817,1014,226,499,21,78,114,116,106,18,0,643,0,0,176,26,101,296,25171,8986
1479.5,C:\Data\20260323_MD18-3537\20260323_MD18-3537_S01\MD18-3537_S01_XRF\XRF data\L000567.spe,1487.5,53,495,506,4573,7942,3662,179,1168,796,81276,480,420,439,56,161,130,1637,981,12,429,68,28,13,94,124,53,0,659,0,0,213,182,43,106,22993,6980
1502.5,C:\Data\20260323_MD18-3537\20260323_MD18-3537_S02\MD18-3537_S02_XRF_R1\XRF data\L000004.spe,10,145,789,864,6940,10983,4940,281,1711,1067,112568,337,336,525,113,30,180,1144,1028,230,592,61,45,153,87,113,92,268,0,78,99,15,168,103,65,24131,8989
1505,C:\Data\20260323_MD18-3537\20260323_MD18-3537_S02\MD18-3537_S02_XRF_R1\XRF data\L000005.spe,12.5,111,702,824,6084,10093,4414,246,1598,1013,99995,401,294,530,159,163,118,1113,945,116,495,38,90,166,92,109,96,93,88,93,123,49,180,130,100,22970,9276
1507.5,C:\Data\20260323_MD18-3537\20260323_MD18-3537_S02\MD18-3537_S02_XRF_R1\XRF data\L000006.spe,15,63,599,643,4804,9368,3803,150,1353,878,81927,368,182,356,81,130,33,678,923,242,474,0,67,29,125,146,170,0,99,25,186,79,105,79,118,21208,6777
1510,C:\Data\20260323_MD18-3537\20260323_MD18-3537_S02\MD18-3537_S02_XRF_R1\XRF data\L000007.spe,17.5,90,555,677,4901,10145,3720,180,1203,1000,78449,325,235,364,104,162,36,588,979,120,644,41,70,113,87,84,28,393,0,0,77,29,148,0,190,20285,5916
1512.5,C:\Data\20260323_MD18-3537\20260323_MD18-3537_S02\MD18-3537_S02_XRF_R1\XRF data\L000008.spe,20,122,876,812,5648,13534,4430,219,1608,1011,87470,341,290,413,116,135,28,1200,1304,126,597,85,86,161,86,101,197,113,105,21,63,39,232,156,241,24066,7961
1515,C:\Data\20260323_MD18-3537\20260323_MD18-3537_S02\MD18-3537_S02_XRF_R1\XRF data\L000009.spe,22.5,96,812,1011,5702,14252,4560,197,1648,1021,88263,340,327,399,203,134,108,1286,1128,198,844,83,117,126,118,147,173,430,0,37,106,0,153,133,123,23785,8227
1517.5,C:\Data\20260323_MD18-3537\20260323_MD18-3537_S02\MD18-3537_S02_XRF_R1\XRF data\L000010.spe,25,71,793,1100,5287,13468,4440,288,1753,1031,90098,319,337,513,134,487,0,505,1232,279,696,99,126,156,88,109,131,482,0,27,55,22,246,194,519,24727,8354
1520,C:\Data\20260323_MD18-3537\20260323_MD18-3537_S02\MD18-3537_S02_XRF_R1\XRF data\L000011.spe,27.5,67,791,1091,5753,14670,4745,142,1757,1035,94355,432,321,633,176,278,71,1076,1111,151,637,5,141,112,87,181,152,354,146,0,18,117,162,110,288,25956,8354
1522.5,C:\Data\20260323_MD18-3537\20260323_MD18-3537_S02\MD18-3537_S02_XRF_R1\XRF data\L000012.spe,30,43,704,1053,5663,10938,4317,178,1789,1118,94134,320,279,494,69,219,0,1473,1117,9,646,83,77,139,89,142,167,482,0,103,148,55,234,131,213,23852,7952
1525,C:\Data\20260323_MD18-3537\20260323_MD18-3537_S02\MD18-3537_S02_XRF_R1\XRF data\L000013.spe,32.5,65,688,787,6181,8394,4535,216,1709,1363,100788,356,384,581,166,185,14,1637,984,101,515,49,58,153,119,179,187,191,40,108,56,0,154,109,183,23800,7989
1527.5,C:\Data\20260323_MD18-3537\20260323_MD18-3537_S02\MD18-3537_S02_XRF_R1\XRF data\L000014.spe,35,130,717,785,6292,9682,4538,213,1661,1053,104579,337,221,449,25,0,207,1370,947,166,616,109,100,176,126,111,186,295,0,41,235,13,108,182,28,22780,9216
1530,C:\Data\20260323_MD18-3537\20260323_MD18-3537_S02\MD18-3537_S02_XRF_R1\XRF data\L000015.spe,37.5,124,824,811,7193,10266,5035,201,1715,1061,112857,345,341,537,18,76,53,795,986,290,629,103,72,210,115,130,194,390,0,48,192,31,255,93,149,23936,8982
1532.5,C:\Data\20260323_MD18-3537\20260323_MD18-3537_S02\MD18-3537_S02_XRF_R1\XRF data\L000016.spe,40,123,819,822,7168,10311,5046,211,1635,1140,113730,409,376,639,137,66,251,1380,873,75,527,113,118,198,155,123,99,36,202,87,24,75,232,137,0,23481,7702
1535,C:\Data\20260323_MD18-3537\20260323_MD18-3537_S02\MD18-3537_S02_XRF_R1\XRF data\L000017.spe,42.5,74,794,723,6648,9608,4495,250,1526,1120,104573,309,221,524,214,167,105,1361,870,144,555,127,88,209,100,123,61,410,25,87,23,47,147,114,94,23037,8889
1537.5,C:\Data\20260323_MD18-3537\20260323_MD18-3537_S02\MD18-3537_S02_XRF_R1\XRF data\L000018.spe,45,78,707,621,6564,10188,4532,235,1603,1164,103726,409,325,487,17,172,85,1435,962,139,515,91,104,196,93,110,12,0,0,13,143,114,191,164,146,22460,6714
1540,C:\Data\20260323_MD18-3537\20260323_MD18-3537_S02\MD18-3537_S02_XRF_R1\XRF data\L000019.spe,47.5,73,771,732,6906,10002,4597,239,1537,1079,104809,270,366,480,79,0,215,1415,862,180,498,74,88,226,109,108,62,365,0,99,241,0,261,305,0,23134,6886
1542.5,C:\Data\20260323_MD18-3537\20260323_MD18-3537_S02\MD18-3537_S02_XRF_R1\XRF data\L000020.spe,50,85,872,731,7073,10943,5053,292,1620,1123,107631,302,154,547,161,97,89,1373,954,198,622,58,111,175,78,129,96,380,0,47,188,0,107,189,182,23341,8117
1545,C:\Data\20260323_MD18-3537\20260323_MD18-3537_S02\MD18-3537_S02_XRF_R1\XRF data\L000021.spe,52.5,145,775,714,6462,11306,4571,179,1689,1161,103227,295,276,551,112,143,102,875,908,312,437,99,121,194,114,123,43,341,0,74,193,0,243,91,267,23269,7215
1547.5,C:\Data\20260323_MD18-3537\20260323_MD18-3537_S02\MD18-3537_S02_XRF_R1\XRF data\L000022.spe,55,73,797,747,6375,12820,4680,257,1633,1172,103154,356,315,550,225,272,39,644,1026,250,574,79,74,186,120,112,152,280,57,93,167,75,128,237,256,23422,7578
1550,C:\Data\20260323_MD18-3537\20260323_MD18-3537_S02\MD18-3537_S02_XRF_R1\XRF data\L000023.spe,57.5,96,891,861,6468,13786,5089,241,1672,1163,103862,428,342,491,29,314,0,1269,1021,154,676,84,82,137,103,159,102,92,175,9,202,85,171,101,271,24699,7844
1552.5,C:\Data\20260323_MD18-3537\20260323_MD18-3537_S02\MD18-3537_S02_XRF_R1\XRF data\L000024.spe,60,77,797,816,7002,10066,4969,183,1640,1344,103969,359,294,542,159,226,30,812,1016,248,662,125,84,172,112,155,0,461,0,45,13,0,101,122,218,24406,7934
1555,C:\Data\20260323_MD18-3537\20260323_MD18-3537_S02\MD18-3537_S02_XRF_R1\XRF data\L000025.spe,62.5,123,813,738,6914,9754,4885,261,1577,1424,108654,298,353,555,31,161,115,1064,912,235,570,90,86,232,79,126,58,367,0,111,278,0,250,76,151,24118,9297
1557.5,C:\Data\20260323_MD18-3537\20260323_MD18-3537_S02\MD18-3537_S02_XRF_R1\XRF data\L000026.spe,65,112,843,703,6928,12170,4949,225,1603,1498,107282,329,339,562,299,0,203,1408,1065,167,589,113,133,189,103,101,72,439,0,36,110,29,108,306,0,23651,10098
1560,C:\Data\20260323_MD18-3537\20260323_MD18-3537_S02\MD18-3537_S02_XRF_R1\XRF data\L000027.spe,67.5,113,839,713,7325,8811,4912,231,1594,1244,109606,308,361,566,152,145,113,1326,1015,209,477,83,87,226,119,135,12,508,8,81,216,14,173,131,186,23544,7814
1562.5,C:\Data\20260323_MD18-3537\20260323_MD18-3537_S02\MD18-3537_S02_XRF_R1\XRF data\L000028.spe,70,110,773,759,6956,8283,4865,200,1682,1063,109820,360,369,581,157,219,107,1164,936,210,556,75,54,128,171,151,173,96,333,84,0,120,145,169,149,23746,8540
1565,C:\Data\20260323_MD18-3537\20260323_MD18-3537_S02\MD18-3537_S02_XRF_R1\XRF data\L000029.spe,72.5,114,825,808,6985,10880,4828,194,1690,1136,109676,392,372,477,41,129,237,920,1078,262,552,87,118,163,114,142,71,118,47,100,168,60,264,162,0,23676,7602
1567.5,C:\Data\20260323_MD18-3537\20260323_MD18-3537_S02\MD18-3537_S02_XRF_R1\XRF data\L000030.spe,75,112,743,832,6858,13988,5064,192,1672,1225,110318,358,281,492,284,201,107,1617,974,60,588,136,154,136,162,174,219,383,38,78,204,44,63,210,156,24846,7151
1570,C:\Data\20260323_MD18-3537\20260323_MD18-3537_S02\MD18-3537_S02_XRF_R1\XRF data\L000031.spe,77.5,125,814,793,6907,16931,4881,242,1623,1263,108971,333,313,465,86,190,0,1153,1058,276,507,121,120,203,136,109,34,293,108,61,154,47,181,0,403,24080,8892
1572.5,C:\Data\20260323_MD18-3537\20260323_MD18-3537_S02\MD18-3537_S02_XRF_R1\XRF data\L000032.spe,80,70,697,763,6583,17296,4862,253,1567,1179,105061,330,272,494,195,367,0,1064,1126,247,479,83,183,136,110,115,100,295,19,11,146,94,217,72,410,23539,6668
1575,C:\Data\20260323_MD18-3537\20260323_MD18-3537_S02\MD18-3537_S02_XRF_R1\XRF data\L000033.spe,82.5,119,797,751,7071,11157,4839,272,1594,1085,109181,183,214,420,133,98,18,1803,1074,119,552,106,92,227,83,93,23,407,0,204,333,0,227,147,268,23932,7937
1577.5,C:\Data\20260323_MD18-3537\20260323_MD18-3537_S02\MD18-3537_S02_XRF_R1\XRF data\L000034.spe,85,106,753,726,7552,7323,4839,270,1665,1074,114150,328,260,529,62,129,256,991,901,317,492,29,82,125,150,160,145,257,0,109,235,10,218,236,0,24559,7830
1580,C:\Data\20260323_MD18-3537\20260323_MD18-3537_S02\MD18-3537_S02_XRF_R1\XRF data\L000035.spe,87.5,111,744,734,7316,9613,4784,247,1738,1138,113029,289,402,521,62,97,66,1883,980,121,606,116,88,223,111,117,75,405,47,120,32,73,164,228,184,24782,6228
1582.5,C:\Data\20260323_MD18-3537\20260323_MD18-3537_S02\MD18-3537_S02_XRF_R1\XRF data\L000036.spe,90,112,759,684,7063,10020,4864,249,1672,1020,111568,315,343,550,220,223,111,1186,1007,40,525,106,96,198,112,104,77,266,59,41,79,19,162,171,178,23804,6674
1585,C:\Data\20260323_MD18-3537\20260323_MD18-3537_S02\MD18-3537_S02_XRF_R1\XRF data\L000037.spe,92.5,106,837,752,7116,5479,4704,298,1729,1078,112898,293,421,559,131,60,57,2199,913,103,485,35,79,217,130,107,37,396,143,107,82,58,247,183,149,24123,9403
1587.5,C:\Data\20260323_MD18-3537\20260323_MD18-3537_S02\MD18-3537_S02_XRF_R1\XRF data\L000038.spe,95,68,796,736,7111,5542,4829,272,1737,1007,116005,300,227,576,61,262,118,1282,881,193,536,148,42,224,135,139,45,506,0,91,293,48,300,265,233,24537,6724
1590,C:\Data\20260323_MD18-3537\20260323_MD18-3537_S02\MD18-3537_S02_XRF_R1\XRF data\L000039.spe,97.5,94,803,755,7161,5696,4790,196,1693,854,115033,272,247,512,199,70,64,1274,832,253,635,92,63,214,135,170,212,696,0,91,311,0,172,186,162,24517,6652
1592.5,C:\Data\20260323_MD18-3537\20260323_MD18-3537_S02\MD18-3537_S02_XRF_R1\XRF data\L000040.spe,100,95,836,749,7060,6797,4694,257,1512,1152,114167,271,290,543,131,159,132,1308,933,229,524,39,46,205,124,151,22,599,0,151,265,15,161,178,101,24392,7128
1595,C:\Data\20260323_MD18-3537\20260323_MD18-3537_S02\MD18-3537_S02_XRF_R1\XRF data\L000041.spe,102.5,126,840,758,6968,7984,4949,280,1692,1023,114971,278,196,484,109,61,129,1170,993,189,488,87,75,206,79,166,88,506,0,90,242,0,165,124,76,24987,7889
1597.5,C:\Data\20260323_MD18-3537\20260323_MD18-3537_S02\MD18-3537_S02_XRF_R1\XRF data\L000042.spe,105,80,884,771,6805,8731,4928,223,1759,1245,116427,257,324,493,174,236,11,1477,954,123,475,137,73,245,146,100,108,812,0,151,228,0,223,110,270,24997,8232
1600,C:\Data\20260323_MD18-3537\20260323_MD18-3537_S02\MD18-3537_S02_XRF_R1\XRF data\L000043.spe,107.5,91,890,766,6717,9003,5012,161,1755,1174,115245,268,287,535,123,29,9,1296,884,98,640,38,78,237,102,93,86,876,0,92,200,0,153,155,82,24288,8693
1602.5,C:\Data\20260323_MD18-3537\20260323_MD18-3537_S02\MD18-3537_S02_XRF_R1\XRF data\L000044.spe,110,103,818,719,6267,9904,5040,194,1730,1053,110743,283,289,513,192,0,195,1436,1111,176,575,90,92,136,117,186,44,661,0,200,159,35,180,263,32,24048,7942
1605,C:\Data\20260323_MD18-3537\20260323_MD18-3537_S02\MD18-3537_S02_XRF_R1\XRF data\L000045.spe,112.5,124,887,737,6512,10551,5046,239,1691,1091,106969,353,373,495,191,50,122,922,987,233,615,44,100,148,94,156,99,441,0,95,101,30,120,229,15,23802,8481
1607.5,C:\Data\20260323_MD18-3537\20260323_MD18-3537_S02\MD18-3537_S02_XRF_R1\XRF data\L000046.spe,115,101,838,803,6360,10729,4831,205,1665,1049,103665,356,290,499,293,102,13,1328,1133,131,639,93,113,214,151,134,143,641,0,107,125,38,84,189,239,24691,7557
1610,C:\Data\20260323_MD18-3537\20260323_MD18-3537_S02\MD18-3537_S02_XRF_R1\XRF data\L000047.spe,117.5,79,812,732,6197,11431,4946,163,1789,1022,100921,264,391,546,175,91,94,978,1123,208,695,32,57,190,78,133,175,504,0,141,122,5,143,172,66,23394,4760
1612.5,C:\Data\20260323_MD18-3537\20260323_MD18-3537_S02\MD18-3537_S02_XRF_R1\XRF data\L000048.spe,120,92,901,813,6128,11369,4927,212,1709,1202,98535,340,338,436,227,208,24,1159,953,75,757,99,66,169,111,195,89,491,0,121,47,62,100,27,151,24524,6384
1615,C:\Data\20260323_MD18-3537\20260323_MD18-3537_S02\MD18-3537_S02_XRF_R1\XRF data\L000049.spe,122.5,125,861,866,6154,11701,4959,239,1649,1131,100796,360,380,550,77,325,0,1276,1112,114,638,80,81,126,130,169,164,455,0,52,0,20,239,39,285,24538,8396
1617.5,C:\Data\20260323_MD18-3537\20260323_MD18-3537_S02\MD18-3537_S02_XRF_R1\XRF data\L000050.spe,125,132,713,960,5893,10298,4965,159,1673,1072,97308,300,216,553,335,0,118,586,1128,264,670,78,81,89,135,193,243,548,0,30,196,0,131,97,59,24288,7712
1620,C:\Data\20260323_MD18-3537\20260323_MD18-3537_S02\MD18-3537_S02_XRF_R1\XRF data\L000051.spe,127.5,104,765,756,5681,10628,4763,210,1671,1032,94246,378,297,490,204,85,91,567,971,265,825,87,92,99,123,151,146,580,0,40,144,50,147,159,17,23612,9405
1622.5,C:\Data\20260323_MD18-3537\20260323_MD18-3537_S02\MD18-3537_S02_XRF_R1\XRF data\L000052.spe,130,94,758,807,5677,9937,4507,256,1623,1035,91632,218,249,414,183,50,63,824,1070,152,690,103,65,205,66,115,134,603,0,77,0,0,111,48,85,23208,9651
1625,C:\Data\20260323_MD18-3537\20260323_MD18-3537_S02\MD18-3537_S02_XRF_R1\XRF data\L000053.spe,132.5,111,805,733,6183,8081,4663,234,1541,1183,101667,216,337,457,51,151,33,1060,890,206,586,90,56,119,120,209,119,742,0,74,0,0,272,24,105,23515,8364
1627.5,C:\Data\20260323_MD18-3537\20260323_MD18-3537_S02\MD18-3537_S02_XRF_R1\XRF data\L000054.spe,135,55,840,729,6163,9702,4703,211,1664,1212,102899,242,390,493,189,76,77,871,974,209,516,101,48,145,117,188,199,764,0,109,111,0,178,195,241,23475,7733
1630,C:\Data\20260323_MD18-3537\20260323_MD18-3537_S02\MD18-3537_S02_XRF_R1\XRF data\L000055.spe,137.5,119,760,791,6366,8191,4680,179,1574,1142,103957,272,262,387,135,218,88,1117,915,37,541,110,23,164,114,166,122,685,0,115,254,0,204,178,154,23745,6181
1632.5,C:\Data\20260323_MD18-3537\20260323_MD18-3537_S02\MD18-3537_S02_XRF_R1\XRF data\L000056.spe,140,130,830,704,6864,7763,4643,235,1551,1165,110912,224,305,502,57,84,56,1276,911,152,516,85,28,276,96,88,88,845,0,121,199,0,238,36,83,23950,9420
1635,C:\Data\20260323_MD18-3537\20260323_MD18-3537_S02\MD18-3537_S02_XRF_R1\XRF data\L000057.spe,142.5,119,739,723,6778,7303,4581,184,1703,1075,106789,254,283,499,156,0,320,1229,994,241,545,122,37,239,124,94,35,764,0,70,195,0,191,207,0,23552,8251
1637.5,C:\Data\20260323_MD18-3537\20260323_MD18-3537_S02\MD18-3537_S02_XRF_R1\XRF data\L000058.spe,145,99,779,764,6671,8427,4538,258,1601,984,107899,167,292,495,246,358,36,885,894,194,461,61,52,268,58,145,166,884,0,173,140,0,218,191,288,23572,7052
1640,C:\Data\20260323_MD18-3537\20260323_MD18-3537_S02\MD18-3537_S02_XRF_R1\XRF data\L000059.spe,147.5,97,778,704,6793,10332,5051,193,1688,1033,109469,129,268,434,118,191,49,1486,893,249,553,89,88,187,126,169,209,792,0,195,185,0,133,122,222,24008,8507
1642.5,C:\Data\20260323_MD18-3537\20260323_MD18-3537_S02\MD18-3537_S02_XRF_R1\XRF data\L000060.spe,150,88,839,779,6447,11703,4999,146,1737,972,107779,222,301,491,162,189,136,826,989,335,680,73,130,160,152,200,250,961,0,87,155,0,126,219,79,24041,10705
1645,C:\Data\20260323_MD18-3537\20260323_MD18-3537_S02\MD18-3537_S02_XRF_R1\XRF data\L000061.spe,152.5,101,909,756,6457,12273,5227,198,1672,1050,110329,255,284,516,169,0,165,838,1004,172,680,105,115,230,104,102,94,619,0,105,198,0,141,78,0,22863,6960
1647.5,C:\Data\20260323_MD18-3537\20260323_MD18-3537_S02\MD18-3537_S02_XRF_R1\XRF data\L000062.spe,155,123,920,753,6150,12308,5125,137,1700,1069,105455,266,270,473,164,172,145,1182,1121,215,801,106,116,186,116,126,145,840,0,104,123,68,138,152,77,23391,8828
1650,C:\Data\20260323_MD18-3537\20260323_MD18-3537_S02\MD18-3537_S02_XRF_R1\XRF data\L000063.spe,157.5,130,951,766,6460,13486,5169,254,1763,1208,102251,223,263,507,127,252,0,675,1119,235,783,38,192,219,111,128,131,1135,0,148,241,0,250,150,269,24182,9106
1652.5,C:\Data\20260323_MD18-3537\20260323_MD18-3537_S02\MD18-3537_S02_XRF_R1\XRF data\L000064.spe,160,86,901,764,6328,13534,4988,147,1789,1147,99179,321,332,512,153,136,57,183,1197,381,735,82,147,55,137,216,133,1008,0,104,112,0,183,120,261,24171,8295
1655,C:\Data\20260323_MD18-3537\20260323_MD18-3537_S02\MD18-3537_S02_XRF_R1\XRF data\L000065.spe,162.5,86,874,738,5970,13326,4594,176,1685,1140,94324,230,139,451,196,158,76,590,1244,167,759,58,139,269,83,119,34,1103,0,78,206,0,165,125,41,22732,8929
1657.5,C:\Data\20260323_MD18-3537\20260323_MD18-3537_S02\MD18-3537_S02_XRF_R1\XRF data\L000066.spe,165,121,942,821,5461,13845,4828,208,1660,1093,91268,293,291,468,65,254,0,988,1313,128,811,40,174,145,73,182,90,574,0,39,72,24,230,172,309,23736,8067
1660,C:\Data\20260323_MD18-3537\20260323_MD18-3537_S02\MD18-3537_S02_XRF_R1\XRF data\L000067.spe,167.5,95,911,820,5119,15613,4626,307,1637,958,83424,289,288,407,211,212,0,435,1151,221,910,0,218,156,114,113,181,649,0,22,0,0,109,103,113,24651,6554
1662.5,C:\Data\20260323_MD18-3537\20260323_MD18-3537_S02\MD18-3537_S02_XRF_R1\XRF data\L000068.spe,170,69,839,895,4892,14709,4272,252,1747,1029,80538,299,278,364,319,286,0,978,1302,151,664,97,146,175,120,104,69,656,0,0,0,0,94,187,257,25199,8765
1665,C:\Data\20260323_MD18-3537\20260323_MD18-3537_S02\MD18-3537_S02_XRF_R1\XRF data\L000069.spe,172.5,60,788,1000,5144,14243,4467,144,1510,931,83277,266,403,423,91,108,36,774,1312,190,676,64,129,89,139,112,136,703,0,101,0,0,222,136,225,25307,7255
1667.5,C:\Data\20260323_MD18-3537\20260323_MD18-3537_S02\MD18-3537_S02_XRF_R1\XRF data\L000070.spe,175,96,814,988,5123,13609,4308,188,1660,1046,82824,342,197,379,147,313,9,798,1321,213,747,37,112,150,135,145,65,662,0,27,173,19,223,117,253,24742,8343
1670,C:\Data\20260323_MD18-3537\20260323_MD18-3537_S02\MD18-3537_S02_XRF_R1\XRF data\L000071.spe,177.5,56,723,1013,4765,14418,3933,183,1729,912,81341,207,230,335,58,217,108,717,1499,144,691,98,177,160,84,137,228,947,0,88,93,0,256,27,238,22615,8772
1672.5,C:\Data\20260323_MD18-3537\20260323_MD18-3537_S02\MD18-3537_S02_XRF_R1\XRF data\L000072.spe,180,77,536,1376,4034,12111,3418,182,1822,934,79820,372,285,397,327,274,0,622,1702,121,594,11,89,151,79,100,209,821,0,6,90,126,191,184,308,23191,10209
1675,C:\Data\20260323_MD18-3537\20260323_MD18-3537_S02\MD18-3537_S02_XRF_R1\XRF data\L000073.spe,182.5,44,296,2070,2972,10204,2792,120,1644,837,64084,278,324,313,56,255,0,512,1811,35,311,0,135,25,77,181,199,629,0,0,0,0,257,135,212,23256,8505
1677.5,C:\Data\20260323_MD18-3537\20260323_MD18-3537_S02\MD18-3537_S02_XRF_R1\XRF data\L000074.spe,185,60,594,1073,4639,11628,3785,230,1664,1044,79514,237,273,356,244,290,39,314,1552,198,324,9,70,76,96,129,229,903,0,9,58,13,46,134,0,22621,8298
1680,C:\Data\20260323_MD18-3537\20260323_MD18-3537_S02\MD18-3537_S02_XRF_R1\XRF data\L000075.spe,187.5,35,651,869,5718,11337,4238,146,1539,1372,89965,177,256,409,0,302,0,660,1371,245,472,44,58,208,92,142,133,1157,0,133,150,0,233,97,344,22442,9288
1682.5,C:\Data\20260323_MD18-3537\20260323_MD18-3537_S02\MD18-3537_S02_XRF_R1\XRF data\L000076.spe,190,88,759,780,6051,11925,4505,199,1650,1253,95896,195,176,459,202,220,0,0,1286,323,595,147,60,154,110,175,183,1030,0,150,270,0,159,116,229,23327,7927
1685,C:\Data\20260323_MD18-3537\20260323_MD18-3537_S02\MD18-3537_S02_XRF_R1\XRF data\L000077.spe,192.5,105,794,749,6310,13341,4868,217,1731,1303,100530,168,248,447,151,61,150,847,1161,323,732,94,89,204,92,202,224,1235,0,133,193,0,95,63,0,24281,10568
1687.5,C:\Data\20260323_MD18-3537\20260323_MD18-3537_S02\MD18-3537_S02_XRF_R1\XRF data\L000078.spe,195,92,786,755,6397,14008,4832,165,1722,1129,97404,273,289,553,248,238,21,0,1250,390,713,76,112,128,103,193,195,844,0,71,136,0,100,124,95,24515,8406
1690,C:\Data\20260323_MD18-3537\20260323_MD18-3537_S02\MD18-3537_S02_XRF_R1\XRF data\L000079.spe,197.5,98,800,843,6040,13445,4620,206,1713,1099,93727,265,343,411,13,290,0,568,1263,174,637,75,71,203,78,156,90,1020,0,107,43,20,230,120,274,23796,8207
1692.5,C:\Data\20260323_MD18-3537\20260323_MD18-3537_S02\MD18-3537_S02_XRF_R1\XRF data\L000080.spe,200,109,820,906,5747,14381,4474,228,1576,1168,86099,208,175,405,227,203,163,560,1285,245,770,79,114,117,103,145,142,1019,0,57,139,0,155,0,94,23664,9808
1695,C:\Data\20260323_MD18-3537\20260323_MD18-3537_S02\MD18-3537_S02_XRF_R1\XRF data\L000081.spe,202.5,86,754,940,5934,13661,4661,226,1735,1143,88105,185,201,407,76,50,245,618,1312,212,765,86,102,145,89,167,185,1194,0,77,135,0,217,0,6,22544,9199
1697.5,C:\Data\20260323_MD18-3537\20260323_MD18-3537_S02\MD18-3537_S02_XRF_R1\XRF data\L000082.spe,205,84,768,794,6434,14205,4589,169,1625,1775,95096,279,283,487,180,128,87,1290,1095,182,749,77,128,252,93,163,7,1117,0,117,26,0,173,213,183,24143,8705
1700,C:\Data\20260323_MD18-3537\20260323_MD18-3537_S02\MD18-3537_S02_XRF_R1\XRF data\L000083.spe,207.5,80,722,732,6332,14324,4725,211,1610,1510,101604,169,174,470,44,0,256,717,1141,240,571,82,173,217,49,140,203,1402,0,183,199,0,265,114,12,22388,8294
1702.5,C:\Data\20260323_MD18-3537\20260323_MD18-3537_S02\MD18-3537_S02_XRF_R1\XRF data\L000084.spe,210,76,756,786,6491,14207,4856,231,1714,1439,102976,269,328,516,166,193,47,431,1006,328,649,112,142,215,112,162,148,833,0,150,114,0,171,141,225,22989,10637
1705,C:\Data\20260323_MD18-3537\20260323_MD18-3537_S02\MD18-3537_S02_XRF_R1\XRF data\L000085.spe,212.5,100,778,734,6343,11628,4649,253,1617,1377,102532,142,248,548,51,34,33,527,1094,221,593,81,94,174,81,136,98,1392,0,114,202,0,241,230,192,22720,8167
1707.5,C:\Data\20260323_MD18-3537\20260323_MD18-3537_S02\MD18-3537_S02_XRF_R1\XRF data\L000086.spe,215,99,758,774,7087,7683,4956,205,1672,1584,110718,164,310,456,204,53,105,760,874,242,644,87,55,283,54,123,75,1680,0,169,299,0,83,180,128,23535,7133
1710,C:\Data\20260323_MD18-3537\20260323_MD18-3537_S02\MD18-3537_S02_XRF_R1\XRF data\L000087.spe,217.5,101,793,791,7147,5188,4914,229,1724,1214,113113,106,292,470,63,114,175,830,852,222,619,85,23,350,130,131,177,2024,0,184,209,0,173,213,125,23581,9355
1712.5,C:\Data\20260323_MD18-3537\20260323_MD18-3537_S02\MD18-3537_S02_XRF_R1\XRF data\L000088.spe,220,118,807,812,7364,5249,5151,223,1661,1074,115783,201,237,460,111,202,208,879,963,210,539,104,63,250,117,184,86,1387,0,131,177,0,215,113,0,24446,9437
1715,C:\Data\20260323_MD18-3537\20260323_MD18-3537_S02\MD18-3537_S02_XRF_R1\XRF data\L000089.spe,222.5,105,716,770,6993,5838,4748,216,1690,1073,112787,69,374,495,84,181,181,828,850,296,557,68,71,264,117,160,158,1727,0,155,133,0,233,242,149,24273,9026
1717.5,C:\Data\20260323_MD18-3537\20260323_MD18-3537_S02\MD18-3537_S02_XRF_R1\XRF data\L000090.spe,225,113,710,785,6769,8364,4864,178,1714,1048,109575,56,141,404,152,100,201,540,1033,372,557,109,92,269,100,178,136,1742,0,241,318,0,174,181,129,24005,11174
1720,C:\Data\20260323_MD18-3537\20260323_MD18-3537_S02\MD18-3537_S02_XRF_R1\XRF data\L000091.spe,227.5,130,822,779,6594,10475,4901,221,1694,1120,108364,207,267,514,110,181,70,491,933,271,539,101,121,215,124,127,140,1398,0,136,111,7,181,71,160,23222,9078
1722.5,C:\Data\20260323_MD18-3537\20260323_MD18-3537_S02\MD18-3537_S02_XRF_R1\XRF data\L000092.spe,230,109,865,764,6754,11202,5002,210,1570,1120,109514,98,171,486,117,97,144,0,957,337,707,82,157,261,132,159,103,1552,0,208,46,0,222,184,0,23026,8580
1725,C:\Data\20260323_MD18-3537\20260323_MD18-3537_S02\MD18-3537_S02_XRF_R1\XRF data\L000093.spe,232.5,112,804,760,7037,9577,4920,202,1749,1038,112451,67,118,500,282,63,180,962,962,278,647,154,96,247,143,152,228,1889,0,154,350,0,95,215,160,24019,11301
1727.5,C:\Data\20260323_MD18-3537\20260323_MD18-3537_S02\MD18-3537_S02_XRF_R1\XRF data\L000094.spe,235,99,842,779,7680,9176,5013,300,1830,1139,116018,168,277,501,16,0,155,241,915,247,553,74,99,217,90,175,190,1709,0,166,168,0,221,159,0,24108,10988
1730,C:\Data\20260323_MD18-3537\20260323_MD18-3537_S02\MD18-3537_S02_XRF_R1\XRF data\L000095.spe,237.5,111,828,785,7470,9954,5368,193,1791,1127,117057,109,246,517,90,226,184,1108,937,184,540,92,98,224,117,215,247,1763,0,218,326,0,172,131,62,24447,9926
1735,C:\Data\20260323_MD18-3537\20260323_MD18-3537_S02\MD18-3537_S02_XRF_R1\XRF data\L000097.spe,242.5,127,837,834,6969,11930,4847,195,1767,1236,110403,39,231,488,107,56,89,419,1063,277,637,117,152,339,118,126,113,1860,0,196,141,0,86,177,0,23459,10939
1737.5,C:\Data\20260323_MD18-3537\20260323_MD18-3537_S02\MD18-3537_S02_XRF_R1\XRF data\L000098.spe,245,79,788,929,6476,13966,5057,230,1642,1384,104990,140,287,443,131,47,124,440,1173,346,665,118,71,272,93,132,0,1687,0,132,136,0,102,129,0,24913,12686
1740,C:\Data\20260323_MD18-3537\20260323_MD18-3537_S02\MD18-3537_S02_XRF_R1\XRF data\L000099.spe,247.5,90,813,883,6492,14848,5152,201,1736,1285,102647,146,295,460,217,18,12,497,1188,336,651,129,178,258,69,175,127,1859,0,144,181,0,146,150,189,24215,8903
1742.5,C:\Data\20260323_MD18-3537\20260323_MD18-3537_S02\MD18-3537_S02_XRF_R1\XRF data\L000100.spe,250,95,765,860,6158,15463,5123,140,1745,1392,97606,116,140,452,45,0,108,1019,1217,203,737,100,165,187,119,173,138,1850,0,144,332,0,289,168,193,22753,7047
1745,C:\Data\20260323_MD18-3537\20260323_MD18-3537_S02\MD18-3537_S02_XRF_R1\XRF data\L000101.spe,252.5,76,795,806,5743,16770,4865,177,1666,1172,89309,119,254,397,0,0,36,974,1258,178,649,65,194,146,110,191,252,1704,0,75,52,0,220,143,112,24254,9535
1747.5,C:\Data\20260323_MD18-3537\20260323_MD18-3537_S02\MD18-3537_S02_XRF_R1\XRF data\L000102.spe,255,94,828,951,5075,19106,4634,219,1690,1237,83147,207,144,434,265,127,13,520,1285,323,885,55,145,168,108,198,66,1438,0,67,112,0,191,179,165,23783,11314
1750,C:\Data\20260323_MD18-3537\20260323_MD18-3537_S02\MD18-3537_S02_XRF_R1\XRF data\L000103.spe,257.5,108,799,1008,5418,14634,4581,126,1647,1256,85750,99,156,387,271,90,14,0,1293,136,622,144,168,224,85,127,92,1871,0,116,0,0,126,236,140,23956,8527
1767.5,C:\Data\20260323_MD18-3537\20260323_MD18-3537_S02\MD18-3537_S02_XRF_R1\XRF data\L000110.spe,275,62,723,874,6975,8792,4666,240,1683,1177,109109,121,265,571,155,104,117,474,964,287,520,130,71,222,108,201,151,1717,0,228,230,0,141,162,20,23415,9139
1817.5,C:\Data\20260323_MD18-3537\20260323_MD18-3537_S02\MD18-3537_S02_XRF_R1\XRF data\L000130.spe,325,112,846,802,6603,12565,4775,227,1721,1108,100699,124,267,462,41,56,0,1011,1066,179,589,64,100,213,108,145,222,1698,0,196,205,0,220,235,322,23961,8061
1827.5,C:\Data\20260323_MD18-3537\20260323_MD18-3537_S02\MD18-3537_S02_XRF_R1\XRF data\L000134.spe,335,107,842,792,6987,12714,5032,155,1653,1384,110264,109,161,485,201,98,38,280,1071,411,551,116,97,264,139,209,220,1994,0,151,92,0,160,235,209,24173,10611
1847.5,C:\Data\20260323_MD18-3537\20260323_MD18-3537_S02\MD18-3537_S02_XRF_R1\XRF data\L000142.spe,355,127,858,797,6796,11919,4936,183,1635,1381,111347,76,174,517,192,212,0,690,1076,155,635,131,170,217,142,208,193,1950,0,200,252,0,155,181,98,24283,11572
1850,C:\Data\20260323_MD18-3537\20260323_MD18-3537_S02\MD18-3537_S02_XRF_R1\XRF data\L000143.spe,357.5,128,838,782,6851,11975,5082,189,1656,1384,109268,106,270,510,147,144,235,534,1050,279,639,58,149,194,98,246,189,1693,0,180,153,0,151,0,0,24415,10107
1857.5,C:\Data\20260323_MD18-3537\20260323_MD18-3537_S02\MD18-3537_S02_XRF_R1\XRF data\L000146.spe,365,107,745,800,7314,6161,5012,277,1733,1469,107752,97,347,474,13,281,250,304,990,348,562,85,83,168,83,172,302,1821,0,229,272,0,196,140,0,23920,7734
1870,C:\Data\20260323_MD18-3537\20260323_MD18-3537_S02\MD18-3537_S02_XRF_R1\XRF data\L000151.spe,377.5,151,860,842,6455,11116,4689,118,1650,1018,94829,200,292,460,70,127,107,108,1251,294,708,74,118,166,114,182,221,1289,0,89,90,0,221,0,4,23600,10979
1872.5,C:\Data\20260323_MD18-3537\20260323_MD18-3537_S02\MD18-3537_S02_XRF_R1\XRF data\L000152.spe,380,116,839,777,5368,14131,4408,153,1686,915,83904,127,259,422,190,33,45,372,1186,251,754,77,200,289,97,97,214,1554,0,112,100,0,159,70,172,23425,10206
1882.5,C:\Data\20260323_MD18-3537\20260323_MD18-3537_S02\MD18-3537_S02_XRF_R1\XRF data\L000156.spe,390,88,833,798,6682,11604,4892,226,1642,1239,108346,193,241,597,212,155,124,858,965,291,676,66,94,262,69,115,144,1660,0,144,58,12,109,101,40,24050,8443
1887.5,C:\Data\20260323_MD18-3537\20260323_MD18-3537_S02\MD18-3537_S02_XRF_R1\XRF data\L000158.spe,395,101,811,756,6994,10319,4965,206,1619,1190,110715,122,295,511,0,0,208,444,1043,282,592,65,74,232,75,207,153,1938,0,196,257,0,293,195,0,23857,8346
1890,C:\Data\20260323_MD18-3537\20260323_MD18-3537_S02\MD18-3537_S02_XRF_R1\XRF data\L000159.spe,397.5,100,771,704,6698,11012,4772,263,1565,1255,108913,80,234,487,79,199,44,768,1046,251,625,67,133,253,103,153,106,1844,0,178,182,0,179,168,167,23427,10097
1907.5,C:\Data\20260323_MD18-3537\20260323_MD18-3537_S02\MD18-3537_S02_XRF_R1\XRF data\L000166.spe,415,81,814,905,6821,7922,4868,199,1771,1049,113262,0,209,476,178,95,148,1108,893,226,554,140,110,190,158,176,197,1952,0,234,89,0,97,102,0,24630,8246
1922.5,C:\Data\20260323_MD18-3537\20260323_MD18-3537_S02\MD18-3537_S02_XRF_R1\XRF data\L000172.spe,430,90,812,827,6176,11399,4893,185,1669,1036,100673,79,312,456,38,255,62,787,1166,218,799,128,117,213,115,172,165,1672,0,194,54,0,272,182,285,23140,10237
1925,C:\Data\20260323_MD18-3537\20260323_MD18-3537_S02\MD18-3537_S02_XRF_R1\XRF data\L000173.spe,432.5,69,801,844,6349,11367,4680,195,1636,1079,99206,133,356,399,108,118,110,383,1027,317,767,83,126,188,82,219,140,1759,0,125,0,0,180,140,179,24330,10326
1932.5,C:\Data\20260323_MD18-3537\20260323_MD18-3537_S02\MD18-3537_S02_XRF_R1\XRF data\L000176.spe,440,113,777,773,6943,6770,4813,230,1678,926,112023,162,249,505,109,0,214,710,876,299,672,91,51,135,94,172,186,1820,0,152,100,0,166,115,0,24493,9255
1945,C:\Data\20260323_MD18-3537\20260323_MD18-3537_S02\MD18-3537_S02_XRF_R1\XRF data\L000181.spe,452.5,90,714,875,6386,11757,4726,135,1610,1155,104372,42,237,506,0,194,51,925,953,216,609,77,135,240,124,177,143,2149,0,197,184,0,276,84,268,23683,8663
1965,C:\Data\20260323_MD18-3537\20260323_MD18-3537_S02\MD18-3537_S02_XRF_R1\XRF data\L000189.spe,472.5,98,771,844,6160,13678,4755,93,1619,1324,99567,88,263,438,103,195,95,273,1099,323,786,74,122,157,94,166,197,2241,0,165,152,0,223,170,137,23158,9446
1972.5,C:\Data\20260323_MD18-3537\20260323_MD18-3537_S02\MD18-3537_S02_XRF_R1\XRF data\L000192.spe,480,59,786,883,5904,15487,4575,206,1618,1313,94933,116,202,427,119,126,30,350,1183,238,707,46,129,302,74,114,116,1584,0,188,157,0,169,191,207,23280,10040
1985,C:\Data\20260323_MD18-3537\20260323_MD18-3537_S02\MD18-3537_S02_XRF_R1\XRF data\L000197.spe,492.5,81,702,834,5555,14002,4462,154,1571,1227,87503,204,150,399,162,133,76,137,1059,330,710,119,96,246,88,136,121,1656,0,134,215,22,106,72,106,22903,9552
1992.5,C:\Data\20260323_MD18-3537\20260323_MD18-3537_S02\MD18-3537_S02_XRF_R1\XRF data\L000200.spe,500,72,745,924,5695,14633,4346,177,1724,1265,88450,86,240,404,141,56,164,736,1160,283,714,89,148,241,94,159,148,1712,0,176,73,0,122,226,0,22726,10947
2047.5,C:\Data\20260323_MD18-3537\20260323_MD18-3537_S02\MD18-3537_S02_XRF_R1\XRF data\L000222.spe,555,83,800,951,5508,17534,4434,152,1633,1066,83992,112,261,391,38,89,84,598,1395,178,728,94,237,215,125,201,208,1794,0,147,118,0,239,69,0,24733,7563
2050,C:\Data\20260323_MD18-3537\20260323_MD18-3537_S02\MD18-3537_S02_XRF_R1\XRF data\L000223.spe,557.5,80,843,847,5729,16649,4422,193,1615,1048,84681,168,255,405,189,87,40,0,1317,356,928,49,220,279,86,152,150,1604,0,84,80,0,154,130,148,24175,9780
2057.5,C:\Data\20260323_MD18-3537\20260323_MD18-3537_S02\MD18-3537_S02_XRF_R1\XRF data\L000226.spe,565,92,738,1009,4180,19825,3900,148,1410,1057,68577,139,259,300,200,221,54,72,1287,236,795,85,214,152,59,174,99,1575,0,62,86,0,158,114,188,23452,8208
2070,C:\Data\20260323_MD18-3537\20260323_MD18-3537_S02\MD18-3537_S02_XRF_R1\XRF data\L000231.spe,577.5,66,657,1147,5736,15711,4675,224,1762,1276,91901,256,302,395,79,123,63,588,1112,302,719,35,171,177,100,137,254,1992,0,50,64,0,240,62,68,24382,10652
2075,C:\Data\20260323_MD18-3537\20260323_MD18-3537_S02\MD18-3537_S02_XRF_R1\XRF data\L000233.spe,582.5,68,659,959,5648,15591,4463,118,1523,1225,87371,77,222,452,137,134,159,734,1285,320,726,71,164,86,127,256,78,1817,0,141,160,0,219,158,0,24387,10729
2077.5,C:\Data\20260323_MD18-3537\20260323_MD18-3537_S02\MD18-3537_S02_XRF_R1\XRF data\L000234.spe,585,100,731,839,5370,14837,4196,174,1658,1103,85228,44,328,342,170,166,55,210,1146,364,683,66,147,179,50,181,129,1639,0,118,30,0,166,164,172,23408,9759
2082.5,C:\Data\20260323_MD18-3537\20260323_MD18-3537_S02\MD18-3537_S02_XRF_R1\XRF data\L000236.spe,590,95,825,866,6024,12772,4520,234,1629,1114,98559,27,317,517,194,261,107,387,976,197,640,93,155,229,99,121,313,1964,0,180,154,0,184,46,138,22784,11985
2100,C:\Data\20260323_MD18-3537\20260323_MD18-3537_S02\MD18-3537_S02_XRF_R1\XRF data\L000243.spe,607.5,89,748,796,6900,9738,4897,231,1690,1288,113874,127,236,524,225,0,157,670,904,319,668,104,110,260,119,180,65,2068,0,137,299,0,220,288,11,22933,10505
2105,C:\Data\20260323_MD18-3537\20260323_MD18-3537_S02\MD18-3537_S02_XRF_R1\XRF data\L000245.spe,612.5,92,843,822,6344,12627,4943,173,1747,1068,107591,161,264,473,342,277,8,819,1024,255,710,122,130,243,123,209,240,1708,0,174,124,0,116,70,317,24690,12743
2107.5,C:\Data\20260323_MD18-3537\20260323_MD18-3537_S02\MD18-3537_S02_XRF_R1\XRF data\L000246.spe,615,112,793,810,6394,10619,4981,179,1782,1085,108953,90,233,503,208,158,131,464,1047,299,678,120,96,203,73,166,213,1968,0,176,179,0,95,233,62,23366,11451
2110,C:\Data\20260323_MD18-3537\20260323_MD18-3537_S02\MD18-3537_S02_XRF_R1\XRF data\L000247.spe,617.5,130,819,795,6643,9578,4988,208,1686,1044,112460,114,285,585,27,245,155,849,871,226,583,73,117,170,124,184,165,2074,0,216,148,0,249,52,116,24714,9872
2115,C:\Data\20260323_MD18-3537\20260323_MD18-3537_S02\MD18-3537_S02_XRF_R1\XRF data\L000249.spe,622.5,92,834,782,6528,11665,5072,210,1682,1005,108206,196,314,415,66,132,136,615,923,298,616,118,118,243,111,133,229,1393,0,95,0,0,167,164,51,23737,9292
2117.5,C:\Data\20260323_MD18-3537\20260323_MD18-3537_S02\MD18-3537_S02_XRF_R1\XRF data\L000250.spe,625,94,778,822,6595,11845,5049,113,1837,1060,106761,137,228,528,125,237,0,285,1118,380,514,107,115,170,107,266,251,1757,0,226,207,0,86,49,311,24932,10357
2120,C:\Data\20260323_MD18-3537\20260323_MD18-3537_S02\MD18-3537_S02_XRF_R1\XRF data\L000251.spe,627.5,85,783,782,6448,11414,4791,259,1629,1020,106045,88,286,474,172,48,89,554,1101,330,547,151,115,216,94,185,288,2006,0,167,222,0,161,119,203,24328,8188
2122.5,C:\Data\20260323_MD18-3537\20260323_MD18-3537_S02\MD18-3537_S02_XRF_R1\XRF data\L000252.spe,630,101,795,757,6613,10189,4937,194,1613,1328,112818,161,193,464,97,238,101,343,1011,290,584,136,76,228,88,157,36,2032,0,247,139,0,148,155,142,23177,6747
2125,C:\Data\20260323_MD18-3537\20260323_MD18-3537_S02\MD18-3537_S02_XRF_R1\XRF data\L000253.spe,632.5,107,797,801,6700,10037,4820,253,1672,1035,111968,90,335,478,51,0,125,477,948,219,524,94,95,246,102,191,145,2117,0,206,52,0,265,106,190,23616,7805
2127.5,C:\Data\20260323_MD18-3537\20260323_MD18-3537_S02\MD18-3537_S02_XRF_R1\XRF data\L000254.spe,635,76,785,728,6552,9302,4797,232,1719,971,109210,37,158,483,176,146,68,1128,982,211,544,195,103,273,88,152,266,2360,0,169,171,0,125,158,120,24055,9831
2130,C:\Data\20260323_MD18-3537\20260323_MD18-3537_S02\MD18-3537_S02_XRF_R1\XRF data\L000255.spe,637.5,105,752,725,6459,9707,4657,199,1661,1070,107719,138,204,477,208,49,123,1023,881,255,468,107,123,296,90,130,154,2151,0,173,171,0,15,48,101,25009,10364
2142.5,C:\Data\20260323_MD18-3537\20260323_MD18-3537_S02\MD18-3537_S02_XRF_R1\XRF data\L000260.spe,650,123,821,881,6330,12566,4683,207,1584,1091,103455,115,261,481,173,0,223,1160,1128,172,558,165,107,207,112,167,146,1873,0,172,141,0,206,200,0,24221,9876
2145,C:\Data\20260323_MD18-3537\20260323_MD18-3537_S02\MD18-3537_S02_XRF_R1\XRF data\L000261.spe,652.5,82,878,921,6339,14106,4658,155,1740,1138,100917,129,196,509,308,211,90,275,1114,280,656,109,133,199,120,182,221,2103,0,167,129,0,149,276,228,24097,8835
2150,C:\Data\20260323_MD18-3537\20260323_MD18-3537_S02\MD18-3537_S02_XRF_R1\XRF data\L000263.spe,657.5,100,855,942,5769,16306,4774,159,1722,1136,89674,123,152,366,121,58,65,1040,1203,183,742,88,162,221,93,153,191,1987,0,79,225,0,132,101,106,24357,8614
2152.5,C:\Data\20260323_MD18-3537\20260323_MD18-3537_S02\MD18-3537_S02_XRF_R1\XRF data\L000264.spe,660,75,796,984,5387,16322,4596,154,1672,894,83326,118,178,335,209,85,165,0,1172,264,718,63,170,139,75,209,312,1755,0,92,109,0,149,97,0,23481,8050
2155,C:\Data\20260323_MD18-3537\20260323_MD18-3537_S02\MD18-3537_S02_XRF_R1\XRF data\L000265.spe,662.5,111,737,1028,4939,16119,4182,119,1569,1072,80988,257,286,367,234,52,31,317,1190,130,555,60,233,227,114,153,242,1567,0,34,114,0,179,60,79,24931,8800
2157.5,C:\Data\20260323_MD18-3537\20260323_MD18-3537_S02\MD18-3537_S02_XRF_R1\XRF data\L000266.spe,665,86,636,1099,4607,14506,3847,180,1617,1241,80806,127,196,362,15,64,135,512,1269,126,730,119,131,167,80,140,242,1578,0,37,86,0,223,171,137,23908,9691
2160,C:\Data\20260323_MD18-3537\20260323_MD18-3537_S02\MD18-3537_S02_XRF_R1\XRF data\L000267.spe,667.5,74,711,1013,5657,14142,4352,117,1661,1464,95016,150,293,424,144,166,35,546,1152,178,642,130,138,185,138,174,106,1657,0,154,248,0,159,141,138,24248,8421
2162.5,C:\Data\20260323_MD18-3537\20260323_MD18-3537_S02\MD18-3537_S02_XRF_R1\XRF data\L000268.spe,670,117,782,832,6074,13570,4685,234,1647,1378,100153,66,249,493,127,203,122,643,1052,266,523,146,128,254,101,173,262,2112,0,160,166,0,125,138,155,23566,9805
2165,C:\Data\20260323_MD18-3537\20260323_MD18-3537_S02\MD18-3537_S02_XRF_R1\XRF data\L000269.spe,672.5,90,739,776,6248,13327,4909,144,1676,1345,102502,128,101,386,240,142,166,513,1062,338,636,77,160,247,78,175,167,1772,0,209,382,0,47,57,80,22442,9494
2167.5,C:\Data\20260323_MD18-3537\20260323_MD18-3537_S02\MD18-3537_S02_XRF_R1\XRF data\L000270.spe,675,76,701,814,6219,11750,4606,212,1609,1296,101692,195,375,546,208,27,83,54,1011,406,566,149,117,241,103,152,149,1933,0,144,71,0,167,267,183,23252,10786
2185,C:\Data\20260323_MD18-3537\20260323_MD18-3537_S02\MD18-3537_S02_XRF_R1\XRF data\L000277.spe,692.5,102,770,961,6060,13964,4863,202,1699,1376,102620,125,255,531,170,163,230,1146,1171,207,726,222,171,219,75,183,239,2185,0,164,205,0,145,169,85,25069,10208
2197.5,C:\Data\20260323_MD18-3537\20260323_MD18-3537_S02\MD18-3537_S02_XRF_R1\XRF data\L000282.spe,705,92,728,829,6445,10368,4581,263,1618,1624,102586,79,138,446,159,112,205,258,1053,335,587,88,124,271,126,174,223,2327,0,145,210,0,84,89,0,24217,9916
2202.5,C:\Data\20260323_MD18-3537\20260323_MD18-3537_S02\MD18-3537_S02_XRF_R1\XRF data\L000284.spe,710,66,683,889,6004,11762,4724,178,1705,1160,96905,156,200,467,201,237,69,736,1125,191,690,91,146,180,131,188,240,1716,0,90,63,0,167,163,159,24077,9628
2205,C:\Data\20260323_MD18-3537\20260323_MD18-3537_S02\MD18-3537_S02_XRF_R1\XRF data\L000285.spe,712.5,108,669,882,5908,11673,4649,158,1621,1146,94904,156,249,485,120,142,127,0,1026,312,631,92,91,135,143,188,172,1731,0,102,183,0,123,139,0,24744,10931
2210,C:\Data\20260323_MD18-3537\20260323_MD18-3537_S02\MD18-3537_S02_XRF_R1\XRF data\L000287.spe,717.5,97,715,974,6115,7790,4417,213,1646,969,101313,128,259,432,122,0,192,700,1120,225,573,94,92,276,101,162,115,2070,0,112,157,0,179,191,0,24658,11183
2212.5,C:\Data\20260323_MD18-3537\20260323_MD18-3537_S02\MD18-3537_S02_XRF_R1\XRF data\L000288.spe,720,124,750,856,6567,6642,4631,190,1772,1100,109738,87,233,547,140,321,171,901,919,209,551,108,59,299,86,142,176,2109,0,245,66,0,137,178,129,24799,11221
2217.5,C:\Data\20260323_MD18-3537\20260323_MD18-3537_S02\MD18-3537_S02_XRF_R1\XRF data\L000290.spe,725,57,748,798,6570,8992,4768,304,1759,1091,112449,150,264,522,49,56,185,923,964,241,573,35,122,220,64,134,134,1579,0,216,233,0,277,238,109,23804,8124
2220,C:\Data\20260323_MD18-3537\20260323_MD18-3537_S02\MD18-3537_S02_XRF_R1\XRF data\L000291.spe,727.5,102,724,965,6263,10211,4720,271,1709,1081,109432,156,282,512,82,123,130,530,1015,297,632,87,160,257,62,119,248,2128,0,175,254,0,195,87,99,24037,11731
2222.5,C:\Data\20260323_MD18-3537\20260323_MD18-3537_S02\MD18-3537_S02_XRF_R1\XRF data\L000292.spe,730,80,690,1002,5922,11127,4612,220,1682,1233,107553,141,175,418,53,143,46,168,1183,414,715,79,121,247,95,174,62,1904,0,165,274,0,232,46,222,23966,10251
2225,C:\Data\20260323_MD18-3537\20260323_MD18-3537_S02\MD18-3537_S02_XRF_R1\XRF data\L000293.spe,732.5,82,673,1170,5717,12281,4893,219,1832,1284,105936,61,279,453,42,165,194,0,1159,391,660,105,122,206,112,149,116,2004,0,215,154,0,309,170,46,23483,9360
2227.5,C:\Data\20260323_MD18-3537\20260323_MD18-3537_S02\MD18-3537_S02_XRF_R1\XRF data\L000294.spe,735,81,729,983,5969,14384,5064,244,1632,1168,103090,71,231,500,205,0,257,123,1231,311,686,116,191,234,98,214,352,2041,0,175,52,0,158,253,0,23449,11003
2242.5,C:\Data\20260323_MD18-3537\20260323_MD18-3537_S02\MD18-3537_S02_XRF_R1\XRF data\L000300.spe,750,113,734,704,5760,13968,4677,257,1687,1108,93997,74,224,422,179,212,14,506,1254,245,682,139,139,204,83,160,339,2130,0,188,179,0,262,158,265,22866,10681
2245,C:\Data\20260323_MD18-3537\20260323_MD18-3537_S02\MD18-3537_S02_XRF_R1\XRF data\L000301.spe,752.5,77,694,744,5576,14620,4864,82,1648,1244,91534,79,228,398,127,199,0,693,1174,142,795,103,226,238,114,139,231,1898,0,153,186,0,142,33,290,21832,8655
2247.5,C:\Data\20260323_MD18-3537\20260323_MD18-3537_S02\MD18-3537_S02_XRF_R1\XRF data\L000302.spe,755,127,781,735,6548,9478,4916,187,1626,1523,108456,111,257,497,52,192,20,578,1110,384,551,83,108,228,89,164,188,2116,0,212,311,0,207,354,207,23954,11545
2255,C:\Data\20260323_MD18-3537\20260323_MD18-3537_S02\MD18-3537_S02_XRF_R1\XRF data\L000305.spe,762.5,103,848,815,6567,9912,5057,157,1786,1292,111963,127,286,554,48,97,196,813,953,262,489,166,113,229,125,174,160,2039,0,172,155,14,108,119,39,24708,9491
2257.5,C:\Data\20260323_MD18-3537\20260323_MD18-3537_S02\MD18-3537_S02_XRF_R1\XRF data\L000306.spe,765,97,851,735,6478,11104,5238,182,1763,1217,109769,54,179,443,119,22,138,1069,1031,172,533,114,129,226,120,207,193,1998,0,184,221,0,240,26,0,23676,8788
2265,C:\Data\20260323_MD18-3537\20260323_MD18-3537_S02\MD18-3537_S02_XRF_R1\XRF data\L000309.spe,772.5,138,754,820,6946,8379,5064,221,1643,1190,117653,130,241,488,197,35,113,642,916,254,582,79,69,274,115,161,151,2164,0,216,234,0,121,137,12,25400,12872
2270,C:\Data\20260323_MD18-3537\20260323_MD18-3537_S02\MD18-3537_S02_XRF_R1\XRF data\L000311.spe,777.5,87,722,826,6750,8992,5097,191,1762,1184,114861,120,240,515,268,0,225,556,855,349,544,106,81,237,103,196,205,2306,0,226,300,0,79,197,0,24382,10577
2272.5,C:\Data\20260323_MD18-3537\20260323_MD18-3537_S02\MD18-3537_S02_XRF_R1\XRF data\L000312.spe,780,111,724,879,6609,10566,4911,222,1715,1091,113718,73,249,500,74,122,0,945,874,136,591,137,85,275,117,199,307,2169,0,198,215,0,222,145,409,23117,9877
2277.5,C:\Data\20260323_MD18-3537\20260323_MD18-3537_S02\MD18-3537_S02_XRF_R1\XRF data\L000314.spe,785,103,744,843,6257,10620,4801,245,1682,1167,109071,183,232,479,181,26,124,899,1037,182,620,122,128,231,123,111,153,1860,0,203,277,9,116,144,0,24260,10697
2280,C:\Data\20260323_MD18-3537\20260323_MD18-3537_S02\MD18-3537_S02_XRF_R1\XRF data\L000315.spe,787.5,109,765,755,6217,10818,4877,227,1795,1067,108113,129,296,509,106,0,127,792,1014,308,511,142,110,302,125,87,223,1774,0,228,87,20,261,185,112,24636,11319
2285,C:\Data\20260323_MD18-3537\20260323_MD18-3537_S02\MD18-3537_S02_XRF_R1\XRF data\L000317.spe,792.5,88,778,791,6697,9807,4927,174,1646,1169,108342,154,249,499,120,96,176,692,1028,338,569,77,114,298,111,120,169,1711,0,133,127,0,150,133,0,23478,8231
2287.5,C:\Data\20260323_MD18-3537\20260323_MD18-3537_S02\MD18-3537_S02_XRF_R1\XRF data\L000318.spe,795,97,771,880,6885,8283,4967,196,1662,1286,108415,134,306,476,102,51,112,70,1034,389,677,83,77,200,143,181,113,1813,0,153,7,0,294,0,91,24910,13306
2290,C:\Data\20260323_MD18-3537\20260323_MD18-3537_S02\MD18-3537_S02_XRF_R1\XRF data\L000319.spe,797.5,106,720,956,6754,8932,4815,244,1667,1326,107758,192,389,547,111,192,168,211,1086,316,574,91,72,227,89,155,107,1797,0,184,76,0,288,153,45,22502,10407
2292.5,C:\Data\20260323_MD18-3537\20260323_MD18-3537_S02\MD18-3537_S02_XRF_R1\XRF data\L000320.spe,800,111,733,838,6817,9857,5070,147,1758,1145,110292,110,238,540,142,184,75,576,1068,223,575,140,111,206,98,227,243,2171,0,220,224,0,183,142,110,24049,8788
2295,C:\Data\20260323_MD18-3537\20260323_MD18-3537_S02\MD18-3537_S02_XRF_R1\XRF data\L000321.spe,802.5,85,820,731,6939,10644,4991,154,1653,1208,110541,98,240,469,84,142,81,440,1010,414,564,130,162,236,128,173,121,2133,0,176,316,0,171,214,170,25688,10262
2297.5,C:\Data\20260323_MD18-3537\20260323_MD18-3537_S02\MD18-3537_S02_XRF_R1\XRF data\L000322.spe,805,98,775,844,6695,11465,5007,177,1775,1131,110903,199,228,504,167,0,130,518,1101,352,618,124,124,228,117,209,264,1975,0,180,180,0,78,123,36,25760,12114
2300,C:\Data\20260323_MD18-3537\20260323_MD18-3537_S02\MD18-3537_S02_XRF_R1\XRF data\L000323.spe,807.5,94,727,877,6233,11063,4831,232,1693,1094,107908,30,141,552,187,152,206,707,1105,281,526,176,134,302,82,115,185,2147,0,199,273,0,106,172,0,24291,9072
2302.5,C:\Data\20260323_MD18-3537\20260323_MD18-3537_S02\MD18-3537_S02_XRF_R1\XRF data\L000324.spe,810,102,784,787,6417,11542,4898,225,1821,1049,108048,124,243,449,195,25,88,613,1049,323,598,97,134,253,91,140,239,1711,0,151,29,0,73,0,60,24085,11561
2305,C:\Data\20260323_MD18-3537\20260323_MD18-3537_S02\MD18-3537_S02_XRF_R1\XRF data\L000325.spe,812.5,130,721,720,6418,11511,4844,178,1698,1102,102574,239,340,560,12,196,141,1031,1032,232,501,35,135,189,143,163,139,1443,0,110,104,71,321,91,92,24412,11788
2307.5,C:\Data\20260323_MD18-3537\20260323_MD18-3537_S02\MD18-3537_S02_XRF_R1\XRF data\L000326.spe,815,103,836,752,6213,12677,4619,160,1671,1175,99513,92,307,385,222,44,11,0,1135,366,689,74,152,302,123,124,198,1849,0,162,47,0,112,126,47,23903,10212
2310,C:\Data\20260323_MD18-3537\20260323_MD18-3537_S02\MD18-3537_S02_XRF_R1\XRF data\L000327.spe,817.5,138,856,850,6440,13648,4699,156,1627,1184,99137,146,155,459,281,63,91,532,1295,298,681,112,135,288,147,160,244,1596,0,155,108,37,119,184,120,24668,12244
2312.5,C:\Data\20260323_MD18-3537\20260323_MD18-3537_S02\MD18-3537_S02_XRF_R1\XRF data\L000328.spe,820,103,855,784,6292,14138,4785,214,1594,1317,95952,69,197,525,311,117,150,1070,1161,291,772,113,194,156,128,224,143,1853,0,189,279,28,28,294,142,24065,11044
2315,C:\Data\20260323_MD18-3537\20260323_MD18-3537_S02\MD18-3537_S02_XRF_R1\XRF data\L000329.spe,822.5,149,833,844,5609,14178,4619,169,1658,999,88431,88,248,363,100,45,40,735,1220,282,797,151,140,294,111,159,289,1849,0,114,168,0,239,314,262,23843,12011
2317.5,C:\Data\20260323_MD18-3537\20260323_MD18-3537_S02\MD18-3537_S02_XRF_R1\XRF data\L000330.spe,825,116,718,760,5944,12024,4835,201,1594,1199,95738,218,222,521,280,211,0,446,1049,286,701,40,128,164,115,193,185,1673,0,83,5,33,81,17,190,24616,9887
2320,C:\Data\20260323_MD18-3537\20260323_MD18-3537_S02\MD18-3537_S02_XRF_R1\XRF data\L000331.spe,827.5,122,794,778,6627,10156,4840,224,1716,1163,105995,67,215,530,103,0,154,677,939,229,580,96,90,180,117,217,420,2104,0,195,219,0,214,154,0,24386,11130
2327.5,C:\Data\20260323_MD18-3537\20260323_MD18-3537_S02\MD18-3537_S02_XRF_R1\XRF data\L000334.spe,835,117,760,749,6214,12257,4809,144,1605,1245,104489,110,227,481,12,127,112,798,1086,210,637,115,167,246,126,180,237,1750,0,131,153,0,190,104,115,22553,10191
2337.5,C:\Data\20260323_MD18-3537\20260323_MD18-3537_S02\MD18-3537_S02_XRF_R1\XRF data\L000338.spe,845,75,798,820,6515,10765,4830,138,1705,1022,103041,123,249,512,159,407,0,560,1077,281,701,69,105,267,59,128,201,1749,0,136,49,0,194,112,413,24587,10083
2340,C:\Data\20260323_MD18-3537\20260323_MD18-3537_S02\MD18-3537_S02_XRF_R1\XRF data\L000339.spe,847.5,103,781,793,6261,10516,4856,130,1630,1078,98905,82,299,498,162,104,110,423,1063,374,709,93,135,196,116,208,157,1896,0,166,55,0,211,110,42,25020,8685
2345,C:\Data\20260323_MD18-3537\20260323_MD18-3537_S02\MD18-3537_S02_XRF_R1\XRF data\L000341.spe,852.5,69,700,923,5731,9750,4597,180,1642,1013,91184,100,271,377,127,205,48,731,1135,208,700,127,102,216,76,162,188,1792,0,119,0,0,138,127,182,24281,12494
2347.5,C:\Data\20260323_MD18-3537\20260323_MD18-3537_S02\MD18-3537_S02_XRF_R1\XRF data\L000342.spe,855,104,810,823,7096,7311,5152,204,1663,1072,113721,138,302,523,39,147,81,834,1028,299,536,86,98,211,111,163,163,1647,0,172,101,0,252,108,150,24709,11082
2350,C:\Data\20260323_MD18-3537\20260323_MD18-3537_S02\MD18-3537_S02_XRF_R1\XRF data\L000343.spe,857.5,118,854,856,7119,10061,5227,180,1774,1122,114918,94,201,435,94,101,106,747,996,343,530,100,118,288,87,177,248,2229,0,230,277,0,225,113,122,25516,10416
2352.5,C:\Data\20260323_MD18-3537\20260323_MD18-3537_S02\MD18-3537_S02_XRF_R1\XRF data\L000344.spe,860,126,800,887,6678,11936,5041,209,1674,1138,111595,195,257,544,70,337,15,45,1111,414,572,141,117,177,110,202,234,1769,0,184,143,29,196,158,383,24836,9352
2355,C:\Data\20260323_MD18-3537\20260323_MD18-3537_S02\MD18-3537_S02_XRF_R1\XRF data\L000345.spe,862.5,146,874,822,6604,11721,4862,176,1851,1213,113287,54,161,494,130,22,181,890,1017,203,657,191,99,376,110,155,168,2384,0,278,265,0,209,192,139,24188,10205
2357.5,C:\Data\20260323_MD18-3537\20260323_MD18-3537_S02\MD18-3537_S02_XRF_R1\XRF data\L000346.spe,865,104,868,776,6775,13164,5262,181,1747,1099,114437,206,240,531,292,272,0,893,1099,254,562,154,183,226,131,150,290,1690,0,168,74,0,68,150,254,25013,11042
2360,C:\Data\20260323_MD18-3537\20260323_MD18-3537_S02\MD18-3537_S02_XRF_R1\XRF data\L000347.spe,867.5,86,925,820,6772,14417,5396,164,1762,1239,111596,128,223,561,171,255,98,1252,1188,221,528,111,207,216,121,202,229,1842,0,171,142,0,124,94,151,25434,9287
2362.5,C:\Data\20260323_MD18-3537\20260323_MD18-3537_S02\MD18-3537_S02_XRF_R1\XRF data\L000348.spe,870,98,817,796,6395,14575,5131,216,1709,1170,106009,159,254,452,247,173,67,627,1266,279,592,162,172,284,62,118,162,2021,0,93,126,0,124,122,222,24752,9664
2365,C:\Data\20260323_MD18-3537\20260323_MD18-3537_S02\MD18-3537_S02_XRF_R1\XRF data\L000349.spe,872.5,89,861,793,6462,15363,5305,194,1545,1196,103582,141,255,455,205,245,90,606,1276,298,701,34,168,216,150,170,219,1856,0,124,49,0,152,297,70,25250,11600
2367.5,C:\Data\20260323_MD18-3537\20260323_MD18-3537_S02\MD18-3537_S02_XRF_R1\XRF data\L000350.spe,875,66,732,745,5406,14867,4542,199,1523,1100,90070,130,313,479,280,87,24,335,1205,285,630,117,128,227,100,145,268,1697,0,156,67,0,123,213,147,23475,10149
2370,C:\Data\20260323_MD18-3537\20260323_MD18-3537_S02\MD18-3537_S02_XRF_R1\XRF data\L000351.spe,877.5,65,751,686,5213,15140,4517,207,1504,1094,85682,245,204,416,129,88,90,433,1191,272,673,87,156,142,60,163,155,1102,0,42,83,13,194,129,0,23832,10835
2372.5,C:\Data\20260323_MD18-3537\20260323_MD18-3537_S02\MD18-3537_S02_XRF_R1\XRF data\L000352.spe,880,72,797,793,5662,14019,4765,173,1689,1187,94477,209,310,540,176,202,0,818,1186,230,683,115,145,161,83,190,151,1480,0,152,58,89,192,278,373,23236,11510
2375,C:\Data\20260323_MD18-3537\20260323_MD18-3537_S02\MD18-3537_S02_XRF_R1\XRF data\L000353.spe,882.5,92,719,762,6346,11064,4789,138,1615,1223,105153,112,214,526,250,0,159,1017,1036,244,543,87,146,311,111,116,114,1714,0,144,183,0,77,228,0,24117,10272
2377.5,C:\Data\20260323_MD18-3537\20260323_MD18-3537_S02\MD18-3537_S02_XRF_R1\XRF data\L000354.spe,885,79,681,716,6478,10986,4979,183,1672,1517,110408,195,292,532,191,208,78,879,947,229,691,64,144,271,127,144,261,1679,0,136,29,0,184,130,334,23400,10572
2380,C:\Data\20260323_MD18-3537\20260323_MD18-3537_S02\MD18-3537_S02_XRF_R1\XRF data\L000355.spe,887.5,97,719,840,6310,12230,5058,129,1712,1414,107229,151,218,533,13,23,167,831,1012,209,628,70,167,275,96,132,186,1498,0,149,56,0,141,236,151,22610,12193
2382.5,C:\Data\20260323_MD18-3537\20260323_MD18-3537_S02\MD18-3537_S02_XRF_R1\XRF data\L000356.spe,890,107,693,779,6408,10382,5195,164,1687,1279,106417,125,165,498,176,74,296,0,1104,394,507,140,112,170,96,203,197,2053,0,166,205,0,132,33,0,23784,8790
2385,C:\Data\20260323_MD18-3537\20260323_MD18-3537_S02\MD18-3537_S02_XRF_R1\XRF data\L000357.spe,892.5,83,748,842,7022,7344,4951,201,1729,1345,113158,177,357,494,192,172,82,1036,1018,264,413,122,50,222,138,175,109,1501,0,167,86,53,112,68,190,24862,9230
2387.5,C:\Data\20260323_MD18-3537\20260323_MD18-3537_S02\MD18-3537_S02_XRF_R1\XRF data\L000358.spe,895,80,866,753,7046,9341,4995,216,1627,1284,111145,212,225,502,340,225,33,268,912,302,545,110,88,261,128,143,198,1817,0,114,163,48,64,242,158,23856,9228
2390,C:\Data\20260323_MD18-3537\20260323_MD18-3537_S02\MD18-3537_S02_XRF_R1\XRF data\L000359.spe,897.5,95,766,878,6808,9971,4988,206,1717,1404,110680,204,343,477,87,128,76,368,963,334,619,135,66,241,128,187,238,1747,0,160,16,0,100,141,207,24138,10622
2392.5,C:\Data\20260323_MD18-3537\20260323_MD18-3537_S02\MD18-3537_S02_XRF_R1\XRF data\L000360.spe,900,110,878,961,6708,11582,5058,205,1754,1208,107950,169,217,551,130,80,77,149,1071,373,674,116,110,177,118,232,305,1921,0,121,139,0,127,90,143,25623,12090
2395,C:\Data\20260323_MD18-3537\20260323_MD18-3537_S02\MD18-3537_S02_XRF_R1\XRF data\L000361.spe,902.5,94,797,731,6114,12810,4993,184,1690,1140,101820,181,329,466,186,0,182,556,1086,312,608,136,139,171,116,221,279,1968,0,155,130,0,172,185,0,24109,10875
2397.5,C:\Data\20260323_MD18-3537\20260323_MD18-3537_S02\MD18-3537_S02_XRF_R1\XRF data\L000362.spe,905,67,830,868,6063,14019,5187,139,1654,1124,99836,238,367,458,198,166,90,1105,1214,194,777,111,142,223,133,164,237,1526,0,87,44,0,107,168,45,24720,12944
2400,C:\Data\20260323_MD18-3537\20260323_MD18-3537_S02\MD18-3537_S02_XRF_R1\XRF data\L000363.spe,907.5,73,770,871,6123,13570,4903,181,1670,1250,98078,70,159,480,124,212,0,257,1124,301,751,126,153,303,116,144,289,1655,0,164,225,0,149,190,252,23494,9996
2402.5,C:\Data\20260323_MD18-3537\20260323_MD18-3537_S02\MD18-3537_S02_XRF_R1\XRF data\L000364.spe,910,73,778,872,5806,14326,4702,161,1658,1134,93026,164,247,402,48,165,75,893,1188,252,621,116,135,230,116,196,272,1945,0,73,157,4,234,65,157,24041,10287
2405,C:\Data\20260323_MD18-3537\20260323_MD18-3537_S02\MD18-3537_S02_XRF_R1\XRF data\L000365.spe,912.5,69,799,856,5884,13480,4927,293,1574,1189,92687,224,292,487,171,40,201,287,1199,247,718,152,142,216,42,159,167,1920,0,59,85,40,69,229,46,24740,11776
2407.5,C:\Data\20260323_MD18-3537\20260323_MD18-3537_S02\MD18-3537_S02_XRF_R1\XRF data\L000366.spe,915,91,776,806,6678,10864,4985,218,1671,1379,106986,204,219,516,125,0,206,579,978,211,542,109,138,239,116,153,252,1840,0,179,385,5,186,295,29,24310,11953
2410,C:\Data\20260323_MD18-3537\20260323_MD18-3537_S02\MD18-3537_S02_XRF_R1\XRF data\L000367.spe,917.5,61,827,780,6566,13368,4778,234,1718,1404,105250,177,222,585,218,251,108,824,1023,240,615,54,132,195,95,138,191,1736,0,169,215,30,162,144,335,24799,10528
2412.5,C:\Data\20260323_MD18-3537\20260323_MD18-3537_S02\MD18-3537_S02_XRF_R1\XRF data\L000368.spe,920,86,908,778,6721,12486,5137,172,1720,1264,105624,197,201,457,85,125,113,1083,1104,254,644,152,149,318,115,90,166,1855,0,147,137,17,145,128,96,24633,11930
2415,C:\Data\20260323_MD18-3537\20260323_MD18-3537_S02\MD18-3537_S02_XRF_R1\XRF data\L000369.spe,922.5,135,970,748,6823,13638,4879,208,1703,1195,104447,154,272,506,47,139,23,852,1090,272,612,17,147,282,102,157,212,1517,0,157,277,0,211,155,140,24677,12314
2417.5,C:\Data\20260323_MD18-3537\20260323_MD18-3537_S02\MD18-3537_S02_XRF_R1\XRF data\L000370.spe,925,106,870,802,6421,14937,5090,143,1682,1217,100787,128,192,529,212,143,26,447,1156,223,702,92,185,194,129,227,308,2110,0,159,115,0,201,83,146,24899,10982
2420,C:\Data\20260323_MD18-3537\20260323_MD18-3537_S02\MD18-3537_S02_XRF_R1\XRF data\L000371.spe,927.5,124,908,904,6536,15693,5183,223,1724,1238,104030,134,279,489,0,50,0,426,1204,252,672,124,179,237,86,167,278,1908,0,96,185,0,269,173,212,24780,11690
2422.5,C:\Data\20260323_MD18-3537\20260323_MD18-3537_S02\MD18-3537_S02_XRF_R1\XRF data\L000372.spe,930,80,865,851,6077,14345,5073,165,1622,1170,100466,170,308,461,220,48,48,519,1247,317,759,153,201,157,108,209,301,2084,0,138,94,0,122,110,55,24869,12022
2425,C:\Data\20260323_MD18-3537\20260323_MD18-3537_S02\MD18-3537_S02_XRF_R1\XRF data\L000373.spe,932.5,89,654,933,5692,13381,4542,139,1590,1183,94216,68,228,451,146,196,89,421,1435,324,678,128,185,185,112,207,212,1855,0,168,142,0,104,86,125,24963,11028
2427.5,C:\Data\20260323_MD18-3537\20260323_MD18-3537_S02\MD18-3537_S02_XRF_R1\XRF data\L000374.spe,935,101,749,798,6631,10492,5231,263,1673,1256,112068,73,196,484,188,340,60,815,1070,223,670,108,121,220,63,155,187,2134,0,203,72,0,154,117,207,24685,10619
2430,C:\Data\20260323_MD18-3537\20260323_MD18-3537_S02\MD18-3537_S02_XRF_R1\XRF data\L000375.spe,937.5,85,711,778,6276,11136,5274,244,1594,1399,108766,125,165,474,0,5,156,772,1042,233,733,110,144,176,131,142,135,2033,0,184,311,0,240,21,0,23616,11837
2432.5,C:\Data\20260323_MD18-3537\20260323_MD18-3537_S02\MD18-3537_S02_XRF_R1\XRF data\L000376.spe,940,112,777,754,6686,8226,5255,191,1672,1316,113164,100,100,501,86,206,122,947,1089,202,720,117,108,285,123,160,271,2246,0,193,254,56,259,132,244,24189,9027
2435,C:\Data\20260323_MD18-3537\20260323_MD18-3537_S02\MD18-3537_S02_XRF_R1\XRF data\L000377.spe,942.5,106,787,698,6880,8325,5763,246,1673,1323,121374,176,239,527,173,70,81,814,955,313,542,115,116,261,118,145,267,1756,0,210,202,33,136,62,125,24134,11548
2437.5,C:\Data\20260323_MD18-3537\20260323_MD18-3537_S02\MD18-3537_S02_XRF_R1\XRF data\L000378.spe,945,102,758,755,6392,10550,5390,257,1609,1419,113938,176,291,503,146,202,0,808,1117,281,577,99,84,234,118,158,134,1757,0,178,177,0,180,119,194,24388,10720
2440,C:\Data\20260323_MD18-3537\20260323_MD18-3537_S02\MD18-3537_S02_XRF_R1\XRF data\L000379.spe,947.5,106,775,644,6574,8486,5504,184,1650,1469,116041,122,260,533,178,130,71,685,950,317,662,91,97,182,142,175,191,1907,0,166,75,0,212,152,133,23346,10474
2442.5,C:\Data\20260323_MD18-3537\20260323_MD18-3537_S02\MD18-3537_S02_XRF_R1\XRF data\L000380.spe,950,132,788,690,6539,9806,5182,139,1618,1298,116432,102,285,543,178,116,134,768,915,204,593,83,155,271,109,171,201,2043,0,188,164,0,144,201,0,22976,10241
2447.5,C:\Data\20260323_MD18-3537\20260323_MD18-3537_S02\MD18-3537_S02_XRF_R1\XRF data\L000382.spe,955,118,751,744,6393,9261,5382,200,1636,1114,112406,126,232,493,61,55,113,949,1076,223,600,102,107,174,90,183,315,1737,0,225,300,0,236,124,104,22900,11966
2450,C:\Data\20260323_MD18-3537\20260323_MD18-3537_S02\MD18-3537_S02_XRF_R1\XRF data\L000383.spe,957.5,101,743,783,6045,10345,4976,186,1638,1081,107893,44,173,514,119,66,36,636,869,283,744,114,140,246,113,132,236,2087,0,167,149,0,161,285,251,23197,11181
2452.5,C:\Data\20260323_MD18-3537\20260323_MD18-3537_S02\MD18-3537_S02_XRF_R1\XRF data\L000384.spe,960,107,782,684,6498,9545,5119,206,1671,1174,107968,115,227,462,166,70,183,727,895,262,570,24,72,238,113,111,172,1740,0,167,154,0,127,31,0,23066,10702
2455,C:\Data\20260323_MD18-3537\20260323_MD18-3537_S02\MD18-3537_S02_XRF_R1\XRF data\L000385.spe,962.5,118,763,710,6757,6894,5021,219,1540,1207,111489,157,299,458,93,161,160,431,947,272,578,93,75,263,99,119,66,2055,0,137,197,0,229,81,16,22133,9002
2457.5,C:\Data\20260323_MD18-3537\20260323_MD18-3537_S02\MD18-3537_S02_XRF_R1\XRF data\L000386.spe,965,106,653,775,6693,5454,4703,199,1602,1018,109330,158,181,524,267,177,101,410,821,337,425,104,47,225,115,133,146,1593,0,209,281,0,144,323,156,23377,11209
2460,C:\Data\20260323_MD18-3537\20260323_MD18-3537_S02\MD18-3537_S02_XRF_R1\XRF data\L000387.spe,967.5,126,666,682,6863,6063,4817,151,1646,979,110498,109,331,508,164,0,74,214,773,320,596,82,48,296,100,143,205,1826,0,214,272,14,181,239,38,22643,8103
2462.5,C:\Data\20260323_MD18-3537\20260323_MD18-3537_S02\MD18-3537_S02_XRF_R1\XRF data\L000388.spe,970,48,708,658,6661,7508,4825,181,1524,1137,108985,148,259,516,82,74,0,1090,951,299,540,83,70,182,146,212,232,1589,0,184,136,0,147,211,271,23827,9993
2465,C:\Data\20260323_MD18-3537\20260323_MD18-3537_S02\MD18-3537_S02_XRF_R1\XRF data\L000389.spe,972.5,111,733,693,6674,11086,4854,201,1559,1168,108036,109,148,463,53,184,0,206,1021,295,454,128,70,246,85,136,195,2181,0,149,243,0,205,103,287,23727,11022
2467.5,C:\Data\20260323_MD18-3537\20260323_MD18-3537_S02\MD18-3537_S02_XRF_R1\XRF data\L000390.spe,975,140,849,701,6884,13087,5124,216,1713,1206,110644,170,270,510,128,0,56,512,1077,211,560,107,121,232,95,137,233,1724,0,108,189,0,143,75,114,24412,8818
2470,C:\Data\20260323_MD18-3537\20260323_MD18-3537_S02\MD18-3537_S02_XRF_R1\XRF data\L000391.spe,977.5,100,980,780,7014,14791,5397,185,1705,1216,115057,132,277,591,67,152,57,955,1036,191,621,121,212,208,180,196,325,1927,0,206,216,23,283,182,225,24344,11810
2472.5,C:\Data\20260323_MD18-3537\20260323_MD18-3537_S02\MD18-3537_S02_XRF_R1\XRF data\L000392.spe,980,100,907,775,6905,16238,5215,298,1701,1226,110868,161,229,580,0,138,148,920,1149,281,597,117,220,243,102,138,194,1947,0,172,302,0,235,64,133,24317,11301
2475,C:\Data\20260323_MD18-3537\20260323_MD18-3537_S02\MD18-3537_S02_XRF_R1\XRF data\L000393.spe,982.5,124,916,856,6709,16530,5215,242,1641,1310,108638,135,311,595,202,90,102,864,1205,444,674,120,211,276,67,194,208,2088,0,180,0,0,120,212,73,25952,11055
2477.5,C:\Data\20260323_MD18-3537\20260323_MD18-3537_S02\MD18-3537_S02_XRF_R1\XRF data\L000394.spe,985,97,892,746,6478,16973,5109,168,1694,1189,101195,273,340,585,62,240,40,705,1193,295,604,103,166,281,126,102,213,1713,0,60,22,69,216,97,274,25774,10826
2480,C:\Data\20260323_MD18-3537\20260323_MD18-3537_S02\MD18-3537_S02_XRF_R1\XRF data\L000395.spe,987.5,57,765,773,5704,16289,4888,146,1683,1090,89140,144,159,411,55,179,30,432,1193,365,735,123,213,217,85,148,223,1911,0,113,148,0,232,150,226,24706,9850
2482.5,C:\Data\20260323_MD18-3537\20260323_MD18-3537_S02\MD18-3537_S02_XRF_R1\XRF data\L000396.spe,990,87,775,732,5168,16103,4294,191,1553,1031,81547,242,252,462,190,194,83,825,1116,243,635,65,162,88,140,234,201,1152,0,68,32,12,178,109,220,24223,8440
2485,C:\Data\20260323_MD18-3537\20260323_MD18-3537_S02\MD18-3537_S02_XRF_R1\XRF data\L000397.spe,992.5,66,747,706,4979,16368,4177,172,1444,983,79465,199,255,468,200,177,70,101,1149,322,570,83,200,158,77,105,265,1155,0,52,131,0,85,149,220,24035,7516
2487.5,C:\Data\20260323_MD18-3537\20260323_MD18-3537_S02\MD18-3537_S02_XRF_R1\XRF data\L000398.spe,995,108,645,786,4737,16804,3888,127,1480,987,75734,167,266,379,139,205,47,542,1228,163,557,58,190,230,65,111,105,1222,0,76,106,0,169,33,115,22836,9129
2490,C:\Data\20260323_MD18-3537\20260323_MD18-3537_S02\MD18-3537_S02_XRF_R1\XRF data\L000399.spe,997.5,91,689,714,5828,12936,4649,195,1544,1284,95975,156,231,482,116,76,96,390,982,202,519,80,178,238,110,118,225,1683,0,138,294,10,162,159,43,23197,10490
2492.5,C:\Data\20260323_MD18-3537\20260323_MD18-3537_S02\MD18-3537_S02_XRF_R1\XRF data\L000400.spe,1000,66,749,745,6258,12645,4971,188,1549,1515,104896,75,132,528,174,304,12,276,923,310,571,130,148,294,85,142,218,1776,0,163,237,29,45,120,242,22901,7813
2495,C:\Data\20260323_MD18-3537\20260323_MD18-3537_S02\MD18-3537_S02_XRF_R1\XRF data\L000401.spe,1002.5,82,770,714,6176,13675,4959,178,1624,1317,103149,98,245,510,186,277,6,596,939,210,545,117,169,261,150,111,170,1944,0,166,16,0,90,243,269,22338,10896
2497.5,C:\Data\20260323_MD18-3537\20260323_MD18-3537_S02\MD18-3537_S02_XRF_R1\XRF data\L000402.spe,1005,84,679,748,6007,13016,4813,209,1499,1355,99840,54,196,501,225,107,109,617,1006,142,614,173,153,244,94,147,100,2118,0,182,155,0,99,146,139,22422,9185
2500,C:\Data\20260323_MD18-3537\20260323_MD18-3537_S02\MD18-3537_S02_XRF_R1\XRF data\L000403.spe,1007.5,118,799,860,6553,12159,4828,241,1676,1377,104437,104,262,498,130,0,219,472,973,264,702,61,150,206,126,147,162,2167,0,190,109,0,184,219,17,23732,13152
2502.5,C:\Data\20260323_MD18-3537\20260323_MD18-3537_S02\MD18-3537_S02_XRF_R1\XRF data\L000404.spe,1010,106,837,828,7058,12011,4788,257,1610,1632,108087,172,297,502,326,81,294,719,995,283,431,61,171,251,112,190,189,1754,0,177,108,0,106,206,0,24998,10618
2505,C:\Data\20260323_MD18-3537\20260323_MD18-3537_S02\MD18-3537_S02_XRF_R1\XRF data\L000405.spe,1012.5,113,828,789,6661,13766,4578,195,1750,1292,102892,170,230,496,309,107,56,403,1116,386,585,107,123,243,89,140,301,1770,0,164,42,33,111,195,130,24246,12572
2507.5,C:\Data\20260323_MD18-3537\20260323_MD18-3537_S02\MD18-3537_S02_XRF_R1\XRF data\L000406.spe,1015,88,802,817,6477,15492,4766,224,1730,1173,99322,210,308,516,139,110,23,536,1228,287,656,114,242,197,134,161,238,1668,0,115,0,0,202,109,204,25163,10586
2510,C:\Data\20260323_MD18-3537\20260323_MD18-3537_S02\MD18-3537_S02_XRF_R1\XRF data\L000407.spe,1017.5,114,876,800,6235,16997,4655,165,1524,1208,96274,153,270,423,86,212,59,0,1257,400,654,147,201,222,141,144,67,2061,0,134,79,0,191,112,163,23730,9371
2512.5,C:\Data\20260323_MD18-3537\20260323_MD18-3537_S02\MD18-3537_S02_XRF_R1\XRF data\L000408.spe,1020,95,831,844,6036,17148,4802,208,1650,1049,93164,159,257,421,0,81,201,0,1140,329,730,153,294,241,102,126,194,1929,0,77,127,0,235,96,0,24569,11858
2515,C:\Data\20260323_MD18-3537\20260323_MD18-3537_S02\MD18-3537_S02_XRF_R1\XRF data\L000409.spe,1022.5,115,827,871,6273,17755,4711,181,1684,1081,93264,131,271,506,69,161,14,266,1212,392,724,88,258,227,105,143,265,1939,0,80,184,0,191,37,207,24404,12194
2517.5,C:\Data\20260323_MD18-3537\20260323_MD18-3537_S02\MD18-3537_S02_XRF_R1\XRF data\L000410.spe,1025,90,770,849,5832,16617,4593,209,1652,1078,91033,176,353,502,152,269,93,673,1179,260,757,112,174,204,140,138,278,1654,0,118,7,0,197,91,83,23506,12414
2520,C:\Data\20260323_MD18-3537\20260323_MD18-3537_S02\MD18-3537_S02_XRF_R1\XRF data\L000411.spe,1027.5,112,756,870,6135,13865,4641,196,1500,1032,93212,194,274,498,269,31,41,124,1089,373,733,119,196,248,104,135,229,1724,0,63,163,0,115,321,216,23649,9302
2522.5,C:\Data\20260323_MD18-3537\20260323_MD18-3537_S02\MD18-3537_S02_XRF_R1\XRF data\L000412.spe,1030,76,725,754,6631,12011,4739,210,1598,1324,103957,113,292,491,195,108,113,562,983,301,555,97,80,236,73,141,50,1865,0,171,148,0,139,183,38,24133,12003
2525,C:\Data\20260323_MD18-3537\20260323_MD18-3537_S02\MD18-3537_S02_XRF_R1\XRF data\L000413.spe,1032.5,67,805,792,6315,14466,4555,198,1522,1201,99861,79,283,589,185,112,109,319,984,333,568,144,124,224,103,212,213,2336,0,207,214,0,110,233,111,24185,11191
2527.5,C:\Data\20260323_MD18-3537\20260323_MD18-3537_S02\MD18-3537_S02_XRF_R1\XRF data\L000414.spe,1035,108,706,732,6544,9269,4601,225,1597,1137,105416,146,368,446,41,131,48,439,1014,247,486,128,110,245,71,149,254,1795,0,132,258,0,228,155,161,24725,8637
2530,C:\Data\20260323_MD18-3537\20260323_MD18-3537_S02\MD18-3537_S02_XRF_R1\XRF data\L000415.spe,1037.5,100,785,793,6513,7874,4505,174,1679,972,106590,96,326,446,195,139,248,299,980,187,427,107,93,224,126,134,238,2233,0,161,231,0,214,128,49,25000,10203
2532.5,C:\Data\20260323_MD18-3537\20260323_MD18-3537_S02\MD18-3537_S02_XRF_R1\XRF data\L000416.spe,1040,90,696,811,6507,9725,4466,208,1636,1021,107727,222,314,510,273,172,84,821,966,203,367,47,100,204,150,173,170,1829,0,142,125,5,124,122,263,26065,7671
2535,C:\Data\20260323_MD18-3537\20260323_MD18-3537_S02\MD18-3537_S02_XRF_R1\XRF data\L000417.spe,1042.5,102,730,783,6559,8765,4438,227,1619,905,108140,115,220,479,226,0,221,259,890,354,447,67,142,171,94,178,246,2196,0,174,142,0,107,81,4,25197,12245
2537.5,C:\Data\20260323_MD18-3537\20260323_MD18-3537_S02\MD18-3537_S02_XRF_R1\XRF data\L000418.spe,1045,181,805,747,7181,6703,4822,162,1705,977,109958,99,285,533,200,286,147,672,865,303,383,70,71,214,83,181,214,2187,0,195,139,0,109,184,64,26705,12168
2540,C:\Data\20260323_MD18-3537\20260323_MD18-3537_S02\MD18-3537_S02_XRF_R1\XRF data\L000419.spe,1047.5,142,894,795,6649,9707,4710,167,1625,971,106558,180,205,438,180,120,124,640,1049,328,425,79,130,226,116,170,206,1782,0,126,81,0,175,222,173,24988,8864
2542.5,C:\Data\20260323_MD18-3537\20260323_MD18-3537_S02\MD18-3537_S02_XRF_R1\XRF data\L000420.spe,1050,88,905,783,5896,14987,4684,231,1617,1005,97836,129,254,369,159,86,10,625,1196,239,677,118,187,156,92,201,281,2099,0,100,226,0,200,156,191,23609,10255
2545,C:\Data\20260323_MD18-3537\20260323_MD18-3537_S02\MD18-3537_S02_XRF_R1\XRF data\L000421.spe,1052.5,113,947,768,5856,15713,4638,82,1582,1036,95367,87,264,465,77,255,13,289,1137,290,729,105,244,273,129,180,233,2032,0,122,44,0,175,204,337,23733,10189
2547.5,C:\Data\20260323_MD18-3537\20260323_MD18-3537_S02\MD18-3537_S02_XRF_R1\XRF data\L000422.spe,1055,107,834,757,6044,13427,4709,127,1697,1023,93705,126,168,419,169,121,98,344,1060,340,781,87,117,221,105,124,188,1796,0,98,33,0,118,0,0,24823,11054
2550,C:\Data\20260323_MD18-3537\20260323_MD18-3537_S02\MD18-3537_S02_XRF_R1\XRF data\L000423.spe,1057.5,73,864,819,6468,12297,4633,182,1697,1070,98558,154,258,451,53,23,123,762,1144,176,724,101,122,246,110,147,285,1969,0,127,189,0,199,212,61,24305,10469
2552.5,C:\Data\20260323_MD18-3537\20260323_MD18-3537_S02\MD18-3537_S02_XRF_R1\XRF data\L000424.spe,1060,105,861,832,6482,12342,4724,145,1629,1111,97948,218,273,537,298,197,0,657,1107,359,673,129,147,311,118,131,210,1760,0,97,25,48,65,173,340,25082,11156
2555,C:\Data\20260323_MD18-3537\20260323_MD18-3537_S02\MD18-3537_S02_XRF_R1\XRF data\L000425.spe,1062.5,115,900,797,6408,13875,4774,244,1641,1149,96503,152,279,498,149,168,177,683,1268,192,570,92,148,257,76,146,320,2040,0,155,217,0,208,177,0,25086,11367
2557.5,C:\Data\20260323_MD18-3537\20260323_MD18-3537_S02\MD18-3537_S02_XRF_R1\XRF data\L000426.spe,1065,79,892,904,5843,13844,4761,144,1564,1090,92493,256,210,472,272,224,99,287,1225,418,768,119,136,137,104,170,148,1357,0,105,104,0,147,164,92,25780,11397
2560,C:\Data\20260323_MD18-3537\20260323_MD18-3537_S02\MD18-3537_S02_XRF_R1\XRF data\L000427.spe,1067.5,77,837,839,5476,14446,4588,144,1679,1036,87497,243,226,438,167,263,29,362,1270,205,758,147,184,187,103,184,231,1540,0,147,81,61,210,185,258,25576,9987
2562.5,C:\Data\20260323_MD18-3537\20260323_MD18-3537_S02\MD18-3537_S02_XRF_R1\XRF data\L000428.spe,1070,62,710,834,4915,14726,4244,145,1631,905,80025,213,261,414,94,252,0,336,1263,272,817,110,149,229,105,131,152,1611,0,66,0,0,167,71,246,25014,10221
2565,C:\Data\20260323_MD18-3537\20260323_MD18-3537_S02\MD18-3537_S02_XRF_R1\XRF data\L000429.spe,1072.5,72,736,821,4712,13963,3986,184,1546,820,75935,256,275,346,303,104,164,564,1221,166,883,96,100,218,74,125,289,1675,0,28,26,7,100,162,0,24684,11101
2567.5,C:\Data\20260323_MD18-3537\20260323_MD18-3537_S02\MD18-3537_S02_XRF_R1\XRF data\L000430.spe,1075,56,672,652,5281,11404,4267,110,1554,975,80367,113,246,389,45,73,101,581,1149,302,1059,125,107,194,73,146,186,1698,0,115,178,0,256,104,80,23962,7266
2570,C:\Data\20260323_MD18-3537\20260323_MD18-3537_S02\MD18-3537_S02_XRF_R1\XRF data\L000431.spe,1077.5,73,657,678,5384,10068,4058,215,1458,900,81584,234,231,385,80,174,0,693,1047,167,754,61,158,184,103,117,128,1514,0,25,122,0,224,57,208,21794,8949
2572.5,C:\Data\20260323_MD18-3537\20260323_MD18-3537_S02\MD18-3537_S02_XRF_R1\XRF data\L000432.spe,1080,71,714,741,5716,10312,4118,276,1574,835,88258,184,244,470,52,160,21,217,1054,248,615,6,144,221,81,129,224,1451,0,86,147,0,172,122,186,22949,10058
2575,C:\Data\20260323_MD18-3537\20260323_MD18-3537_S02\MD18-3537_S02_XRF_R1\XRF data\L000433.spe,1082.5,104,722,787,5964,7541,4322,122,1623,886,98246,196,243,504,269,113,121,70,1066,379,484,104,44,252,94,150,288,1667,0,110,280,0,183,180,130,23821,9990
2577.5,C:\Data\20260323_MD18-3537\20260323_MD18-3537_S02\MD18-3537_S02_XRF_R1\XRF data\L000434.spe,1085,95,820,765,6302,6731,4534,218,1574,921,103448,130,304,554,153,112,226,302,927,264,537,98,61,171,113,166,224,2049,0,166,0,0,198,189,0,23957,10277
2580,C:\Data\20260323_MD18-3537\20260323_MD18-3537_S02\MD18-3537_S02_XRF_R1\XRF data\L000435.spe,1087.5,137,813,772,6550,6808,4571,251,1656,953,103778,180,251,473,213,136,146,634,782,207,511,120,78,215,113,106,155,1878,0,147,195,0,126,133,0,23943,7942
2582.5,C:\Data\20260323_MD18-3537\20260323_MD18-3537_S02\MD18-3537_S02_XRF_R1\XRF data\L000436.spe,1090,109,816,772,6380,6878,4555,251,1631,829,103486,65,200,469,146,0,218,862,866,273,660,176,58,236,98,143,229,2236,0,209,349,0,113,40,0,24968,10108
2585,C:\Data\20260323_MD18-3537\20260323_MD18-3537_S02\MD18-3537_S02_XRF_R1\XRF data\L000437.spe,1092.5,113,740,713,6459,7849,4685,211,1550,868,104986,136,223,492,247,143,59,207,961,428,587,128,93,223,62,149,205,2110,0,151,101,0,50,134,238,24810,11676
2587.5,C:\Data\20260323_MD18-3537\20260323_MD18-3537_S02\MD18-3537_S02_XRF_R1\XRF data\L000438.spe,1095,99,762,784,6303,7833,4610,183,1619,955,103559,121,202,471,269,307,108,664,970,231,635,141,70,234,95,166,94,2071,0,135,68,0,75,121,78,23729,10039
2590,C:\Data\20260323_MD18-3537\20260323_MD18-3537_S02\MD18-3537_S02_XRF_R1\XRF data\L000439.spe,1097.5,89,798,812,6530,7727,4569,223,1682,928,106387,108,254,488,0,158,69,634,943,324,577,108,93,210,69,161,245,2286,0,229,125,0,253,177,204,25268,10904
2592.5,C:\Data\20260323_MD18-3537\20260323_MD18-3537_S02\MD18-3537_S02_XRF_R1\XRF data\L000440.spe,1100,96,883,793,6802,7690,4735,159,1621,943,106370,175,293,565,94,23,57,194,965,423,661,120,96,274,92,136,226,2444,0,155,278,0,247,168,240,25914,11532
2595,C:\Data\20260323_MD18-3537\20260323_MD18-3537_S02\MD18-3537_S02_XRF_R1\XRF data\L000441.spe,1102.5,90,892,759,6803,7699,4622,186,1677,1058,107873,175,241,514,209,288,0,758,921,232,614,94,66,232,121,166,110,1692,0,161,31,20,74,80,371,25543,10987
2597.5,C:\Data\20260323_MD18-3537\20260323_MD18-3537_S02\MD18-3537_S02_XRF_R1\XRF data\L000442.spe,1105,107,830,776,6487,8503,4952,151,1719,858,102816,96,211,544,159,0,130,719,949,202,716,63,116,175,81,191,343,1928,0,137,302,0,289,218,55,24025,10770
2600,C:\Data\20260323_MD18-3537\20260323_MD18-3537_S02\MD18-3537_S02_XRF_R1\XRF data\L000443.spe,1107.5,108,859,759,6326,9808,4739,168,1675,1037,99309,216,359,420,149,200,0,443,1163,324,665,45,123,229,131,111,224,1656,0,83,0,0,211,132,214,25322,9293
2602.5,C:\Data\20260323_MD18-3537\20260323_MD18-3537_S02\MD18-3537_S02_XRF_R1\XRF data\L000444.spe,1110,114,873,798,5672,11318,4505,164,1642,1033,88574,141,338,577,225,0,164,895,1135,257,726,87,150,218,95,118,218,1659,0,100,78,0,169,209,0,25177,10777
2605,C:\Data\20260323_MD18-3537\20260323_MD18-3537_S02\MD18-3537_S02_XRF_R1\XRF data\L000445.spe,1112.5,69,867,860,5649,11817,4424,143,1637,1160,84354,209,156,421,242,215,64,1234,1204,209,780,52,98,196,104,165,234,1581,0,52,28,0,102,81,123,25785,11153
2607.5,C:\Data\20260323_MD18-3537\20260323_MD18-3537_S02\MD18-3537_S02_XRF_R1\XRF data\L000446.spe,1115,80,788,865,5075,11725,4162,151,1530,964,78520,222,154,455,231,130,0,225,1273,349,858,82,128,188,76,114,234,1427,0,71,174,36,157,137,188,25120,12684
2610,C:\Data\20260323_MD18-3537\20260323_MD18-3537_S02\MD18-3537_S02_XRF_R1\XRF data\L000447.spe,1117.5,79,713,894,4730,10971,3874,131,1528,1236,74464,212,326,451,202,91,0,650,1207,244,1120,95,150,186,47,140,160,1599,0,0,0,43,122,396,153,25265,10296
2612.5,C:\Data\20260323_MD18-3537\20260323_MD18-3537_S02\MD18-3537_S02_XRF_R1\XRF data\L000448.spe,1120,57,703,867,5153,10334,3977,191,1579,1006,85102,219,262,483,260,38,86,722,929,263,755,64,117,192,106,190,283,1408,0,104,185,13,108,174,59,24179,11563
2615,C:\Data\20260323_MD18-3537\20260323_MD18-3537_S02\MD18-3537_S02_XRF_R1\XRF data\L000449.spe,1122.5,101,706,776,5458,9889,4249,154,1560,927,87872,232,372,460,106,47,33,534,1020,242,525,70,88,212,96,127,243,1639,0,43,68,0,240,182,101,23544,8974
2617.5,C:\Data\20260323_MD18-3537\20260323_MD18-3537_S02\MD18-3537_S02_XRF_R1\XRF data\L000450.spe,1125,102,685,679,6150,7235,4423,161,1649,1046,97976,138,268,551,117,204,83,1211,906,180,503,95,40,161,96,168,330,1800,0,156,181,0,146,119,87,23704,10164
2620,C:\Data\20260323_MD18-3537\20260323_MD18-3537_S02\MD18-3537_S02_XRF_R1\XRF data\L000451.spe,1127.5,95,670,771,6240,7135,4573,215,1641,1215,101347,190,263,537,113,263,38,1063,945,184,547,78,80,175,87,129,85,1627,0,105,208,6,226,88,194,23205,8429
2622.5,C:\Data\20260323_MD18-3537\20260323_MD18-3537_S02\MD18-3537_S02_XRF_R1\XRF data\L000452.spe,1130,113,755,726,6330,8004,4658,236,1659,1487,104949,156,248,480,135,195,54,567,920,205,606,124,113,292,85,128,215,1745,0,160,304,0,122,172,101,24104,10193
2625,C:\Data\20260323_MD18-3537\20260323_MD18-3537_S02\MD18-3537_S02_XRF_R1\XRF data\L000453.spe,1132.5,104,751,683,6811,5954,4557,256,1679,1348,105702,127,227,452,170,63,57,1098,864,238,545,87,81,372,82,90,384,2185,0,201,252,47,36,153,78,24884,12128
2627.5,C:\Data\20260323_MD18-3537\20260323_MD18-3537_S02\MD18-3537_S02_XRF_R1\XRF data\L000454.spe,1135,128,775,738,6695,6783,4611,207,1557,1098,105177,123,312,505,163,206,180,1045,933,123,563,142,62,244,108,130,226,2333,0,165,73,0,217,222,98,25282,9289
2630,C:\Data\20260323_MD18-3537\20260323_MD18-3537_S02\MD18-3537_S02_XRF_R1\XRF data\L000455.spe,1137.5,78,850,703,6903,7959,4587,181,1764,1009,105276,143,230,530,38,239,128,460,1023,362,611,118,94,306,109,129,198,2021,0,157,320,0,162,0,93,24182,11619
2632.5,C:\Data\20260323_MD18-3537\20260323_MD18-3537_S02\MD18-3537_S02_XRF_R1\XRF data\L000456.spe,1140,85,810,798,6485,8531,4521,164,1703,1054,103663,179,309,556,96,123,0,561,1078,216,443,94,104,235,131,160,182,2006,0,135,151,0,209,113,255,24740,13165
2635,C:\Data\20260323_MD18-3537\20260323_MD18-3537_S02\MD18-3537_S02_XRF_R1\XRF data\L000457.spe,1142.5,100,776,792,6758,8816,4733,165,1699,1040,108175,117,287,496,64,35,175,119,1001,380,456,83,101,211,91,176,255,2175,0,187,237,0,210,207,62,25657,14132
2637.5,C:\Data\20260323_MD18-3537\20260323_MD18-3537_S02\MD18-3537_S02_XRF_R1\XRF data\L000458.spe,1145,109,810,751,6994,9195,5016,171,1713,1079,107761,137,324,472,76,56,47,327,923,316,463,119,90,156,104,248,184,2022,0,166,178,74,241,161,148,23958,10464
2640,C:\Data\20260323_MD18-3537\20260323_MD18-3537_S02\MD18-3537_S02_XRF_R1\XRF data\L000459.spe,1147.5,126,760,837,7014,9609,4650,197,1600,1021,106831,159,255,400,138,50,23,729,945,331,458,97,128,293,155,165,134,1798,0,115,77,0,118,0,61,25534,9596
2642.5,C:\Data\20260323_MD18-3537\20260323_MD18-3537_S02\MD18-3537_S02_XRF_R1\XRF data\L000460.spe,1150,105,798,752,6693,9831,4783,225,1688,1124,106775,132,255,440,214,235,130,581,1072,343,596,117,111,204,83,173,89,2022,0,170,99,37,0,244,20,24848,12086
2650,C:\Data\20260323_MD18-3537\20260323_MD18-3537_S02\MD18-3537_S02_XRF_R1\XRF data\L000463.spe,1157.5,88,767,924,6685,8127,4598,229,1696,860,105956,187,257,560,159,75,205,639,938,356,499,135,53,298,122,110,252,1963,0,121,95,0,172,156,11,26283,13500
2652.5,C:\Data\20260323_MD18-3537\20260323_MD18-3537_S02\MD18-3537_S02_XRF_R1\XRF data\L000464.spe,1160,118,816,879,6720,9865,4646,242,1638,988,104110,133,280,545,134,208,59,948,976,287,425,75,132,252,90,193,208,1976,0,165,273,0,203,207,301,25353,13510
2657.5,C:\Data\20260323_MD18-3537\20260323_MD18-3537_S02\MD18-3537_S02_XRF_R1\XRF data\L000466.spe,1165,118,901,853,6717,12793,4970,159,1710,1021,106426,202,329,541,106,109,102,896,1064,254,583,183,161,142,179,224,234,1584,0,151,20,12,204,154,80,24976,7730
2660,C:\Data\20260323_MD18-3537\20260323_MD18-3537_S02\MD18-3537_S02_XRF_R1\XRF data\L000467.spe,1167.5,89,1000,847,6645,13667,5143,169,1774,1024,102946,229,279,554,149,208,0,343,1182,482,654,93,196,196,119,154,246,1465,0,118,76,0,158,63,161,26455,12100
2662.5,C:\Data\20260323_MD18-3537\20260323_MD18-3537_S02\MD18-3537_S02_XRF_R1\XRF data\L000468.spe,1170,54,940,754,6410,13913,4907,172,1732,1013,95995,112,286,441,106,110,0,411,1126,365,801,94,157,184,102,180,219,1740,0,102,34,0,164,83,167,25134,9803
2665,C:\Data\20260323_MD18-3537\20260323_MD18-3537_S02\MD18-3537_S02_XRF_R1\XRF data\L000469.spe,1172.5,96,830,798,5719,13343,4366,141,1634,913,89123,149,306,500,241,228,0,659,1092,324,618,84,128,238,90,142,316,1916,0,117,26,0,159,229,296,24988,11476
2667.5,C:\Data\20260323_MD18-3537\20260323_MD18-3537_S02\MD18-3537_S02_XRF_R1\XRF data\L000470.spe,1175,103,876,801,5814,12936,4517,168,1584,949,88581,155,228,442,186,169,97,449,1094,286,657,103,145,198,102,196,294,2135,0,99,164,0,82,85,158,24767,11249
2670,C:\Data\20260323_MD18-3537\20260323_MD18-3537_S02\MD18-3537_S02_XRF_R1\XRF data\L000471.spe,1177.5,105,761,824,5770,12772,4590,159,1589,1017,89160,188,378,418,210,213,62,840,1086,308,626,94,129,153,114,183,276,1589,0,70,0,22,186,187,135,24919,11055
2672.5,C:\Data\20260323_MD18-3537\20260323_MD18-3537_S02\MD18-3537_S02_XRF_R1\XRF data\L000472.spe,1180,76,750,758,5474,12196,4323,188,1614,1021,87470,212,365,408,73,140,135,649,1133,250,655,119,116,234,101,100,185,1308,0,108,0,0,216,0,26,25380,10390
2675,C:\Data\20260323_MD18-3537\20260323_MD18-3537_S02\MD18-3537_S02_XRF_R1\XRF data\L000473.spe,1182.5,111,818,734,5867,10719,4488,170,1549,974,92913,93,222,478,221,107,99,394,1003,260,592,93,154,280,87,120,283,1939,0,122,289,0,90,215,61,23922,9859
2677.5,C:\Data\20260323_MD18-3537\20260323_MD18-3537_S02\MD18-3537_S02_XRF_R1\XRF data\L000474.spe,1185,145,787,697,6435,9541,4761,215,1612,949,101586,135,288,560,148,154,128,403,961,346,548,120,116,200,100,168,135,1992,0,178,14,0,208,109,170,23427,10561
2680,C:\Data\20260323_MD18-3537\20260323_MD18-3537_S02\MD18-3537_S02_XRF_R1\XRF data\L000475.spe,1187.5,108,792,787,6229,9885,4763,203,1618,864,100811,86,287,496,132,249,117,567,944,220,575,74,131,208,122,148,266,2017,0,194,180,0,181,239,210,23113,10026
2682.5,C:\Data\20260323_MD18-3537\20260323_MD18-3537_S02\MD18-3537_S02_XRF_R1\XRF data\L000476.spe,1190,89,792,746,5854,11109,4500,163,1657,861,97646,66,178,436,134,131,0,730,895,277,664,91,116,221,69,122,222,2092,0,99,249,0,127,81,237,24550,11631
2685,C:\Data\20260323_MD18-3537\20260323_MD18-3537_S02\MD18-3537_S02_XRF_R1\XRF data\L000477.spe,1192.5,95,808,821,5836,11804,4217,123,1617,840,97713,146,233,495,135,210,12,731,861,285,564,135,91,316,111,125,263,1800,0,124,158,15,220,263,297,24778,12482
2687.5,C:\Data\20260323_MD18-3537\20260323_MD18-3537_S02\MD18-3537_S02_XRF_R1\XRF data\L000478.spe,1195,99,866,754,6410,9283,4586,146,1530,906,101729,125,235,475,97,225,154,457,981,273,609,110,109,218,130,163,103,2085,0,159,49,5,193,123,208,24207,11052
2690,C:\Data\20260323_MD18-3537\20260323_MD18-3537_S02\MD18-3537_S02_XRF_R1\XRF data\L000479.spe,1197.5,97,762,720,6504,8595,4651,136,1580,883,102087,138,140,472,82,192,132,373,1034,400,544,126,82,267,136,199,156,2354,0,98,244,0,190,217,84,24835,10745
2692.5,C:\Data\20260323_MD18-3537\20260323_MD18-3537_S02\MD18-3537_S02_XRF_R1\XRF data\L000480.spe,1200,59,840,797,6689,8310,4709,191,1604,909,105635,186,370,479,258,85,139,1055,1006,300,561,90,76,185,150,184,210,1764,0,132,60,85,78,181,17,25807,11735
2695,C:\Data\20260323_MD18-3537\20260323_MD18-3537_S02\MD18-3537_S02_XRF_R1\XRF data\L000481.spe,1202.5,74,776,780,6451,7925,4706,198,1631,855,104122,219,310,555,309,85,33,328,867,335,538,94,74,143,121,180,205,1807,0,106,0,62,76,160,128,23999,13373
2697.5,C:\Data\20260323_MD18-3537\20260323_MD18-3537_S02\MD18-3537_S02_XRF_R1\XRF data\L000482.spe,1205,102,824,724,6287,8020,4521,156,1714,837,104632,71,142,441,155,242,48,429,963,306,649,119,82,262,101,163,222,2303,0,212,266,42,185,180,70,23378,11240
2700,C:\Data\20260323_MD18-3537\20260323_MD18-3537_S02\MD18-3537_S02_XRF_R1\XRF data\L000483.spe,1207.5,89,765,728,6376,7840,4652,147,1685,853,104312,56,175,476,219,31,183,537,931,200,668,116,81,234,107,216,281,2206,0,189,255,38,131,194,7,23470,8093
2702.5,C:\Data\20260323_MD18-3537\20260323_MD18-3537_S02\MD18-3537_S02_XRF_R1\XRF data\L000484.spe,1210,101,766,779,6476,8114,4552,152,1639,882,105101,132,257,452,130,8,146,768,945,235,542,126,36,201,110,187,217,1888,0,196,173,0,235,130,0,24032,8834
2705,C:\Data\20260323_MD18-3537\20260323_MD18-3537_S02\MD18-3537_S02_XRF_R1\XRF data\L000485.spe,1212.5,76,712,818,6266,8917,4599,255,1595,890,101468,128,318,497,71,150,0,268,973,326,628,127,105,150,109,182,175,1637,0,199,88,0,156,192,246,23006,11248
2707.5,C:\Data\20260323_MD18-3537\20260323_MD18-3537_S02\MD18-3537_S02_XRF_R1\XRF data\L000486.spe,1215,105,752,798,6082,10627,4563,177,1606,947,95733,117,288,475,115,255,15,120,1077,428,657,90,90,184,125,158,174,1668,0,103,0,0,118,120,181,22870,13616
2710,C:\Data\20260323_MD18-3537\20260323_MD18-3537_S02\MD18-3537_S02_XRF_R1\XRF data\L000487.spe,1217.5,106,786,776,6366,8366,4432,192,1539,959,97492,142,224,444,146,238,0,589,930,347,593,153,97,244,135,155,144,2019,0,139,186,0,170,294,215,24218,12598
2712.5,C:\Data\20260323_MD18-3537\20260323_MD18-3537_S02\MD18-3537_S02_XRF_R1\XRF data\L000488.spe,1220,106,929,827,7298,7173,4692,221,1530,970,109913,89,174,475,104,142,161,688,963,306,631,98,98,353,169,92,145,2127,0,154,214,0,220,131,0,24353,12890
2715,C:\Data\20260323_MD18-3537\20260323_MD18-3537_S02\MD18-3537_S02_XRF_R1\XRF data\L000489.spe,1222.5,100,852,728,6667,9616,4917,181,1720,929,104571,0,266,473,207,20,175,716,996,277,472,140,93,216,109,194,234,2573,0,237,111,0,124,153,0,25184,12517
2717.5,C:\Data\20260323_MD18-3537\20260323_MD18-3537_S02\MD18-3537_S02_XRF_R1\XRF data\L000490.spe,1225,84,788,819,6716,9326,4749,156,1664,853,102130,41,196,488,199,312,86,0,1044,381,591,106,117,257,99,180,233,2482,0,186,253,0,131,123,217,23786,9594
2720,C:\Data\20260323_MD18-3537\20260323_MD18-3537_S02\MD18-3537_S02_XRF_R1\XRF data\L000491.spe,1227.5,123,813,820,6512,9804,4599,219,1644,873,98496,80,118,516,233,227,104,223,1118,257,621,146,124,283,101,165,210,2345,0,108,83,56,121,164,106,23635,10338
2722.5,C:\Data\20260323_MD18-3537\20260323_MD18-3537_S02\MD18-3537_S02_XRF_R1\XRF data\L000492.spe,1230,92,890,867,6499,10404,4855,120,1673,1107,98783,113,294,437,140,259,0,464,1097,296,722,123,132,161,121,162,150,1913,0,128,318,0,199,0,235,24230,9283
2725,C:\Data\20260323_MD18-3537\20260323_MD18-3537_S02\MD18-3537_S02_XRF_R1\XRF data\L000493.spe,1232.5,101,749,848,5987,10961,4658,153,1628,922,90364,70,330,467,227,0,84,624,1056,256,652,75,121,153,131,212,295,1972,0,158,0,0,99,117,23,23891,9213
2727.5,C:\Data\20260323_MD18-3537\20260323_MD18-3537_S02\MD18-3537_S02_XRF_R1\XRF data\L000494.spe,1235,47,786,799,5437,12229,4464,139,1503,901,84614,183,210,437,75,0,29,352,1147,280,695,110,125,189,100,116,119,1903,0,59,9,0,258,159,79,24331,12060
2730,C:\Data\20260323_MD18-3537\20260323_MD18-3537_S02\MD18-3537_S02_XRF_R1\XRF data\L000495.spe,1237.5,78,773,767,5977,10030,4352,202,1729,1316,93106,188,241,523,74,156,25,580,940,277,436,87,152,216,85,137,295,1998,0,98,208,0,168,92,208,24106,9983
2732.5,C:\Data\20260323_MD18-3537\20260323_MD18-3537_S02\MD18-3537_S02_XRF_R1\XRF data\L000496.spe,1240,88,733,746,6897,9226,4792,187,1695,1260,102819,145,273,462,43,166,153,732,1022,340,531,105,119,283,97,165,339,2229,0,175,212,0,205,161,96,24299,9859
2747.5,C:\Data\20260323_MD18-3537\20260323_MD18-3537_S02\MD18-3537_S02_XRF_R1\XRF data\L000502.spe,1255,124,852,702,6781,8101,4812,172,1714,1005,105308,136,233,501,260,239,0,695,955,318,557,106,89,252,125,166,331,2043,0,221,220,0,81,234,275,25576,10219
2750,C:\Data\20260323_MD18-3537\20260323_MD18-3537_S02\MD18-3537_S02_XRF_R1\XRF data\L000503.spe,1257.5,106,906,720,7232,7190,4756,169,1639,1001,106023,154,297,515,128,210,30,721,908,325,531,144,57,284,103,175,145,2180,0,182,128,0,198,124,250,24527,11177
2755,C:\Data\20260323_MD18-3537\20260323_MD18-3537_S02\MD18-3537_S02_XRF_R1\XRF data\L000505.spe,1262.5,147,806,710,7386,6093,4642,228,1737,1008,112338,88,253,507,137,18,212,850,925,274,440,94,84,331,113,160,209,2293,0,213,310,0,234,290,0,24458,10597
2760,C:\Data\20260323_MD18-3537\20260323_MD18-3537_S02\MD18-3537_S02_XRF_R1\XRF data\L000507.spe,1267.5,105,865,748,6913,10668,4823,161,1735,1064,110057,152,233,551,158,105,61,349,1015,381,507,106,127,238,134,166,235,2110,0,183,72,0,143,183,115,24984,13455
2765,C:\Data\20260323_MD18-3537\20260323_MD18-3537_S02\MD18-3537_S02_XRF_R1\XRF data\L000509.spe,1272.5,62,811,778,6392,12038,4633,210,1675,979,102098,136,276,548,75,98,0,452,1059,362,641,55,158,239,142,118,248,1911,0,193,139,0,277,86,236,23488,11721
2767.5,C:\Data\20260323_MD18-3537\20260323_MD18-3537_S02\MD18-3537_S02_XRF_R1\XRF data\L000510.spe,1275,62,851,754,6432,10340,4634,175,1648,942,99305,79,167,392,95,145,94,650,1058,275,702,109,113,280,73,127,163,2274,0,154,298,0,224,90,187,23281,8982
2772.5,C:\Data\20260323_MD18-3537\20260323_MD18-3537_S02\MD18-3537_S02_XRF_R1\XRF data\L000512.spe,1280,154,878,729,7070,12202,4964,222,1661,1200,106993,93,181,474,102,190,153,897,1108,175,567,145,171,251,63,144,176,1922,0,211,210,0,232,247,64,23797,9181
2775,C:\Data\20260323_MD18-3537\20260323_MD18-3537_S02\MD18-3537_S02_XRF_R1\XRF data\L000513.spe,1282.5,118,868,751,7286,12230,5049,243,1694,1430,108264,139,282,580,168,18,91,49,1215,420,566,95,148,211,95,222,295,2221,0,220,189,0,198,214,60,25244,10659
2777.5,C:\Data\20260323_MD18-3537\20260323_MD18-3537_S02\MD18-3537_S02_XRF_R1\XRF data\L000514.spe,1285,104,827,715,6991,12872,4970,191,1777,1249,106644,99,202,537,182,123,17,430,1130,323,435,140,152,178,112,229,332,2445,0,210,262,0,187,154,231,25253,10746
2785,C:\Data\20260323_MD18-3537\20260323_MD18-3537_S02\MD18-3537_S02_XRF_R1\XRF data\L000517.spe,1292.5,68,720,824,5751,13574,4578,142,1571,1103,89667,135,237,473,203,184,82,9,1182,441,635,90,179,192,119,199,208,1938,0,167,80,0,206,111,16,24840,11440
2787.5,C:\Data\20260323_MD18-3537\20260323_MD18-3537_S02\MD18-3537_S02_XRF_R1\XRF data\L000518.spe,1295,82,769,924,5340,14104,4350,166,1603,975,82431,210,275,460,114,99,52,525,1274,272,673,131,151,167,97,216,356,1545,0,26,0,10,205,178,172,24722,8879
2790,C:\Data\20260323_MD18-3537\20260323_MD18-3537_S02\MD18-3537_S02_XRF_R1\XRF data\L000519.spe,1297.5,98,715,802,5771,11304,4185,167,1557,1572,89715,215,267,456,126,309,119,634,1038,274,608,69,175,258,79,184,258,1995,0,132,147,0,177,99,95,23436,8982
2792.5,C:\Data\20260323_MD18-3537\20260323_MD18-3537_S02\MD18-3537_S02_XRF_R1\XRF data\L000520.spe,1300,96,749,738,6589,9181,4577,201,1599,1381,100325,211,310,636,94,224,234,136,1009,251,479,73,122,199,107,150,279,1909,0,102,0,42,224,92,0,23463,12328
2795,C:\Data\20260323_MD18-3537\20260323_MD18-3537_S02\MD18-3537_S02_XRF_R1\XRF data\L000521.spe,1302.5,66,713,719,6801,7719,4571,255,1738,1181,105125,185,323,558,189,5,161,1066,886,215,454,182,39,295,90,148,168,2122,0,165,77,0,110,169,44,24897,14159
2797.5,C:\Data\20260323_MD18-3537\20260323_MD18-3537_S02\MD18-3537_S02_XRF_R1\XRF data\L000522.spe,1305,39,706,822,6745,8962,4955,164,1627,1033,106954,75,179,496,230,119,152,660,944,231,546,142,116,214,104,216,345,2312,0,247,243,0,88,88,88,23522,11176
2807.5,C:\Data\20260323_MD18-3537\20260323_MD18-3537_S02\MD18-3537_S02_XRF_R1\XRF data\L000526.spe,1315,111,764,840,6260,11715,4937,144,1598,1061,104773,172,210,549,123,268,46,527,1070,295,529,143,210,246,100,175,267,2491,0,183,95,66,196,155,179,24317,10736
2810,C:\Data\20260323_MD18-3537\20260323_MD18-3537_S02\MD18-3537_S02_XRF_R1\XRF data\L000527.spe,1317.5,109,792,830,6782,9975,4793,237,1600,1146,104561,119,275,539,263,0,52,352,1071,300,558,157,59,237,77,165,107,2300,0,127,85,0,136,152,104,24583,12735
2812.5,C:\Data\20260323_MD18-3537\20260323_MD18-3537_S02\MD18-3537_S02_XRF_R1\XRF data\L000528.spe,1320,101,882,813,7248,8560,4896,196,1720,1034,105243,102,319,555,214,112,42,1501,1080,253,564,118,104,269,99,133,127,2073,0,142,71,62,125,56,138,24906,11106
2815,C:\Data\20260323_MD18-3537\20260323_MD18-3537_S02\MD18-3537_S02_XRF_R1\XRF data\L000529.spe,1322.5,93,900,825,6644,10054,4667,227,1693,992,97400,167,345,422,0,14,47,358,1075,312,530,88,85,174,124,159,181,1847,0,119,97,0,300,128,152,24820,10273
2817.5,C:\Data\20260323_MD18-3537\20260323_MD18-3537_S02\MD18-3537_S02_XRF_R1\XRF data\L000530.spe,1325,101,865,811,6620,10676,4638,175,1632,1052,96772,74,259,519,284,115,0,1031,1104,179,704,53,172,313,101,102,139,2184,0,147,71,0,69,130,260,24555,14161
2822.5,C:\Data\20260323_MD18-3537\20260323_MD18-3537_S02\MD18-3537_S02_XRF_R1\XRF data\L000532.spe,1330,91,733,922,5898,11501,4719,222,1628,1013,90920,150,178,458,176,220,0,0,1105,490,764,197,142,174,111,169,234,2125,0,80,170,0,149,73,190,25365,11082
2825,C:\Data\20260323_MD18-3537\20260323_MD18-3537_S02\MD18-3537_S02_XRF_R1\XRF data\L000533.spe,1332.5,87,793,1060,5022,12620,4423,157,1563,878,79999,168,335,468,177,162,0,586,1235,244,757,95,159,135,90,179,157,1712,0,35,0,0,121,165,261,24978,10823
2827.5,C:\Data\20260323_MD18-3537\20260323_MD18-3537_S02\MD18-3537_S02_XRF_R1\XRF data\L000534.spe,1335,74,743,998,5350,11980,3992,162,1730,974,82122,278,266,447,98,158,65,654,1126,221,594,38,191,249,104,101,201,1631,0,83,60,67,225,238,188,24410,11295
2830,C:\Data\20260323_MD18-3537\20260323_MD18-3537_S02\MD18-3537_S02_XRF_R1\XRF data\L000535.spe,1337.5,102,747,770,5998,10927,4651,129,1597,1279,94926,118,298,462,187,78,73,351,964,358,529,151,170,219,95,164,271,2417,0,105,95,0,133,127,58,23174,8953
2832.5,C:\Data\20260323_MD18-3537\20260323_MD18-3537_S02\MD18-3537_S02_XRF_R1\XRF data\L000536.spe,1340,105,770,825,7033,7303,4877,221,1698,1251,107406,188,352,519,261,93,141,589,1024,264,491,124,94,176,130,222,314,1954,0,179,0,0,212,136,6,24571,11955
2835,C:\Data\20260323_MD18-3537\20260323_MD18-3537_S02\MD18-3537_S02_XRF_R1\XRF data\L000537.spe,1342.5,129,825,865,7354,5021,4978,231,1824,813,113706,134,342,507,45,239,94,944,837,286,391,134,70,221,95,163,302,2095,0,218,126,0,252,82,136,25085,10267
2837.5,C:\Data\20260323_MD18-3537\20260323_MD18-3537_S02\MD18-3537_S02_XRF_R1\XRF data\L000538.spe,1345,116,770,781,7265,7194,4904,254,1746,1019,113640,206,257,452,207,0,111,856,914,296,553,39,111,221,126,193,286,1766,0,195,371,0,166,159,181,24704,14188
2840,C:\Data\20260323_MD18-3537\20260323_MD18-3537_S02\MD18-3537_S02_XRF_R1\XRF data\L000539.spe,1347.5,96,900,781,7189,8519,5244,208,1780,1040,113075,132,243,506,100,165,208,212,1022,293,570,115,94,210,76,190,216,2198,0,190,102,0,204,167,0,25516,12099
2842.5,C:\Data\20260323_MD18-3537\20260323_MD18-3537_S02\MD18-3537_S02_XRF_R1\XRF data\L000540.spe,1350,73,938,770,7078,9401,5112,139,1871,941,114767,110,294,587,201,135,109,549,1051,377,654,138,98,280,78,194,347,2416,0,225,186,0,180,169,108,25179,12453
2850,C:\Data\20260323_MD18-3537\20260323_MD18-3537_S02\MD18-3537_S02_XRF_R1\XRF data\L000543.spe,1357.5,143,995,829,6959,10355,5275,160,1784,1063,109110,316,412,513,243,51,86,628,1078,301,572,79,125,199,150,169,143,2004,0,107,27,50,195,64,92,26393,9905
2852.5,C:\Data\20260323_MD18-3537\20260323_MD18-3537_S02\MD18-3537_S02_XRF_R1\XRF data\L000544.spe,1360,114,885,772,6639,9817,4955,197,1637,958,102786,168,279,445,157,33,130,395,1163,474,725,132,121,232,88,131,217,2205,0,119,227,0,135,220,0,26048,10445
2855,C:\Data\20260323_MD18-3537\20260323_MD18-3537_S02\MD18-3537_S02_XRF_R1\XRF data\L000545.spe,1362.5,82,795,894,5650,10622,4493,132,1739,919,88869,104,245,471,136,218,0,258,1272,347,534,84,147,185,96,204,241,1954,0,160,63,0,204,165,251,24848,10369
2857.5,C:\Data\20260323_MD18-3537\20260323_MD18-3537_S02\MD18-3537_S02_XRF_R1\XRF data\L000546.spe,1365,73,778,894,5033,11154,4457,119,1509,924,81461,117,254,336,107,204,66,13,1342,364,891,66,153,167,92,183,232,1968,0,64,193,0,127,134,70,25208,11600
2860,C:\Data\20260323_MD18-3537\20260323_MD18-3537_S02\MD18-3537_S02_XRF_R1\XRF data\L000547.spe,1367.5,63,608,1006,4115,10566,3765,170,1645,791,72498,164,179,331,245,100,119,0,1241,326,621,72,92,137,101,141,201,1594,0,60,52,20,124,199,0,24296,8846
2867.5,C:\Data\20260323_MD18-3537\20260323_MD18-3537_S02\MD18-3537_S02_XRF_R1\XRF data\L000550.spe,1375,75,700,679,6275,6772,4352,224,1471,988,98282,141,216,497,145,185,118,758,928,206,546,88,94,237,82,146,172,2078,0,157,322,0,122,177,86,22228,8578
2885,C:\Data\20260323_MD18-3537\20260323_MD18-3537_S02\MD18-3537_S02_XRF_R1\XRF data\L000557.spe,1392.5,111,847,846,6713,8089,4773,107,1637,1022,110328,59,219,485,134,104,123,583,906,255,571,128,120,291,102,178,238,2346,0,160,358,0,187,219,150,24451,11299
2887.5,C:\Data\20260323_MD18-3537\20260323_MD18-3537_S02\MD18-3537_S02_XRF_R1\XRF data\L000558.spe,1395,86,871,841,6498,9150,4952,223,1649,998,109483,197,273,531,215,0,173,427,1029,397,605,89,74,196,105,146,219,1872,0,97,25,46,101,102,0,25047,8255
2890,C:\Data\20260323_MD18-3537\20260323_MD18-3537_S02\MD18-3537_S02_XRF_R1\XRF data\L000559.spe,1397.5,101,848,785,6578,9663,5120,192,1784,983,109844,0,169,444,201,90,88,640,1058,334,568,126,113,211,114,147,298,2191,0,247,294,0,145,200,108,24507,7985
2892.5,C:\Data\20260323_MD18-3537\20260323_MD18-3537_S02\MD18-3537_S02_XRF_R1\XRF data\L000560.spe,1400,82,852,748,6764,9814,5137,101,1724,1072,109557,93,227,591,249,16,173,347,1039,184,696,84,103,194,180,214,214,2292,0,231,169,0,170,326,38,23015,11440
2895,C:\Data\20260323_MD18-3537\20260323_MD18-3537_S02\MD18-3537_S02_XRF_R1\XRF data\L000561.spe,1402.5,92,906,820,6825,10339,5157,184,1713,980,110482,106,204,647,211,101,26,783,1009,211,622,117,135,293,94,158,315,2714,0,216,89,0,171,200,144,25089,11436
2897.5,C:\Data\20260323_MD18-3537\20260323_MD18-3537_S02\MD18-3537_S02_XRF_R1\XRF data\L000562.spe,1405,127,873,855,6897,10808,5230,160,1637,1083,110469,125,273,532,153,110,141,505,990,281,578,128,144,314,131,176,213,2587,0,185,5,0,225,184,79,24479,10291
2907.5,C:\Data\20260323_MD18-3537\20260323_MD18-3537_S02\MD18-3537_S02_XRF_R1\XRF data\L000566.spe,1415,87,863,844,6616,12358,4976,231,1689,1092,104406,112,342,570,161,41,24,837,1167,236,649,117,137,257,111,153,322,2550,0,175,249,0,129,143,93,24909,11290
2912.5,C:\Data\20260323_MD18-3537\20260323_MD18-3537_S02\MD18-3537_S02_XRF_R1\XRF data\L000568.spe,1420,81,858,762,6399,11569,5038,164,1774,1372,102212,118,236,536,118,164,0,305,1032,346,555,152,141,172,120,236,486,2164,0,138,148,0,248,61,172,24120,11650
2922.5,C:\Data\20260323_MD18-3537\20260323_MD18-3537_S02\MD18-3537_S02_XRF_R1\XRF data\L000572.spe,1430,96,896,715,6894,7743,5384,149,1668,1141,110441,180,199,540,122,94,138,891,929,321,597,109,119,214,155,170,315,2217,0,104,41,48,81,74,0,25796,13970
2925,C:\Data\20260323_MD18-3537\20260323_MD18-3537_S02\MD18-3537_S02_XRF_R1\XRF data\L000573.spe,1432.5,91,897,717,7021,8806,5468,220,1728,1434,116127,85,313,583,163,175,107,711,859,299,473,152,77,273,92,190,227,2586,0,292,95,92,135,50,96,24073,9717
2927.5,C:\Data\20260323_MD18-3537\20260323_MD18-3537_S02\MD18-3537_S02_XRF_R1\XRF data\L000574.spe,1435,120,827,724,7675,3787,5041,210,1735,924,113942,140,324,589,234,74,158,702,938,381,526,108,29,219,124,177,215,2347,0,152,113,0,190,180,95,26320,10852
2932.5,C:\Data\20260323_MD18-3537\20260323_MD18-3537_S02\MD18-3537_S02_XRF_R1\XRF data\L000576.spe,1440,127,887,749,6806,8126,4831,155,1828,952,106574,168,264,536,129,239,112,483,945,361,547,18,125,289,97,136,207,2212,0,179,97,0,137,0,145,25764,10840
2935,C:\Data\20260323_MD18-3537\20260323_MD18-3537_S02\MD18-3537_S02_XRF_R1\XRF data\L000577.spe,1442.5,73,866,805,6232,9989,4885,191,1956,1034,104054,154,166,431,49,84,81,677,1123,243,412,97,139,121,99,236,196,2175,0,182,132,0,221,69,91,24029,10922
2937.5,C:\Data\20260323_MD18-3537\20260323_MD18-3537_S02\MD18-3537_S02_XRF_R1\XRF data\L000578.spe,1445,95,842,640,6117,8185,4550,168,1697,943,97318,85,230,474,224,109,71,22,1029,315,609,71,69,167,122,123,185,1910,0,140,43,0,114,114,123,23018,9813
2940,C:\Data\20260323_MD18-3537\20260323_MD18-3537_S02\MD18-3537_S02_XRF_R1\XRF data\L000579.spe,1447.5,82,884,674,6682,7760,4804,153,1658,874,101535,118,267,542,83,114,178,785,874,376,585,78,43,172,95,228,245,2174,0,229,57,0,165,74,0,25650,11572
2942.5,C:\Data\20260323_MD18-3537\20260323_MD18-3537_S02\MD18-3537_S02_XRF_R1\XRF data\L000580.spe,1450,105,885,669,6698,7790,5009,277,1688,863,103241,111,279,529,270,0,130,563,1047,352,614,192,114,294,76,149,325,2368,0,199,0,0,114,211,0,24519,11547
2947.5,C:\Data\20260323_MD18-3537\20260323_MD18-3537_S02\MD18-3537_S02_XRF_R1\XRF data\L000582.spe,1455,117,861,684,7064,6870,5139,145,1582,1015,113917,253,308,549,229,173,83,673,997,325,467,89,87,252,129,190,169,2027,0,141,221,6,164,159,182,25554,13184
2950,C:\Data\20260323_MD18-3537\20260323_MD18-3537_S02\MD18-3537_S02_XRF_R1\XRF data\L000583.spe,1457.5,110,823,696,6862,7220,5100,154,1716,961,112907,170,296,523,116,208,73,645,904,333,619,205,40,308,82,159,177,2388,0,187,82,0,197,20,82,25443,11388
2952.5,C:\Data\20260323_MD18-3537\20260323_MD18-3537_S02\MD18-3537_S02_XRF_R1\XRF data\L000584.spe,1460,101,851,737,7101,6922,4827,269,1704,952,114036,187,265,519,229,218,89,1299,918,154,566,88,85,277,91,135,235,1864,0,154,141,70,191,240,197,24847,9679
2955,C:\Data\20260323_MD18-3537\20260323_MD18-3537_S02\MD18-3537_S02_XRF_R1\XRF data\L000585.spe,1462.5,123,801,786,6951,7488,4990,223,1738,934,113569,200,365,565,198,323,27,824,862,281,566,72,91,135,119,202,232,1744,0,192,53,87,149,262,218,25099,11146
2957.5,C:\Data\20260323_MD18-3537\20260323_MD18-3537_S02\MD18-3537_S02_XRF_R1\XRF data\L000586.spe,1465,122,796,699,6849,9299,4971,189,1699,798,113296,166,267,557,140,276,43,948,1040,311,499,145,91,257,112,148,307,1946,0,160,230,40,244,141,245,25836,11300
2960,C:\Data\20260323_MD18-3537\20260323_MD18-3537_S02\MD18-3537_S02_XRF_R1\XRF data\L000587.spe,1467.5,134,880,750,6695,10149,5021,259,1653,952,110129,221,393,505,144,102,131,609,994,258,707,145,136,182,132,170,310,1770,0,72,52,0,163,92,0,24625,9410
2962.5,C:\Data\20260323_MD18-3537\20260323_MD18-3537_S02\MD18-3537_S02_XRF_R1\XRF data\L000588.spe,1470,103,833,770,6522,10416,4720,173,1672,978,104863,208,348,565,201,141,50,239,1069,389,608,132,102,193,105,155,223,2027,0,108,14,0,174,119,163,25832,12223
2965,C:\Data\20260323_MD18-3537\20260323_MD18-3537_S02\MD18-3537_S02_XRF_R1\XRF data\L000589.spe,1472.5,132,719,879,6242,10012,4693,149,1698,911,100715,193,295,439,205,219,0,953,1031,151,581,90,122,211,99,152,298,1961,0,93,67,52,103,90,220,25275,10447
2967.5,C:\Data\20260323_MD18-3537\20260323_MD18-3537_S02\MD18-3537_S02_XRF_R1\XRF data\L000590.spe,1475,53,804,828,6302,10444,4697,174,1715,936,102447,160,330,404,195,255,0,895,1082,350,654,94,102,184,125,181,222,1826,0,105,88,0,130,141,307,24306,11089
2970,C:\Data\20260323_MD18-3537\20260323_MD18-3537_S02\MD18-3537_S02_XRF_R1\XRF data\L000591.spe,1477.5,90,883,689,6316,11534,4884,115,1671,1024,104207,143,262,508,267,53,0,524,1119,376,650,61,142,252,109,169,320,2095,0,163,185,23,79,169,204,25578,12202
2972.5,C:\Data\20260323_MD18-3537\20260323_MD18-3537_S02\MD18-3537_S02_XRF_R1\XRF data\L000592.spe,1480,77,821,696,6012,11823,4817,216,1542,1012,100709,178,361,529,138,176,0,777,1181,254,638,126,148,269,75,124,185,1977,0,159,90,0,214,177,221,24980,11220
2975,C:\Data\20260323_MD18-3537\20260323_MD18-3537_S02\MD18-3537_S02_XRF_R1\XRF data\L000593.spe,1482.5,66,773,810,5679,11454,4557,138,1663,976,96013,244,169,543,266,84,175,359,1015,330,617,144,121,226,126,138,184,1681,0,148,77,35,111,0,0,25215,10843
2977.5,C:\Data\20260323_MD18-3537\20260323_MD18-3537_S02\MD18-3537_S02_XRF_R1\XRF data\L000594.spe,1485,54,654,753,5434,10421,4248,129,1549,833,91504,132,191,423,206,262,0,590,1094,372,642,145,109,200,98,169,230,1904,0,115,262,0,80,72,114,24816,11950
2980,C:\Data\20260323_MD18-3537\20260323_MD18-3537_S02\MD18-3537_S02_XRF_R1\XRF data\L000595.spe,1487.5,99,531,625,4585,8340,3491,121,1325,766,79130,211,240,513,110,43,95,690,1065,285,597,112,82,247,74,98,223,1846,0,41,0,0,130,0,34,24056,10415
3001.5,C:\Data\20260323_MD18-3537\20260324_MD18-3537_S03\MD18-3537_S03_XRF\XRF data\L000004.spe,10,144,990,963,7992,7773,5536,299,1856,1270,124911,370,363,663,248,232,41,1535,1057,228,662,105,55,170,103,202,168,634,0,149,133,91,165,70,268,27273,8653
3004,C:\Data\20260323_MD18-3537\20260324_MD18-3537_S03\MD18-3537_S03_XRF\XRF data\L000005.spe,12.5,87,766,829,7102,7528,5082,234,1735,1050,114444,350,427,622,113,169,137,1625,959,172,576,15,64,173,116,155,95,302,124,75,63,90,283,175,149,24233,8799
3006.5,C:\Data\20260323_MD18-3537\20260324_MD18-3537_S03\MD18-3537_S03_XRF\XRF data\L000006.spe,15,85,716,899,6510,8408,4900,244,1767,929,111259,346,373,571,171,183,139,1584,1017,246,681,75,27,93,98,203,176,377,13,89,183,35,183,35,21,25737,11024
3009,C:\Data\20260323_MD18-3537\20260324_MD18-3537_S03\MD18-3537_S03_XRF\XRF data\L000007.spe,17.5,89,725,910,6506,9144,4892,187,1639,947,109716,309,269,493,130,0,164,661,1119,368,684,87,53,94,149,204,180,687,0,111,152,81,223,105,0,24350,8046
3011.5,C:\Data\20260323_MD18-3537\20260324_MD18-3537_S03\MD18-3537_S03_XRF\XRF data\L000008.spe,20,75,685,952,6173,8255,4806,230,1601,980,100389,342,333,482,43,0,81,717,1046,312,822,0,8,64,105,186,22,80,268,0,0,109,227,27,69,24048,9057
3014,C:\Data\20260323_MD18-3537\20260324_MD18-3537_S03\MD18-3537_S03_XRF\XRF data\L000009.spe,22.5,103,741,917,6589,7410,4512,194,1753,974,105471,341,244,526,345,25,265,810,1110,266,494,76,34,207,115,109,146,500,0,36,185,17,122,36,0,26070,11312
3016.5,C:\Data\20260323_MD18-3537\20260324_MD18-3537_S03\MD18-3537_S03_XRF\XRF data\L000010.spe,25,100,848,906,6980,8542,4718,288,1733,1200,108276,348,343,509,121,6,238,735,968,353,542,29,78,202,107,134,173,706,0,53,225,0,206,80,52,25149,10618
3019,C:\Data\20260323_MD18-3537\20260324_MD18-3537_S03\MD18-3537_S03_XRF\XRF data\L000011.spe,27.5,127,809,964,6865,10616,4930,239,1704,1235,112821,265,330,533,294,42,118,1143,1024,261,543,81,66,133,125,177,235,911,0,131,125,0,112,196,58,24972,10850
3021.5,C:\Data\20260323_MD18-3537\20260324_MD18-3537_S03\MD18-3537_S03_XRF\XRF data\L000012.spe,30,67,832,970,6307,12057,4901,225,1728,1076,108053,277,296,532,211,0,146,1101,1110,305,557,100,94,129,78,206,105,774,0,54,63,0,175,115,9,24956,8587
3024,C:\Data\20260323_MD18-3537\20260324_MD18-3537_S03\MD18-3537_S03_XRF\XRF data\L000013.spe,32.5,153,720,980,6250,12827,4907,183,1632,958,104539,309,276,548,155,137,9,956,991,241,579,54,137,187,103,211,205,939,0,69,166,7,86,106,176,25782,10135
3026.5,C:\Data\20260323_MD18-3537\20260324_MD18-3537_S03\MD18-3537_S03_XRF\XRF data\L000014.spe,35,69,746,969,5922,13188,4739,206,1846,991,100794,323,275,485,106,149,54,1550,1041,98,635,79,83,153,104,153,233,650,0,62,168,29,252,0,168,23998,10268
3029,C:\Data\20260323_MD18-3537\20260324_MD18-3537_S03\MD18-3537_S03_XRF\XRF data\L000015.spe,37.5,83,786,1036,5895,12799,4885,176,1741,944,101513,235,366,489,106,0,92,888,1136,195,587,93,103,143,81,141,212,858,0,63,96,4,175,218,0,24250,8139
3031.5,C:\Data\20260323_MD18-3537\20260324_MD18-3537_S03\MD18-3537_S03_XRF\XRF data\L000016.spe,40,79,847,910,6405,11949,4829,126,1764,1062,104890,250,310,449,199,249,70,668,1095,254,607,53,68,192,80,163,160,977,0,32,174,11,192,154,118,24582,7754
3034,C:\Data\20260323_MD18-3537\20260324_MD18-3537_S03\MD18-3537_S03_XRF\XRF data\L000017.spe,42.5,130,792,922,6482,11152,4801,144,1797,1066,105123,272,358,514,0,0,246,988,1111,161,572,31,112,131,103,165,110,833,0,113,148,0,252,84,0,24658,9341
3036.5,C:\Data\20260323_MD18-3537\20260324_MD18-3537_S03\MD18-3537_S03_XRF\XRF data\L000018.spe,45,92,739,954,6434,10687,4620,176,1683,1052,102620,211,345,542,95,112,189,754,989,267,596,47,122,132,104,181,86,1018,0,136,135,0,233,195,160,24712,8661
3039,C:\Data\20260323_MD18-3537\20260324_MD18-3537_S03\MD18-3537_S03_XRF\XRF data\L000019.spe,47.5,118,810,1093,6259,10306,4620,203,1577,939,101425,307,307,456,238,0,208,1445,1145,182,525,11,83,140,99,168,220,928,0,33,73,0,143,157,28,25891,8145
3041.5,C:\Data\20260323_MD18-3537\20260324_MD18-3537_S03\MD18-3537_S03_XRF\XRF data\L000020.spe,50,95,848,1094,6359,10020,4625,224,1602,1038,98908,231,238,415,178,171,165,1003,1181,75,671,102,104,85,109,160,85,928,0,71,186,0,141,108,113,23994,7972
3044,C:\Data\20260323_MD18-3537\20260324_MD18-3537_S03\MD18-3537_S03_XRF\XRF data\L000021.spe,52.5,59,665,934,5251,9977,3946,128,1556,935,86209,369,330,468,93,139,98,1065,1172,300,840,10,78,196,41,102,47,674,0,23,218,0,167,0,103,26565,8724
3054,C:\Data\20260323_MD18-3537\20260324_MD18-3537_S03\MD18-3537_S03_XRF\XRF data\L000025.spe,62.5,71,539,907,4495,9781,3603,119,1509,789,74839,267,255,345,142,282,0,1153,1030,80,648,8,106,127,104,129,56,453,0,7,55,0,140,242,334,24030,7317
3069,C:\Data\20260323_MD18-3537\20260324_MD18-3537_S03\MD18-3537_S03_XRF\XRF data\L000031.spe,77.5,93,631,964,5207,11335,3993,178,1499,895,89661,234,345,441,54,295,16,1006,975,79,637,66,66,34,90,177,132,771,0,75,163,0,253,223,261,20978,8054
3071.5,C:\Data\20260323_MD18-3537\20260324_MD18-3537_S03\MD18-3537_S03_XRF\XRF data\L000032.spe,80,78,698,982,5405,11547,4063,214,1665,753,90393,129,172,394,70,207,159,864,1036,244,590,23,145,107,73,167,249,1057,0,80,74,0,307,257,45,21342,8441
3074,C:\Data\20260323_MD18-3537\20260324_MD18-3537_S03\MD18-3537_S03_XRF\XRF data\L000033.spe,82.5,85,693,1048,5447,11969,4233,116,1674,873,92389,200,133,407,272,146,51,385,1036,247,566,70,84,180,96,120,151,995,0,102,208,0,67,170,157,22996,8458
3076.5,C:\Data\20260323_MD18-3537\20260324_MD18-3537_S03\MD18-3537_S03_XRF\XRF data\L000034.spe,85,68,686,1129,5708,12005,4341,168,1699,916,94370,249,269,439,156,201,21,1200,1193,156,636,25,102,115,100,164,217,933,0,66,88,17,175,20,37,24182,8464
3079,C:\Data\20260323_MD18-3537\20260324_MD18-3537_S03\MD18-3537_S03_XRF\XRF data\L000035.spe,87.5,82,626,1158,5350,11280,4265,229,1621,1000,94484,283,272,483,57,179,86,451,1092,281,681,21,93,165,30,156,68,706,0,10,110,0,265,139,207,23945,6741
3081.5,C:\Data\20260323_MD18-3537\20260324_MD18-3537_S03\MD18-3537_S03_XRF\XRF data\L000036.spe,90,89,649,1167,5028,11837,4139,161,1611,895,81474,199,336,364,0,206,135,985,1115,126,1009,52,148,115,94,150,220,1141,0,42,0,0,341,0,110,23535,7514
3084,C:\Data\20260323_MD18-3537\20260324_MD18-3537_S03\MD18-3537_S03_XRF\XRF data\L000037.spe,92.5,69,584,1052,5120,11242,4059,115,1589,886,82810,270,231,420,308,237,144,716,1152,190,709,25,119,60,76,182,192,527,0,41,0,19,143,152,178,23748,8017
3086.5,C:\Data\20260323_MD18-3537\20260324_MD18-3537_S03\MD18-3537_S03_XRF\XRF data\L000038.spe,95,80,562,1120,5236,10122,3818,206,1527,923,86739,202,210,417,22,274,50,273,1163,261,839,40,114,156,82,145,148,1171,0,96,71,0,221,200,275,22564,7745
3089,C:\Data\20260323_MD18-3537\20260324_MD18-3537_S03\MD18-3537_S03_XRF\XRF data\L000039.spe,97.5,73,616,1002,5281,9630,3839,183,1637,854,90548,139,247,346,0,103,0,1070,992,177,520,49,94,174,53,104,161,966,0,100,193,0,195,65,263,23002,7075
3091.5,C:\Data\20260323_MD18-3537\20260324_MD18-3537_S03\MD18-3537_S03_XRF\XRF data\L000040.spe,100,79,630,979,5294,9201,4093,116,1584,917,93295,237,318,456,119,51,107,261,946,296,557,99,65,87,125,196,180,1060,0,124,240,0,163,102,97,23084,8871
3094,C:\Data\20260323_MD18-3537\20260324_MD18-3537_S03\MD18-3537_S03_XRF\XRF data\L000041.spe,102.5,113,613,1095,5574,9855,4349,164,1556,984,95086,299,274,452,219,239,143,572,943,232,440,23,76,64,102,191,151,864,0,26,57,0,106,135,171,23641,8628
3096.5,C:\Data\20260323_MD18-3537\20260324_MD18-3537_S03\MD18-3537_S03_XRF\XRF data\L000042.spe,105,99,615,1120,5324,10464,4084,194,1547,990,97893,242,312,390,85,190,63,477,913,168,476,130,48,173,102,115,58,765,0,112,218,0,192,271,150,22425,8695
3099,C:\Data\20260323_MD18-3537\20260324_MD18-3537_S03\MD18-3537_S03_XRF\XRF data\L000043.spe,107.5,109,600,1174,5287,11069,4009,178,1575,1001,96012,190,253,427,245,173,131,962,978,176,495,47,87,163,93,143,102,1026,0,83,292,0,97,81,32,23370,8904
3101.5,C:\Data\20260323_MD18-3537\20260324_MD18-3537_S03\MD18-3537_S03_XRF\XRF data\L000044.spe,110,102,635,1110,5401,11653,4312,145,1571,947,95166,205,288,487,218,323,16,549,1006,169,610,93,116,170,119,114,203,1129,0,137,116,0,134,162,262,22670,9274
3104,C:\Data\20260323_MD18-3537\20260324_MD18-3537_S03\MD18-3537_S03_XRF\XRF data\L000045.spe,112.5,73,642,1051,5521,12757,4398,171,1555,1198,94893,196,209,411,80,356,0,741,969,155,668,26,118,93,117,177,123,990,0,127,180,0,169,33,250,22482,8485
3106.5,C:\Data\20260323_MD18-3537\20260324_MD18-3537_S03\MD18-3537_S03_XRF\XRF data\L000046.spe,115,97,628,1077,5286,13580,4494,255,1603,1028,93342,110,255,390,78,113,0,1306,1127,74,624,105,113,51,85,232,273,1212,0,165,215,0,186,89,259,22660,10440
3109,C:\Data\20260323_MD18-3537\20260324_MD18-3537_S03\MD18-3537_S03_XRF\XRF data\L000047.spe,117.5,55,593,1257,4984,13415,4220,225,1618,994,89912,206,314,423,211,304,25,856,1141,284,658,49,93,79,52,163,217,1086,0,50,42,0,159,156,226,22765,8292
3111.5,C:\Data\20260323_MD18-3537\20260324_MD18-3537_S03\MD18-3537_S03_XRF\XRF data\L000048.spe,120,56,513,1194,4914,13923,4212,159,1658,1156,85874,212,185,461,221,137,98,1296,1231,220,586,26,172,13,87,210,136,798,0,110,100,8,149,288,159,22756,7190
3114,C:\Data\20260323_MD18-3537\20260324_MD18-3537_S03\MD18-3537_S03_XRF\XRF data\L000049.spe,122.5,111,606,1059,5183,13013,4161,181,1528,1401,86937,172,240,384,0,184,84,631,1177,222,608,63,134,197,123,63,70,1075,0,54,118,0,250,152,123,22942,9193
3116.5,C:\Data\20260323_MD18-3537\20260324_MD18-3537_S03\MD18-3537_S03_XRF\XRF data\L000050.spe,125,125,731,1010,5972,10238,4411,232,1710,1860,96884,191,201,461,158,94,169,283,1209,353,611,98,138,164,89,194,256,1448,0,109,149,0,160,35,0,23246,8427
3119,C:\Data\20260323_MD18-3537\20260324_MD18-3537_S03\MD18-3537_S03_XRF\XRF data\L000051.spe,127.5,92,682,968,6266,8914,4421,237,1653,1409,102665,155,304,476,0,105,184,758,916,246,417,103,62,245,61,119,175,1468,0,165,324,0,204,64,152,23556,10892
3121.5,C:\Data\20260323_MD18-3537\20260324_MD18-3537_S03\MD18-3537_S03_XRF\XRF data\L000052.spe,130,115,735,1010,6356,8416,4546,174,1578,1298,102882,116,331,446,31,0,244,471,991,237,592,30,79,193,122,167,194,1554,0,153,272,0,191,66,0,23144,7196
3124,C:\Data\20260323_MD18-3537\20260324_MD18-3537_S03\MD18-3537_S03_XRF\XRF data\L000053.spe,132.5,115,627,1033,6202,7883,4400,269,1713,1248,103947,192,244,467,219,293,45,525,1046,325,564,71,66,193,95,138,113,991,0,176,185,0,63,38,259,24521,10048
3126.5,C:\Data\20260323_MD18-3537\20260324_MD18-3537_S03\MD18-3537_S03_XRF\XRF data\L000054.spe,135,110,703,979,6037,7751,4343,177,1562,1115,102150,164,223,501,0,166,192,610,854,278,570,72,67,155,91,209,147,1239,0,130,145,11,216,134,214,23274,7616
3129,C:\Data\20260323_MD18-3537\20260324_MD18-3537_S03\MD18-3537_S03_XRF\XRF data\L000055.spe,137.5,106,652,1104,5954,7494,4389,234,1550,985,100331,194,266,552,169,0,224,545,912,268,595,110,100,99,107,199,163,1390,0,91,154,0,103,70,0,23232,7827
3131.5,C:\Data\20260323_MD18-3537\20260324_MD18-3537_S03\MD18-3537_S03_XRF\XRF data\L000056.spe,140,82,715,1047,5749,7876,4337,196,1693,926,96349,141,285,376,268,196,125,763,1044,271,632,113,47,162,94,151,217,1195,0,122,242,0,144,318,270,22628,10086
3134,C:\Data\20260323_MD18-3537\20260324_MD18-3537_S03\MD18-3537_S03_XRF\XRF data\L000057.spe,142.5,96,641,1120,5454,8752,4012,190,1600,976,90559,92,250,452,69,125,222,74,983,358,688,104,57,215,116,156,166,1291,0,141,271,0,134,78,0,22912,8859
3136.5,C:\Data\20260323_MD18-3537\20260324_MD18-3537_S03\MD18-3537_S03_XRF\XRF data\L000058.spe,145,74,460,1316,4512,8682,3762,148,1553,917,83243,122,371,408,121,115,182,1030,1025,172,717,108,45,116,67,155,174,1352,0,46,59,0,230,283,78,22069,8212
3139,C:\Data\20260323_MD18-3537\20260324_MD18-3537_S03\MD18-3537_S03_XRF\XRF data\L000059.spe,147.5,83,555,1239,4657,9814,3808,178,1602,843,83660,218,358,483,156,280,0,894,1051,234,590,68,51,112,92,170,225,951,0,43,44,0,188,238,363,22285,7738
3141.5,C:\Data\20260323_MD18-3537\20260324_MD18-3537_S03\MD18-3537_S03_XRF\XRF data\L000060.spe,150,102,529,1076,4766,9242,3947,167,1465,1262,82736,107,294,418,138,144,0,636,1102,205,696,40,104,153,69,179,98,1241,0,112,166,0,183,196,262,20678,5648
3144,C:\Data\20260323_MD18-3537\20260324_MD18-3537_S03\MD18-3537_S03_XRF\XRF data\L000061.spe,152.5,90,682,980,5694,7971,4086,154,1588,1084,95330,113,169,518,317,196,136,365,943,232,506,39,81,241,116,102,145,1508,0,141,161,6,106,256,123,22315,9616
3146.5,C:\Data\20260323_MD18-3537\20260324_MD18-3537_S03\MD18-3537_S03_XRF\XRF data\L000062.spe,155,88,614,899,5630,9691,4215,197,1519,1107,94514,115,231,462,102,273,0,740,938,268,638,36,111,162,68,191,177,1413,0,118,158,0,195,162,319,21966,10552
3149,C:\Data\20260323_MD18-3537\20260324_MD18-3537_S03\MD18-3537_S03_XRF\XRF data\L000063.spe,157.5,76,561,1033,5413,7767,3830,183,1555,916,93629,143,188,424,146,161,87,428,882,227,504,98,47,125,118,147,156,1228,0,97,167,10,206,116,190,21334,8506
3151.5,C:\Data\20260323_MD18-3537\20260324_MD18-3537_S03\MD18-3537_S03_XRF\XRF data\L000064.spe,160,92,551,1017,5457,9035,3812,190,1487,937,92597,126,235,348,81,54,132,521,922,301,499,57,70,200,78,172,164,1212,0,130,247,0,189,172,104,22464,10594
3154,C:\Data\20260323_MD18-3537\20260324_MD18-3537_S03\MD18-3537_S03_XRF\XRF data\L000065.spe,162.5,96,572,975,5811,8705,3964,221,1666,903,95619,104,212,468,102,110,146,880,955,175,479,85,87,181,87,147,167,1596,0,122,59,0,182,41,0,23215,9076
3156.5,C:\Data\20260323_MD18-3537\20260324_MD18-3537_S03\MD18-3537_S03_XRF\XRF data\L000066.spe,165,92,625,996,5796,7932,4029,236,1623,904,98042,147,237,477,115,164,29,34,912,405,551,51,51,156,74,173,153,1069,0,163,355,0,186,325,208,22667,9371
3159,C:\Data\20260323_MD18-3537\20260324_MD18-3537_S03\MD18-3537_S03_XRF\XRF data\L000067.spe,167.5,55,640,1128,5937,8149,4345,184,1737,961,99936,138,264,439,96,0,154,1212,934,110,504,101,89,72,117,206,175,1088,0,167,48,0,227,254,89,23270,7919
3161.5,C:\Data\20260323_MD18-3537\20260324_MD18-3537_S03\MD18-3537_S03_XRF\XRF data\L000068.spe,170,75,636,1215,6068,8198,4121,219,1754,1002,100715,94,200,446,76,75,75,1121,986,330,528,26,60,202,93,137,105,1677,0,145,304,0,232,192,218,23839,10838
3164,C:\Data\20260323_MD18-3537\20260324_MD18-3537_S03\MD18-3537_S03_XRF\XRF data\L000069.spe,172.5,74,625,1259,6161,8846,4133,216,1662,1049,99866,158,278,463,128,141,121,635,915,340,551,38,71,153,86,201,141,1403,0,149,186,0,218,106,153,23902,10534
3166.5,C:\Data\20260323_MD18-3537\20260324_MD18-3537_S03\MD18-3537_S03_XRF\XRF data\L000070.spe,175,101,673,1181,6042,9783,4281,137,1857,951,100621,186,262,494,45,215,61,521,1056,282,487,76,15,220,103,144,238,1472,0,99,61,0,149,106,224,24295,11598
3169,C:\Data\20260323_MD18-3537\20260324_MD18-3537_S03\MD18-3537_S03_XRF\XRF data\L000071.spe,177.5,66,658,1147,5847,10967,4470,214,1713,1178,98059,71,169,428,284,80,113,601,1177,222,553,107,112,175,45,138,254,1881,0,168,162,0,136,207,156,23494,8522
3171.5,C:\Data\20260323_MD18-3537\20260324_MD18-3537_S03\MD18-3537_S03_XRF\XRF data\L000072.spe,180,107,681,1240,5962,11887,4491,220,1765,1230,97731,91,348,488,112,62,158,999,1119,231,689,114,84,128,66,248,229,1801,0,182,136,0,198,185,60,22987,9004
3174,C:\Data\20260323_MD18-3537\20260324_MD18-3537_S03\MD18-3537_S03_XRF\XRF data\L000073.spe,182.5,108,722,1147,6011,12903,4476,197,1768,1156,98413,103,260,463,104,157,187,885,1195,176,568,70,107,151,116,209,196,1452,0,167,0,0,199,121,0,24266,9432
3176.5,C:\Data\20260323_MD18-3537\20260324_MD18-3537_S03\MD18-3537_S03_XRF\XRF data\L000074.spe,185,101,723,1047,5879,13159,4512,171,1705,1197,95186,97,204,433,119,114,174,425,1204,314,766,82,155,158,114,180,186,1614,0,145,76,0,196,87,24,24678,11944
3181.5,C:\Data\20260323_MD18-3537\20260324_MD18-3537_S03\MD18-3537_S03_XRF\XRF data\L000076.spe,190,67,704,1145,5168,13479,4362,110,1651,1101,83749,148,175,382,193,81,0,55,1256,322,900,50,61,147,79,167,141,1529,0,113,10,0,172,186,412,24706,9479
3184,C:\Data\20260323_MD18-3537\20260324_MD18-3537_S03\MD18-3537_S03_XRF\XRF data\L000077.spe,192.5,105,726,1132,5249,12732,4154,143,1715,1000,86300,211,242,458,191,234,62,783,1185,183,696,74,111,153,110,169,164,1224,0,79,173,0,189,184,283,24283,9873
3186.5,C:\Data\20260323_MD18-3537\20260324_MD18-3537_S03\MD18-3537_S03_XRF\XRF data\L000078.spe,195,95,690,1119,5365,12590,4368,92,1630,1067,86127,101,226,448,146,223,46,161,1250,282,887,74,130,146,134,216,219,1441,0,87,184,0,149,266,352,23865,8901
3189,C:\Data\20260323_MD18-3537\20260324_MD18-3537_S03\MD18-3537_S03_XRF\XRF data\L000079.spe,197.5,64,697,1181,5244,11828,4235,167,1621,1181,85917,98,312,371,125,220,15,0,1192,320,736,151,83,172,80,111,82,1285,0,37,37,0,210,139,282,23891,8034
3191.5,C:\Data\20260323_MD18-3537\20260324_MD18-3537_S03\MD18-3537_S03_XRF\XRF data\L000080.spe,200,132,745,1026,5935,10475,4486,195,1720,1343,93074,81,212,480,199,142,148,152,1007,352,823,93,92,158,82,181,255,1774,0,152,253,0,213,134,105,22753,7929
3194,C:\Data\20260323_MD18-3537\20260324_MD18-3537_S03\MD18-3537_S03_XRF\XRF data\L000081.spe,202.5,78,649,1032,5911,9802,4412,146,1643,1157,96042,67,226,491,0,132,198,903,1010,292,671,81,82,173,60,162,211,1752,0,135,190,0,211,89,44,24081,11422
3199,C:\Data\20260323_MD18-3537\20260324_MD18-3537_S03\MD18-3537_S03_XRF\XRF data\L000083.spe,207.5,109,798,1040,6505,8716,4422,202,1722,1211,102311,151,226,467,195,197,76,695,988,285,587,138,55,306,85,103,175,1485,0,93,229,0,148,122,157,24036,9689
3201.5,C:\Data\20260323_MD18-3537\20260324_MD18-3537_S03\MD18-3537_S03_XRF\XRF data\L000084.spe,210,98,672,1059,6620,9039,4391,212,1724,1184,104723,130,289,509,69,192,4,422,1009,343,393,67,93,245,75,135,158,1516,0,131,96,0,248,68,343,24722,8088
3204,C:\Data\20260323_MD18-3537\20260324_MD18-3537_S03\MD18-3537_S03_XRF\XRF data\L000085.spe,212.5,99,712,1056,6497,9553,4530,153,1695,1111,104634,223,267,491,168,90,117,985,1040,159,619,151,73,219,108,199,207,1438,0,115,149,0,154,76,161,23965,8924
3206.5,C:\Data\20260323_MD18-3537\20260324_MD18-3537_S03\MD18-3537_S03_XRF\XRF data\L000086.spe,215,139,722,1002,6408,10062,4628,262,1821,1035,103772,106,255,494,49,0,222,172,1009,362,778,158,100,186,90,179,203,1992,0,134,150,0,273,65,0,24269,10788
3209,C:\Data\20260323_MD18-3537\20260324_MD18-3537_S03\MD18-3537_S03_XRF\XRF data\L000087.spe,217.5,121,713,1012,6207,10547,4693,112,1744,1115,101488,116,236,497,92,52,123,566,1121,255,679,65,112,218,86,198,109,1897,0,156,113,0,145,181,64,23903,9272
3211.5,C:\Data\20260323_MD18-3537\20260324_MD18-3537_S03\MD18-3537_S03_XRF\XRF data\L000088.spe,220,125,691,1165,5653,11326,4506,214,1653,1001,96791,96,190,421,118,198,162,304,1117,382,770,125,94,201,105,169,241,1852,0,180,167,0,227,183,167,22960,9435
3214,C:\Data\20260323_MD18-3537\20260324_MD18-3537_S03\MD18-3537_S03_XRF\XRF data\L000089.spe,222.5,100,739,1165,5495,12337,4337,159,1647,1069,90102,128,212,441,110,108,49,388,1261,341,796,70,114,238,120,146,191,1642,0,78,185,0,286,171,185,24188,11107
3216.5,C:\Data\20260323_MD18-3537\20260324_MD18-3537_S03\MD18-3537_S03_XRF\XRF data\L000090.spe,225,114,715,1079,5453,12031,4079,156,1630,1010,88451,212,224,431,73,71,219,802,1173,226,738,50,169,183,95,190,147,1255,0,47,144,0,210,0,0,23539,8940
3219,C:\Data\20260323_MD18-3537\20260324_MD18-3537_S03\MD18-3537_S03_XRF\XRF data\L000091.spe,227.5,91,676,1032,5286,12499,4351,95,1686,1016,84374,95,259,401,30,0,157,107,1270,384,783,104,91,175,85,178,177,1652,0,143,278,0,206,260,0,24131,10957
3221.5,C:\Data\20260323_MD18-3537\20260324_MD18-3537_S03\MD18-3537_S03_XRF\XRF data\L000092.spe,230,83,645,1069,5102,12467,4266,104,1682,995,85050,170,178,430,93,252,0,351,1081,175,877,40,92,174,60,132,110,1352,0,97,151,0,140,53,401,22162,9424
3224,C:\Data\20260323_MD18-3537\20260324_MD18-3537_S03\MD18-3537_S03_XRF\XRF data\L000093.spe,232.5,72,689,1032,4959,12803,4230,173,1616,1123,81000,181,255,388,214,85,124,670,1313,184,883,55,102,100,99,179,188,1336,0,50,92,31,57,228,51,24528,10089
3226.5,C:\Data\20260323_MD18-3537\20260324_MD18-3537_S03\MD18-3537_S03_XRF\XRF data\L000094.spe,235,116,627,1051,5412,11574,4208,160,1662,1317,87198,162,182,429,51,67,132,254,1038,216,995,32,104,195,56,150,297,1577,0,120,245,0,120,176,0,22965,9791
3229,C:\Data\20260323_MD18-3537\20260324_MD18-3537_S03\MD18-3537_S03_XRF\XRF data\L000095.spe,237.5,63,663,940,6064,10768,4441,285,1554,1257,97211,162,190,416,64,136,15,688,1064,231,747,79,82,86,70,142,158,1236,0,133,507,0,246,141,174,23210,9107
3231.5,C:\Data\20260323_MD18-3537\20260324_MD18-3537_S03\MD18-3537_S03_XRF\XRF data\L000096.spe,240,101,659,1092,5955,10000,4361,211,1701,1093,99963,206,185,541,0,10,159,1056,1017,222,682,49,123,117,95,222,275,1579,0,102,326,0,140,187,14,23242,10270
3236.5,C:\Data\20260323_MD18-3537\20260324_MD18-3537_S03\MD18-3537_S03_XRF\XRF data\L000098.spe,245,98,647,1055,5989,12239,4216,180,1555,1231,99845,59,289,449,0,136,228,899,1025,167,568,45,119,202,106,154,79,1649,0,187,313,0,238,0,0,23452,7887
3239,C:\Data\20260323_MD18-3537\20260324_MD18-3537_S03\MD18-3537_S03_XRF\XRF data\L000099.spe,247.5,78,731,956,5793,13261,4291,213,1723,1143,98601,129,245,490,128,94,0,320,1014,239,555,138,67,244,130,162,201,1723,0,205,297,0,180,188,379,22609,9653
3241.5,C:\Data\20260323_MD18-3537\20260324_MD18-3537_S03\MD18-3537_S03_XRF\XRF data\L000100.spe,250,127,697,978,5579,13955,4432,208,1794,1193,96871,112,228,444,79,0,73,400,1088,375,486,115,106,196,72,187,166,1784,0,153,121,0,160,140,24,22077,8371
3244,C:\Data\20260323_MD18-3537\20260324_MD18-3537_S03\MD18-3537_S03_XRF\XRF data\L000101.spe,252.5,77,625,967,5652,14120,4386,166,1589,1353,93231,60,234,452,196,110,71,563,1088,252,650,68,132,136,117,170,94,1953,0,173,138,0,190,206,286,22498,8161
3246.5,C:\Data\20260323_MD18-3537\20260324_MD18-3537_S03\MD18-3537_S03_XRF\XRF data\L000102.spe,255,89,659,1047,6015,11613,4293,172,1620,1813,98490,177,301,556,194,0,110,566,1058,251,648,64,92,232,100,122,127,1333,0,152,74,0,219,79,55,22591,8349
3249,C:\Data\20260323_MD18-3537\20260324_MD18-3537_S03\MD18-3537_S03_XRF\XRF data\L000103.spe,257.5,50,690,1134,6191,7520,4556,243,1616,1935,106349,114,282,548,78,153,122,919,1000,267,421,112,39,229,97,184,156,1687,0,173,189,0,223,245,260,23651,9935
3251.5,C:\Data\20260323_MD18-3537\20260324_MD18-3537_S03\MD18-3537_S03_XRF\XRF data\L000104.spe,260,135,666,990,6163,7650,4411,136,1749,1491,104949,22,227,528,173,187,83,762,904,295,588,34,62,166,106,215,166,1902,0,206,338,0,143,267,180,23919,7937
3254,C:\Data\20260323_MD18-3537\20260324_MD18-3537_S03\MD18-3537_S03_XRF\XRF data\L000105.spe,262.5,87,712,1058,5988,6934,4315,104,1771,942,104364,108,205,487,98,103,148,1099,893,195,525,54,54,191,115,182,303,1583,0,193,220,0,213,110,133,24228,11162
3256.5,C:\Data\20260323_MD18-3537\20260324_MD18-3537_S03\MD18-3537_S03_XRF\XRF data\L000106.spe,265,96,737,1017,6167,7523,4313,203,1675,921,100646,117,206,465,117,0,271,915,930,230,623,127,39,212,108,195,158,1687,0,126,296,0,151,245,0,24019,11712
3259,C:\Data\20260323_MD18-3537\20260324_MD18-3537_S03\MD18-3537_S03_XRF\XRF data\L000107.spe,267.5,98,687,1005,5804,8531,4467,163,1644,938,97352,108,244,414,190,53,67,198,903,368,685,46,126,166,85,181,204,1384,0,112,88,0,125,104,89,24011,8086
3261.5,C:\Data\20260323_MD18-3537\20260324_MD18-3537_S03\MD18-3537_S03_XRF\XRF data\L000108.spe,270,59,665,1133,5921,8035,4488,195,1688,862,95680,128,201,478,359,398,7,771,1037,260,753,100,67,171,102,177,242,1781,0,126,88,30,44,180,304,24323,12225
3264,C:\Data\20260323_MD18-3537\20260324_MD18-3537_S03\MD18-3537_S03_XRF\XRF data\L000109.spe,272.5,102,699,976,6082,7233,4475,173,1696,904,101602,96,292,430,183,0,217,971,1022,245,590,61,68,130,138,190,157,1636,0,145,278,0,206,291,0,23921,10767
3266.5,C:\Data\20260323_MD18-3537\20260324_MD18-3537_S03\MD18-3537_S03_XRF\XRF data\L000110.spe,275,81,671,942,5699,8684,4549,146,1659,920,101664,132,287,400,126,247,26,388,952,330,485,59,111,144,86,200,171,1664,0,130,97,0,196,243,152,23704,12264
3269,C:\Data\20260323_MD18-3537\20260324_MD18-3537_S03\MD18-3537_S03_XRF\XRF data\L000111.spe,277.5,120,700,1055,6128,7129,4532,126,1755,929,107944,47,158,502,156,47,180,528,982,275,542,95,78,307,79,164,134,1983,0,214,442,0,201,295,128,23110,8395
3271.5,C:\Data\20260323_MD18-3537\20260324_MD18-3537_S03\MD18-3537_S03_XRF\XRF data\L000112.spe,280,100,746,1049,6476,6721,4603,218,1604,840,109511,219,277,568,158,110,244,451,960,281,614,56,66,83,118,234,117,1784,0,133,131,33,232,219,0,24216,12054
3274,C:\Data\20260323_MD18-3537\20260324_MD18-3537_S03\MD18-3537_S03_XRF\XRF data\L000113.spe,282.5,98,660,1032,6157,8665,4556,238,1662,843,106378,199,107,517,124,183,70,817,793,242,416,86,25,144,87,153,199,1497,0,106,310,0,268,199,251,22884,7684
3276.5,C:\Data\20260323_MD18-3537\20260324_MD18-3537_S03\MD18-3537_S03_XRF\XRF data\L000114.spe,285,84,630,1146,5914,10022,4671,227,1790,897,100158,145,230,517,274,74,184,700,1002,298,562,92,106,139,106,154,224,1441,0,161,197,0,123,196,51,23406,11520
3279,C:\Data\20260323_MD18-3537\20260324_MD18-3537_S03\MD18-3537_S03_XRF\XRF data\L000115.spe,287.5,110,637,1064,6598,8235,4595,222,1621,1000,104252,137,320,571,166,135,22,768,946,232,519,87,104,166,99,151,101,1475,0,92,111,0,185,168,276,23297,7630
3281.5,C:\Data\20260323_MD18-3537\20260324_MD18-3537_S03\MD18-3537_S03_XRF\XRF data\L000116.spe,290,135,738,977,6763,7375,4687,173,1713,879,106903,133,149,505,102,156,217,477,824,278,547,110,44,209,80,170,166,1738,0,145,262,6,252,211,166,23267,6655
3284,C:\Data\20260323_MD18-3537\20260324_MD18-3537_S03\MD18-3537_S03_XRF\XRF data\L000117.spe,292.5,71,708,901,6772,8626,4560,217,1662,980,106110,182,289,544,110,103,57,425,853,254,452,43,110,145,91,229,155,1648,0,164,152,0,227,158,159,23933,11121
3286.5,C:\Data\20260323_MD18-3537\20260324_MD18-3537_S03\MD18-3537_S03_XRF\XRF data\L000118.spe,295,81,821,880,6673,9688,4636,134,1760,939,103807,66,190,413,98,19,216,740,1023,282,501,77,101,179,124,170,120,1666,0,169,154,0,182,150,0,23576,9004
3289,C:\Data\20260323_MD18-3537\20260324_MD18-3537_S03\MD18-3537_S03_XRF\XRF data\L000119.spe,297.5,126,780,899,6413,9572,4633,214,1730,955,98911,114,201,513,42,146,118,164,979,290,592,70,86,207,74,177,158,1709,0,180,125,0,237,125,128,23295,7306
3291.5,C:\Data\20260323_MD18-3537\20260324_MD18-3537_S03\MD18-3537_S03_XRF\XRF data\L000120.spe,300,84,795,814,6304,11073,4517,176,1559,978,94649,164,207,465,92,125,44,551,1024,194,712,42,131,169,92,157,165,1633,0,39,42,8,137,0,104,23573,8251
3294,C:\Data\20260323_MD18-3537\20260324_MD18-3537_S03\MD18-3537_S03_XRF\XRF data\L000121.spe,302.5,88,750,911,5798,11735,4412,172,1651,1099,90153,107,324,429,103,235,0,140,1008,281,764,103,132,214,63,140,117,1750,0,130,85,0,186,192,226,23599,8171
3296.5,C:\Data\20260323_MD18-3537\20260324_MD18-3537_S03\MD18-3537_S03_XRF\XRF data\L000122.spe,305,75,732,976,5508,12535,4338,141,1675,932,85443,140,277,447,282,69,176,818,1122,302,727,55,130,154,121,123,239,1497,0,67,0,0,170,183,0,23898,8665
3299,C:\Data\20260323_MD18-3537\20260324_MD18-3537_S03\MD18-3537_S03_XRF\XRF data\L000123.spe,307.5,103,686,938,6147,10283,4591,230,1658,1271,92338,228,350,436,219,124,289,228,1046,372,659,75,125,204,88,141,12,1208,0,88,0,0,148,215,0,24135,9729
3301.5,C:\Data\20260323_MD18-3537\20260324_MD18-3537_S03\MD18-3537_S03_XRF\XRF data\L000124.spe,310,98,672,861,6960,8680,4540,157,1721,1327,101415,142,258,481,0,208,179,757,922,293,583,122,60,230,91,156,167,1691,0,169,175,0,265,203,130,21754,9539
3304,C:\Data\20260323_MD18-3537\20260324_MD18-3537_S03\MD18-3537_S03_XRF\XRF data\L000125.spe,312.5,86,699,865,6601,8885,4334,246,1687,1167,102475,57,259,470,124,154,131,315,966,370,643,106,0,274,105,104,211,1730,0,134,120,0,263,59,148,22732,9793
3306.5,C:\Data\20260323_MD18-3537\20260324_MD18-3537_S03\MD18-3537_S03_XRF\XRF data\L000126.spe,315,115,668,873,6563,10334,4505,216,1581,995,101496,82,282,519,17,93,100,753,974,288,498,116,112,161,91,140,279,1823,0,139,261,0,248,169,124,24323,10623
3309,C:\Data\20260323_MD18-3537\20260324_MD18-3537_S03\MD18-3537_S03_XRF\XRF data\L000127.spe,317.5,109,712,888,6307,11510,4653,191,1827,1094,100170,117,237,507,87,125,70,47,1016,355,538,83,104,218,77,125,200,1857,0,153,292,0,231,107,160,23422,8225
3314,C:\Data\20260323_MD18-3537\20260324_MD18-3537_S03\MD18-3537_S03_XRF\XRF data\L000129.spe,322.5,68,697,972,6073,12453,4679,208,1831,1065,97759,86,160,427,112,87,91,259,1053,300,661,102,144,148,90,181,199,1737,0,208,82,0,174,124,89,24620,8207
3316.5,C:\Data\20260323_MD18-3537\20260324_MD18-3537_S03\MD18-3537_S03_XRF\XRF data\L000130.spe,325,126,713,955,6092,12293,4584,128,1709,990,95824,95,231,470,190,93,35,127,1119,352,591,128,165,176,99,192,270,1904,0,174,121,0,259,178,132,24177,8900
3319,C:\Data\20260323_MD18-3537\20260324_MD18-3537_S03\MD18-3537_S03_XRF\XRF data\L000131.spe,327.5,86,756,1015,5870,12808,4300,160,1676,1008,94823,195,298,447,231,246,131,927,1200,187,659,117,103,203,121,161,211,1401,0,102,9,0,142,144,65,23849,10440
3321.5,C:\Data\20260323_MD18-3537\20260324_MD18-3537_S03\MD18-3537_S03_XRF\XRF data\L000132.spe,330,120,683,995,5830,12397,4617,122,1613,1154,93579,103,244,456,39,121,123,169,1247,454,741,65,126,172,109,174,99,1652,0,125,247,0,184,129,0,24089,11301
3324,C:\Data\20260323_MD18-3537\20260324_MD18-3537_S03\MD18-3537_S03_XRF\XRF data\L000133.spe,332.5,129,622,1008,5514,12893,4261,145,1659,1047,88361,168,218,422,52,94,95,414,1098,244,688,106,125,208,99,129,242,1744,0,102,122,0,166,131,76,24579,8915
3326.5,C:\Data\20260323_MD18-3537\20260324_MD18-3537_S03\MD18-3537_S03_XRF\XRF data\L000134.spe,335,74,614,1015,5334,12983,4190,109,1628,986,86608,103,158,472,77,117,28,681,1205,199,633,99,147,148,113,203,170,1771,0,108,174,0,224,179,219,22966,7317
3329,C:\Data\20260323_MD18-3537\20260324_MD18-3537_S03\MD18-3537_S03_XRF\XRF data\L000135.spe,337.5,120,625,1038,5027,13516,3869,163,1666,882,81931,102,138,352,182,111,85,229,1151,284,865,79,171,123,87,195,223,1726,0,107,174,0,210,141,108,23036,10278
3331.5,C:\Data\20260323_MD18-3537\20260324_MD18-3537_S03\MD18-3537_S03_XRF\XRF data\L000136.spe,340,47,616,1051,4779,12519,3894,165,1642,1051,79104,144,248,422,163,103,137,606,1140,305,769,49,105,133,62,171,22,1344,0,18,116,7,205,204,11,23842,12556
3334,C:\Data\20260323_MD18-3537\20260324_MD18-3537_S03\MD18-3537_S03_XRF\XRF data\L000137.spe,342.5,81,624,1061,5471,11420,3966,167,1537,1335,87490,231,320,391,186,146,73,173,1065,243,898,44,147,257,90,110,194,1373,0,64,14,0,175,104,135,22428,8253
3336.5,C:\Data\20260323_MD18-3537\20260324_MD18-3537_S03\MD18-3537_S03_XRF\XRF data\L000138.spe,345,116,638,1024,5430,11799,4054,165,1740,1089,90303,176,262,391,311,94,112,727,956,277,637,58,138,173,78,146,252,1894,0,94,120,0,118,330,184,22795,8761
3339,C:\Data\20260323_MD18-3537\20260324_MD18-3537_S03\MD18-3537_S03_XRF\XRF data\L000139.spe,347.5,89,732,968,5947,12421,4302,125,1504,1161,93736,164,254,437,102,89,60,197,960,227,573,75,109,158,78,189,145,1493,0,162,154,0,246,105,49,22216,9213
3341.5,C:\Data\20260323_MD18-3537\20260324_MD18-3537_S03\MD18-3537_S03_XRF\XRF data\L000140.spe,350,108,694,974,5674,12552,4147,164,1618,1075,93323,134,200,460,228,0,173,557,959,291,571,116,107,252,133,149,195,1688,0,108,181,0,70,202,0,23287,8244
3344,C:\Data\20260323_MD18-3537\20260324_MD18-3537_S03\MD18-3537_S03_XRF\XRF data\L000141.spe,352.5,111,751,871,5825,12881,4158,149,1588,1003,94854,107,151,500,192,0,159,385,1072,303,512,98,118,182,128,208,245,1983,0,189,181,0,160,133,65,22775,9953
3346.5,C:\Data\20260323_MD18-3537\20260324_MD18-3537_S03\MD18-3537_S03_XRF\XRF data\L000142.spe,355,135,753,903,6193,13707,4580,155,1518,1121,96636,177,254,429,125,119,114,543,1021,331,572,91,150,139,89,150,152,1530,0,151,123,0,156,6,30,22996,11188
3349,C:\Data\20260323_MD18-3537\20260324_MD18-3537_S03\MD18-3537_S03_XRF\XRF data\L000143.spe,357.5,102,690,896,6094,14503,4337,248,1554,1100,95699,145,347,387,117,243,0,676,1024,278,471,68,173,156,128,196,131,1343,0,130,114,0,206,68,248,22785,10193
3351.5,C:\Data\20260323_MD18-3537\20260324_MD18-3537_S03\MD18-3537_S03_XRF\XRF data\L000144.spe,360,95,769,849,5697,15653,4368,217,1621,1170,93201,120,233,443,159,0,165,465,1148,376,496,161,168,306,103,127,174,1553,0,108,118,0,165,198,0,23787,10919
3354,C:\Data\20260323_MD18-3537\20260324_MD18-3537_S03\MD18-3537_S03_XRF\XRF data\L000145.spe,362.5,83,728,953,5765,15562,4522,145,1553,1137,91180,119,196,434,92,0,200,51,1176,332,569,154,130,219,123,153,104,2181,0,81,228,0,228,66,0,23481,12530
3356.5,C:\Data\20260323_MD18-3537\20260324_MD18-3537_S03\MD18-3537_S03_XRF\XRF data\L000146.spe,365,130,780,882,5677,15646,4343,141,1650,1096,89731,236,333,515,261,177,105,881,1106,318,553,95,194,197,138,152,107,1361,0,108,0,15,126,157,126,23372,9916
3359,C:\Data\20260323_MD18-3537\20260324_MD18-3537_S03\MD18-3537_S03_XRF\XRF data\L000147.spe,367.5,109,657,932,6056,10933,4257,199,1547,1023,95069,55,268,504,157,255,119,411,1169,237,607,156,101,262,73,156,265,1921,0,98,0,0,197,138,34,23206,8576
3361.5,C:\Data\20260323_MD18-3537\20260324_MD18-3537_S03\MD18-3537_S03_XRF\XRF data\L000148.spe,370,108,758,795,6480,9204,4292,157,1660,1243,100118,82,154,449,26,13,185,935,936,288,621,109,136,235,103,136,280,1869,0,164,256,0,230,172,0,22863,13073
3364,C:\Data\20260323_MD18-3537\20260324_MD18-3537_S03\MD18-3537_S03_XRF\XRF data\L000149.spe,372.5,66,750,820,6423,10970,4441,171,1609,1324,101768,172,399,488,143,0,250,1049,897,109,505,105,105,175,120,202,192,1801,0,159,26,0,132,228,0,23461,12922
3366.5,C:\Data\20260323_MD18-3537\20260324_MD18-3537_S03\MD18-3537_S03_XRF\XRF data\L000150.spe,375,119,732,813,6521,10521,4441,201,1608,969,100197,129,309,489,261,237,39,705,1024,209,574,114,101,238,98,158,246,1877,0,133,144,0,73,216,231,23227,10121
3371.5,C:\Data\20260323_MD18-3537\20260324_MD18-3537_S03\MD18-3537_S03_XRF\XRF data\L000152.spe,380,118,729,920,6499,9500,4512,184,1653,1035,103402,166,173,436,272,207,61,696,925,298,559,109,126,205,102,191,47,1424,0,93,48,0,137,101,126,23831,9054
3374,C:\Data\20260323_MD18-3537\20260324_MD18-3537_S03\MD18-3537_S03_XRF\XRF data\L000153.spe,382.5,118,686,935,6451,10984,4583,156,1629,947,103478,121,232,544,93,77,163,685,1108,222,550,79,72,153,104,224,224,1601,0,131,193,0,232,178,71,22888,6693
3376.5,C:\Data\20260323_MD18-3537\20260324_MD18-3537_S03\MD18-3537_S03_XRF\XRF data\L000154.spe,385,116,885,850,6619,12165,4586,236,1597,1123,104556,87,225,506,189,0,210,681,1133,240,522,106,133,197,114,173,134,1744,0,158,280,0,127,143,0,23733,10412
3379,C:\Data\20260323_MD18-3537\20260324_MD18-3537_S03\MD18-3537_S03_XRF\XRF data\L000155.spe,387.5,86,719,879,6486,11927,4575,210,1604,988,102359,87,279,482,120,0,211,370,1019,270,527,119,125,190,113,164,178,1742,0,125,209,0,145,223,0,23055,8026
3381.5,C:\Data\20260323_MD18-3537\20260324_MD18-3537_S03\MD18-3537_S03_XRF\XRF data\L000156.spe,390,125,816,870,6502,12358,4511,245,1617,987,101034,84,306,438,142,164,193,144,1029,397,632,104,132,238,62,120,167,1474,0,149,102,0,215,73,0,24452,8491
3384,C:\Data\20260323_MD18-3537\20260324_MD18-3537_S03\MD18-3537_S03_XRF\XRF data\L000157.spe,392.5,97,805,858,6212,12038,4545,164,1664,1069,96802,172,327,545,34,197,0,508,1088,300,558,78,114,85,135,257,219,1498,0,81,191,0,228,203,236,24444,13170
3386.5,C:\Data\20260323_MD18-3537\20260324_MD18-3537_S03\MD18-3537_S03_XRF\XRF data\L000158.spe,395,121,777,899,6003,11612,4384,176,1533,1016,91007,66,203,450,84,140,125,553,1177,249,813,61,139,219,49,151,153,1811,0,123,226,0,165,162,184,23401,11956
3389,C:\Data\20260323_MD18-3537\20260324_MD18-3537_S03\MD18-3537_S03_XRF\XRF data\L000159.spe,397.5,87,751,1037,5200,12797,4331,217,1588,939,83725,175,346,441,156,138,175,610,1281,311,863,104,139,110,76,212,115,1260,0,57,46,0,220,47,57,25251,12893
3391.5,C:\Data\20260323_MD18-3537\20260324_MD18-3537_S03\MD18-3537_S03_XRF\XRF data\L000160.spe,400,86,684,1016,4747,13217,3866,222,1478,872,78555,200,287,389,0,98,51,187,1253,267,967,116,121,74,77,204,265,1358,0,0,14,0,249,122,121,23182,8975
3394,C:\Data\20260323_MD18-3537\20260324_MD18-3537_S03\MD18-3537_S03_XRF\XRF data\L000161.spe,402.5,94,674,885,5445,11147,4042,205,1649,999,81741,213,255,385,205,149,132,951,1272,213,898,100,107,200,89,134,114,1460,0,114,0,15,290,163,52,23640,10393
3396.5,C:\Data\20260323_MD18-3537\20260324_MD18-3537_S03\MD18-3537_S03_XRF\XRF data\L000162.spe,405,114,706,810,6328,8350,4281,213,1593,961,95369,145,249,442,195,134,192,1018,1111,156,544,115,84,196,93,137,114,1620,0,73,174,0,212,94,196,23032,8854
3399,C:\Data\20260323_MD18-3537\20260324_MD18-3537_S03\MD18-3537_S03_XRF\XRF data\L000163.spe,407.5,93,773,807,6634,8403,4191,266,1547,939,99171,90,288,461,91,51,142,699,921,152,548,99,82,172,63,201,150,1834,0,122,158,0,193,129,88,22834,7927
3401.5,C:\Data\20260323_MD18-3537\20260324_MD18-3537_S03\MD18-3537_S03_XRF\XRF data\L000164.spe,410,108,702,827,6452,9703,4359,169,1661,949,98659,4,191,410,186,99,148,541,963,294,580,142,104,183,106,167,182,2130,0,221,214,0,218,116,50,23177,8955
3404,C:\Data\20260323_MD18-3537\20260324_MD18-3537_S03\MD18-3537_S03_XRF\XRF data\L000165.spe,412.5,110,654,950,6295,9550,4202,261,1629,882,98049,143,229,519,202,213,51,722,1093,337,475,135,33,162,130,154,223,1664,0,99,134,16,178,248,260,23141,11978
3406.5,C:\Data\20260323_MD18-3537\20260324_MD18-3537_S03\MD18-3537_S03_XRF\XRF data\L000166.spe,415,51,725,856,6199,8952,4271,211,1624,809,99636,169,200,506,169,128,106,736,938,203,324,109,58,219,76,146,248,1404,0,154,184,0,124,106,161,23634,9565
3409,C:\Data\20260323_MD18-3537\20260324_MD18-3537_S03\MD18-3537_S03_XRF\XRF data\L000167.spe,417.5,103,664,878,6756,7884,4119,196,1588,868,101399,99,161,491,167,108,162,839,912,259,444,120,69,295,75,137,160,1877,0,205,411,0,158,79,50,23245,9016
3411.5,C:\Data\20260323_MD18-3537\20260324_MD18-3537_S03\MD18-3537_S03_XRF\XRF data\L000168.spe,420,87,682,841,6671,7457,4285,202,1701,893,104916,101,208,465,157,133,57,589,923,202,496,118,77,230,80,131,195,2231,0,169,321,0,152,173,183,23703,8415
3414,C:\Data\20260323_MD18-3537\20260324_MD18-3537_S03\MD18-3537_S03_XRF\XRF data\L000169.spe,422.5,127,693,929,6441,9722,4278,210,1659,891,104591,130,145,501,219,69,165,609,1037,302,424,105,124,156,102,191,186,1598,0,155,85,0,143,214,58,24309,9675
3416.5,C:\Data\20260323_MD18-3537\20260324_MD18-3537_S03\MD18-3537_S03_XRF\XRF data\L000170.spe,425,145,740,981,6056,11046,4303,198,1637,922,99974,149,256,498,242,23,137,441,989,354,545,110,133,203,85,168,155,1737,0,123,95,0,211,279,76,23829,8511
3419,C:\Data\20260323_MD18-3537\20260324_MD18-3537_S03\MD18-3537_S03_XRF\XRF data\L000171.spe,427.5,103,697,908,5964,11917,4319,201,1654,914,99261,201,276,462,236,153,24,611,881,237,576,78,136,110,100,207,218,1655,0,96,203,0,152,140,251,24435,8776
3421.5,C:\Data\20260323_MD18-3537\20260324_MD18-3537_S03\MD18-3537_S03_XRF\XRF data\L000172.spe,430,40,721,1049,5765,11680,4188,247,1602,1029,97338,59,286,393,115,138,22,525,1061,309,642,121,120,248,83,168,146,1728,0,199,145,0,181,116,223,23785,14150
3424,C:\Data\20260323_MD18-3537\20260324_MD18-3537_S03\MD18-3537_S03_XRF\XRF data\L000173.spe,432.5,75,744,1026,5728,12650,3962,166,1665,963,93861,129,227,410,313,202,0,691,1183,215,563,74,185,277,68,85,206,1816,0,50,90,0,117,102,260,24166,9729
3426.5,C:\Data\20260323_MD18-3537\20260324_MD18-3537_S03\MD18-3537_S03_XRF\XRF data\L000174.spe,435,90,673,949,5704,13405,4212,174,1619,1020,91373,104,298,390,89,0,214,819,1190,184,691,42,140,203,103,165,187,1749,0,70,161,0,112,153,87,24048,11035
3429,C:\Data\20260323_MD18-3537\20260324_MD18-3537_S03\MD18-3537_S03_XRF\XRF data\L000175.spe,437.5,91,681,1004,5937,12149,4256,213,1583,932,90003,175,264,434,162,47,75,195,1131,387,773,54,132,106,96,151,193,1755,0,79,31,0,219,171,197,23719,11959
3431.5,C:\Data\20260323_MD18-3537\20260324_MD18-3537_S03\MD18-3537_S03_XRF\XRF data\L000176.spe,440,98,633,1102,4925,13981,4056,189,1623,956,83681,163,283,434,98,291,29,207,1199,308,678,83,155,92,54,162,149,1468,0,101,36,0,146,0,333,24198,12881
3434,C:\Data\20260323_MD18-3537\20260324_MD18-3537_S03\MD18-3537_S03_XRF\XRF data\L000177.spe,442.5,69,619,1016,4963,12719,4016,183,1543,972,79853,99,233,323,212,121,103,448,1343,232,536,29,152,170,78,198,257,1700,0,113,166,0,133,18,36,24251,8940
3436.5,C:\Data\20260323_MD18-3537\20260324_MD18-3537_S03\MD18-3537_S03_XRF\XRF data\L000178.spe,445,94,668,812,5936,10036,4231,167,1483,1320,90209,150,246,397,98,248,0,257,1094,198,583,55,77,150,110,158,125,1786,0,107,41,0,160,143,368,22641,6948
3439,C:\Data\20260323_MD18-3537\20260324_MD18-3537_S03\MD18-3537_S03_XRF\XRF data\L000179.spe,447.5,126,681,851,6262,10286,4208,162,1714,1031,97830,52,155,424,31,77,190,430,931,302,632,92,124,271,84,157,298,2153,0,124,255,0,92,173,0,22838,10823
3441.5,C:\Data\20260323_MD18-3537\20260324_MD18-3537_S03\MD18-3537_S03_XRF\XRF data\L000180.spe,450,98,672,933,6356,10078,4331,259,1709,961,102217,62,268,526,73,114,231,933,897,233,529,137,89,212,73,153,215,2002,0,183,132,0,232,185,67,23626,10953
3446.5,C:\Data\20260323_MD18-3537\20260324_MD18-3537_S03\MD18-3537_S03_XRF\XRF data\L000182.spe,455,61,629,1024,6020,13171,4184,219,1616,893,99005,139,232,514,168,58,235,891,970,302,469,113,131,175,81,167,213,1741,0,152,271,0,112,191,0,22943,10141
3449,C:\Data\20260323_MD18-3537\20260324_MD18-3537_S03\MD18-3537_S03_XRF\XRF data\L000183.spe,457.5,72,630,1026,5816,12390,4300,189,1558,923,98483,83,220,473,36,206,43,737,972,183,523,120,128,160,64,175,132,1844,0,176,188,0,239,313,275,22214,9691
3454,C:\Data\20260323_MD18-3537\20260324_MD18-3537_S03\MD18-3537_S03_XRF\XRF data\L000185.spe,462.5,84,617,1110,5431,13641,4121,302,1575,824,95141,184,280,518,114,145,53,0,1036,282,455,114,144,216,103,140,211,1771,0,148,105,19,214,192,185,22872,9909
3456.5,C:\Data\20260323_MD18-3537\20260324_MD18-3537_S03\MD18-3537_S03_XRF\XRF data\L000186.spe,465,53,637,1015,5444,14895,4162,123,1686,883,93755,23,235,491,8,143,77,728,1145,192,583,117,173,183,88,123,326,1991,0,167,99,0,251,145,63,22777,8650
3459,C:\Data\20260323_MD18-3537\20260324_MD18-3537_S03\MD18-3537_S03_XRF\XRF data\L000187.spe,467.5,80,657,1026,5532,15946,4454,128,1721,939,90626,206,248,485,132,249,18,421,1056,235,562,101,183,103,104,208,295,1395,0,145,201,36,236,291,211,23006,7593
3461.5,C:\Data\20260323_MD18-3537\20260324_MD18-3537_S03\MD18-3537_S03_XRF\XRF data\L000188.spe,470,69,677,960,5678,12812,4116,185,1616,945,90734,153,277,471,171,147,53,440,1128,258,495,125,98,233,96,157,192,1682,0,57,51,0,79,134,282,23809,9886
3464,C:\Data\20260323_MD18-3537\20260324_MD18-3537_S03\MD18-3537_S03_XRF\XRF data\L000189.spe,472.5,105,662,898,6295,10139,4165,203,1697,1078,100812,50,272,497,229,257,122,365,952,239,570,139,123,279,92,127,136,1975,0,211,201,0,215,213,64,23349,9287
3466.5,C:\Data\20260323_MD18-3537\20260324_MD18-3537_S03\MD18-3537_S03_XRF\XRF data\L000190.spe,475,73,689,947,6463,11113,4284,242,1549,1041,103060,141,305,485,31,50,187,1125,905,158,521,73,131,312,75,99,176,1763,0,84,70,0,292,77,233,22910,7066
3469,C:\Data\20260323_MD18-3537\20260324_MD18-3537_S03\MD18-3537_S03_XRF\XRF data\L000191.spe,477.5,92,681,864,6416,8909,4422,245,1539,1096,106678,95,293,520,216,92,63,361,985,266,401,104,42,178,110,189,177,1873,0,184,192,0,124,282,170,23687,9522
3471.5,C:\Data\20260323_MD18-3537\20260324_MD18-3537_S03\MD18-3537_S03_XRF\XRF data\L000192.spe,480,113,736,915,6523,9600,4194,232,1680,889,106063,151,254,473,189,19,215,730,928,238,485,156,73,276,97,152,197,2256,0,170,143,0,142,136,0,24651,12209
3474,C:\Data\20260323_MD18-3537\20260324_MD18-3537_S03\MD18-3537_S03_XRF\XRF data\L000193.spe,482.5,109,695,873,6873,7980,4336,145,1619,911,106315,147,267,527,138,81,251,415,887,252,468,66,95,232,82,143,122,1756,0,138,303,60,139,203,55,24556,10203
3476.5,C:\Data\20260323_MD18-3537\20260324_MD18-3537_S03\MD18-3537_S03_XRF\XRF data\L000194.spe,485,124,707,965,6351,10993,4464,227,1626,873,104586,137,260,499,175,47,236,699,932,213,502,120,120,214,70,180,309,1811,0,114,218,0,143,217,15,23198,10611
3481.5,C:\Data\20260323_MD18-3537\20260324_MD18-3537_S03\MD18-3537_S03_XRF\XRF data\L000196.spe,490,101,700,1023,6031,13062,4544,214,1532,913,102042,189,273,529,96,94,134,603,1116,243,657,48,159,179,97,153,254,1465,0,115,110,0,205,72,44,23235,11373
3484,C:\Data\20260323_MD18-3537\20260324_MD18-3537_S03\MD18-3537_S03_XRF\XRF data\L000197.spe,492.5,91,695,976,6147,13017,4736,157,1764,1056,103669,51,259,472,104,114,112,471,1124,267,591,103,105,213,121,146,145,2169,0,175,123,0,188,128,149,24138,9145
3486.5,C:\Data\20260323_MD18-3537\20260324_MD18-3537_S03\MD18-3537_S03_XRF\XRF data\L000198.spe,495,64,708,922,5957,13660,4979,145,1710,1112,103491,115,233,476,64,120,201,366,1138,342,435,136,156,206,113,133,189,1929,0,148,272,0,142,73,21,24831,7305
3489,C:\Data\20260323_MD18-3537\20260324_MD18-3537_S03\MD18-3537_S03_XRF\XRF data\L000199.spe,497.5,96,734,971,5953,14990,5073,145,1671,1126,103639,184,305,520,220,146,93,229,1164,395,581,93,151,201,85,183,393,1849,0,111,109,0,110,140,118,23710,12443
3491.5,C:\Data\20260323_MD18-3537\20260324_MD18-3537_S03\MD18-3537_S03_XRF\XRF data\L000200.spe,500,84,704,1025,5968,13931,4975,153,1610,1221,103428,146,375,487,98,223,16,354,1075,340,724,90,126,151,108,198,219,2067,0,129,0,0,128,50,249,23772,9147
3494,C:\Data\20260323_MD18-3537\20260324_MD18-3537_S03\MD18-3537_S03_XRF\XRF data\L000201.spe,502.5,95,633,1046,6037,13203,4950,179,1818,1227,103593,121,185,520,244,77,101,0,1123,459,718,87,158,210,100,164,292,1900,0,198,261,0,155,288,101,23698,10896
3496.5,C:\Data\20260323_MD18-3537\20260324_MD18-3537_S03\MD18-3537_S03_XRF\XRF data\L000202.spe,505,53,613,1123,5596,13302,4865,142,1625,1279,101689,204,309,509,130,92,118,600,1086,330,635,120,114,194,118,195,199,1671,0,135,140,49,171,150,30,23603,13229
3499,C:\Data\20260323_MD18-3537\20260324_MD18-3537_S03\MD18-3537_S03_XRF\XRF data\L000203.spe,507.5,100,591,1187,5672,12991,4642,164,1592,1223,97285,93,162,454,192,56,0,577,1246,312,696,100,121,217,108,148,149,2169,0,149,70,0,147,262,381,24374,11589
3501.5,C:\Data\20260323_MD18-3537\20260324_MD18-3537_S03\MD18-3537_S03_XRF\XRF data\L000204.spe,510,50,669,1128,5359,13057,4680,172,1646,991,94130,190,167,436,281,203,120,313,1078,273,581,79,146,69,104,241,309,1624,0,117,170,16,135,137,60,24704,10140
3504,C:\Data\20260323_MD18-3537\20260324_MD18-3537_S03\MD18-3537_S03_XRF\XRF data\L000205.spe,512.5,88,651,1091,4960,13603,4401,150,1698,911,89021,178,192,443,145,74,138,501,1103,358,813,136,108,136,103,191,337,1789,0,83,128,0,157,184,134,24323,13131
3506.5,C:\Data\20260323_MD18-3537\20260324_MD18-3537_S03\MD18-3537_S03_XRF\XRF data\L000206.spe,515,75,675,1207,4329,14213,3849,120,1535,968,76773,137,132,320,262,155,117,0,1196,300,857,86,176,85,67,207,171,1885,0,77,0,0,49,0,0,24658,11738
3509,C:\Data\20260323_MD18-3537\20260324_MD18-3537_S03\MD18-3537_S03_XRF\XRF data\L000207.spe,517.5,91,671,1105,4401,14377,4018,128,1664,893,74734,193,345,363,187,121,102,834,1299,182,580,66,157,108,98,172,292,1501,0,0,51,0,198,239,145,24948,9694
3511.5,C:\Data\20260323_MD18-3537\20260324_MD18-3537_S03\MD18-3537_S03_XRF\XRF data\L000208.spe,520,56,605,1142,4454,13469,3939,109,1584,918,77205,162,203,417,146,52,160,0,1141,312,576,77,129,131,98,179,214,1766,0,112,94,0,171,143,18,24390,11516
3514,C:\Data\20260323_MD18-3537\20260324_MD18-3537_S03\MD18-3537_S03_XRF\XRF data\L000209.spe,522.5,62,644,1075,4581,14004,4180,102,1540,837,76711,77,350,389,71,65,149,186,1075,236,670,82,149,164,88,162,337,1839,0,92,155,0,128,88,67,23780,10362
3516.5,C:\Data\20260323_MD18-3537\20260324_MD18-3537_S03\MD18-3537_S03_XRF\XRF data\L000210.spe,525,78,657,953,5290,14053,4051,153,1464,920,79579,141,113,277,104,110,82,7,1129,244,644,39,161,225,66,98,304,1710,0,41,186,0,143,126,150,23151,11528
3519,C:\Data\20260323_MD18-3537\20260324_MD18-3537_S03\MD18-3537_S03_XRF\XRF data\L000211.spe,527.5,96,679,913,5882,16656,4342,141,1570,1020,84777,132,215,347,30,68,97,284,1148,329,662,90,175,220,96,136,208,1783,0,100,160,0,145,68,0,22981,11709
3521.5,C:\Data\20260323_MD18-3537\20260324_MD18-3537_S03\MD18-3537_S03_XRF\XRF data\L000212.spe,530,76,706,858,5795,18250,4297,158,1458,1173,82752,198,244,484,45,220,30,391,1165,219,657,94,203,212,121,160,178,1850,0,104,44,0,213,12,161,21983,9787
3524,C:\Data\20260323_MD18-3537\20260324_MD18-3537_S03\MD18-3537_S03_XRF\XRF data\L000213.spe,532.5,66,733,848,6204,11306,4120,171,1585,1103,85956,95,166,416,51,171,30,229,1159,271,490,117,139,250,68,117,117,1777,0,95,138,0,237,89,51,22474,10119
3526.5,C:\Data\20260323_MD18-3537\20260324_MD18-3537_S03\MD18-3537_S03_XRF\XRF data\L000214.spe,535,123,663,878,6316,11319,4304,185,1557,1514,91437,148,149,459,163,0,72,142,911,360,488,99,138,223,90,192,186,2193,0,108,333,0,121,118,106,24640,9418
3529,C:\Data\20260323_MD18-3537\20260324_MD18-3537_S03\MD18-3537_S03_XRF\XRF data\L000215.spe,537.5,126,714,860,5993,12053,4212,251,1630,1123,91760,145,220,474,48,205,37,508,996,289,467,135,95,201,54,167,248,1612,0,156,164,0,198,105,220,24021,9329
3534,C:\Data\20260323_MD18-3537\20260324_MD18-3537_S03\MD18-3537_S03_XRF\XRF data\L000217.spe,542.5,86,659,925,5781,13878,4358,220,1571,982,88836,188,240,377,179,0,18,256,1192,339,479,90,172,122,97,207,214,1651,0,39,10,0,87,157,73,25036,10562
3536.5,C:\Data\20260323_MD18-3537\20260324_MD18-3537_S03\MD18-3537_S03_XRF\XRF data\L000218.spe,545,122,716,923,5842,14273,4236,165,1544,1120,86047,193,223,438,142,116,119,1016,1169,166,572,126,143,185,80,170,177,1552,0,102,62,0,168,100,122,23750,10788
3539,C:\Data\20260323_MD18-3537\20260324_MD18-3537_S03\MD18-3537_S03_XRF\XRF data\L000219.spe,547.5,100,793,865,6300,13060,4334,126,1600,1068,88497,208,329,489,0,228,0,597,1181,228,573,62,156,170,108,221,237,1524,0,105,0,0,268,174,335,23643,10864
3541.5,C:\Data\20260323_MD18-3537\20260324_MD18-3537_S03\MD18-3537_S03_XRF\XRF data\L000220.spe,550,117,802,903,6665,11290,4317,113,1681,967,94512,115,323,450,220,59,162,288,1005,292,562,124,167,280,90,117,205,1682,0,126,24,0,185,310,103,23410,8101
3544,C:\Data\20260323_MD18-3537\20260324_MD18-3537_S03\MD18-3537_S03_XRF\XRF data\L000221.spe,552.5,104,749,920,6522,10876,4362,163,1785,1102,93226,268,285,503,91,269,0,818,974,301,468,50,150,239,95,156,278,1680,0,101,104,24,247,216,346,24010,10774
3546.5,C:\Data\20260323_MD18-3537\20260324_MD18-3537_S03\MD18-3537_S03_XRF\XRF data\L000222.spe,555,75,685,950,6318,10881,4356,224,1612,1183,93383,149,231,449,77,64,182,0,944,375,560,122,146,199,97,126,201,1775,0,105,304,0,275,145,89,23462,10975
3549,C:\Data\20260323_MD18-3537\20260324_MD18-3537_S03\MD18-3537_S03_XRF\XRF data\L000223.spe,557.5,107,666,933,6470,11093,4273,150,1653,1193,95460,98,204,537,158,186,262,1386,991,280,603,133,108,263,79,168,313,1885,0,119,149,0,170,123,0,23206,9995
3551.5,C:\Data\20260323_MD18-3537\20260324_MD18-3537_S03\MD18-3537_S03_XRF\XRF data\L000224.spe,560,87,745,927,6702,10322,4422,205,1554,994,97946,192,322,521,64,251,86,1192,1032,318,561,80,143,214,87,176,267,1692,0,131,110,10,221,62,234,23730,8702
3554,C:\Data\20260323_MD18-3537\20260324_MD18-3537_S03\MD18-3537_S03_XRF\XRF data\L000225.spe,562.5,79,704,1006,6220,10700,4373,234,1633,914,96108,153,201,446,123,54,143,503,874,385,471,143,80,207,105,158,220,1939,0,109,149,0,239,77,98,24665,8939
3556.5,C:\Data\20260323_MD18-3537\20260324_MD18-3537_S03\MD18-3537_S03_XRF\XRF data\L000226.spe,565,101,702,967,6104,10618,4465,145,1664,936,95231,208,290,488,190,0,119,497,1113,328,578,125,93,176,115,155,257,1691,0,82,142,55,164,225,0,23752,9246
3559,C:\Data\20260323_MD18-3537\20260324_MD18-3537_S03\MD18-3537_S03_XRF\XRF data\L000227.spe,567.5,113,770,968,6179,11463,4540,175,1655,1135,93732,224,359,523,144,162,119,325,1006,310,607,72,121,198,115,150,201,1485,0,121,0,0,231,72,207,23557,9413
3561.5,C:\Data\20260323_MD18-3537\20260324_MD18-3537_S03\MD18-3537_S03_XRF\XRF data\L000228.spe,570,105,754,1066,5789,12459,4419,176,1637,1076,87961,99,274,436,167,19,107,271,1300,347,769,103,146,75,104,188,263,1582,0,77,43,0,147,279,110,23545,10606
3564,C:\Data\20260323_MD18-3537\20260324_MD18-3537_S03\MD18-3537_S03_XRF\XRF data\L000229.spe,572.5,92,671,972,5620,11242,4269,119,1488,958,81560,53,254,401,170,0,53,659,1133,197,637,132,117,71,116,268,158,1827,0,145,105,0,142,184,94,23731,11610
3566.5,C:\Data\20260323_MD18-3537\20260324_MD18-3537_S03\MD18-3537_S03_XRF\XRF data\L000230.spe,575,115,607,948,6714,9284,4494,91,1632,1012,95107,73,219,456,163,163,72,231,1032,415,562,96,95,177,116,200,205,2079,0,231,365,0,169,125,240,24227,9723
3569,C:\Data\20260323_MD18-3537\20260324_MD18-3537_S03\MD18-3537_S03_XRF\XRF data\L000231.spe,577.5,74,731,916,6566,12409,4214,145,1664,876,93877,54,200,436,60,116,182,793,992,231,400,148,117,195,110,224,284,2101,0,175,186,0,240,79,23,23572,10296
3571.5,C:\Data\20260323_MD18-3537\20260324_MD18-3537_S03\MD18-3537_S03_XRF\XRF data\L000232.spe,580,120,754,848,6730,11624,4298,94,1548,926,92499,149,181,440,100,172,26,355,1036,279,525,111,115,164,127,183,207,1569,0,133,94,0,270,171,213,23422,7966
3574,C:\Data\20260323_MD18-3537\20260324_MD18-3537_S03\MD18-3537_S03_XRF\XRF data\L000233.spe,582.5,80,786,869,6505,13992,4198,266,1596,812,91522,133,209,447,151,232,110,365,1122,306,480,103,167,174,100,152,228,2040,0,110,81,0,159,136,200,23936,10368
3576.5,C:\Data\20260323_MD18-3537\20260324_MD18-3537_S03\MD18-3537_S03_XRF\XRF data\L000234.spe,585,96,732,861,6164,15715,4444,240,1596,997,91638,113,208,474,174,215,61,495,1192,316,582,100,181,184,95,127,161,1807,0,112,286,0,165,221,293,24188,13521
3581.5,C:\Data\20260323_MD18-3537\20260324_MD18-3537_S03\MD18-3537_S03_XRF\XRF data\L000236.spe,590,63,858,918,6177,15037,4624,256,1656,872,89716,140,297,483,208,154,21,41,1326,371,658,108,217,193,62,124,172,1414,0,93,56,0,148,215,292,22465,9941
3584,C:\Data\20260323_MD18-3537\20260324_MD18-3537_S03\MD18-3537_S03_XRF\XRF data\L000237.spe,592.5,107,704,855,6749,10145,4365,312,1610,870,97372,163,240,582,163,234,97,483,1158,247,441,51,87,239,89,129,249,1624,0,103,134,46,207,24,127,23614,10148
3586.5,C:\Data\20260323_MD18-3537\20260324_MD18-3537_S03\MD18-3537_S03_XRF\XRF data\L000238.spe,595,134,684,941,6351,11471,4373,181,1588,1055,95648,115,116,445,148,168,203,559,1050,263,466,114,111,161,83,167,107,1771,0,95,191,0,97,61,0,24459,10757
3589,C:\Data\20260323_MD18-3537\20260324_MD18-3537_S03\MD18-3537_S03_XRF\XRF data\L000239.spe,597.5,93,648,1001,6083,11774,4362,146,1716,982,94215,71,234,523,151,112,159,158,965,302,441,120,129,248,101,113,273,2026,0,154,160,0,175,211,75,23509,8612
3591.5,C:\Data\20260323_MD18-3537\20260324_MD18-3537_S03\MD18-3537_S03_XRF\XRF data\L000240.spe,600,50,694,966,6022,12233,4309,201,1663,956,94329,71,168,450,164,183,114,551,1017,293,495,123,90,211,110,129,267,2079,0,166,306,0,133,94,44,23733,7880
3594,C:\Data\20260323_MD18-3537\20260324_MD18-3537_S03\MD18-3537_S03_XRF\XRF data\L000241.spe,602.5,100,772,982,5981,13804,4607,154,1644,925,94202,76,161,418,102,13,78,596,1164,296,648,125,127,192,101,163,238,1748,0,103,249,0,182,133,131,22941,9733
3596.5,C:\Data\20260323_MD18-3537\20260324_MD18-3537_S03\MD18-3537_S03_XRF\XRF data\L000242.spe,605,71,710,908,5802,15751,4532,152,1647,947,89167,159,273,487,97,111,117,469,1113,219,684,72,203,242,55,138,169,1657,0,96,54,0,180,75,31,23565,9225
3599,C:\Data\20260323_MD18-3537\20260324_MD18-3537_S03\MD18-3537_S03_XRF\XRF data\L000243.spe,607.5,110,736,968,5882,13698,4430,175,1658,932,86437,116,278,395,299,226,63,595,1360,319,626,72,185,157,68,200,230,1868,0,91,10,0,163,188,118,23142,11918
3601.5,C:\Data\20260323_MD18-3537\20260324_MD18-3537_S03\MD18-3537_S03_XRF\XRF data\L000244.spe,610,85,795,936,6564,9601,4496,203,1705,934,98359,100,275,498,14,6,193,412,1028,410,513,123,75,256,110,142,291,2065,0,175,196,0,247,207,0,23958,9288
3604,C:\Data\20260323_MD18-3537\20260324_MD18-3537_S03\MD18-3537_S03_XRF\XRF data\L000245.spe,612.5,100,759,922,6529,11360,4520,178,1620,994,96824,48,288,463,46,0,140,914,1058,180,559,200,107,273,156,149,144,2211,0,164,204,0,195,214,56,22494,11623
3606.5,C:\Data\20260323_MD18-3537\20260324_MD18-3537_S03\MD18-3537_S03_XRF\XRF data\L000246.spe,615,103,672,872,6637,10867,4276,205,1585,947,98022,45,261,418,187,297,148,873,1084,190,496,153,130,284,99,116,102,2013,0,164,138,0,182,335,206,22885,9553
3609,C:\Data\20260323_MD18-3537\20260324_MD18-3537_S03\MD18-3537_S03_XRF\XRF data\L000247.spe,617.5,110,676,889,6573,11633,4404,191,1612,896,98165,117,267,515,185,100,33,0,1032,368,551,88,126,250,103,145,121,1937,0,152,85,0,83,286,76,23012,10366
3611.5,C:\Data\20260323_MD18-3537\20260324_MD18-3537_S03\MD18-3537_S03_XRF\XRF data\L000248.spe,620,76,718,887,6509,11082,4599,117,1701,820,100620,171,252,479,191,0,172,520,1063,238,608,107,101,227,163,140,162,1545,0,125,124,0,174,277,34,23296,11040
3614,C:\Data\20260323_MD18-3537\20260324_MD18-3537_S03\MD18-3537_S03_XRF\XRF data\L000249.spe,622.5,109,760,829,6680,9512,4706,190,1575,870,103031,124,170,541,159,0,174,951,890,234,541,139,72,134,101,222,131,1887,0,186,349,0,210,117,25,23860,11384
3616.5,C:\Data\20260323_MD18-3537\20260324_MD18-3537_S03\MD18-3537_S03_XRF\XRF data\L000250.spe,625,107,725,875,6540,11172,4559,138,1596,757,100163,131,262,523,262,146,43,770,1001,310,549,63,117,130,66,188,304,1887,0,147,181,44,203,140,162,24075,9376
3619,C:\Data\20260323_MD18-3537\20260324_MD18-3537_S03\MD18-3537_S03_XRF\XRF data\L000251.spe,627.5,80,650,937,6479,12524,4448,134,1604,816,97384,51,215,405,79,163,87,765,1002,196,473,125,144,213,101,165,176,1975,0,160,283,0,218,138,164,22755,9716
3621.5,C:\Data\20260323_MD18-3537\20260324_MD18-3537_S03\MD18-3537_S03_XRF\XRF data\L000252.spe,630,94,670,999,6549,10374,4262,219,1572,832,100633,176,269,498,232,292,0,734,936,277,467,78,140,261,74,133,156,1815,0,110,0,35,109,43,308,24125,11233
3624,C:\Data\20260323_MD18-3537\20260324_MD18-3537_S03\MD18-3537_S03_XRF\XRF data\L000253.spe,632.5,84,720,906,6950,8647,4521,230,1675,796,102123,143,229,446,105,125,96,944,1063,168,610,73,102,235,57,159,166,2012,0,77,80,0,183,150,65,23657,10920
3626.5,C:\Data\20260323_MD18-3537\20260324_MD18-3537_S03\MD18-3537_S03_XRF\XRF data\L000254.spe,635,101,713,939,6756,10074,4332,246,1650,735,101611,61,194,502,0,155,133,1068,939,144,452,78,112,281,110,151,197,2315,0,158,184,0,258,142,105,23235,9341
3629,C:\Data\20260323_MD18-3537\20260324_MD18-3537_S03\MD18-3537_S03_XRF\XRF data\L000255.spe,637.5,101,716,928,6345,11391,4409,122,1648,809,101073,159,295,494,250,194,0,479,1046,283,459,92,120,176,151,164,202,2060,0,146,214,0,85,107,233,25046,8720
3631.5,C:\Data\20260323_MD18-3537\20260324_MD18-3537_S03\MD18-3537_S03_XRF\XRF data\L000256.spe,640,79,780,930,6483,11542,4607,185,1638,814,100237,105,200,491,62,192,93,512,982,308,543,79,155,215,91,146,180,2133,0,179,91,0,240,146,186,23780,8348
3634,C:\Data\20260323_MD18-3537\20260324_MD18-3537_S03\MD18-3537_S03_XRF\XRF data\L000257.spe,642.5,83,740,975,6432,12829,4761,147,1715,964,99040,152,300,506,219,188,0,419,1144,315,569,149,94,213,64,214,229,2318,0,132,112,0,80,109,400,25079,8984
3639,C:\Data\20260323_MD18-3537\20260324_MD18-3537_S03\MD18-3537_S03_XRF\XRF data\L000259.spe,647.5,88,728,1004,5994,13047,4454,232,1448,930,94144,25,242,430,51,77,109,121,1122,215,651,83,153,127,82,186,218,2109,0,163,149,0,162,98,54,23190,10339
3641.5,C:\Data\20260323_MD18-3537\20260324_MD18-3537_S03\MD18-3537_S03_XRF\XRF data\L000260.spe,650,76,652,1089,5655,12849,4440,187,1704,1008,91491,182,322,457,39,33,197,340,1171,312,514,62,151,132,111,200,246,1712,0,103,232,0,240,104,28,24628,10406
3644,C:\Data\20260323_MD18-3537\20260324_MD18-3537_S03\MD18-3537_S03_XRF\XRF data\L000261.spe,652.5,87,568,1174,5339,12307,4153,154,1646,942,90874,44,284,478,47,158,202,701,1126,227,704,154,105,164,95,171,169,1921,0,170,131,0,182,72,0,23598,9594
3646.5,C:\Data\20260323_MD18-3537\20260324_MD18-3537_S03\MD18-3537_S03_XRF\XRF data\L000262.spe,655,60,601,1239,5640,11872,4339,155,1649,961,90124,35,175,458,122,0,108,46,1259,346,619,71,171,210,118,154,246,1998,0,136,37,0,177,89,79,23506,9966
3649,C:\Data\20260323_MD18-3537\20260324_MD18-3537_S03\MD18-3537_S03_XRF\XRF data\L000263.spe,657.5,81,614,1107,5848,10728,4490,146,1612,1253,94458,6,182,470,154,68,156,962,1001,253,522,148,154,151,118,199,222,2077,0,207,138,0,95,208,15,23692,9023
3651.5,C:\Data\20260323_MD18-3537\20260324_MD18-3537_S03\MD18-3537_S03_XRF\XRF data\L000264.spe,660,75,623,1046,6335,8945,4340,197,1571,946,94097,61,155,420,149,135,164,24,1048,350,668,125,104,275,98,91,253,2157,0,114,166,0,162,123,80,23872,9624
3654,C:\Data\20260323_MD18-3537\20260324_MD18-3537_S03\MD18-3537_S03_XRF\XRF data\L000265.spe,662.5,79,576,1121,6244,10370,4341,188,1615,961,96683,106,229,496,62,0,153,131,956,397,532,59,70,117,103,232,242,1967,0,154,215,0,201,151,176,23720,11179
3656.5,C:\Data\20260323_MD18-3537\20260324_MD18-3537_S03\MD18-3537_S03_XRF\XRF data\L000266.spe,665,75,534,1172,5534,13085,4205,193,1566,914,91187,52,190,425,131,118,113,710,1087,336,471,140,179,220,64,189,280,2277,0,153,317,0,122,156,111,23425,11195
3664,C:\Data\20260323_MD18-3537\20260324_MD18-3537_S03\MD18-3537_S03_XRF\XRF data\L000269.spe,672.5,83,597,1081,5318,18478,4271,179,1636,833,86320,145,283,451,164,60,122,395,1232,260,527,178,216,230,90,127,281,2011,0,59,19,0,201,105,16,23630,10756
3666.5,C:\Data\20260323_MD18-3537\20260324_MD18-3537_S03\MD18-3537_S03_XRF\XRF data\L000270.spe,675,89,702,1055,5302,19065,4396,148,1707,830,81495,170,211,401,154,78,145,0,1313,363,694,112,224,123,112,204,274,1468,0,87,155,0,162,194,31,21745,10511
3669,C:\Data\20260323_MD18-3537\20260324_MD18-3537_S03\MD18-3537_S03_XRF\XRF data\L000271.spe,677.5,59,724,933,6584,9568,4442,160,1556,976,96002,75,261,482,138,56,150,160,956,404,515,137,116,255,94,129,65,1960,0,122,123,0,160,0,48,22938,10486
3671.5,C:\Data\20260323_MD18-3537\20260324_MD18-3537_S03\MD18-3537_S03_XRF\XRF data\L000272.spe,680,69,735,882,6384,11085,4590,198,1521,1197,96407,95,116,480,131,160,148,991,1135,215,506,82,147,176,87,165,145,2048,0,195,335,0,160,137,39,23488,8713
3674,C:\Data\20260323_MD18-3537\20260324_MD18-3537_S03\MD18-3537_S03_XRF\XRF data\L000273.spe,682.5,69,716,837,6722,9511,4413,269,1574,1209,98516,149,395,499,238,97,147,535,1125,282,625,36,73,219,88,161,171,1602,0,161,18,0,116,249,37,23205,13321
3676.5,C:\Data\20260323_MD18-3537\20260324_MD18-3537_S03\MD18-3537_S03_XRF\XRF data\L000274.spe,685,96,692,847,6810,6317,4643,180,1611,967,101605,89,277,507,261,148,191,690,882,205,685,104,57,200,91,187,233,1931,0,158,251,0,201,156,141,23392,12427
3679,C:\Data\20260323_MD18-3537\20260324_MD18-3537_S03\MD18-3537_S03_XRF\XRF data\L000275.spe,687.5,86,691,840,6700,9488,4488,192,1599,757,100496,143,274,554,160,224,90,983,915,161,477,145,106,184,126,210,218,2054,0,122,51,9,185,177,183,24214,9935
3681.5,C:\Data\20260323_MD18-3537\20260324_MD18-3537_S03\MD18-3537_S03_XRF\XRF data\L000276.spe,690,90,680,909,6237,11937,4539,217,1592,774,96954,74,208,449,39,258,35,224,953,302,559,102,126,185,63,166,222,1982,0,133,271,0,179,120,229,22450,8763
3684,C:\Data\20260323_MD18-3537\20260324_MD18-3537_S03\MD18-3537_S03_XRF\XRF data\L000277.spe,692.5,79,745,970,6078,12437,4484,204,1534,793,94306,79,167,459,45,163,112,943,1128,215,654,79,154,155,84,188,269,2024,0,140,267,0,157,94,101,23874,9176
3686.5,C:\Data\20260323_MD18-3537\20260324_MD18-3537_S03\MD18-3537_S03_XRF\XRF data\L000278.spe,695,95,670,1061,5654,13507,4307,223,1525,842,93647,94,175,470,162,189,111,704,1239,404,601,166,200,228,88,170,202,2117,0,131,213,0,166,121,167,23837,10926
3689,C:\Data\20260323_MD18-3537\20260324_MD18-3537_S03\MD18-3537_S03_XRF\XRF data\L000279.spe,697.5,85,681,1068,5763,14060,4344,184,1754,821,91568,136,251,456,210,65,29,656,1053,246,678,71,201,221,67,185,222,1789,0,121,304,0,216,317,222,22188,10682
3691.5,C:\Data\20260323_MD18-3537\20260324_MD18-3537_S03\MD18-3537_S03_XRF\XRF data\L000280.spe,700,76,705,1105,5392,14048,4442,175,1525,794,88270,53,264,440,32,61,161,688,1181,283,624,115,181,154,126,195,284,1849,0,174,143,0,195,137,0,24421,9623
3694,C:\Data\20260323_MD18-3537\20260324_MD18-3537_S03\MD18-3537_S03_XRF\XRF data\L000281.spe,702.5,73,696,1090,5077,14505,4219,93,1504,900,83081,85,307,389,218,189,122,766,1273,105,660,150,143,211,92,158,137,1935,0,114,75,0,215,232,52,22933,11295
3696.5,C:\Data\20260323_MD18-3537\20260324_MD18-3537_S03\MD18-3537_S03_XRF\XRF data\L000282.spe,705,67,599,1065,5063,14181,4402,205,1667,862,81212,140,232,543,155,245,8,194,1216,302,669,59,162,132,66,154,180,1739,0,140,43,44,176,237,282,23435,8788
3699,C:\Data\20260323_MD18-3537\20260324_MD18-3537_S03\MD18-3537_S03_XRF\XRF data\L000283.spe,707.5,81,647,1021,5304,13085,4307,80,1740,862,79300,146,314,447,141,330,30,412,1257,185,704,89,140,93,129,225,193,1879,0,76,74,0,127,0,189,23547,10299
3701.5,C:\Data\20260323_MD18-3537\20260324_MD18-3537_S03\MD18-3537_S03_XRF\XRF data\L000284.spe,710,66,755,857,6422,9384,4255,203,1659,764,88863,197,197,462,216,0,275,260,998,377,663,75,102,252,67,75,148,1742,0,108,263,0,190,263,0,23561,9611
3704,C:\Data\20260323_MD18-3537\20260324_MD18-3537_S03\MD18-3537_S03_XRF\XRF data\L000285.spe,712.5,93,724,809,6541,9674,4348,183,1668,743,91578,79,101,498,121,232,22,367,1021,300,327,116,128,250,113,143,228,2218,0,139,149,33,276,70,220,23436,8962
3709,C:\Data\20260323_MD18-3537\20260324_MD18-3537_S03\MD18-3537_S03_XRF\XRF data\L000287.spe,717.5,99,751,859,6853,9239,4571,196,1529,708,96239,175,308,471,172,212,11,541,936,292,492,138,68,151,102,186,183,1762,0,134,28,0,152,112,224,24116,11837
3711.5,C:\Data\20260323_MD18-3537\20260324_MD18-3537_S03\MD18-3537_S03_XRF\XRF data\L000288.spe,720,82,680,924,6753,9238,4237,143,1526,712,95675,167,190,465,49,68,51,896,1000,292,467,127,121,301,121,116,172,2105,0,101,246,0,196,38,197,24687,10624
3714,C:\Data\20260323_MD18-3537\20260324_MD18-3537_S03\MD18-3537_S03_XRF\XRF data\L000289.spe,722.5,81,657,1040,6612,7703,4546,164,1625,710,99843,98,185,475,230,22,190,1090,892,140,460,116,48,178,105,197,189,2384,0,143,299,0,169,247,45,22657,7303
3721.5,C:\Data\20260323_MD18-3537\20260324_MD18-3537_S03\MD18-3537_S03_XRF\XRF data\L000292.spe,730,67,672,971,6208,13365,4608,135,1578,1092,98298,153,327,518,179,139,159,579,1031,235,548,158,186,204,135,178,70,2044,0,140,242,0,98,184,0,23786,13218
3726.5,C:\Data\20260323_MD18-3537\20260324_MD18-3537_S03\MD18-3537_S03_XRF\XRF data\L000294.spe,735,82,761,909,5860,16018,4765,248,1584,914,95894,203,216,489,171,128,73,0,1234,334,528,118,202,71,88,187,172,1685,0,116,86,0,182,169,40,24006,8394
3729,C:\Data\20260323_MD18-3537\20260324_MD18-3537_S03\MD18-3537_S03_XRF\XRF data\L000295.spe,737.5,71,730,915,6049,15108,4541,152,1764,1034,93847,111,289,506,210,143,166,309,1137,317,629,103,200,178,91,189,163,2036,0,181,257,0,216,202,58,23731,11330
3731.5,C:\Data\20260323_MD18-3537\20260324_MD18-3537_S03\MD18-3537_S03_XRF\XRF data\L000296.spe,740,73,739,894,5845,15449,4384,142,1651,942,91328,135,330,423,106,121,70,269,1137,334,478,116,227,181,104,151,315,2207,0,138,131,0,216,66,63,23574,9276
3734,C:\Data\20260323_MD18-3537\20260324_MD18-3537_S03\MD18-3537_S03_XRF\XRF data\L000297.spe,742.5,84,746,976,5813,16207,4323,145,1766,1021,89654,65,204,407,122,155,17,617,1175,272,682,88,213,210,54,187,282,1715,0,145,300,0,154,0,245,23081,11852
3736.5,C:\Data\20260323_MD18-3537\20260324_MD18-3537_S03\MD18-3537_S03_XRF\XRF data\L000298.spe,745,97,690,933,5829,16113,4447,212,1646,954,89084,184,263,523,170,79,0,315,1178,238,552,87,201,208,96,186,189,1799,0,102,0,42,123,240,198,22750,11603
3739,C:\Data\20260323_MD18-3537\20260324_MD18-3537_S03\MD18-3537_S03_XRF\XRF data\L000299.spe,747.5,85,711,983,5670,16374,4536,148,1635,1009,87774,84,297,467,217,7,72,600,1186,328,621,63,177,189,90,161,206,2016,0,142,25,0,174,159,181,23284,10949
3741.5,C:\Data\20260323_MD18-3537\20260324_MD18-3537_S03\MD18-3537_S03_XRF\XRF data\L000300.spe,750,106,704,1008,5563,16391,4273,210,1578,1060,85778,188,238,383,178,132,0,627,1121,175,623,106,190,133,100,194,189,1907,0,104,12,0,145,124,242,24007,10719
3744,C:\Data\20260323_MD18-3537\20260324_MD18-3537_S03\MD18-3537_S03_XRF\XRF data\L000301.spe,752.5,66,774,967,5679,16654,4337,101,1626,1028,85783,219,295,447,106,110,55,302,1354,323,588,67,238,222,92,176,185,1923,0,69,0,7,120,135,153,23063,8360
3746.5,C:\Data\20260323_MD18-3537\20260324_MD18-3537_S03\MD18-3537_S03_XRF\XRF data\L000302.spe,755,83,759,1008,5287,16994,4289,243,1643,933,81262,126,223,445,77,106,35,369,1282,259,656,102,215,160,72,179,229,1885,0,117,150,0,262,114,98,24144,11278
3754,C:\Data\20260323_MD18-3537\20260324_MD18-3537_S03\MD18-3537_S03_XRF\XRF data\L000305.spe,762.5,123,733,906,6160,15503,4422,174,1497,981,88246,91,152,416,0,119,68,441,1159,310,622,178,259,200,94,223,127,2200,0,131,178,0,200,78,142,23130,9258
3756.5,C:\Data\20260323_MD18-3537\20260324_MD18-3537_S03\MD18-3537_S03_XRF\XRF data\L000306.spe,765,132,721,881,6081,16832,4457,178,1579,766,86710,133,308,439,66,141,172,427,1259,242,565,71,240,190,86,204,251,1854,0,121,16,0,258,232,198,22483,9465
3759,C:\Data\20260323_MD18-3537\20260324_MD18-3537_S03\MD18-3537_S03_XRF\XRF data\L000307.spe,767.5,96,748,881,5917,16707,4353,190,1595,895,83722,87,322,457,230,105,100,14,1312,373,536,76,232,140,140,186,295,1940,0,128,121,0,84,132,78,22643,10163
3761.5,C:\Data\20260323_MD18-3537\20260324_MD18-3537_S03\MD18-3537_S03_XRF\XRF data\L000308.spe,770,99,633,895,5949,17121,4224,79,1464,1037,84011,88,243,378,48,223,94,485,1367,178,748,138,166,244,106,158,53,2082,0,160,83,0,251,76,192,22321,11250
3766.5,C:\Data\20260323_MD18-3537\20260324_MD18-3537_S03\MD18-3537_S03_XRF\XRF data\L000310.spe,775,93,773,784,6379,14552,4565,166,1643,1291,95609,145,256,478,42,18,141,431,1068,340,582,127,148,232,91,128,210,1770,0,123,136,0,197,222,97,21889,10617
3769,C:\Data\20260323_MD18-3537\20260324_MD18-3537_S03\MD18-3537_S03_XRF\XRF data\L000311.spe,777.5,76,808,776,6526,13146,4604,207,1534,915,97387,93,198,485,202,116,59,480,1110,337,410,61,168,221,105,192,101,2037,0,133,146,0,105,70,55,23242,10939
3771.5,C:\Data\20260323_MD18-3537\20260324_MD18-3537_S03\MD18-3537_S03_XRF\XRF data\L000312.spe,780,64,713,768,6464,13428,4600,112,1617,849,97705,67,375,503,212,196,0,245,1043,333,523,90,153,228,103,160,135,2271,0,197,0,0,136,129,163,22300,8614
3784,C:\Data\20260323_MD18-3537\20260324_MD18-3537_S03\MD18-3537_S03_XRF\XRF data\L000317.spe,792.5,140,695,836,6557,15138,4829,166,1638,1177,98650,107,339,503,328,78,0,449,895,349,459,109,191,257,131,125,177,2177,0,252,18,0,89,284,314,23690,9837
3786.5,C:\Data\20260323_MD18-3537\20260324_MD18-3537_S03\MD18-3537_S03_XRF\XRF data\L000318.spe,795,91,813,851,6635,15600,4729,201,1645,1175,98371,128,276,569,226,64,28,564,1090,253,568,99,207,281,104,111,103,2039,0,124,93,0,123,206,226,22433,13042
3789,C:\Data\20260323_MD18-3537\20260324_MD18-3537_S03\MD18-3537_S03_XRF\XRF data\L000319.spe,797.5,103,806,865,6359,16575,4808,177,1723,1024,97418,96,147,424,176,148,69,169,1171,367,476,155,184,249,116,182,242,2019,0,157,276,0,156,136,126,22836,10442
3796.5,C:\Data\20260323_MD18-3537\20260324_MD18-3537_S03\MD18-3537_S03_XRF\XRF data\L000322.spe,805,99,722,859,6186,20022,4860,90,1538,1122,91257,154,281,522,90,0,33,193,1357,294,765,126,184,231,128,174,284,1663,0,163,82,0,204,240,59,22288,12102
3799,C:\Data\20260323_MD18-3537\20260324_MD18-3537_S03\MD18-3537_S03_XRF\XRF data\L000323.spe,807.5,89,820,785,6148,17318,4891,147,1604,1097,89961,125,89,508,203,0,348,670,1454,352,658,120,230,255,111,162,212,1983,0,152,160,0,188,122,0,23907,11237
3814,C:\Data\20260323_MD18-3537\20260324_MD18-3537_S03\MD18-3537_S03_XRF\XRF data\L000329.spe,822.5,74,827,791,6445,14386,4360,207,1480,782,87594,106,202,446,256,223,72,677,1135,235,549,65,159,203,99,175,328,2008,0,87,76,0,86,102,238,23296,10074
3816.5,C:\Data\20260323_MD18-3537\20260324_MD18-3537_S03\MD18-3537_S03_XRF\XRF data\L000330.spe,825,73,778,831,6518,15323,4524,206,1521,867,87365,110,207,465,197,153,0,356,1324,178,579,102,137,156,111,183,218,2033,0,127,9,9,100,131,359,23751,12590
3819,C:\Data\20260323_MD18-3537\20260324_MD18-3537_S03\MD18-3537_S03_XRF\XRF data\L000331.spe,827.5,97,737,860,6214,14731,4346,159,1525,840,83071,91,226,483,259,173,144,348,1365,308,640,98,187,232,133,172,173,1800,0,126,49,0,112,193,60,23077,10218
3821.5,C:\Data\20260323_MD18-3537\20260324_MD18-3537_S03\MD18-3537_S03_XRF\XRF data\L000332.spe,830,91,783,722,6489,12914,4302,102,1523,972,85492,184,385,559,262,240,11,299,1321,335,503,47,128,206,102,178,28,1845,0,73,0,15,159,118,221,24048,11982
3824,C:\Data\20260323_MD18-3537\20260324_MD18-3537_S03\MD18-3537_S03_XRF\XRF data\L000333.spe,832.5,104,803,801,7019,11776,4349,263,1567,989,90291,122,353,464,81,0,100,595,1027,257,531,124,135,177,84,180,195,1735,0,189,18,0,251,116,125,23572,11109
3826.5,C:\Data\20260323_MD18-3537\20260324_MD18-3537_S03\MD18-3537_S03_XRF\XRF data\L000334.spe,835,82,769,732,6625,13261,4362,140,1568,781,88409,44,278,437,131,255,0,766,1219,260,358,97,136,222,97,154,213,2088,0,133,45,0,235,215,408,23518,9547
3829,C:\Data\20260323_MD18-3537\20260324_MD18-3537_S03\MD18-3537_S03_XRF\XRF data\L000335.spe,837.5,93,810,786,6432,14043,4159,168,1547,801,87386,70,310,452,191,68,0,561,1148,214,517,158,173,232,108,140,117,2007,0,145,0,5,129,123,259,23942,10607
3834,C:\Data\20260323_MD18-3537\20260324_MD18-3537_S03\MD18-3537_S03_XRF\XRF data\L000337.spe,842.5,83,762,780,6724,14378,4252,149,1436,894,85115,60,213,426,198,48,188,544,1273,137,519,106,154,215,91,175,122,2075,0,145,115,10,109,130,0,22872,10872
3836.5,C:\Data\20260323_MD18-3537\20260324_MD18-3537_S03\MD18-3537_S03_XRF\XRF data\L000338.spe,845,114,788,801,6462,12391,4094,182,1571,761,88739,106,295,462,154,211,99,844,1334,268,558,161,130,333,98,89,175,2040,0,62,0,0,148,164,92,23413,11236
3844,C:\Data\20260323_MD18-3537\20260324_MD18-3537_S03\MD18-3537_S03_XRF\XRF data\L000341.spe,852.5,102,791,729,6430,15037,4293,147,1560,815,90267,154,203,477,207,292,51,768,1262,345,625,89,169,243,121,113,246,1583,0,130,63,89,122,45,209,23973,12378
3851.5,C:\Data\20260323_MD18-3537\20260324_MD18-3537_S03\MD18-3537_S03_XRF\XRF data\L000344.spe,860,88,800,964,6029,17131,4350,94,1646,882,83358,142,307,438,105,364,0,1028,1358,254,554,148,199,198,146,176,217,2204,0,122,15,0,152,0,291,23335,12188
3854,C:\Data\20260323_MD18-3537\20260324_MD18-3537_S03\MD18-3537_S03_XRF\XRF data\L000345.spe,862.5,102,699,822,6404,14097,4173,196,1551,920,83820,128,252,480,71,229,0,193,1285,326,716,98,141,232,99,160,206,1911,0,102,36,0,170,121,249,22757,13408
3856.5,C:\Data\20260323_MD18-3537\20260324_MD18-3537_S03\MD18-3537_S03_XRF\XRF data\L000346.spe,865,96,768,799,6941,9946,4272,139,1490,980,92356,188,196,469,275,0,51,374,995,305,560,109,103,255,128,190,125,2023,0,27,99,63,63,57,176,24186,12297
3861.5,C:\Data\20260323_MD18-3537\20260324_MD18-3537_S03\MD18-3537_S03_XRF\XRF data\L000348.spe,870,92,839,812,6579,14221,3991,191,1545,756,90082,154,287,520,157,150,16,830,1193,233,459,108,177,244,102,132,275,1805,0,94,0,0,151,97,119,24082,10194
3864,C:\Data\20260323_MD18-3537\20260324_MD18-3537_S03\MD18-3537_S03_XRF\XRF data\L000349.spe,872.5,88,678,812,6567,14915,4244,182,1590,820,89056,116,222,500,202,240,36,452,1101,284,542,94,159,294,85,146,170,2235,0,133,257,0,157,160,314,23117,12953
3866.5,C:\Data\20260323_MD18-3537\20260324_MD18-3537_S03\MD18-3537_S03_XRF\XRF data\L000350.spe,875,118,820,824,6390,15482,4359,128,1662,685,88862,61,183,475,105,102,166,509,1108,320,541,157,126,187,69,172,288,2209,0,153,160,0,142,157,0,22058,11735
3869,C:\Data\20260323_MD18-3537\20260324_MD18-3537_S03\MD18-3537_S03_XRF\XRF data\L000351.spe,877.5,98,866,826,6163,16611,4302,164,1665,758,87015,116,278,475,120,138,90,211,1141,268,477,108,208,233,140,173,214,1955,0,153,44,0,182,45,50,23130,11963
3871.5,C:\Data\20260323_MD18-3537\20260324_MD18-3537_S03\MD18-3537_S03_XRF\XRF data\L000352.spe,880,98,749,756,6038,17855,4170,146,1549,798,82661,32,195,404,274,88,102,87,1207,347,668,119,239,220,96,170,223,2266,0,126,127,0,113,253,115,22852,12651
3874,C:\Data\20260323_MD18-3537\20260324_MD18-3537_S03\MD18-3537_S03_XRF\XRF data\L000353.spe,882.5,49,765,848,5816,17822,4251,155,1515,852,79988,131,233,380,172,226,91,0,1409,288,645,118,196,244,95,118,152,1862,0,109,49,0,94,145,125,22623,12879
3879,C:\Data\20260323_MD18-3537\20260324_MD18-3537_S03\MD18-3537_S03_XRF\XRF data\L000355.spe,887.5,55,690,839,5887,14378,4152,135,1611,852,90543,121,160,438,192,26,103,591,1100,162,524,118,179,227,63,126,132,1887,0,118,197,9,25,164,33,23156,9635
3881.5,C:\Data\20260323_MD18-3537\20260324_MD18-3537_S03\MD18-3537_S03_XRF\XRF data\L000356.spe,890,95,754,880,6565,13114,4134,145,1673,805,92467,122,264,457,117,242,115,635,1083,221,519,88,157,270,84,163,206,2225,0,95,69,0,210,62,148,23649,8927
3884,C:\Data\20260323_MD18-3537\20260324_MD18-3537_S03\MD18-3537_S03_XRF\XRF data\L000357.spe,892.5,68,749,845,6353,13903,4229,231,1567,799,93098,21,241,466,55,21,31,92,1052,363,504,157,183,223,92,162,227,2131,0,177,190,0,171,152,204,23688,10246
3889,C:\Data\20260323_MD18-3537\20260324_MD18-3537_S03\MD18-3537_S03_XRF\XRF data\L000359.spe,897.5,86,738,840,6432,11910,4263,190,1571,851,99784,172,208,536,183,340,0,130,952,259,390,116,140,148,114,196,244,1993,0,136,88,21,58,101,366,24446,11552
3891.5,C:\Data\20260323_MD18-3537\20260324_MD18-3537_S03\MD18-3537_S03_XRF\XRF data\L000360.spe,900,107,757,817,6553,11972,4253,137,1596,813,99002,134,200,448,113,155,88,796,947,285,402,160,128,282,76,183,313,2276,0,113,211,0,177,151,141,24195,10019
3894,C:\Data\20260323_MD18-3537\20260324_MD18-3537_S03\MD18-3537_S03_XRF\XRF data\L000361.spe,902.5,87,686,833,6647,10003,4447,116,1680,770,101946,99,335,544,126,125,26,660,937,200,333,134,149,204,105,203,307,2401,0,155,135,0,135,183,274,23997,8554
3899,C:\Data\20260323_MD18-3537\20260324_MD18-3537_S03\MD18-3537_S03_XRF\XRF data\L000363.spe,907.5,74,737,843,6363,12339,4322,167,1625,969,97823,157,312,507,49,291,0,835,997,214,457,79,150,174,51,175,229,2086,0,144,153,0,179,75,262,24268,10483
3901.5,C:\Data\20260323_MD18-3537\20260324_MD18-3537_S03\MD18-3537_S03_XRF\XRF data\L000364.spe,910,100,687,850,6243,14143,4354,189,1584,992,97443,92,252,476,0,138,47,169,1029,326,455,113,114,158,130,190,280,2106,0,116,221,0,136,57,88,24004,10261
3904,C:\Data\20260323_MD18-3537\20260324_MD18-3537_S03\MD18-3537_S03_XRF\XRF data\L000365.spe,912.5,59,682,928,5968,15894,4523,188,1659,1086,96427,195,264,525,197,161,16,749,1146,287,506,126,239,216,111,144,290,2264,0,148,212,0,52,96,117,23318,11239
3909,C:\Data\20260323_MD18-3537\20260324_MD18-3537_S03\MD18-3537_S03_XRF\XRF data\L000367.spe,917.5,77,718,909,5501,14829,4343,179,1593,1207,97071,184,214,506,71,102,40,994,1075,253,558,104,191,207,143,143,279,1864,0,93,36,0,193,120,140,22867,12284
3911.5,C:\Data\20260323_MD18-3537\20260324_MD18-3537_S03\MD18-3537_S03_XRF\XRF data\L000368.spe,920,82,670,895,5981,12127,4394,243,1621,1125,94311,134,287,489,0,268,0,519,1036,245,552,46,102,193,103,174,272,1677,0,177,254,0,170,34,226,23054,11058
3914,C:\Data\20260323_MD18-3537\20260324_MD18-3537_S03\MD18-3537_S03_XRF\XRF data\L000369.spe,922.5,83,717,937,5743,13283,4519,158,1578,1108,93613,242,271,479,185,358,0,149,1125,296,462,84,187,162,112,173,277,2259,0,87,89,64,125,120,370,22743,9763
3916.5,C:\Data\20260323_MD18-3537\20260324_MD18-3537_S03\MD18-3537_S03_XRF\XRF data\L000370.spe,925,99,704,962,5852,14080,4508,163,1595,1272,97514,174,229,492,138,164,35,691,1170,207,721,82,163,185,109,138,257,2015,0,142,210,0,196,178,137,22831,13755
3919,C:\Data\20260323_MD18-3537\20260324_MD18-3537_S03\MD18-3537_S03_XRF\XRF data\L000371.spe,927.5,77,762,931,6105,14202,4645,247,1659,1240,99462,174,235,563,178,247,136,264,1158,324,668,112,143,151,79,204,344,2075,0,149,105,13,212,127,168,23465,10430
3924,C:\Data\20260323_MD18-3537\20260324_MD18-3537_S03\MD18-3537_S03_XRF\XRF data\L000373.spe,932.5,75,802,900,5876,14909,4662,175,1669,1368,97401,146,262,572,215,213,0,38,1060,314,550,97,212,209,85,190,390,2233,0,162,117,0,111,71,327,23935,11434
3926.5,C:\Data\20260323_MD18-3537\20260324_MD18-3537_S03\MD18-3537_S03_XRF\XRF data\L000374.spe,935,59,780,864,5928,16056,4772,180,1679,1044,94255,148,315,481,0,153,151,432,1328,333,651,95,191,99,109,242,369,1712,0,109,72,0,282,93,70,23799,11187
3929,C:\Data\20260323_MD18-3537\20260324_MD18-3537_S03\MD18-3537_S03_XRF\XRF data\L000375.spe,937.5,97,762,1039,5332,16961,4326,95,1676,1243,83369,118,230,429,142,197,4,128,1352,256,689,76,202,184,155,170,258,1932,0,86,72,10,122,30,191,24513,11406
3931.5,C:\Data\20260323_MD18-3537\20260324_MD18-3537_S03\MD18-3537_S03_XRF\XRF data\L000376.spe,940,84,683,1074,4509,16866,4154,145,1569,1126,73811,220,315,408,139,264,170,498,1145,219,622,53,201,78,53,189,235,1500,0,24,0,0,139,146,0,24026,11585
3934,C:\Data\20260323_MD18-3537\20260324_MD18-3537_S03\MD18-3537_S03_XRF\XRF data\L000377.spe,942.5,69,652,1113,4532,17294,4008,194,1589,1028,72371,234,226,370,148,96,128,571,1248,229,857,58,224,86,59,193,213,1647,0,0,0,9,137,215,114,24793,11022
3936.5,C:\Data\20260323_MD18-3537\20260324_MD18-3537_S03\MD18-3537_S03_XRF\XRF data\L000378.spe,945,83,666,1077,4670,15447,3862,73,1523,1042,72908,197,286,389,241,129,108,0,1294,349,590,74,228,138,83,173,129,1653,0,51,0,62,100,186,109,24504,13275
3939,C:\Data\20260323_MD18-3537\20260324_MD18-3537_S03\MD18-3537_S03_XRF\XRF data\L000379.spe,947.5,76,684,828,5807,12010,4208,129,1587,914,82206,130,342,405,237,143,67,284,1103,203,646,150,111,174,69,173,194,1986,0,86,0,0,103,257,204,22670,10209
3941.5,C:\Data\20260323_MD18-3537\20260324_MD18-3537_S03\MD18-3537_S03_XRF\XRF data\L000380.spe,950,75,680,849,6134,13663,4454,137,1527,927,90756,167,232,451,135,307,0,769,932,278,623,113,187,133,120,215,285,1949,0,75,39,0,168,183,275,23686,12489
3944,C:\Data\20260323_MD18-3537\20260324_MD18-3537_S03\MD18-3537_S03_XRF\XRF data\L000381.spe,952.5,60,705,796,6304,14608,4235,178,1600,1069,90842,190,198,523,181,51,9,8,972,334,579,58,192,242,100,130,174,2119,0,94,54,0,196,198,140,22961,10179
3946.5,C:\Data\20260323_MD18-3537\20260324_MD18-3537_S03\MD18-3537_S03_XRF\XRF data\L000382.spe,955,55,633,881,5965,15285,4155,142,1474,1098,91477,133,270,432,111,217,0,847,1105,322,494,91,193,224,110,152,236,1998,0,105,0,0,193,154,189,22733,9304
3949,C:\Data\20260323_MD18-3537\20260324_MD18-3537_S03\MD18-3537_S03_XRF\XRF data\L000383.spe,957.5,79,746,861,5954,15250,4318,195,1552,1095,91342,76,174,419,38,82,64,285,1109,293,420,113,191,198,107,193,197,1906,0,147,266,0,145,59,0,23307,11802
3954,C:\Data\20260323_MD18-3537\20260324_MD18-3537_S03\MD18-3537_S03_XRF\XRF data\L000385.spe,962.5,91,704,845,6029,15419,4454,102,1556,1158,89759,192,362,486,126,308,0,0,1066,323,573,108,209,147,120,227,255,1972,0,173,81,20,189,217,347,23238,10422
3956.5,C:\Data\20260323_MD18-3537\20260324_MD18-3537_S03\MD18-3537_S03_XRF\XRF data\L000386.spe,965,91,715,976,5374,15106,4136,120,1654,1091,85568,106,227,421,83,123,139,300,1129,360,605,90,164,253,96,153,254,2406,0,152,89,0,295,167,42,22935,10499
3959,C:\Data\20260323_MD18-3537\20260324_MD18-3537_S03\MD18-3537_S03_XRF\XRF data\L000387.spe,967.5,99,662,1044,5199,14623,4167,194,1586,968,81906,127,203,454,172,60,0,192,1191,300,602,134,176,176,84,177,281,1933,0,87,119,0,123,51,256,23157,10405
3961.5,C:\Data\20260323_MD18-3537\20260324_MD18-3537_S03\MD18-3537_S03_XRF\XRF data\L000388.spe,970,65,776,802,6133,11704,4454,118,1558,1187,85995,209,259,498,254,324,19,413,1190,292,682,99,142,188,97,183,299,1796,0,78,144,6,178,132,280,22728,8008
3964,C:\Data\20260323_MD18-3537\20260324_MD18-3537_S03\MD18-3537_S03_XRF\XRF data\L000389.spe,972.5,83,812,763,6602,11235,4444,252,1643,1409,92595,205,302,487,265,147,67,281,1077,368,561,90,156,124,120,175,398,1915,0,129,56,17,115,209,236,24114,11166
3966.5,C:\Data\20260323_MD18-3537\20260324_MD18-3537_S03\MD18-3537_S03_XRF\XRF data\L000390.spe,975,119,796,755,7128,11176,4477,107,1509,910,89029,130,269,490,76,287,0,624,1043,254,515,120,135,213,128,146,230,2308,0,105,155,0,200,310,329,23449,10436
3969,C:\Data\20260323_MD18-3537\20260324_MD18-3537_S03\MD18-3537_S03_XRF\XRF data\L000391.spe,977.5,116,817,708,6919,12299,4413,193,1496,863,87874,71,205,440,79,78,73,0,1059,338,471,136,174,135,95,208,269,1986,0,161,211,0,260,217,108,22778,10920
3971.5,C:\Data\20260323_MD18-3537\20260324_MD18-3537_S03\MD18-3537_S03_XRF\XRF data\L000392.spe,980,65,825,767,7100,13193,4254,211,1694,846,88329,101,196,417,240,128,183,207,1061,256,597,111,143,292,78,88,257,1846,0,141,251,0,128,247,0,22511,10116
3974,C:\Data\20260323_MD18-3537\20260324_MD18-3537_S03\MD18-3537_S03_XRF\XRF data\L000393.spe,982.5,88,893,745,6733,14036,4384,151,1613,925,87118,104,229,430,181,260,64,857,1215,233,553,133,160,197,98,161,132,1823,0,157,14,34,129,78,159,23161,11435
3976.5,C:\Data\20260323_MD18-3537\20260324_MD18-3537_S03\MD18-3537_S03_XRF\XRF data\L000394.spe,985,134,827,830,6649,14902,4311,249,1525,901,86997,26,259,434,118,0,173,495,1152,249,601,219,180,240,78,180,199,2182,0,118,112,0,176,0,70,22653,9305
3986.5,C:\Data\20260323_MD18-3537\20260324_MD18-3537_S03\MD18-3537_S03_XRF\XRF data\L000398.spe,995,113,694,1071,6519,13664,4220,206,1560,797,94518,109,223,476,158,30,212,646,968,215,410,80,124,212,95,142,203,2009,0,82,207,0,131,211,0,23452,11160
3989,C:\Data\20260323_MD18-3537\20260324_MD18-3537_S03\MD18-3537_S03_XRF\XRF data\L000399.spe,997.5,75,757,951,6627,14759,4511,219,1515,918,91218,176,170,422,401,231,167,669,1088,215,458,114,204,198,114,137,89,2250,0,23,87,0,19,74,0,23015,12908
3996.5,C:\Data\20260323_MD18-3537\20260324_MD18-3537_S03\MD18-3537_S03_XRF\XRF data\L000402.spe,1005,64,747,835,6815,13586,4513,143,1613,951,97678,77,253,500,190,235,27,285,1065,378,673,105,151,209,111,171,144,2232,0,160,116,0,64,124,186,23513,11653
4004,C:\Data\20260323_MD18-3537\20260324_MD18-3537_S03\MD18-3537_S03_XRF\XRF data\L000405.spe,1012.5,105,674,1091,5999,12020,4308,239,1644,898,98068,80,213,503,73,268,0,47,982,294,570,140,162,184,68,200,171,2263,0,123,255,0,165,140,326,23970,11566
4006.5,C:\Data\20260323_MD18-3537\20260324_MD18-3537_S03\MD18-3537_S03_XRF\XRF data\L000406.spe,1015,69,674,1190,5445,12230,4210,170,1665,894,93502,189,175,466,72,150,120,248,1122,324,511,99,132,167,136,197,230,1563,0,156,206,14,154,197,31,25389,11979
4009,C:\Data\20260323_MD18-3537\20260324_MD18-3537_S03\MD18-3537_S03_XRF\XRF data\L000407.spe,1017.5,105,655,1074,5408,12716,4379,64,1658,890,89610,138,342,482,108,267,81,737,1076,215,530,122,169,115,113,220,261,2095,0,133,58,0,191,94,0,24824,11082
4011.5,C:\Data\20260323_MD18-3537\20260324_MD18-3537_S03\MD18-3537_S03_XRF\XRF data\L000408.spe,1020,92,636,997,5222,13874,4275,157,1718,1171,87478,136,329,461,32,104,0,334,1158,286,585,151,140,249,68,146,345,2236,0,141,277,0,193,132,188,23866,10168
4014,C:\Data\20260323_MD18-3537\20260324_MD18-3537_S03\MD18-3537_S03_XRF\XRF data\L000409.spe,1022.5,106,560,1108,4522,13386,3639,139,1775,1053,80469,169,243,379,225,65,180,394,1275,197,533,69,180,135,64,139,238,1917,0,99,54,0,48,21,0,24159,13895
4016.5,C:\Data\20260323_MD18-3537\20260324_MD18-3537_S03\MD18-3537_S03_XRF\XRF data\L000410.spe,1025,103,701,785,6123,14488,4108,182,1463,1006,87529,188,176,474,168,0,80,243,1184,333,426,157,240,236,97,134,335,2161,0,69,12,0,100,29,79,23805,11566
4019,C:\Data\20260323_MD18-3537\20260324_MD18-3537_S03\MD18-3537_S03_XRF\XRF data\L000411.spe,1027.5,79,539,1183,5138,11871,3683,133,1559,965,86223,101,249,440,158,41,134,618,1045,254,365,108,133,148,78,186,264,2147,0,98,165,0,188,201,0,23372,10830
4021.5,C:\Data\20260323_MD18-3537\20260324_MD18-3537_S03\MD18-3537_S03_XRF\XRF data\L000412.spe,1030,98,667,1030,6202,13395,4072,158,1649,991,94337,161,281,459,84,190,75,36,989,310,573,104,152,102,101,231,349,2245,0,147,231,0,165,197,152,23307,12499
4024,C:\Data\20260323_MD18-3537\20260324_MD18-3537_S03\MD18-3537_S03_XRF\XRF data\L000413.spe,1032.5,96,777,871,6270,17269,4165,228,1553,965,93732,175,189,452,57,79,160,296,983,236,408,132,164,186,87,157,186,2094,0,112,170,0,270,117,12,23077,9525
4031.5,C:\Data\20260323_MD18-3537\20260324_MD18-3537_S03\MD18-3537_S03_XRF\XRF data\L000416.spe,1040,138,719,830,6269,16837,4000,215,1578,925,90012,207,254,500,169,130,15,227,1048,353,416,118,218,254,82,158,259,1883,0,94,149,0,135,189,268,23069,11650
4034,C:\Data\20260323_MD18-3537\20260324_MD18-3537_S03\MD18-3537_S03_XRF\XRF data\L000417.spe,1042.5,86,706,899,6065,20531,4119,238,1665,998,88767,147,305,454,141,62,0,399,1160,267,460,130,300,186,78,155,291,2008,0,121,17,8,103,196,409,23304,13570
4036.5,C:\Data\20260323_MD18-3537\20260324_MD18-3537_S03\MD18-3537_S03_XRF\XRF data\L000418.spe,1045,88,771,860,5870,23405,4258,183,1587,1117,83707,189,188,406,190,39,58,547,1311,272,596,106,378,160,77,185,185,2003,0,37,0,11,150,202,120,23162,10701
4039,C:\Data\20260323_MD18-3537\20260324_MD18-3537_S03\MD18-3537_S03_XRF\XRF data\L000419.spe,1047.5,106,728,789,5190,24758,4135,122,1488,969,77817,214,265,428,153,239,42,750,1312,113,495,98,377,195,93,163,281,1755,0,34,75,0,104,96,299,23400,11506
4041.5,C:\Data\20260323_MD18-3537\20260324_MD18-3537_S03\MD18-3537_S03_XRF\XRF data\L000420.spe,1050,93,696,785,6112,16093,4295,149,1404,1096,93496,72,261,401,179,128,125,214,1026,313,530,173,223,203,107,180,190,2149,0,150,131,0,99,96,131,22842,10853
4044,C:\Data\20260323_MD18-3537\20260324_MD18-3537_S03\MD18-3537_S03_XRF\XRF data\L000421.spe,1052.5,103,789,869,6386,15556,4408,163,1543,1322,95830,129,311,488,191,34,145,625,949,222,482,104,190,259,116,155,252,2188,0,120,127,10,83,92,53,23709,11709
4046.5,C:\Data\20260323_MD18-3537\20260324_MD18-3537_S03\MD18-3537_S03_XRF\XRF data\L000422.spe,1055,97,729,812,6645,12559,4336,202,1534,1031,98958,67,197,526,166,289,100,169,945,287,518,104,152,217,87,158,356,2493,0,189,111,0,101,101,233,22956,12114
4051.5,C:\Data\20260323_MD18-3537\20260324_MD18-3537_S03\MD18-3537_S03_XRF\XRF data\L000424.spe,1060,99,726,841,6374,15913,4299,157,1579,964,98063,133,239,476,171,66,59,514,968,317,475,143,234,207,105,141,251,1856,0,164,173,36,70,211,223,23379,12782
4054,C:\Data\20260323_MD18-3537\20260324_MD18-3537_S03\MD18-3537_S03_XRF\XRF data\L000425.spe,1062.5,88,709,830,6515,15411,4321,243,1622,1010,100604,150,197,468,253,126,91,846,929,96,399,97,159,242,99,138,251,2210,0,145,248,73,57,143,139,22391,9633
4059,C:\Data\20260323_MD18-3537\20260324_MD18-3537_S03\MD18-3537_S03_XRF\XRF data\L000427.spe,1067.5,114,657,863,5850,18651,4398,211,1666,768,99245,103,296,369,87,238,0,758,1121,246,505,176,173,208,49,137,391,2073,0,184,290,0,167,0,322,22403,10989
4061.5,C:\Data\20260323_MD18-3537\20260324_MD18-3537_S03\MD18-3537_S03_XRF\XRF data\L000428.spe,1070,102,689,906,5834,18517,4137,260,1602,845,97417,100,308,506,237,271,0,409,1141,226,482,129,288,227,101,107,319,2341,0,171,86,0,206,178,238,22110,8769
4064,C:\Data\20260323_MD18-3537\20260324_MD18-3537_S03\MD18-3537_S03_XRF\XRF data\L000429.spe,1072.5,78,653,876,5999,13310,4215,239,1652,972,105991,156,182,462,92,68,204,78,818,288,375,91,214,226,87,135,205,2502,0,165,403,0,174,91,0,22968,9246
4069,C:\Data\20260323_MD18-3537\20260324_MD18-3537_S03\MD18-3537_S03_XRF\XRF data\L000431.spe,1077.5,73,666,957,6159,14017,4300,187,1739,881,111453,155,242,502,230,191,0,667,809,264,465,97,137,263,139,124,302,2205,0,269,266,0,102,106,306,23309,10679
4071.5,C:\Data\20260323_MD18-3537\20260324_MD18-3537_S03\MD18-3537_S03_XRF\XRF data\L000432.spe,1080,114,670,947,5831,17911,4368,122,1699,890,103637,191,280,454,71,55,68,671,1015,326,499,122,228,145,101,221,355,2422,0,149,104,43,253,169,125,23095,12038
4074,C:\Data\20260323_MD18-3537\20260324_MD18-3537_S03\MD18-3537_S03_XRF\XRF data\L000433.spe,1082.5,98,665,1064,5623,20177,4400,210,1674,951,99627,165,271,486,124,193,0,358,912,230,434,149,272,165,88,213,229,2208,0,121,185,0,115,0,227,23128,10737
4076.5,C:\Data\20260323_MD18-3537\20260324_MD18-3537_S03\MD18-3537_S03_XRF\XRF data\L000434.spe,1085,95,620,1059,5449,21230,4171,214,1569,957,96225,123,284,363,133,174,0,534,1086,214,508,152,347,246,119,155,275,2259,0,147,134,0,168,205,213,22840,8140
4079,C:\Data\20260323_MD18-3537\20260324_MD18-3537_S03\MD18-3537_S03_XRF\XRF data\L000435.spe,1087.5,85,542,1082,5296,22255,4317,201,1687,941,93483,165,244,484,151,76,57,90,1087,310,388,88,292,183,102,207,369,2266,0,141,130,0,113,215,101,23684,10241
4081.5,C:\Data\20260323_MD18-3537\20260324_MD18-3537_S03\MD18-3537_S03_XRF\XRF data\L000436.spe,1090,75,590,1142,5339,21954,4173,175,1629,1048,94384,182,242,480,284,141,97,0,1198,246,382,126,336,193,101,179,285,2344,0,112,90,16,125,143,197,22300,11904
4084,C:\Data\20260323_MD18-3537\20260324_MD18-3537_S03\MD18-3537_S03_XRF\XRF data\L000437.spe,1092.5,91,592,1061,5626,15901,4268,119,1531,1061,99778,140,246,480,242,124,64,249,1158,325,387,151,174,258,131,172,181,2299,0,116,70,9,78,168,41,24803,13006
4086.5,C:\Data\20260323_MD18-3537\20260324_MD18-3537_S03\MD18-3537_S03_XRF\XRF data\L000438.spe,1095,79,682,947,6071,12353,4366,242,1540,984,102985,123,306,507,148,131,180,294,953,366,424,116,153,175,121,153,281,2065,0,157,214,0,167,209,182,23688,9956
4091.5,C:\Data\20260323_MD18-3537\20260324_MD18-3537_S03\MD18-3537_S03_XRF\XRF data\L000440.spe,1100,120,720,1054,5991,15454,4735,140,1586,1121,104579,118,264,507,262,183,179,193,1143,294,506,123,289,220,113,201,267,2344,0,191,160,18,86,143,71,23714,11286
4096.5,C:\Data\20260323_MD18-3537\20260324_MD18-3537_S03\MD18-3537_S03_XRF\XRF data\L000442.spe,1105,96,658,1071,5069,16547,4277,177,1696,925,88208,253,326,561,219,188,28,0,1124,298,690,71,199,215,122,153,354,1828,0,47,0,99,135,287,156,23224,12443
4099,C:\Data\20260323_MD18-3537\20260324_MD18-3537_S03\MD18-3537_S03_XRF\XRF data\L000443.spe,1107.5,51,643,1100,4590,15735,3849,181,1546,1015,81548,136,239,440,120,167,5,73,1242,313,740,128,129,244,89,148,153,2341,0,62,81,0,150,164,171,24254,9719
4101.5,C:\Data\20260323_MD18-3537\20260324_MD18-3537_S03\MD18-3537_S03_XRF\XRF data\L000444.spe,1110,71,658,1137,4877,15072,4001,171,1635,881,80395,136,90,401,141,173,157,404,1151,260,764,0,226,174,89,186,249,2167,0,96,156,0,139,107,20,24287,9017
4104,C:\Data\20260323_MD18-3537\20260324_MD18-3537_S03\MD18-3537_S03_XRF\XRF data\L000445.spe,1112.5,95,706,1068,5656,16138,4100,213,1518,873,89047,170,319,452,27,0,37,178,1162,381,716,90,195,134,144,181,283,1725,0,67,0,0,223,96,132,23179,9379
4106.5,C:\Data\20260323_MD18-3537\20260324_MD18-3537_S03\MD18-3537_S03_XRF\XRF data\L000446.spe,1115,122,754,764,6008,20222,4214,244,1515,1110,94522,132,222,493,235,103,111,279,1117,274,465,117,254,265,101,134,290,1977,0,111,175,24,138,247,74,22682,11038
4109,C:\Data\20260323_MD18-3537\20260324_MD18-3537_S03\MD18-3537_S03_XRF\XRF data\L000447.spe,1117.5,89,764,855,5803,20312,4420,163,1548,906,93714,165,236,490,118,228,29,686,1121,345,516,139,249,209,122,142,298,2153,0,174,19,19,160,270,179,23509,12697
4111.5,C:\Data\20260323_MD18-3537\20260324_MD18-3537_S03\MD18-3537_S03_XRF\XRF data\L000448.spe,1120,119,717,800,6457,12983,4279,157,1620,836,100012,147,277,486,81,9,120,743,1034,142,502,74,178,266,87,163,333,2394,0,145,175,0,230,145,0,24243,11072
4116.5,C:\Data\20260323_MD18-3537\20260324_MD18-3537_S03\MD18-3537_S03_XRF\XRF data\L000450.spe,1125,82,720,875,6069,14207,4323,151,1616,994,98120,173,258,490,273,105,129,383,1013,258,485,140,168,223,98,124,270,2093,0,72,149,8,112,137,108,23151,11715
4119,C:\Data\20260323_MD18-3537\20260324_MD18-3537_S03\MD18-3537_S03_XRF\XRF data\L000451.spe,1127.5,134,766,873,6084,14591,4202,126,1619,1031,93936,130,249,494,26,0,121,792,1010,306,635,100,213,279,90,129,272,2354,0,144,47,0,188,159,0,23276,12740
4121.5,C:\Data\20260323_MD18-3537\20260324_MD18-3537_S03\MD18-3537_S03_XRF\XRF data\L000452.spe,1130,83,723,912,5965,15541,4268,166,1660,1042,92303,100,328,548,149,142,119,391,1046,145,556,41,179,161,128,202,286,2201,0,147,0,0,147,125,74,23518,11875
4124,C:\Data\20260323_MD18-3537\20260324_MD18-3537_S03\MD18-3537_S03_XRF\XRF data\L000453.spe,1132.5,100,744,1072,5451,15966,4318,152,1702,1035,91384,194,232,494,150,156,0,567,1140,187,614,144,237,253,95,162,294,2136,0,104,106,38,133,15,172,22980,11850
4126.5,C:\Data\20260323_MD18-3537\20260324_MD18-3537_S03\MD18-3537_S03_XRF\XRF data\L000454.spe,1135,86,662,1125,5175,16444,4199,166,1612,1092,88922,178,329,442,11,120,125,997,1206,157,628,77,229,146,87,222,265,1965,0,100,0,0,240,262,0,23150,10709
4129,C:\Data\20260323_MD18-3537\20260324_MD18-3537_S03\MD18-3537_S03_XRF\XRF data\L000455.spe,1137.5,58,675,1034,5068,16984,4351,122,1671,1123,87217,222,296,488,221,117,34,557,1169,272,564,119,174,124,121,186,172,1777,0,83,0,22,185,169,112,23850,11035
4131.5,C:\Data\20260323_MD18-3537\20260324_MD18-3537_S03\MD18-3537_S03_XRF\XRF data\L000456.spe,1140,86,697,1004,5331,16379,4255,121,1535,1059,90325,181,270,530,92,96,11,0,1069,296,657,89,213,222,113,160,202,2141,0,115,94,46,152,117,234,22864,8664
4134,C:\Data\20260323_MD18-3537\20260324_MD18-3537_S03\MD18-3537_S03_XRF\XRF data\L000457.spe,1142.5,67,672,909,5467,15889,4319,118,1628,1021,94144,122,272,469,107,204,5,530,1017,201,527,121,235,258,116,119,299,2301,0,157,208,0,126,149,202,23007,11395
4139,C:\Data\20260323_MD18-3537\20260324_MD18-3537_S03\MD18-3537_S03_XRF\XRF data\L000459.spe,1147.5,61,701,1045,5436,18843,4291,148,1634,1291,94349,65,216,475,119,0,141,78,987,295,414,134,220,205,85,195,125,2192,0,157,194,0,113,237,0,22072,10235
4141.5,C:\Data\20260323_MD18-3537\20260324_MD18-3537_S03\MD18-3537_S03_XRF\XRF data\L000460.spe,1150,76,664,1025,5755,20025,4434,131,1586,1241,94337,101,254,494,0,113,0,0,1186,294,485,110,233,192,127,192,190,2296,0,177,160,0,294,113,272,22473,12074
4151.5,C:\Data\20260323_MD18-3537\20260324_MD18-3537_S03\MD18-3537_S03_XRF\XRF data\L000464.spe,1160,66,654,1167,5163,22316,4345,242,1548,1077,87881,175,288,438,94,112,89,91,1209,267,552,107,343,209,88,136,327,2208,0,89,119,0,230,178,123,22801,12830
4156.5,C:\Data\20260323_MD18-3537\20260324_MD18-3537_S03\MD18-3537_S03_XRF\XRF data\L000466.spe,1165,74,693,1010,5644,16361,4110,172,1633,1783,91991,126,187,462,235,347,114,641,1033,201,494,117,241,221,106,198,399,2392,0,192,345,0,119,293,215,23017,8723
4159,C:\Data\20260323_MD18-3537\20260324_MD18-3537_S03\MD18-3537_S03_XRF\XRF data\L000467.spe,1167.5,84,755,889,5695,19491,4141,205,1599,1762,94856,208,258,495,306,164,124,516,1124,316,406,68,316,218,100,154,235,2080,0,166,66,0,90,132,63,24380,12084
4174,C:\Data\20260323_MD18-3537\20260324_MD18-3537_S03\MD18-3537_S03_XRF\XRF data\L000473.spe,1182.5,118,692,957,6145,19713,4263,244,1571,1341,100242,250,347,473,123,153,45,395,1031,319,404,76,264,195,98,149,346,1975,0,112,75,47,193,24,247,23928,11495
4181.5,C:\Data\20260323_MD18-3537\20260324_MD18-3537_S03\MD18-3537_S03_XRF\XRF data\L000476.spe,1190,51,717,929,6180,17460,4021,192,1577,983,100567,171,265,581,170,230,54,500,906,262,456,144,225,320,111,119,244,2253,0,149,0,10,260,213,251,23508,12273
4184,C:\Data\20260323_MD18-3537\20260324_MD18-3537_S03\MD18-3537_S03_XRF\XRF data\L000477.spe,1192.5,77,703,846,6261,20124,4283,128,1681,1007,97091,171,293,542,99,151,127,505,954,285,455,108,218,209,124,164,152,2244,0,145,91,0,192,135,60,23849,10743
4189,C:\Data\20260323_MD18-3537\20260324_MD18-3537_S03\MD18-3537_S03_XRF\XRF data\L000479.spe,1197.5,82,693,964,6004,19366,4219,154,1553,966,96063,51,237,508,186,203,121,100,1031,340,504,132,260,232,121,192,355,2529,0,157,69,0,134,113,231,23164,10871
4191.5,C:\Data\20260323_MD18-3537\20260324_MD18-3537_S03\MD18-3537_S03_XRF\XRF data\L000480.spe,1200,107,695,952,5632,20228,4346,146,1559,989,95526,44,196,525,219,166,55,0,993,373,520,76,257,195,131,203,293,2129,0,182,244,28,158,132,167,23391,8701
4194,C:\Data\20260323_MD18-3537\20260324_MD18-3537_S03\MD18-3537_S03_XRF\XRF data\L000481.spe,1202.5,107,693,887,5706,20788,4476,186,1573,1158,92820,78,197,474,178,50,140,446,1040,330,445,118,253,188,99,180,288,2053,0,176,81,0,47,79,0,23740,10138
4196.5,C:\Data\20260323_MD18-3537\20260324_MD18-3537_S03\MD18-3537_S03_XRF\XRF data\L000482.spe,1205,76,692,1005,5583,21218,4283,196,1525,1117,89518,218,238,475,121,380,0,0,994,398,500,60,329,207,108,183,266,1618,0,128,103,29,199,71,457,23995,11529
4199,C:\Data\20260323_MD18-3537\20260324_MD18-3537_S03\MD18-3537_S03_XRF\XRF data\L000483.spe,1207.5,68,635,987,5111,22831,4407,203,1596,1130,82307,183,291,412,176,48,0,0,1215,277,500,72,336,111,86,197,184,1679,0,70,66,0,126,79,181,24048,10820
4201.5,C:\Data\20260323_MD18-3537\20260324_MD18-3537_S03\MD18-3537_S03_XRF\XRF data\L000484.spe,1210,73,612,963,5695,19559,4143,193,1514,1609,88433,122,259,430,206,394,27,0,1032,331,446,128,299,232,95,182,265,2090,0,109,129,9,128,153,256,22964,10101
4204,C:\Data\20260323_MD18-3537\20260324_MD18-3537_S03\MD18-3537_S03_XRF\XRF data\L000485.spe,1212.5,101,648,865,5928,21277,4307,239,1526,1402,92493,145,137,531,129,169,0,521,1055,243,328,170,313,133,100,180,376,1950,0,134,114,49,140,79,217,23541,11319
4206.5,C:\Data\20260323_MD18-3537\20260324_MD18-3537_S03\MD18-3537_S03_XRF\XRF data\L000486.spe,1215,102,663,980,5548,23100,3987,169,1586,1295,87311,80,199,453,43,253,0,232,1160,266,389,196,256,304,95,96,302,2079,0,154,185,0,177,193,370,22963,12353
4209,C:\Data\20260323_MD18-3537\20260324_MD18-3537_S03\MD18-3537_S03_XRF\XRF data\L000487.spe,1217.5,86,656,884,5934,18564,4232,156,1553,1201,92304,129,212,496,55,221,48,357,1065,380,463,161,266,224,74,172,414,2046,0,132,198,0,284,57,287,23153,9340
4211.5,C:\Data\20260323_MD18-3537\20260324_MD18-3537_S03\MD18-3537_S03_XRF\XRF data\L000488.spe,1220,91,731,850,6688,13312,4435,204,1606,1273,100015,117,214,454,70,294,19,599,1037,198,385,196,88,188,114,181,242,2133,0,173,272,0,134,128,223,22486,9712
4214,C:\Data\20260323_MD18-3537\20260324_MD18-3537_S03\MD18-3537_S03_XRF\XRF data\L000489.spe,1222.5,117,760,880,6929,9045,4519,169,1588,992,106204,189,281,522,116,0,166,0,853,377,503,76,135,240,107,110,208,1646,0,125,90,0,193,200,180,23363,11110
4216.5,C:\Data\20260323_MD18-3537\20260324_MD18-3537_S03\MD18-3537_S03_XRF\XRF data\L000490.spe,1225,84,723,854,6558,11873,4193,148,1732,1117,103210,129,299,429,103,282,6,509,926,370,421,136,188,310,124,153,177,2050,0,196,159,0,214,153,286,23927,12613
4219,C:\Data\20260323_MD18-3537\20260324_MD18-3537_S03\MD18-3537_S03_XRF\XRF data\L000491.spe,1227.5,143,755,822,7039,9264,4485,184,1565,943,105807,129,236,483,110,138,104,374,909,277,396,81,121,301,103,149,254,2319,0,149,258,0,161,168,161,23937,12491
4221.5,C:\Data\20260323_MD18-3537\20260324_MD18-3537_S03\MD18-3537_S03_XRF\XRF data\L000492.spe,1230,125,737,884,7106,11489,4308,94,1592,906,103698,32,253,432,78,32,225,1055,829,203,467,133,122,316,108,146,121,2301,0,199,64,0,140,254,0,23809,9370
4224,C:\Data\20260323_MD18-3537\20260324_MD18-3537_S03\MD18-3537_S03_XRF\XRF data\L000493.spe,1232.5,110,700,878,6670,15091,4647,225,1634,910,99287,165,205,540,26,148,18,522,968,293,405,117,205,155,79,178,237,1781,0,146,29,34,250,125,232,23732,10161
4226.5,C:\Data\20260323_MD18-3537\20260324_MD18-3537_S03\MD18-3537_S03_XRF\XRF data\L000494.spe,1235,75,802,898,5996,16468,4169,150,1700,834,92074,136,270,501,105,130,157,1221,1043,259,457,87,190,259,79,109,211,1630,0,119,67,16,164,87,31,23043,11982
4229,C:\Data\20260323_MD18-3537\20260324_MD18-3537_S03\MD18-3537_S03_XRF\XRF data\L000495.spe,1237.5,118,741,895,6576,11728,4503,197,1675,877,101372,140,205,465,46,228,0,1107,1028,132,526,110,144,214,103,158,186,1968,0,148,69,16,124,90,323,23748,12365
4231.5,C:\Data\20260323_MD18-3537\20260324_MD18-3537_S03\MD18-3537_S03_XRF\XRF data\L000496.spe,1240,98,748,889,6621,12328,4609,243,1507,861,108123,156,206,504,88,196,114,638,882,187,539,116,139,150,110,218,246,2060,0,127,245,0,202,48,0,23815,11862
4234,C:\Data\20260323_MD18-3537\20260324_MD18-3537_S03\MD18-3537_S03_XRF\XRF data\L000497.spe,1242.5,79,844,832,6479,14260,4621,147,1680,886,108072,169,234,564,215,142,156,204,909,415,647,118,132,203,123,202,249,1967,0,125,279,0,125,168,127,24158,12173
4239,C:\Data\20260323_MD18-3537\20260324_MD18-3537_S03\MD18-3537_S03_XRF\XRF data\L000499.spe,1247.5,67,858,829,6320,12893,4810,165,1571,1048,108083,147,299,468,181,0,235,462,1072,194,468,121,156,200,98,180,204,1944,0,172,136,0,136,106,0,24946,10159
4241.5,C:\Data\20260323_MD18-3537\20260324_MD18-3537_S03\MD18-3537_S03_XRF\XRF data\L000500.spe,1250,89,780,842,6071,14368,4766,200,1546,1213,103971,264,335,592,222,178,38,792,1045,245,534,132,117,213,122,81,153,1502,0,71,35,37,119,114,271,25781,11149
4244,C:\Data\20260323_MD18-3537\20260324_MD18-3537_S03\MD18-3537_S03_XRF\XRF data\L000501.spe,1252.5,100,788,902,5949,15463,4781,255,1608,1006,98601,149,323,527,171,162,0,296,1129,284,612,73,213,152,69,188,328,1746,0,76,123,0,136,220,196,23912,11207
4246.5,C:\Data\20260323_MD18-3537\20260324_MD18-3537_S03\MD18-3537_S03_XRF\XRF data\L000502.spe,1255,104,779,931,5685,15887,4457,168,1764,1143,93177,89,279,466,0,205,90,375,1223,289,667,134,207,283,81,140,283,2042,0,116,15,0,129,38,62,24860,11865
4249,C:\Data\20260323_MD18-3537\20260324_MD18-3537_S03\MD18-3537_S03_XRF\XRF data\L000503.spe,1257.5,99,750,1028,5168,16647,4367,202,1614,1144,85861,227,270,495,123,260,0,600,1289,232,564,86,206,296,50,110,234,1755,0,37,92,0,208,27,139,24832,14615
4251.5,C:\Data\20260323_MD18-3537\20260324_MD18-3537_S03\MD18-3537_S03_XRF\XRF data\L000504.spe,1260,81,671,1052,4917,17000,4167,176,1602,951,81968,123,259,431,75,185,0,574,1212,223,890,133,186,183,82,110,265,1655,0,66,143,0,119,22,180,23260,13101
4254,C:\Data\20260323_MD18-3537\20260324_MD18-3537_S03\MD18-3537_S03_XRF\XRF data\L000505.spe,1262.5,82,728,771,6201,16409,4228,134,1601,1216,93444,64,251,479,116,98,118,0,1031,384,612,71,219,231,62,156,234,2206,0,175,21,0,172,205,53,22537,11906
4256.5,C:\Data\20260323_MD18-3537\20260324_MD18-3537_S03\MD18-3537_S03_XRF\XRF data\L000506.spe,1265,97,824,878,6311,17682,4567,163,1561,1510,99380,170,327,505,116,227,178,602,995,193,432,147,225,279,123,145,286,2085,0,156,0,7,229,157,95,22931,9664
4259,C:\Data\20260323_MD18-3537\20260324_MD18-3537_S03\MD18-3537_S03_XRF\XRF data\L000507.spe,1267.5,131,785,740,7012,13777,4365,248,1546,1396,102465,137,177,515,132,163,214,128,1013,369,519,154,179,233,105,177,113,2062,0,142,216,0,136,155,130,23623,10502
4261.5,C:\Data\20260323_MD18-3537\20260324_MD18-3537_S03\MD18-3537_S03_XRF\XRF data\L000508.spe,1270,85,779,802,6206,18636,4427,143,1686,1398,97618,97,177,470,137,85,77,663,1016,131,395,143,269,263,89,117,220,2071,0,175,235,0,104,149,93,23277,9999
4264,C:\Data\20260323_MD18-3537\20260324_MD18-3537_S03\MD18-3537_S03_XRF\XRF data\L000509.spe,1272.5,72,780,834,5924,21824,4179,190,1569,1148,91319,116,193,487,102,87,41,467,1139,312,321,75,293,227,127,123,401,2195,0,119,81,0,216,116,138,22763,10374
4266.5,C:\Data\20260323_MD18-3537\20260324_MD18-3537_S03\MD18-3537_S03_XRF\XRF data\L000510.spe,1275,94,778,813,6289,16594,4360,116,1582,1109,96811,167,288,445,53,118,0,1191,1005,143,483,93,178,274,119,134,215,1945,0,111,114,35,161,149,123,22599,12093
4269,C:\Data\20260323_MD18-3537\20260324_MD18-3537_S03\MD18-3537_S03_XRF\XRF data\L000511.spe,1277.5,100,778,804,6391,14083,4437,221,1703,1113,101880,124,243,545,277,19,68,687,1049,248,519,90,189,337,83,68,234,2309,0,183,54,0,122,351,248,23422,10314
4271.5,C:\Data\20260323_MD18-3537\20260324_MD18-3537_S03\MD18-3537_S03_XRF\XRF data\L000512.spe,1280,94,735,886,6210,12079,4685,186,1591,1242,102778,43,213,557,202,177,80,570,969,266,552,184,138,226,111,215,253,2267,0,209,236,0,77,94,71,22809,10435
4274,C:\Data\20260323_MD18-3537\20260324_MD18-3537_S03\MD18-3537_S03_XRF\XRF data\L000513.spe,1282.5,111,721,812,6781,12426,4371,210,1591,1064,103539,82,256,535,84,343,128,617,804,298,410,101,153,312,102,126,133,2472,0,151,170,0,212,179,243,24415,9999
4276.5,C:\Data\20260323_MD18-3537\20260324_MD18-3537_S03\MD18-3537_S03_XRF\XRF data\L000514.spe,1285,72,764,881,6613,17345,4257,138,1681,971,100843,138,259,576,48,22,84,856,912,187,508,150,199,310,108,149,253,2145,0,168,202,0,228,279,183,23893,12075
4279,C:\Data\20260323_MD18-3537\20260324_MD18-3537_S03\MD18-3537_S03_XRF\XRF data\L000515.spe,1287.5,116,742,883,6688,16093,4488,154,1541,943,103257,137,321,507,142,189,50,321,977,255,480,209,210,214,132,177,289,2267,0,175,107,0,190,128,266,22798,10219
4281.5,C:\Data\20260323_MD18-3537\20260324_MD18-3537_S03\MD18-3537_S03_XRF\XRF data\L000516.spe,1290,98,780,827,6543,16828,4525,100,1548,957,102351,158,263,537,170,315,38,752,889,240,418,94,233,130,146,234,242,2074,0,216,192,0,115,260,334,23007,12195
4284,C:\Data\20260323_MD18-3537\20260324_MD18-3537_S03\MD18-3537_S03_XRF\XRF data\L000517.spe,1292.5,125,791,842,6427,17857,4549,196,1613,947,102215,183,225,524,162,200,66,506,1042,365,428,149,154,228,104,133,235,1936,0,165,61,65,198,226,141,24005,11710
4286.5,C:\Data\20260323_MD18-3537\20260324_MD18-3537_S03\MD18-3537_S03_XRF\XRF data\L000518.spe,1295,105,711,832,6332,17658,4448,162,1549,938,99825,110,181,485,200,142,52,718,921,238,442,156,259,179,132,161,230,2087,0,140,176,0,164,282,249,22567,9605
4289,C:\Data\20260323_MD18-3537\20260324_MD18-3537_S03\MD18-3537_S03_XRF\XRF data\L000519.spe,1297.5,74,750,857,6257,18339,4295,210,1489,973,99526,97,339,475,199,239,55,437,924,314,472,109,250,291,88,111,178,2123,0,143,135,0,93,196,245,24149,11348
4294,C:\Data\20260323_MD18-3537\20260324_MD18-3537_S03\MD18-3537_S03_XRF\XRF data\L000521.spe,1302.5,101,733,843,5912,19559,4363,171,1571,1026,97250,143,294,522,153,147,0,634,910,275,585,105,262,199,135,175,173,1904,0,115,35,0,163,67,209,22675,11682
4299,C:\Data\20260323_MD18-3537\20260324_MD18-3537_S03\MD18-3537_S03_XRF\XRF data\L000523.spe,1307.5,63,685,908,5770,18613,4168,162,1629,1117,87973,132,225,471,184,176,30,349,1055,190,463,41,226,142,103,163,242,1690,0,119,208,0,140,97,149,21943,10342
4301.5,C:\Data\20260323_MD18-3537\20260324_MD18-3537_S03\MD18-3537_S03_XRF\XRF data\L000524.spe,1310,110,660,1031,6114,14953,4070,155,1606,1128,96567,33,271,436,179,117,103,10,1002,384,398,149,257,276,113,173,274,2435,0,237,127,0,103,132,108,23110,12069
4304,C:\Data\20260323_MD18-3537\20260324_MD18-3537_S03\MD18-3537_S03_XRF\XRF data\L000525.spe,1312.5,122,644,985,6522,9717,4196,242,1554,1240,99952,136,248,426,212,158,103,89,934,298,434,72,133,241,96,183,189,2095,0,151,276,0,143,186,72,21930,8726
4306.5,C:\Data\20260323_MD18-3537\20260324_MD18-3537_S03\MD18-3537_S03_XRF\XRF data\L000526.spe,1315,81,682,871,6410,9494,4251,125,1572,1028,100486,86,259,474,167,298,96,596,900,279,415,92,95,232,116,177,319,2317,0,153,14,10,200,114,96,23570,10485
4309,C:\Data\20260323_MD18-3537\20260324_MD18-3537_S03\MD18-3537_S03_XRF\XRF data\L000527.spe,1317.5,87,718,839,6126,15422,4116,192,1579,967,94254,222,250,493,184,175,0,1201,941,202,480,90,174,225,109,115,186,1643,0,117,167,8,200,272,289,22685,9354
4311.5,C:\Data\20260323_MD18-3537\20260324_MD18-3537_S03\MD18-3537_S03_XRF\XRF data\L000528.spe,1320,75,698,927,6529,9571,4329,178,1590,904,101579,185,342,483,107,172,87,931,840,185,485,19,140,183,105,179,228,1892,0,103,43,0,232,176,101,23625,10777
4319,C:\Data\20260323_MD18-3537\20260324_MD18-3537_S03\MD18-3537_S03_XRF\XRF data\L000531.spe,1327.5,92,681,931,6377,11507,4597,204,1676,942,104065,42,249,497,164,313,31,595,972,263,551,66,147,148,76,207,288,2471,0,227,245,0,142,251,312,22883,10300
4321.5,C:\Data\20260323_MD18-3537\20260324_MD18-3537_S03\MD18-3537_S03_XRF\XRF data\L000532.spe,1330,69,680,982,6141,12132,4588,134,1577,992,102408,104,244,549,71,158,29,587,1067,281,650,101,173,166,93,202,243,2402,0,197,324,0,227,144,297,23465,9689
4324,C:\Data\20260323_MD18-3537\20260324_MD18-3537_S03\MD18-3537_S03_XRF\XRF data\L000533.spe,1332.5,75,749,962,6110,12879,4674,208,1690,1127,100957,188,214,489,235,188,94,290,1086,354,524,85,181,203,132,135,206,1942,0,139,297,0,115,140,116,24642,10633
4326.5,C:\Data\20260323_MD18-3537\20260324_MD18-3537_S03\MD18-3537_S03_XRF\XRF data\L000534.spe,1335,85,747,1056,5715,14395,4635,148,1627,1136,94880,250,346,510,199,302,0,17,1125,353,667,79,176,200,126,131,233,1672,0,108,0,0,149,0,282,23932,12860
4329,C:\Data\20260323_MD18-3537\20260324_MD18-3537_S03\MD18-3537_S03_XRF\XRF data\L000535.spe,1337.5,110,777,1018,5634,14322,4509,176,1676,1180,91130,218,282,460,264,138,0,748,1122,155,646,72,136,209,90,181,260,2021,0,143,114,0,94,260,254,23606,9940
4331.5,C:\Data\20260323_MD18-3537\20260324_MD18-3537_S03\MD18-3537_S03_XRF\XRF data\L000536.spe,1340,92,753,1052,5434,15315,4454,161,1752,1304,89993,196,212,439,432,34,184,383,1110,307,719,79,182,235,70,137,209,1807,0,143,219,0,100,203,0,23226,9357
4334,C:\Data\20260323_MD18-3537\20260324_MD18-3537_S03\MD18-3537_S03_XRF\XRF data\L000537.spe,1342.5,104,729,975,4976,16607,4213,124,1616,1080,80951,163,206,396,202,11,98,119,1196,265,622,133,208,324,91,101,271,1826,0,99,52,0,143,193,105,23927,10813
4336.5,C:\Data\20260323_MD18-3537\20260324_MD18-3537_S03\MD18-3537_S03_XRF\XRF data\L000538.spe,1345,79,686,1007,5102,14428,4239,166,1572,1137,84832,168,300,434,46,173,0,542,1192,242,525,99,155,141,75,199,201,1763,0,89,111,0,194,169,227,24994,13026
4339,C:\Data\20260323_MD18-3537\20260324_MD18-3537_S03\MD18-3537_S03_XRF\XRF data\L000539.spe,1347.5,79,628,957,5392,14244,4110,171,1546,987,83824,132,344,446,82,110,171,368,1155,248,704,52,202,170,86,161,256,1755,0,81,61,0,167,214,20,23044,11345
4341.5,C:\Data\20260323_MD18-3537\20260324_MD18-3537_S03\MD18-3537_S03_XRF\XRF data\L000540.spe,1350,100,641,943,5476,13068,4252,177,1540,1095,85241,90,261,471,186,245,85,1025,1035,135,590,121,118,299,87,96,316,1977,0,167,78,0,120,112,241,22897,11761
4344,C:\Data\20260323_MD18-3537\20260324_MD18-3537_S03\MD18-3537_S03_XRF\XRF data\L000541.spe,1352.5,67,726,798,6105,10141,4478,158,1669,1130,100045,171,317,529,226,125,47,776,864,326,533,114,160,139,104,218,276,2107,0,166,0,17,167,70,273,23867,10639
4349,C:\Data\20260323_MD18-3537\20260324_MD18-3537_S03\MD18-3537_S03_XRF\XRF data\L000543.spe,1357.5,111,680,826,6067,12844,4608,245,1645,1024,102216,177,247,504,122,260,6,714,877,215,391,127,155,128,96,199,326,2134,0,144,91,31,121,132,254,23408,11369
4351.5,C:\Data\20260323_MD18-3537\20260324_MD18-3537_S03\MD18-3537_S03_XRF\XRF data\L000544.spe,1360,72,674,943,5772,14433,4407,101,1625,989,100143,176,317,568,281,214,34,284,955,268,463,134,114,245,105,187,245,1789,0,115,0,40,103,205,141,22354,11252
4354,C:\Data\20260323_MD18-3537\20260324_MD18-3537_S03\MD18-3537_S03_XRF\XRF data\L000545.spe,1362.5,107,715,890,5576,14550,4498,131,1620,995,95968,202,319,479,106,67,23,389,957,182,551,103,169,241,119,158,221,1981,0,90,180,0,243,202,153,21932,10568
4356.5,C:\Data\20260323_MD18-3537\20260324_MD18-3537_S03\MD18-3537_S03_XRF\XRF data\L000546.spe,1365,132,705,830,6224,8513,4405,196,1654,849,102514,69,266,489,82,211,144,0,864,335,462,88,103,214,103,141,241,1864,0,234,241,0,271,179,120,22960,11109
4359,C:\Data\20260323_MD18-3537\20260324_MD18-3537_S03\MD18-3537_S03_XRF\XRF data\L000547.spe,1367.5,129,699,890,5841,10713,4514,197,1683,1047,104324,201,267,559,191,84,136,356,920,405,498,110,124,190,92,156,99,1819,0,131,167,41,137,97,0,23893,12071
4361.5,C:\Data\20260323_MD18-3537\20260324_MD18-3537_S03\MD18-3537_S03_XRF\XRF data\L000548.spe,1370,117,633,900,5842,11842,4303,152,1615,911,102721,116,265,477,195,0,187,916,931,179,392,115,150,287,60,114,201,2175,0,170,231,0,107,170,40,23685,9997
4366.5,C:\Data\20260323_MD18-3537\20260324_MD18-3537_S03\MD18-3537_S03_XRF\XRF data\L000550.spe,1375,115,680,873,6160,13188,4625,119,1704,974,103455,151,215,505,208,6,37,259,999,320,561,101,132,233,126,185,296,2146,0,148,361,0,76,287,162,22948,10739
4369,C:\Data\20260323_MD18-3537\20260324_MD18-3537_S03\MD18-3537_S03_XRF\XRF data\L000551.spe,1377.5,96,712,796,6554,8452,4646,286,1659,896,104869,60,211,522,0,67,268,559,909,224,580,71,107,154,103,189,278,2423,0,187,338,0,242,62,0,23444,10317
4371.5,C:\Data\20260323_MD18-3537\20260324_MD18-3537_S03\MD18-3537_S03_XRF\XRF data\L000552.spe,1380,85,739,861,6468,6912,4647,184,1695,873,108026,242,276,529,130,184,132,284,847,377,604,107,94,258,126,131,154,2141,0,129,152,0,158,135,159,23781,10155
4376.5,C:\Data\20260323_MD18-3537\20260324_MD18-3537_S03\MD18-3537_S03_XRF\XRF data\L000554.spe,1385,129,694,830,6403,9172,4742,256,1743,1028,109137,72,293,498,169,108,36,703,931,261,503,81,117,131,121,199,167,2222,0,296,202,0,219,171,250,23696,11251
4379,C:\Data\20260323_MD18-3537\20260324_MD18-3537_S03\MD18-3537_S03_XRF\XRF data\L000555.spe,1387.5,90,745,800,6233,10265,4587,199,1761,1006,107365,59,203,469,211,34,118,342,954,307,499,75,143,243,82,161,202,2269,0,263,361,0,145,201,0,23887,9394
4381.5,C:\Data\20260323_MD18-3537\20260324_MD18-3537_S03\MD18-3537_S03_XRF\XRF data\L000556.spe,1390,81,820,833,5933,11120,4615,184,1541,917,105321,97,336,495,85,389,45,710,938,268,500,71,105,205,83,144,254,1927,0,172,200,0,134,149,271,23636,11114
4384,C:\Data\20260323_MD18-3537\20260324_MD18-3537_S03\MD18-3537_S03_XRF\XRF data\L000557.spe,1392.5,59,802,839,5920,11020,4560,150,1671,944,104987,210,380,468,182,251,32,1015,922,236,610,53,216,290,115,127,215,1889,0,108,47,0,114,62,158,24253,14019
4391.5,C:\Data\20260323_MD18-3537\20260324_MD18-3537_S03\MD18-3537_S03_XRF\XRF data\L000560.spe,1400,113,742,809,6250,8162,4492,224,1669,841,109353,111,300,484,213,118,100,618,869,266,503,98,110,248,101,145,218,1866,0,185,242,0,172,176,130,24886,11725
4394,C:\Data\20260323_MD18-3537\20260324_MD18-3537_S03\MD18-3537_S03_XRF\XRF data\L000561.spe,1402.5,88,707,832,6207,10672,4632,184,1670,961,106317,109,184,496,222,9,136,593,878,290,477,56,176,156,84,219,296,2387,0,208,276,0,82,247,61,24438,9722
4396.5,C:\Data\20260323_MD18-3537\20260324_MD18-3537_S03\MD18-3537_S03_XRF\XRF data\L000562.spe,1405,99,728,917,6061,12973,4636,130,1751,1119,104991,195,226,510,192,0,180,897,1001,231,447,86,190,186,117,203,182,2040,0,163,202,0,102,213,27,23335,11997
4401.5,C:\Data\20260323_MD18-3537\20260324_MD18-3537_S03\MD18-3537_S03_XRF\XRF data\L000564.spe,1410,112,712,959,5736,13536,4614,125,1621,1065,105738,108,214,572,46,43,36,314,1093,311,493,111,144,163,88,256,301,2320,0,220,303,0,198,282,239,22802,8312
4404,C:\Data\20260323_MD18-3537\20260324_MD18-3537_S03\MD18-3537_S03_XRF\XRF data\L000565.spe,1412.5,108,776,903,5934,13449,4899,124,1766,1028,107011,142,343,543,61,221,0,572,1060,246,614,126,152,229,133,201,274,2443,0,189,102,15,157,0,305,25287,11349
4406.5,C:\Data\20260323_MD18-3537\20260324_MD18-3537_S03\MD18-3537_S03_XRF\XRF data\L000566.spe,1415,99,780,899,6047,11750,4846,212,1707,1067,107373,97,279,503,100,9,29,1040,1099,273,604,82,158,148,111,231,311,2527,0,203,148,0,217,260,232,23968,10284
4409,C:\Data\20260323_MD18-3537\20260324_MD18-3537_S03\MD18-3537_S03_XRF\XRF data\L000567.spe,1417.5,88,732,978,5810,12120,4922,109,1638,1265,105019,113,241,450,68,243,61,790,1142,301,638,88,166,220,102,170,346,2207,0,171,240,0,131,40,235,24336,12711
4419,C:\Data\20260323_MD18-3537\20260324_MD18-3537_S03\MD18-3537_S03_XRF\XRF data\L000571.spe,1427.5,89,607,1208,4979,13740,4211,173,1582,1021,86494,117,168,357,229,210,0,0,1198,384,815,43,239,202,67,147,224,2157,0,57,0,0,106,177,287,23458,10921
4421.5,C:\Data\20260323_MD18-3537\20260324_MD18-3537_S03\MD18-3537_S03_XRF\XRF data\L000572.spe,1430,70,701,1270,5097,13773,4307,145,1839,1106,87174,187,319,460,281,136,166,871,1212,222,844,85,186,142,114,195,185,1907,0,65,0,21,37,236,23,23780,10002
4424,C:\Data\20260323_MD18-3537\20260324_MD18-3537_S03\MD18-3537_S03_XRF\XRF data\L000573.spe,1432.5,58,759,1053,4975,12839,4224,167,1606,996,86768,226,287,448,164,236,0,680,1225,289,787,94,123,203,64,118,188,1874,0,81,0,0,312,202,239,24151,9440
4426.5,C:\Data\20260323_MD18-3537\20260324_MD18-3537_S03\MD18-3537_S03_XRF\XRF data\L000574.spe,1435,87,640,1032,4547,13770,3865,166,1458,888,77493,198,275,351,197,0,200,330,1234,294,687,77,154,185,87,123,215,1725,0,18,120,0,159,115,0,24509,12295
4429,C:\Data\20260323_MD18-3537\20260324_MD18-3537_S03\MD18-3537_S03_XRF\XRF data\L000575.spe,1437.5,68,598,1113,4406,13905,3969,160,1579,846,79445,191,251,316,122,241,0,0,1190,246,663,74,170,116,79,236,252,2112,0,80,68,0,209,188,205,24526,11875
4431.5,C:\Data\20260323_MD18-3537\20260324_MD18-3537_S03\MD18-3537_S03_XRF\XRF data\L000576.spe,1440,88,651,1309,4220,14619,4383,87,1659,964,78695,218,285,405,108,20,24,0,1331,203,673,124,130,71,98,210,148,2062,0,45,80,0,236,121,149,25128,11105
4434,C:\Data\20260323_MD18-3537\20260324_MD18-3537_S03\MD18-3537_S03_XRF\XRF data\L000577.spe,1442.5,34,547,1431,3693,12531,3213,90,1496,925,76014,259,245,377,151,159,127,91,1694,278,743,53,138,106,76,173,240,2043,0,0,0,0,202,0,104,28860,11459
4451.5,C:\Data\20260323_MD18-3537\20260324_MD18-3537_S03\MD18-3537_S03_XRF\XRF data\L000584.spe,1460,100,566,785,4557,15003,4073,139,1473,981,82474,225,225,347,231,236,0,252,1015,198,504,43,147,136,87,151,258,1625,0,47,74,0,115,186,176,21313,9983
4454,C:\Data\20260323_MD18-3537\20260324_MD18-3537_S03\MD18-3537_S03_XRF\XRF data\L000585.spe,1462.5,57,596,1077,3900,18852,4087,93,1498,963,75360,140,178,317,107,308,0,570,1185,273,538,34,247,95,104,199,238,1756,0,76,127,0,132,147,319,22915,10112
4456.5,C:\Data\20260323_MD18-3537\20260324_MD18-3537_S03\MD18-3537_S03_XRF\XRF data\L000586.spe,1465,81,464,887,4241,12415,3860,176,1437,943,84351,167,213,385,138,194,0,261,949,305,492,25,126,106,95,196,274,1908,0,151,79,8,159,126,310,20750,11153
4476.5,C:\Data\20260323_MD18-3537\20260324_MD18-3537_S03\MD18-3537_S03_XRF\XRF data\L000594.spe,1485,77,781,771,6463,8345,4735,214,1667,893,107475,112,274,452,70,256,57,319,966,300,588,97,104,177,114,198,169,2030,0,229,9,0,176,156,181,22976,9373
4479,C:\Data\20260323_MD18-3537\20260324_MD18-3537_S03\MD18-3537_S03_XRF\XRF data\L000595.spe,1487.5,118,759,776,6432,8586,4680,225,1654,905,105666,173,327,555,123,148,97,493,994,314,613,80,79,282,93,151,204,2187,0,152,87,7,238,211,101,23818,12993
4481.5,C:\Data\20260323_MD18-3537\20260324_MD18-3537_S03\MD18-3537_S03_XRF\XRF data\L000596.spe,1490,85,779,706,6017,7838,4345,163,1501,768,99864,130,244,517,210,56,62,677,996,380,650,93,67,243,71,144,199,2116,0,135,252,0,86,194,279,23526,10684
4500.5,C:\Data\20260323_MD18-3537\20260324_MD18-3537_S04\MD18-3537_S04_XRF\XRF data\L000003.spe,7.5,63,662,1089,4942,11773,4271,217,1839,774,90359,316,255,415,255,122,82,948,1194,195,591,26,140,36,99,153,201,620,0,43,147,24,77,54,165,24206,9179
4503,C:\Data\20260323_MD18-3537\20260324_MD18-3537_S04\MD18-3537_S04_XRF\XRF data\L000004.spe,10,84,723,1253,5471,10608,4369,188,1811,904,97723,372,318,406,129,342,0,580,1073,262,653,25,114,144,123,132,225,436,0,98,205,17,238,112,378,23828,7841
4505.5,C:\Data\20260323_MD18-3537\20260324_MD18-3537_S04\MD18-3537_S04_XRF\XRF data\L000005.spe,12.5,98,730,1192,5534,11446,4309,150,1631,1133,97782,259,278,408,50,145,73,967,1057,188,569,0,118,126,120,150,179,712,0,18,301,0,191,85,182,22802,8760
4508,C:\Data\20260323_MD18-3537\20260324_MD18-3537_S04\MD18-3537_S04_XRF\XRF data\L000006.spe,15,90,819,1092,5859,13276,4672,246,1778,1149,101705,293,309,526,159,151,53,654,1057,274,621,134,122,178,77,152,91,565,0,84,58,44,258,136,188,24232,7989
4510.5,C:\Data\20260323_MD18-3537\20260324_MD18-3537_S04\MD18-3537_S04_XRF\XRF data\L000007.spe,17.5,94,801,1008,6751,15766,4974,254,1722,1332,111641,276,326,583,161,95,122,1333,1174,201,474,95,170,172,107,187,215,607,0,130,73,0,211,165,137,24670,7237
4513,C:\Data\20260323_MD18-3537\20260324_MD18-3537_S04\MD18-3537_S04_XRF\XRF data\L000008.spe,20,81,791,1028,6296,15532,4974,253,1722,1338,109796,333,281,532,196,30,104,1485,1077,200,528,121,157,208,108,77,121,611,0,127,190,36,170,206,270,24396,8508
4515.5,C:\Data\20260323_MD18-3537\20260324_MD18-3537_S04\MD18-3537_S04_XRF\XRF data\L000009.spe,22.5,75,754,996,6563,14280,5086,214,1699,1370,110181,414,382,607,272,35,77,830,1194,286,594,44,106,130,102,217,183,370,74,35,0,73,71,222,218,25519,8923
4518,C:\Data\20260323_MD18-3537\20260324_MD18-3537_S04\MD18-3537_S04_XRF\XRF data\L000010.spe,25,87,774,1061,6834,13708,4836,335,1695,1334,110785,359,359,551,190,0,128,1056,1117,279,599,44,135,196,81,135,83,534,0,47,268,16,146,196,147,23637,7636
4520.5,C:\Data\20260323_MD18-3537\20260324_MD18-3537_S04\MD18-3537_S04_XRF\XRF data\L000011.spe,27.5,88,738,1018,6396,14481,4828,291,1694,1307,109117,305,266,563,63,205,73,1563,1133,171,651,26,111,151,112,169,190,652,9,103,149,15,213,203,233,24475,8339
4523,C:\Data\20260323_MD18-3537\20260324_MD18-3537_S04\MD18-3537_S04_XRF\XRF data\L000012.spe,30,62,733,1015,6397,13994,4748,267,1680,1221,109251,275,432,553,106,239,58,1302,1097,200,596,91,131,166,140,112,100,575,7,108,32,0,247,47,270,23763,7573
4525.5,C:\Data\20260323_MD18-3537\20260324_MD18-3537_S04\MD18-3537_S04_XRF\XRF data\L000013.spe,32.5,100,790,999,6565,15516,4828,228,1701,1203,112582,307,345,560,118,120,63,1530,939,180,570,109,146,248,106,131,179,699,0,81,259,0,205,154,263,24488,8354
4528,C:\Data\20260323_MD18-3537\20260324_MD18-3537_S04\MD18-3537_S04_XRF\XRF data\L000014.spe,35,70,713,994,6657,13394,4909,209,1633,1154,112011,318,348,539,146,58,97,1169,1012,186,576,66,100,158,109,139,73,661,0,140,331,0,103,104,130,24194,10508
4530.5,C:\Data\20260323_MD18-3537\20260324_MD18-3537_S04\MD18-3537_S04_XRF\XRF data\L000015.spe,37.5,120,785,962,6619,10531,4838,251,1686,992,113872,290,310,595,124,267,145,764,974,203,603,101,134,171,102,153,232,709,0,66,366,27,115,34,129,24437,8998
4533,C:\Data\20260323_MD18-3537\20260324_MD18-3537_S04\MD18-3537_S04_XRF\XRF data\L000016.spe,40,101,796,940,6476,9566,4925,211,1680,1074,112082,256,382,501,135,184,34,1602,1119,105,665,87,90,155,130,172,113,603,0,157,7,0,147,185,206,24522,9201
4535.5,C:\Data\20260323_MD18-3537\20260324_MD18-3537_S04\MD18-3537_S04_XRF\XRF data\L000017.spe,42.5,101,845,923,7072,7442,4848,258,1780,970,113440,275,320,576,8,228,148,644,1037,351,621,47,42,179,94,153,81,579,0,104,155,0,307,181,179,24209,7842
4538,C:\Data\20260323_MD18-3537\20260324_MD18-3537_S04\MD18-3537_S04_XRF\XRF data\L000018.spe,45,64,802,898,6910,7212,4688,283,1690,938,114138,268,318,525,35,349,165,1687,1007,164,574,0,102,160,87,144,166,233,0,120,106,0,292,50,234,25116,8638
4540.5,C:\Data\20260323_MD18-3537\20260324_MD18-3537_S04\MD18-3537_S04_XRF\XRF data\L000019.spe,47.5,143,786,960,6722,9096,4931,296,1692,1039,114588,308,349,616,143,49,241,1739,947,172,664,95,48,85,125,173,81,477,4,74,76,25,182,213,0,25384,8315
4543,C:\Data\20260323_MD18-3537\20260324_MD18-3537_S04\MD18-3537_S04_XRF\XRF data\L000020.spe,50,98,821,939,6515,10243,4754,265,1604,1167,111587,344,322,547,63,196,138,1573,927,118,657,52,92,179,119,130,0,434,33,64,94,30,170,54,98,24120,7376
4545.5,C:\Data\20260323_MD18-3537\20260324_MD18-3537_S04\MD18-3537_S04_XRF\XRF data\L000021.spe,52.5,166,787,911,6396,11550,4768,305,1714,1049,109176,336,414,572,261,177,0,1082,1005,179,672,39,113,147,88,106,67,340,171,43,0,88,65,122,316,24810,8603
4548,C:\Data\20260323_MD18-3537\20260324_MD18-3537_S04\MD18-3537_S04_XRF\XRF data\L000022.spe,55,115,818,938,6211,12811,4725,253,1667,1071,107633,301,309,591,54,154,209,1148,1087,240,560,48,129,67,109,242,190,1135,0,88,46,0,282,163,12,25457,11305
4550.5,C:\Data\20260323_MD18-3537\20260324_MD18-3537_S04\MD18-3537_S04_XRF\XRF data\L000023.spe,57.5,101,786,959,5863,13013,4728,214,1683,1168,105798,297,277,545,132,292,94,1009,1080,309,582,43,112,175,92,115,64,560,0,94,280,0,148,31,156,24426,9289
4553,C:\Data\20260323_MD18-3537\20260324_MD18-3537_S04\MD18-3537_S04_XRF\XRF data\L000024.spe,60,95,734,992,6079,13017,4567,130,1602,1174,103164,303,237,578,174,66,161,270,1120,298,805,79,111,264,111,153,103,860,0,99,187,13,267,111,124,23031,8039
4555.5,C:\Data\20260323_MD18-3537\20260324_MD18-3537_S04\MD18-3537_S04_XRF\XRF data\L000025.spe,62.5,123,732,1121,5770,13353,4622,276,1658,1188,100133,341,283,510,159,276,188,870,1211,283,760,48,71,114,93,159,84,617,0,139,282,26,217,169,168,24250,11008
4558,C:\Data\20260323_MD18-3537\20260324_MD18-3537_S04\MD18-3537_S04_XRF\XRF data\L000026.spe,65,54,731,1080,5431,13302,4584,186,1687,1193,96632,280,305,476,251,124,68,1342,1275,155,789,85,141,140,103,144,113,793,0,65,168,0,153,203,173,24517,9329
4560.5,C:\Data\20260323_MD18-3537\20260324_MD18-3537_S04\MD18-3537_S04_XRF\XRF data\L000027.spe,67.5,114,680,1163,4880,13404,4459,213,1620,1110,89672,229,250,444,112,216,0,1103,1218,363,786,114,122,171,88,119,75,892,0,63,113,0,119,236,368,24852,8552
4563,C:\Data\20260323_MD18-3537\20260324_MD18-3537_S04\MD18-3537_S04_XRF\XRF data\L000028.spe,70,85,646,1247,4720,13958,4143,243,1580,1119,84627,280,379,433,273,0,29,554,1349,236,878,40,122,144,94,172,100,578,0,47,23,0,14,116,133,25163,9948
4565.5,C:\Data\20260323_MD18-3537\20260324_MD18-3537_S04\MD18-3537_S04_XRF\XRF data\L000029.spe,72.5,65,676,1254,4854,13342,3945,117,1666,975,83274,254,218,412,225,330,0,326,1415,208,881,38,139,128,107,159,226,826,0,15,67,0,134,192,368,23567,6614
4568,C:\Data\20260323_MD18-3537\20260324_MD18-3537_S04\MD18-3537_S04_XRF\XRF data\L000030.spe,75,59,702,1149,4934,13343,4075,171,1679,1059,85551,290,379,442,16,252,93,1084,1453,114,1026,34,74,121,94,140,112,787,0,93,15,0,244,56,134,24010,7016
4570.5,C:\Data\20260323_MD18-3537\20260324_MD18-3537_S04\MD18-3537_S04_XRF\XRF data\L000031.spe,77.5,57,660,1096,5300,11332,3823,180,1544,1002,87982,357,312,426,125,88,144,597,1214,173,715,33,125,269,104,86,128,542,0,0,242,27,179,190,64,22986,7545
4573,C:\Data\20260323_MD18-3537\20260324_MD18-3537_S04\MD18-3537_S04_XRF\XRF data\L000032.spe,80,78,708,876,6232,9206,4460,199,1625,1112,101166,244,240,526,193,308,218,510,1102,226,574,65,99,168,74,160,111,851,0,126,169,0,232,79,59,23949,8758
4575.5,C:\Data\20260323_MD18-3537\20260324_MD18-3537_S04\MD18-3537_S04_XRF\XRF data\L000033.spe,82.5,90,630,1001,5801,10840,4283,151,1624,1128,101139,262,296,525,104,194,147,1322,916,177,597,63,141,175,109,123,78,762,0,100,228,0,226,130,152,23222,9729
4578,C:\Data\20260323_MD18-3537\20260324_MD18-3537_S04\MD18-3537_S04_XRF\XRF data\L000034.spe,85,47,638,1012,5523,11904,4304,186,1686,1139,101744,309,316,459,158,133,180,1475,912,132,505,76,152,146,151,156,142,665,0,89,97,36,177,176,0,22866,7882
4580.5,C:\Data\20260323_MD18-3537\20260324_MD18-3537_S04\MD18-3537_S04_XRF\XRF data\L000035.spe,87.5,92,693,1028,5539,12113,4311,206,1752,1158,101465,312,354,504,19,130,128,491,1059,243,564,79,136,163,108,110,107,495,0,85,0,0,248,204,89,23456,9824
4583,C:\Data\20260323_MD18-3537\20260324_MD18-3537_S04\MD18-3537_S04_XRF\XRF data\L000036.spe,90,53,652,996,5653,10807,4153,203,1613,1178,99339,206,273,474,172,249,196,1255,994,219,499,8,115,114,86,213,154,1223,0,143,183,0,137,120,114,23008,9316
4585.5,C:\Data\20260323_MD18-3537\20260324_MD18-3537_S04\MD18-3537_S04_XRF\XRF data\L000037.spe,92.5,92,675,1031,5654,11204,4075,224,1694,1139,100824,175,286,527,44,6,184,810,1025,274,555,40,97,198,86,139,191,864,0,134,173,0,259,92,19,23326,10062
4588,C:\Data\20260323_MD18-3537\20260324_MD18-3537_S04\MD18-3537_S04_XRF\XRF data\L000038.spe,95,76,652,1052,5717,11086,4296,249,1635,1201,100460,266,188,466,189,0,152,938,1067,161,424,80,89,237,107,82,98,842,0,76,304,0,119,127,58,24314,8462
4590.5,C:\Data\20260323_MD18-3537\20260324_MD18-3537_S04\MD18-3537_S04_XRF\XRF data\L000039.spe,97.5,70,702,933,5702,12399,4348,136,1703,1274,100941,201,229,531,138,86,255,1015,1020,319,565,54,100,204,92,141,71,1104,0,133,172,0,159,0,0,24097,8804
4593,C:\Data\20260323_MD18-3537\20260324_MD18-3537_S04\MD18-3537_S04_XRF\XRF data\L000040.spe,100,120,761,969,6004,13529,4528,273,1746,1378,100801,295,217,482,137,207,173,484,1237,342,524,56,78,114,103,169,70,893,0,163,233,86,105,93,0,24284,9667
4595.5,C:\Data\20260323_MD18-3537\20260324_MD18-3537_S04\MD18-3537_S04_XRF\XRF data\L000041.spe,102.5,68,789,877,5903,13307,4734,288,1626,1270,100389,228,178,428,293,312,13,411,1174,360,727,162,135,135,64,162,191,1138,0,89,61,0,170,242,256,24048,8520
4598,C:\Data\20260323_MD18-3537\20260324_MD18-3537_S04\MD18-3537_S04_XRF\XRF data\L000042.spe,105,78,781,934,5697,13672,4707,255,1663,1302,97917,344,247,469,131,153,24,763,1137,206,605,82,137,84,76,167,190,802,0,74,19,20,58,24,313,23522,6346
4600.5,C:\Data\20260323_MD18-3537\20260324_MD18-3537_S04\MD18-3537_S04_XRF\XRF data\L000043.spe,107.5,101,727,958,5741,13669,4517,175,1688,1155,94864,280,313,517,251,43,164,146,1195,353,689,72,80,139,105,151,233,994,0,55,29,0,121,270,53,24416,10224
4603,C:\Data\20260323_MD18-3537\20260324_MD18-3537_S04\MD18-3537_S04_XRF\XRF data\L000044.spe,110,73,718,961,5714,13832,4541,132,1664,1248,96395,344,342,495,262,34,216,1123,1043,69,739,104,80,179,104,114,201,809,0,39,0,0,55,166,0,24277,9898
4605.5,C:\Data\20260323_MD18-3537\20260324_MD18-3537_S04\MD18-3537_S04_XRF\XRF data\L000045.spe,112.5,102,697,997,5759,13741,4438,197,1569,1243,99570,250,133,397,167,108,182,397,1115,338,633,100,175,212,82,82,139,1247,0,77,142,0,258,51,96,24316,8649
4608,C:\Data\20260323_MD18-3537\20260324_MD18-3537_S04\MD18-3537_S04_XRF\XRF data\L000046.spe,115,66,694,991,5585,13889,4413,240,1663,1352,98100,207,270,441,188,29,125,1134,1053,246,543,77,168,149,125,194,198,1246,0,100,65,0,106,150,103,24314,9270
4610.5,C:\Data\20260323_MD18-3537\20260324_MD18-3537_S04\MD18-3537_S04_XRF\XRF data\L000047.spe,117.5,76,713,870,5732,14308,4283,213,1647,1381,96944,351,420,469,140,53,144,1184,1040,227,516,23,130,224,81,102,63,514,0,51,0,0,112,20,40,24872,8940
4613,C:\Data\20260323_MD18-3537\20260324_MD18-3537_S04\MD18-3537_S04_XRF\XRF data\L000048.spe,120,98,763,941,5836,10666,4525,199,1734,1436,98489,198,211,487,79,63,173,839,1186,143,568,116,87,175,108,134,108,1104,0,120,195,0,157,153,0,23012,7573
4615.5,C:\Data\20260323_MD18-3537\20260324_MD18-3537_S04\MD18-3537_S04_XRF\XRF data\L000049.spe,122.5,131,816,779,6896,6535,4798,249,1741,1765,112229,248,370,509,0,94,222,916,941,253,553,59,50,239,106,120,98,1038,0,187,271,0,299,113,0,24610,10664
4618,C:\Data\20260323_MD18-3537\20260324_MD18-3537_S04\MD18-3537_S04_XRF\XRF data\L000050.spe,125,105,814,842,7044,6925,4853,300,1713,1768,116876,223,341,585,297,73,288,577,895,382,562,49,102,244,97,157,151,1166,0,176,112,0,90,197,0,24547,10681
4620.5,C:\Data\20260323_MD18-3537\20260324_MD18-3537_S04\MD18-3537_S04_XRF\XRF data\L000051.spe,127.5,114,829,889,6939,7508,4932,233,1745,1460,112565,239,259,517,229,152,69,148,734,312,656,129,74,174,110,195,257,1261,0,171,126,6,86,0,103,24145,9393
4623,C:\Data\20260323_MD18-3537\20260324_MD18-3537_S04\MD18-3537_S04_XRF\XRF data\L000052.spe,130,117,823,884,6631,7996,4510,196,1852,1354,109951,169,243,497,152,176,238,730,1048,292,538,52,98,280,138,122,168,1183,0,173,86,0,157,123,26,24381,10062
4625.5,C:\Data\20260323_MD18-3537\20260324_MD18-3537_S04\MD18-3537_S04_XRF\XRF data\L000053.spe,132.5,110,809,892,6456,8830,4777,162,1694,1352,109148,159,263,505,284,54,198,885,1104,338,638,110,86,173,120,183,25,1289,0,116,78,0,53,204,96,24901,9485
4628,C:\Data\20260323_MD18-3537\20260324_MD18-3537_S04\MD18-3537_S04_XRF\XRF data\L000054.spe,135,113,830,830,6400,9521,4705,244,1702,1081,106752,43,202,430,54,238,118,311,1099,339,782,53,104,244,71,133,150,1687,0,164,305,0,257,147,181,24814,11034
4630.5,C:\Data\20260323_MD18-3537\20260324_MD18-3537_S04\MD18-3537_S04_XRF\XRF data\L000055.spe,137.5,96,763,838,6198,10349,4615,235,1711,1039,104106,131,319,494,282,224,0,414,1051,330,734,82,114,242,90,120,186,1433,0,142,161,0,103,204,256,23770,9048
4633,C:\Data\20260323_MD18-3537\20260324_MD18-3537_S04\MD18-3537_S04_XRF\XRF data\L000056.spe,140,100,736,865,6095,10655,4551,153,1660,985,99207,139,168,443,103,176,157,224,1118,333,849,30,43,153,107,181,170,1696,0,207,121,0,285,155,78,23049,9173
4635.5,C:\Data\20260323_MD18-3537\20260324_MD18-3537_S04\MD18-3537_S04_XRF\XRF data\L000057.spe,142.5,92,805,867,6087,10836,4761,98,1714,1000,96119,68,128,418,191,341,112,319,1182,295,690,97,93,163,98,197,180,1723,0,160,184,0,125,46,45,22915,11247
4638,C:\Data\20260323_MD18-3537\20260324_MD18-3537_S04\MD18-3537_S04_XRF\XRF data\L000058.spe,145,82,775,769,6067,10795,4646,205,1702,1001,97503,147,204,478,82,34,188,581,1108,293,567,0,92,92,106,206,191,1425,0,115,172,0,250,231,0,23930,8397
4640.5,C:\Data\20260323_MD18-3537\20260324_MD18-3537_S04\MD18-3537_S04_XRF\XRF data\L000059.spe,147.5,90,768,811,6176,10633,4446,227,1640,1039,98196,101,264,433,198,0,194,758,1066,209,570,63,125,277,70,93,181,1466,0,156,146,0,123,203,10,23543,9460
4643,C:\Data\20260323_MD18-3537\20260324_MD18-3537_S04\MD18-3537_S04_XRF\XRF data\L000060.spe,150,98,825,820,6332,10336,4523,239,1688,1109,101527,157,335,564,112,173,108,472,949,298,569,83,79,181,101,182,193,1215,0,147,189,0,209,290,149,23137,8760
4645.5,C:\Data\20260323_MD18-3537\20260324_MD18-3537_S04\MD18-3537_S04_XRF\XRF data\L000061.spe,152.5,103,807,819,6215,11176,4591,217,1521,1093,100853,110,210,450,148,0,156,340,1014,315,717,87,137,246,70,162,92,1577,0,126,214,0,129,271,87,23045,10447
4648,C:\Data\20260323_MD18-3537\20260324_MD18-3537_S04\MD18-3537_S04_XRF\XRF data\L000062.spe,155,94,743,941,6016,10200,4708,244,1678,1078,100063,252,379,442,168,0,62,388,1198,372,677,92,94,117,78,192,230,1134,0,76,94,0,165,160,49,24024,8265
4650.5,C:\Data\20260323_MD18-3537\20260324_MD18-3537_S04\MD18-3537_S04_XRF\XRF data\L000063.spe,157.5,85,812,700,6322,9137,4634,325,1545,1087,104314,241,237,517,175,96,108,674,912,156,611,22,97,138,68,166,142,1285,0,149,32,0,188,168,216,23458,10191
4655.5,C:\Data\20260323_MD18-3537\20260324_MD18-3537_S04\MD18-3537_S04_XRF\XRF data\L000065.spe,162.5,111,767,892,5835,11099,4732,102,1624,1024,105869,231,228,465,135,0,225,20,958,385,681,106,86,134,127,175,170,1336,0,80,113,0,144,159,0,24123,8649
4658,C:\Data\20260323_MD18-3537\20260324_MD18-3537_S04\MD18-3537_S04_XRF\XRF data\L000066.spe,165,102,716,952,5620,12063,4539,163,1574,1082,100504,114,119,451,87,234,44,170,1090,355,612,122,125,211,99,178,90,1668,0,201,305,0,238,114,79,21824,7478
4660.5,C:\Data\20260323_MD18-3537\20260324_MD18-3537_S04\MD18-3537_S04_XRF\XRF data\L000067.spe,167.5,82,716,987,5958,9005,4561,194,1737,918,108209,139,271,407,102,91,315,583,936,356,606,72,125,151,108,187,225,1671,0,149,181,0,180,97,0,24012,8092
4663,C:\Data\20260323_MD18-3537\20260324_MD18-3537_S04\MD18-3537_S04_XRF\XRF data\L000068.spe,170,91,814,887,6588,7235,4829,258,1753,875,114407,47,243,465,81,6,115,251,863,343,551,106,71,194,81,156,179,2034,0,254,297,0,240,204,121,23552,8786
4665.5,C:\Data\20260323_MD18-3537\20260324_MD18-3537_S04\MD18-3537_S04_XRF\XRF data\L000069.spe,172.5,119,811,842,6490,8009,4608,245,1685,861,110699,79,129,479,98,292,86,419,1009,284,600,138,53,201,74,173,223,2016,0,159,319,0,156,96,262,23787,11113
4668,C:\Data\20260323_MD18-3537\20260324_MD18-3537_S04\MD18-3537_S04_XRF\XRF data\L000070.spe,175,123,735,942,5932,9259,4568,195,1792,944,106625,120,233,453,136,247,18,540,1197,275,702,66,94,193,81,167,224,1817,0,180,158,0,208,95,164,24034,9297
4670.5,C:\Data\20260323_MD18-3537\20260324_MD18-3537_S04\MD18-3537_S04_XRF\XRF data\L000071.spe,177.5,107,793,866,5788,12319,4505,197,1844,1079,107407,185,174,454,81,303,0,276,1097,198,951,104,112,232,123,93,190,1445,0,137,270,0,138,92,189,21787,9780
4673,C:\Data\20260323_MD18-3537\20260324_MD18-3537_S04\MD18-3537_S04_XRF\XRF data\L000072.spe,180,87,688,1012,5602,13684,4500,128,1740,1071,106944,146,81,434,292,143,116,613,1142,330,512,89,100,167,129,199,219,1638,0,193,325,0,115,137,7,24505,11816
4675.5,C:\Data\20260323_MD18-3537\20260324_MD18-3537_S04\MD18-3537_S04_XRF\XRF data\L000073.spe,182.5,90,706,978,5806,13965,4784,140,1712,1141,106661,158,154,422,0,145,0,117,1136,317,654,64,175,229,105,114,161,1943,0,179,307,0,288,202,322,22893,8956
4678,C:\Data\20260323_MD18-3537\20260324_MD18-3537_S04\MD18-3537_S04_XRF\XRF data\L000074.spe,185,123,747,956,5489,15855,4555,255,1625,1185,102570,164,226,429,119,111,0,510,1066,192,688,181,135,189,133,186,180,1672,0,154,271,0,137,150,282,22474,8431
4683,C:\Data\20260323_MD18-3537\20260324_MD18-3537_S04\MD18-3537_S04_XRF\XRF data\L000076.spe,190,63,762,948,5271,17096,4655,169,1547,1297,90590,236,238,434,116,167,0,412,1154,228,572,55,145,127,114,181,117,1194,0,24,51,0,101,148,178,23794,9120
4685.5,C:\Data\20260323_MD18-3537\20260324_MD18-3537_S04\MD18-3537_S04_XRF\XRF data\L000077.spe,192.5,73,647,1016,4956,16490,4251,184,1574,1240,87033,193,279,427,223,26,146,956,1242,196,546,42,176,149,77,166,149,1203,0,103,156,0,105,124,128,23691,8441
4688,C:\Data\20260323_MD18-3537\20260324_MD18-3537_S04\MD18-3537_S04_XRF\XRF data\L000078.spe,195,105,650,963,5349,12606,4236,233,1617,1122,89371,52,269,371,184,325,42,0,1218,452,497,116,113,277,101,79,264,1647,0,155,275,0,121,144,211,23154,7789
4690.5,C:\Data\20260323_MD18-3537\20260324_MD18-3537_S04\MD18-3537_S04_XRF\XRF data\L000079.spe,197.5,111,718,887,6256,7421,4479,208,1711,1108,98654,106,308,506,0,192,223,494,1147,315,558,115,69,216,101,171,271,2294,0,144,102,0,314,111,93,23702,8883
4693,C:\Data\20260323_MD18-3537\20260324_MD18-3537_S04\MD18-3537_S04_XRF\XRF data\L000080.spe,200,93,780,845,6240,8377,4637,209,1737,1068,107251,170,209,524,219,267,0,1328,831,216,645,134,77,286,114,100,157,1484,0,197,287,0,138,152,248,24030,10721
4695.5,C:\Data\20260323_MD18-3537\20260324_MD18-3537_S04\MD18-3537_S04_XRF\XRF data\L000081.spe,202.5,80,811,768,6414,7833,4619,227,1749,1020,107493,29,195,541,97,198,45,564,961,365,519,130,55,207,94,213,273,1993,0,208,117,0,263,144,247,24120,9166
4698,C:\Data\20260323_MD18-3537\20260324_MD18-3537_S04\MD18-3537_S04_XRF\XRF data\L000082.spe,205,108,747,846,6636,6480,4690,186,1655,1025,108630,128,165,446,171,76,150,353,930,270,617,61,36,174,103,227,185,1676,0,182,263,0,191,101,32,23460,9502
4700.5,C:\Data\20260323_MD18-3537\20260324_MD18-3537_S04\MD18-3537_S04_XRF\XRF data\L000083.spe,207.5,105,729,888,6109,8470,4633,227,1772,1019,101832,225,269,490,313,94,75,514,1151,325,602,90,101,157,125,198,193,1734,0,188,6,38,53,198,96,25102,9263
4703,C:\Data\20260323_MD18-3537\20260324_MD18-3537_S04\MD18-3537_S04_XRF\XRF data\L000084.spe,210,107,600,1030,5547,9731,4475,130,1644,809,95678,108,174,426,181,64,116,0,1053,325,788,142,109,221,81,143,217,1867,0,99,266,0,217,183,13,23905,10325
4705.5,C:\Data\20260323_MD18-3537\20260324_MD18-3537_S04\MD18-3537_S04_XRF\XRF data\L000085.spe,212.5,49,700,991,5587,10605,4435,155,1692,973,98646,131,247,450,123,0,148,884,1082,184,581,89,105,176,84,166,77,1929,0,115,215,0,146,241,47,23931,10892
4708,C:\Data\20260323_MD18-3537\20260324_MD18-3537_S04\MD18-3537_S04_XRF\XRF data\L000086.spe,215,89,681,988,5837,10172,4611,193,1599,894,98521,29,70,428,108,201,104,436,1019,308,571,58,78,151,82,135,213,1841,0,179,290,0,230,126,215,23457,8154
4710.5,C:\Data\20260323_MD18-3537\20260324_MD18-3537_S04\MD18-3537_S04_XRF\XRF data\L000087.spe,217.5,98,690,965,5455,10239,4361,150,1569,950,97675,156,249,462,142,79,202,673,1056,300,784,111,80,203,97,170,122,1726,0,128,242,0,218,218,0,23174,10259
4713,C:\Data\20260323_MD18-3537\20260324_MD18-3537_S04\MD18-3537_S04_XRF\XRF data\L000088.spe,220,80,688,1096,5798,9474,4446,166,1581,940,100160,31,226,422,198,145,132,0,1044,331,591,30,87,160,116,176,151,1827,0,157,140,0,145,152,129,23645,9575
4718,C:\Data\20260323_MD18-3537\20260324_MD18-3537_S04\MD18-3537_S04_XRF\XRF data\L000090.spe,225,93,703,988,6288,6718,4554,200,1705,828,110626,75,163,535,149,276,152,9,827,461,550,86,70,222,79,184,255,2248,0,198,314,0,111,71,149,24803,10046
4720.5,C:\Data\20260323_MD18-3537\20260324_MD18-3537_S04\MD18-3537_S04_XRF\XRF data\L000091.spe,227.5,88,769,925,6456,7382,4735,169,1782,1036,111805,97,166,448,114,47,303,571,1005,210,681,115,85,272,104,166,119,1933,0,224,288,0,119,120,0,25063,11071
4723,C:\Data\20260323_MD18-3537\20260324_MD18-3537_S04\MD18-3537_S04_XRF\XRF data\L000092.spe,230,121,779,921,6618,7757,4642,256,1691,821,112729,49,233,495,131,84,270,921,909,300,573,61,74,264,101,115,183,2036,0,219,212,0,202,70,35,24419,9217
4725.5,C:\Data\20260323_MD18-3537\20260324_MD18-3537_S04\MD18-3537_S04_XRF\XRF data\L000093.spe,232.5,79,641,975,6135,8638,4325,246,1649,930,105186,71,206,525,78,62,199,255,1000,289,599,76,130,245,105,130,145,2160,0,113,115,0,173,145,0,24439,11233
4728,C:\Data\20260323_MD18-3537\20260324_MD18-3537_S04\MD18-3537_S04_XRF\XRF data\L000094.spe,235,113,668,1005,5987,8924,4721,216,1633,988,105783,148,255,482,103,73,85,651,963,332,584,90,95,233,55,180,127,1876,0,113,252,0,135,38,169,25142,11156
4743,C:\Data\20260323_MD18-3537\20260324_MD18-3537_S04\MD18-3537_S04_XRF\XRF data\L000100.spe,250,94,693,951,6510,8841,4609,227,1771,941,109754,76,237,511,179,97,256,524,927,336,679,46,98,116,91,224,237,2312,0,273,217,0,139,171,0,24695,11637
4750.5,C:\Data\20260323_MD18-3537\20260324_MD18-3537_S04\MD18-3537_S04_XRF\XRF data\L000103.spe,257.5,70,688,965,6285,11108,4614,242,1630,1197,109993,171,249,550,166,208,21,164,1055,331,557,107,112,221,65,127,148,2044,0,106,48,0,177,116,251,24137,8412
4758,C:\Data\20260323_MD18-3537\20260324_MD18-3537_S04\MD18-3537_S04_XRF\XRF data\L000106.spe,265,106,686,980,5845,12399,4637,247,1772,1315,102502,198,254,588,185,120,62,575,1174,318,675,70,105,187,36,168,318,1952,0,112,225,14,159,211,181,24085,10014
4760.5,C:\Data\20260323_MD18-3537\20260324_MD18-3537_S04\MD18-3537_S04_XRF\XRF data\L000107.spe,267.5,106,684,1085,5778,12511,4642,209,1639,1350,100328,163,202,460,129,0,269,198,1131,370,712,111,164,188,89,211,181,1816,0,139,204,0,227,246,0,24711,8317
4765.5,C:\Data\20260323_MD18-3537\20260324_MD18-3537_S04\MD18-3537_S04_XRF\XRF data\L000109.spe,272.5,73,673,1148,5532,12043,4489,167,1692,1254,96391,146,178,482,88,27,120,0,1115,365,602,117,127,280,123,120,179,1874,0,134,270,0,229,203,59,24241,10679
4770.5,C:\Data\20260323_MD18-3537\20260324_MD18-3537_S04\MD18-3537_S04_XRF\XRF data\L000111.spe,277.5,54,650,1278,4340,13090,3917,168,1576,1057,80806,164,252,397,146,71,180,281,1264,259,763,54,154,109,62,144,154,1545,0,143,125,0,208,214,14,24373,9606
4773,C:\Data\20260323_MD18-3537\20260324_MD18-3537_S04\MD18-3537_S04_XRF\XRF data\L000112.spe,280,29,529,1415,4131,12863,3558,207,1566,1060,75796,211,199,393,170,231,96,243,1308,218,760,66,124,94,45,137,210,1591,0,7,85,0,160,177,51,25180,9650
4775.5,C:\Data\20260323_MD18-3537\20260324_MD18-3537_S04\MD18-3537_S04_XRF\XRF data\L000113.spe,282.5,63,660,1123,4780,11949,4095,183,1667,1105,81029,199,233,422,45,14,191,468,1214,174,712,58,133,167,89,140,181,1638,0,0,162,0,224,138,0,23299,10341
4778,C:\Data\20260323_MD18-3537\20260324_MD18-3537_S04\MD18-3537_S04_XRF\XRF data\L000114.spe,285,132,744,905,6469,8179,4513,233,1587,1132,101929,217,300,497,272,222,78,888,991,176,715,51,78,211,111,142,142,1644,0,129,257,0,84,200,167,23354,9952
4783,C:\Data\20260323_MD18-3537\20260324_MD18-3537_S04\MD18-3537_S04_XRF\XRF data\L000116.spe,290,78,817,866,6723,7819,4660,209,1781,976,108247,108,233,531,141,168,70,587,895,312,549,93,72,222,71,195,256,2025,0,213,208,0,114,223,179,24387,10384
4785.5,C:\Data\20260323_MD18-3537\20260324_MD18-3537_S04\MD18-3537_S04_XRF\XRF data\L000117.spe,292.5,99,784,799,6564,7404,4721,134,1661,885,109324,155,259,527,42,0,183,396,859,370,577,80,65,264,141,135,228,2183,0,165,231,0,165,267,39,24178,10431
4793,C:\Data\20260323_MD18-3537\20260324_MD18-3537_S04\MD18-3537_S04_XRF\XRF data\L000120.spe,300,99,689,853,6475,9143,4820,237,1633,965,112228,59,254,452,164,218,154,92,867,412,593,94,99,194,98,150,232,2052,0,186,218,0,126,50,102,23577,9673
4795.5,C:\Data\20260323_MD18-3537\20260324_MD18-3537_S04\MD18-3537_S04_XRF\XRF data\L000121.spe,302.5,84,751,822,6630,9709,4722,94,1662,1074,114228,57,247,543,215,97,42,1088,857,293,532,87,90,299,161,137,204,1941,0,223,151,0,156,281,271,22900,11502
4798,C:\Data\20260323_MD18-3537\20260324_MD18-3537_S04\MD18-3537_S04_XRF\XRF data\L000122.spe,305,117,762,756,6159,12280,4921,232,1617,1110,109217,103,260,437,217,160,154,342,884,307,489,103,130,144,97,181,222,1968,0,161,382,0,100,216,26,23176,8978
4800.5,C:\Data\20260323_MD18-3537\20260324_MD18-3537_S04\MD18-3537_S04_XRF\XRF data\L000123.spe,307.5,127,803,793,5962,13492,4724,202,1622,1117,102755,66,236,517,116,171,92,791,1068,210,459,89,133,288,100,120,55,1999,0,213,235,0,130,223,231,23013,8528
4803,C:\Data\20260323_MD18-3537\20260324_MD18-3537_S04\MD18-3537_S04_XRF\XRF data\L000124.spe,310,90,710,970,5893,11084,4630,220,1827,927,102504,97,265,409,128,149,86,503,1107,290,570,100,124,220,94,146,269,1806,0,182,242,0,175,81,133,24185,10627
4805.5,C:\Data\20260323_MD18-3537\20260324_MD18-3537_S04\MD18-3537_S04_XRF\XRF data\L000125.spe,312.5,97,661,1025,6198,9237,4493,156,1615,969,107258,98,293,485,87,0,233,1123,967,228,497,89,114,213,114,171,135,2185,0,216,192,0,96,92,0,25055,12011
4820.5,C:\Data\20260323_MD18-3537\20260324_MD18-3537_S04\MD18-3537_S04_XRF\XRF data\L000131.spe,327.5,98,737,892,6081,11797,4670,199,1793,1107,107532,100,298,452,168,141,110,845,950,280,636,83,152,223,126,154,235,1764,0,215,180,0,203,164,158,23353,9205
4828,C:\Data\20260323_MD18-3537\20260324_MD18-3537_S04\MD18-3537_S04_XRF\XRF data\L000134.spe,335,110,653,994,6195,7528,4505,208,1637,940,109383,69,189,530,57,67,249,667,846,244,505,99,24,303,104,148,230,2145,0,248,281,0,245,166,0,25076,12322
4830.5,C:\Data\20260323_MD18-3537\20260324_MD18-3537_S04\MD18-3537_S04_XRF\XRF data\L000135.spe,337.5,84,851,955,6728,8674,4905,230,1782,913,114090,144,276,531,140,70,310,1196,995,63,590,83,41,166,137,182,284,1964,0,218,78,0,152,241,0,25739,12120
4835.5,C:\Data\20260323_MD18-3537\20260324_MD18-3537_S04\MD18-3537_S04_XRF\XRF data\L000137.spe,342.5,55,750,991,6487,8816,4827,171,1768,940,111684,118,270,470,60,232,106,360,1116,323,615,48,92,152,131,202,237,1607,0,180,293,0,144,146,100,25496,9476
4840.5,C:\Data\20260323_MD18-3537\20260324_MD18-3537_S04\MD18-3537_S04_XRF\XRF data\L000139.spe,347.5,102,759,972,5631,11607,4727,185,1642,848,97695,199,297,504,255,302,31,937,1151,101,638,119,65,127,91,205,185,1630,0,113,140,45,75,212,244,24395,8056
4843,C:\Data\20260323_MD18-3537\20260324_MD18-3537_S04\MD18-3537_S04_XRF\XRF data\L000140.spe,350,57,716,990,5525,12927,4478,218,1732,826,94246,141,244,453,145,231,63,474,1271,274,698,46,131,210,55,158,290,1513,0,151,128,0,267,203,238,23570,11200
4845.5,C:\Data\20260323_MD18-3537\20260324_MD18-3537_S04\MD18-3537_S04_XRF\XRF data\L000141.spe,352.5,79,702,996,5208,12836,4413,110,1627,1000,90171,154,227,410,252,153,175,65,1336,295,690,102,96,148,111,170,212,1703,0,76,36,24,117,200,30,25560,11771
4848,C:\Data\20260323_MD18-3537\20260324_MD18-3537_S04\MD18-3537_S04_XRF\XRF data\L000142.spe,355,107,723,967,5656,12450,4470,246,1645,1012,91422,179,282,358,211,205,46,991,1093,144,704,55,139,135,48,186,119,1563,0,0,101,0,142,69,100,24624,10935
4850.5,C:\Data\20260323_MD18-3537\20260324_MD18-3537_S04\MD18-3537_S04_XRF\XRF data\L000143.spe,357.5,91,638,1068,5430,12596,4324,224,1818,898,89785,93,157,367,206,120,67,0,1249,260,724,115,162,203,63,101,151,1978,0,91,51,0,192,164,125,23444,10860
4853,C:\Data\20260323_MD18-3537\20260324_MD18-3537_S04\MD18-3537_S04_XRF\XRF data\L000144.spe,360,95,583,1223,4676,12386,3798,154,1680,954,89226,184,355,403,152,189,33,197,1333,225,563,35,165,78,87,193,252,1411,0,126,172,0,171,221,198,23799,10728
4865.5,C:\Data\20260323_MD18-3537\20260324_MD18-3537_S04\MD18-3537_S04_XRF\XRF data\L000149.spe,372.5,106,739,934,5118,17165,4620,171,1630,1040,85187,192,181,396,90,158,21,100,1126,207,783,84,225,221,75,183,240,2172,0,113,170,16,217,169,156,23469,11383
4868,C:\Data\20260323_MD18-3537\20260324_MD18-3537_S04\MD18-3537_S04_XRF\XRF data\L000150.spe,375,88,794,990,4946,18018,4366,138,1553,1011,75165,79,166,329,148,225,140,218,1308,206,603,116,142,142,89,190,269,1613,0,89,48,0,217,0,122,22619,9346
4870.5,C:\Data\20260323_MD18-3537\20260324_MD18-3537_S04\MD18-3537_S04_XRF\XRF data\L000151.spe,377.5,115,714,987,5035,17305,4206,165,1649,986,82761,125,289,377,123,0,119,195,1296,248,490,98,175,166,100,180,186,1948,0,85,0,0,155,252,0,24940,12946
4873,C:\Data\20260323_MD18-3537\20260324_MD18-3537_S04\MD18-3537_S04_XRF\XRF data\L000152.spe,380,66,733,995,4903,18236,4127,103,1695,1008,80539,164,349,430,141,176,55,227,1218,268,509,69,195,157,127,177,212,1451,0,107,39,0,222,84,210,23376,9016
4875.5,C:\Data\20260323_MD18-3537\20260324_MD18-3537_S04\MD18-3537_S04_XRF\XRF data\L000153.spe,382.5,83,707,1021,4631,17375,4188,120,1499,872,82103,167,298,367,58,135,113,919,1233,107,461,108,161,203,47,164,227,1695,0,80,81,0,259,62,67,23258,10214
4880.5,C:\Data\20260323_MD18-3537\20260324_MD18-3537_S04\MD18-3537_S04_XRF\XRF data\L000155.spe,387.5,59,722,909,6196,10882,4745,131,1640,1268,108665,165,304,517,34,0,121,683,926,256,504,96,68,221,132,189,206,1352,0,153,200,0,313,204,102,23458,10851
4883,C:\Data\20260323_MD18-3537\20260324_MD18-3537_S04\MD18-3537_S04_XRF\XRF data\L000156.spe,390,95,672,965,6094,12187,4742,231,1735,1450,110101,64,304,491,159,172,96,729,955,227,489,53,139,173,99,176,214,1983,0,242,248,0,176,129,50,23898,9615
4885.5,C:\Data\20260323_MD18-3537\20260324_MD18-3537_S04\MD18-3537_S04_XRF\XRF data\L000157.spe,392.5,74,728,920,5846,14247,4791,231,1718,1185,109824,74,196,458,4,138,67,699,913,258,592,179,168,235,103,136,158,2200,0,197,159,0,238,19,206,23201,8207
4888,C:\Data\20260323_MD18-3537\20260324_MD18-3537_S04\MD18-3537_S04_XRF\XRF data\L000158.spe,395,85,688,1058,5827,14968,4751,226,1723,1101,106889,80,213,451,52,90,67,266,1128,385,553,112,193,180,118,158,221,2079,0,166,344,0,183,86,83,24218,10840
4890.5,C:\Data\20260323_MD18-3537\20260324_MD18-3537_S04\MD18-3537_S04_XRF\XRF data\L000159.spe,397.5,73,673,1070,5733,14740,4728,203,1687,1191,106214,104,228,495,77,158,176,717,1047,321,495,99,138,189,87,194,195,2035,0,174,306,0,205,150,89,24019,12376
4893,C:\Data\20260323_MD18-3537\20260324_MD18-3537_S04\MD18-3537_S04_XRF\XRF data\L000160.spe,400,86,675,1039,5377,15730,4714,142,1614,1084,103386,120,320,506,153,148,40,584,1028,322,509,151,198,223,91,200,216,2232,0,207,105,0,139,177,61,23435,8384
4895.5,C:\Data\20260323_MD18-3537\20260324_MD18-3537_S04\MD18-3537_S04_XRF\XRF data\L000161.spe,402.5,58,720,989,5931,13469,4708,192,1679,1071,102481,158,270,471,235,216,0,294,1081,296,613,45,154,118,109,214,193,1756,0,125,33,10,115,153,228,23000,12170
4898,C:\Data\20260323_MD18-3537\20260324_MD18-3537_S04\MD18-3537_S04_XRF\XRF data\L000162.spe,405,105,725,993,5928,13379,4613,168,1650,1041,103488,164,100,427,196,11,236,840,953,177,526,132,117,188,115,187,169,1668,0,138,330,0,143,163,46,24836,11885
4903,C:\Data\20260323_MD18-3537\20260324_MD18-3537_S04\MD18-3537_S04_XRF\XRF data\L000164.spe,410,103,807,978,6125,13000,4544,261,1620,985,108293,196,233,501,207,182,101,746,1007,285,571,105,156,190,112,186,150,1823,0,101,80,0,234,265,172,23923,12467
4905.5,C:\Data\20260323_MD18-3537\20260324_MD18-3537_S04\MD18-3537_S04_XRF\XRF data\L000165.spe,412.5,110,773,999,6492,12017,4647,270,1680,1038,111330,206,186,542,30,131,78,803,949,376,512,75,157,253,123,131,222,1567,0,130,288,28,246,0,298,25665,10606
4908,C:\Data\20260323_MD18-3537\20260324_MD18-3537_S04\MD18-3537_S04_XRF\XRF data\L000166.spe,415,134,788,942,6579,10394,4652,224,1639,997,112389,282,268,556,160,182,181,735,1003,307,637,107,127,189,148,176,219,1789,0,143,0,61,189,113,14,24674,13827
4910.5,C:\Data\20260323_MD18-3537\20260324_MD18-3537_S04\MD18-3537_S04_XRF\XRF data\L000167.spe,417.5,120,777,975,6330,11690,4642,251,1719,988,110208,95,280,534,127,137,33,809,824,239,646,110,117,189,126,187,386,2120,0,183,316,0,194,164,191,24115,12005
4913,C:\Data\20260323_MD18-3537\20260324_MD18-3537_S04\MD18-3537_S04_XRF\XRF data\L000168.spe,420,105,707,1100,5916,13174,4526,185,1774,1127,109347,164,250,472,225,0,242,309,1055,305,639,118,172,196,117,154,124,2109,0,175,188,5,164,193,90,25119,13033
4918,C:\Data\20260323_MD18-3537\20260324_MD18-3537_S04\MD18-3537_S04_XRF\XRF data\L000170.spe,425,63,643,1040,5922,12616,4552,186,1592,1220,105657,194,256,490,124,240,121,469,1208,304,555,90,151,235,76,148,195,1652,0,118,78,0,162,61,0,24488,11437
4920.5,C:\Data\20260323_MD18-3537\20260324_MD18-3537_S04\MD18-3537_S04_XRF\XRF data\L000171.spe,427.5,123,671,1063,5608,13206,4530,207,1617,1074,102621,167,332,479,194,230,96,817,1182,227,584,116,157,94,117,220,372,1590,0,150,45,74,120,127,216,25193,11819
4923,C:\Data\20260323_MD18-3537\20260324_MD18-3537_S04\MD18-3537_S04_XRF\XRF data\L000172.spe,430,69,671,1056,5836,13435,4453,183,1689,1226,99854,44,132,515,214,318,61,658,1104,247,678,64,160,217,126,122,146,1805,0,154,322,0,71,179,280,24424,9722
4925.5,C:\Data\20260323_MD18-3537\20260324_MD18-3537_S04\MD18-3537_S04_XRF\XRF data\L000173.spe,432.5,82,695,1179,5427,13942,4388,134,1675,1103,97124,173,235,496,245,239,35,776,1193,247,553,110,147,128,142,184,345,1495,0,124,191,0,109,83,250,24933,10060
4928,C:\Data\20260323_MD18-3537\20260324_MD18-3537_S04\MD18-3537_S04_XRF\XRF data\L000174.spe,435,79,699,1151,5319,14531,4427,135,1598,1190,94046,190,251,441,84,66,90,474,1246,306,819,56,121,131,126,170,231,1566,0,39,65,0,196,127,162,24223,8940
4930.5,C:\Data\20260323_MD18-3537\20260324_MD18-3537_S04\MD18-3537_S04_XRF\XRF data\L000175.spe,437.5,96,660,1164,5219,15512,4313,188,1542,1227,90878,152,156,440,223,29,26,251,1275,339,760,105,186,199,113,146,132,1657,0,58,97,0,101,271,167,24144,11608
4933,C:\Data\20260323_MD18-3537\20260324_MD18-3537_S04\MD18-3537_S04_XRF\XRF data\L000176.spe,440,56,586,1205,4669,14849,4125,124,1712,1012,86827,154,224,402,171,221,76,676,1238,267,732,118,139,148,102,195,373,1792,0,73,130,0,144,69,124,24411,11148
4935.5,C:\Data\20260323_MD18-3537\20260324_MD18-3537_S04\MD18-3537_S04_XRF\XRF data\L000177.spe,442.5,71,536,1330,4557,14866,4003,121,1646,1269,82961,123,233,407,58,8,137,500,1292,259,701,53,137,185,95,115,211,1649,0,51,83,0,278,208,121,23806,10620
4938,C:\Data\20260323_MD18-3537\20260324_MD18-3537_S04\MD18-3537_S04_XRF\XRF data\L000178.spe,445,49,564,1449,3688,17413,3849,145,1588,1076,72034,204,301,371,80,228,222,974,1358,112,1081,74,219,70,73,221,276,1582,0,46,188,0,215,217,68,24077,12924
4940.5,C:\Data\20260323_MD18-3537\20260324_MD18-3537_S04\MD18-3537_S04_XRF\XRF data\L000179.spe,447.5,56,609,1326,3593,18458,3524,162,1649,993,66851,202,276,346,121,91,172,736,1341,103,1142,66,130,142,108,140,257,1411,0,40,35,0,146,134,62,24542,9985
4943,C:\Data\20260323_MD18-3537\20260324_MD18-3537_S04\MD18-3537_S04_XRF\XRF data\L000180.spe,450,59,563,1279,4042,13924,3399,209,1458,1182,74420,194,244,390,0,255,89,487,1338,174,593,124,137,131,73,129,167,1497,0,82,28,0,250,45,198,24676,8912
4945.5,C:\Data\20260323_MD18-3537\20260324_MD18-3537_S04\MD18-3537_S04_XRF\XRF data\L000181.spe,452.5,117,751,854,6267,12293,4402,214,1607,1357,104838,130,161,498,208,52,122,680,1041,251,580,73,151,232,84,123,157,1738,0,182,233,0,164,293,63,22727,7962
4948,C:\Data\20260323_MD18-3537\20260324_MD18-3537_S04\MD18-3537_S04_XRF\XRF data\L000182.spe,455,122,749,845,6042,14919,4611,195,1569,1428,106587,162,220,527,170,163,174,538,1033,275,536,113,160,256,123,159,128,1789,0,119,0,13,114,120,148,24058,12919
4950.5,C:\Data\20260323_MD18-3537\20260324_MD18-3537_S04\MD18-3537_S04_XRF\XRF data\L000183.spe,457.5,91,817,888,5861,16236,4743,239,1576,1451,104760,167,345,510,82,119,70,422,1095,371,413,134,212,197,92,152,102,1783,0,141,0,0,173,108,110,24437,10364
4953,C:\Data\20260323_MD18-3537\20260324_MD18-3537_S04\MD18-3537_S04_XRF\XRF data\L000184.spe,460,96,720,950,5950,15766,4687,129,1694,1330,101192,211,226,433,81,174,47,200,1148,292,488,80,204,147,114,200,170,1526,0,141,187,0,171,91,73,24017,10369
4955.5,C:\Data\20260323_MD18-3537\20260324_MD18-3537_S04\MD18-3537_S04_XRF\XRF data\L000185.spe,462.5,87,733,999,5660,13083,4295,230,1583,1201,96938,149,206,496,204,121,111,596,1082,190,556,99,112,184,83,171,236,1608,0,146,284,0,237,174,52,23231,8751
4958,C:\Data\20260323_MD18-3537\20260324_MD18-3537_S04\MD18-3537_S04_XRF\XRF data\L000186.spe,465,90,739,828,6493,8878,4571,210,1674,1763,108476,103,133,493,272,22,175,1420,938,192,520,105,79,245,84,190,151,2141,0,170,286,0,64,210,21,25581,11828
4960.5,C:\Data\20260323_MD18-3537\20260324_MD18-3537_S04\MD18-3537_S04_XRF\XRF data\L000187.spe,467.5,57,836,794,6656,9873,4712,215,1607,1860,109755,274,165,584,171,198,0,1171,1031,231,508,73,142,208,108,165,319,1724,0,84,75,60,146,65,227,25180,11619
4963,C:\Data\20260323_MD18-3537\20260324_MD18-3537_S04\MD18-3537_S04_XRF\XRF data\L000188.spe,470,95,731,814,6989,7463,4628,132,1633,1077,112436,234,257,582,243,252,0,655,852,182,580,29,119,143,119,144,230,1348,0,179,249,54,156,251,350,23822,9692
4965.5,C:\Data\20260323_MD18-3537\20260324_MD18-3537_S04\MD18-3537_S04_XRF\XRF data\L000189.spe,472.5,105,734,973,6253,9140,4467,127,1663,1136,107382,207,240,565,101,85,197,576,936,235,477,55,107,222,89,183,238,1562,0,157,176,0,155,83,72,24595,10466
4968,C:\Data\20260323_MD18-3537\20260324_MD18-3537_S04\MD18-3537_S04_XRF\XRF data\L000190.spe,475,88,768,857,6895,9958,4568,144,1595,1120,110722,142,274,536,32,221,167,991,998,269,569,98,142,280,113,124,239,1964,0,192,312,0,184,40,133,24513,8762
4970.5,C:\Data\20260323_MD18-3537\20260324_MD18-3537_S04\MD18-3537_S04_XRF\XRF data\L000191.spe,477.5,93,809,907,6649,10909,4663,212,1653,1057,110153,104,224,503,106,296,47,741,1061,235,503,87,140,212,127,159,152,1720,0,188,139,0,172,122,288,24201,10938
4973,C:\Data\20260323_MD18-3537\20260324_MD18-3537_S04\MD18-3537_S04_XRF\XRF data\L000192.spe,480,101,744,905,6210,11951,4543,205,1546,1046,105072,179,286,393,132,84,14,424,859,248,457,32,91,143,67,147,222,1728,0,87,228,0,168,111,220,24290,12036
4975.5,C:\Data\20260323_MD18-3537\20260324_MD18-3537_S04\MD18-3537_S04_XRF\XRF data\L000193.spe,482.5,103,681,978,5942,11324,4312,124,1611,919,98994,82,270,454,0,14,218,949,1035,228,580,120,73,228,84,144,158,2114,0,90,20,0,278,40,0,23261,10662
4980.5,C:\Data\20260323_MD18-3537\20260324_MD18-3537_S04\MD18-3537_S04_XRF\XRF data\L000195.spe,487.5,131,752,932,6735,7758,4262,225,1769,958,108772,41,226,490,85,208,286,650,955,289,508,111,96,225,93,180,226,2248,0,206,238,0,167,198,0,25171,11110
4983,C:\Data\20260323_MD18-3537\20260324_MD18-3537_S04\MD18-3537_S04_XRF\XRF data\L000196.spe,490,84,744,952,6403,10209,4546,157,1635,1164,108278,141,281,513,152,78,200,567,1002,258,502,78,92,156,140,188,143,1722,0,208,231,0,143,114,78,23826,8865
4985.5,C:\Data\20260323_MD18-3537\20260324_MD18-3537_S04\MD18-3537_S04_XRF\XRF data\L000197.spe,492.5,97,615,999,6286,9837,4443,208,1567,1065,107239,48,186,478,180,276,120,658,1009,203,537,87,145,170,98,184,206,1995,0,144,199,0,84,121,54,24562,10272
4988,C:\Data\20260323_MD18-3537\20260324_MD18-3537_S04\MD18-3537_S04_XRF\XRF data\L000198.spe,495,71,692,998,6166,12318,4497,152,1644,1255,104074,98,224,500,196,0,183,557,1111,261,507,85,133,152,132,235,251,2079,0,220,296,0,168,231,54,24004,9196
4990.5,C:\Data\20260323_MD18-3537\20260324_MD18-3537_S04\MD18-3537_S04_XRF\XRF data\L000199.spe,497.5,105,711,997,5794,14076,4430,272,1691,1330,102940,114,274,453,169,107,118,725,1199,171,670,139,96,273,92,101,245,1961,0,152,338,0,217,213,140,23241,10603
4995.5,C:\Data\20260323_MD18-3537\20260324_MD18-3537_S04\MD18-3537_S04_XRF\XRF data\L000201.spe,502.5,86,647,1079,5687,13100,4429,130,1651,1258,97044,104,223,515,49,180,172,383,1162,273,663,70,134,133,119,198,261,2228,0,125,39,0,304,83,83,23945,8738
4998,C:\Data\20260323_MD18-3537\20260324_MD18-3537_S04\MD18-3537_S04_XRF\XRF data\L000202.spe,505,76,686,1083,5374,13773,4262,231,1696,1105,92972,164,260,426,88,226,35,0,1216,418,676,77,129,134,76,140,241,1550,0,71,123,0,197,159,175,24569,11468
5000.5,C:\Data\20260323_MD18-3537\20260324_MD18-3537_S04\MD18-3537_S04_XRF\XRF data\L000203.spe,507.5,75,635,1122,5035,14841,4367,152,1602,1268,90519,90,226,420,180,94,21,719,1248,288,529,42,159,129,70,221,85,1821,0,131,121,0,181,142,213,24974,9363
5003,C:\Data\20260323_MD18-3537\20260324_MD18-3537_S04\MD18-3537_S04_XRF\XRF data\L000204.spe,510,79,595,1210,4733,15260,3932,160,1723,1135,81678,107,251,368,195,182,138,314,1403,324,701,111,157,226,69,129,191,1777,0,102,199,0,87,44,124,25789,10088
5005.5,C:\Data\20260323_MD18-3537\20260324_MD18-3537_S04\MD18-3537_S04_XRF\XRF data\L000205.spe,512.5,76,569,1392,3890,15612,3695,157,1588,1171,76785,99,91,400,118,131,121,0,1221,276,686,47,191,117,111,179,211,1950,0,84,129,0,164,48,18,24551,11252
5008,C:\Data\20260323_MD18-3537\20260324_MD18-3537_S04\MD18-3537_S04_XRF\XRF data\L000206.spe,515,54,509,1392,3896,16453,3584,209,1563,1218,75838,135,265,287,101,164,106,20,1359,147,664,30,196,70,82,196,196,1612,0,70,157,0,213,97,86,24415,10212
5010.5,C:\Data\20260323_MD18-3537\20260324_MD18-3537_S04\MD18-3537_S04_XRF\XRF data\L000207.spe,517.5,96,579,1349,3846,15394,3536,91,1640,1123,75640,140,274,329,202,242,63,140,1420,155,705,145,155,171,88,151,191,1728,0,151,121,0,165,106,237,23523,10818
5013,C:\Data\20260323_MD18-3537\20260324_MD18-3537_S04\MD18-3537_S04_XRF\XRF data\L000208.spe,520,68,511,1183,4192,14898,3534,177,1730,1059,75336,226,396,405,69,164,41,699,1315,162,525,43,187,66,78,221,327,1590,0,46,0,0,228,201,236,24587,9866
5015.5,C:\Data\20260323_MD18-3537\20260324_MD18-3537_S04\MD18-3537_S04_XRF\XRF data\L000209.spe,522.5,94,658,966,4988,15593,3797,163,1489,1092,82501,201,376,429,140,81,40,837,1478,149,509,30,169,102,132,173,326,1560,0,75,0,0,122,90,192,24281,10865
5020.5,C:\Data\20260323_MD18-3537\20260324_MD18-3537_S04\MD18-3537_S04_XRF\XRF data\L000211.spe,527.5,75,760,875,5952,11721,4365,143,1590,1188,99656,127,356,549,157,293,0,633,1030,182,517,98,101,166,131,144,166,1478,0,155,127,0,203,156,464,23575,10908
5023,C:\Data\20260323_MD18-3537\20260324_MD18-3537_S04\MD18-3537_S04_XRF\XRF data\L000212.spe,530,92,760,817,6181,12590,4292,208,1588,1188,101922,151,213,459,117,313,91,1174,1014,89,507,113,94,238,81,156,137,1769,0,104,162,0,72,166,210,23846,7271
5025.5,C:\Data\20260323_MD18-3537\20260324_MD18-3537_S04\MD18-3537_S04_XRF\XRF data\L000213.spe,532.5,100,770,770,5907,15395,4297,137,1634,1018,97371,158,137,411,192,247,7,818,980,243,451,123,177,202,102,142,220,1656,0,125,204,12,66,55,334,23958,10703
5030.5,C:\Data\20260323_MD18-3537\20260324_MD18-3537_S04\MD18-3537_S04_XRF\XRF data\L000215.spe,537.5,101,742,856,6285,12019,4280,210,1614,1142,101884,141,328,594,108,133,66,566,946,206,627,53,88,210,85,174,139,1842,0,166,81,0,195,145,181,23199,11714
5033,C:\Data\20260323_MD18-3537\20260324_MD18-3537_S04\MD18-3537_S04_XRF\XRF data\L000216.spe,540,101,811,864,6522,13302,4396,160,1710,1128,105206,117,244,471,101,48,68,451,1025,300,436,139,107,235,108,131,195,1770,0,167,54,0,178,150,224,24160,10802
5038,C:\Data\20260323_MD18-3537\20260324_MD18-3537_S04\MD18-3537_S04_XRF\XRF data\L000218.spe,545,77,793,843,6562,13412,4615,167,1629,1072,104310,136,227,523,113,257,64,512,1015,278,492,52,165,120,116,227,118,1629,0,108,67,0,85,155,55,24983,11613
5040.5,C:\Data\20260323_MD18-3537\20260324_MD18-3537_S04\MD18-3537_S04_XRF\XRF data\L000219.spe,547.5,74,792,870,6200,15153,4502,136,1632,1058,100159,150,242,485,206,151,148,0,1045,322,479,94,173,167,83,179,201,1661,0,74,140,0,212,151,112,23393,10728
5043,C:\Data\20260323_MD18-3537\20260324_MD18-3537_S04\MD18-3537_S04_XRF\XRF data\L000220.spe,550,124,773,987,5566,16423,4412,206,1642,1107,94151,159,330,459,32,95,31,971,1125,232,467,135,136,239,78,124,283,1790,0,105,16,0,279,53,220,23427,9674
5050.5,C:\Data\20260323_MD18-3537\20260324_MD18-3537_S04\MD18-3537_S04_XRF\XRF data\L000223.spe,557.5,102,720,893,6435,9823,4458,268,1597,1146,107766,130,169,471,35,392,23,923,930,217,469,82,103,251,95,100,189,1950,0,144,296,23,243,235,382,24294,9179
5053,C:\Data\20260323_MD18-3537\20260324_MD18-3537_S04\MD18-3537_S04_XRF\XRF data\L000224.spe,560,113,738,971,6425,9966,4452,110,1647,1127,106614,88,211,487,40,221,60,398,1029,329,507,98,123,176,142,202,254,2092,0,189,245,0,263,75,205,24598,12924
5055.5,C:\Data\20260323_MD18-3537\20260324_MD18-3537_S04\MD18-3537_S04_XRF\XRF data\L000225.spe,562.5,112,705,930,6154,11465,4543,178,1594,1184,105405,57,300,479,0,51,133,452,976,159,626,84,118,172,117,186,120,1934,0,155,242,0,168,193,87,22663,11406
5058,C:\Data\20260323_MD18-3537\20260324_MD18-3537_S04\MD18-3537_S04_XRF\XRF data\L000226.spe,565,114,659,1010,5857,12777,4599,225,1610,1187,102673,109,284,568,184,302,31,717,1054,235,625,95,199,131,132,198,272,1613,0,178,0,0,209,135,217,24493,10797
5060.5,C:\Data\20260323_MD18-3537\20260324_MD18-3537_S04\MD18-3537_S04_XRF\XRF data\L000227.spe,567.5,96,758,866,6423,10854,4729,137,1741,1228,106563,58,217,520,121,146,65,391,1033,279,553,65,104,243,100,182,240,2247,0,178,49,4,189,234,105,23616,9174
5063,C:\Data\20260323_MD18-3537\20260324_MD18-3537_S04\MD18-3537_S04_XRF\XRF data\L000228.spe,570,106,727,900,6286,11127,4639,218,1711,1339,107074,111,241,511,180,92,107,758,1086,236,541,110,118,279,84,145,149,2127,0,162,98,0,102,221,0,24924,11013
5065.5,C:\Data\20260323_MD18-3537\20260324_MD18-3537_S04\MD18-3537_S04_XRF\XRF data\L000229.spe,572.5,86,773,893,6332,8048,4562,221,1606,1139,108028,31,200,508,106,215,0,413,984,278,507,84,107,185,106,159,162,2192,0,183,384,0,91,145,239,23823,10731
5085.5,C:\Data\20260323_MD18-3537\20260324_MD18-3537_S04\MD18-3537_S04_XRF\XRF data\L000237.spe,592.5,81,814,945,5723,16781,4958,171,1692,1289,106426,73,291,467,121,148,57,614,1150,291,611,139,229,188,84,190,259,2055,0,166,131,0,248,116,249,24199,11509
5090.5,C:\Data\20260323_MD18-3537\20260324_MD18-3537_S04\MD18-3537_S04_XRF\XRF data\L000239.spe,597.5,73,730,1064,5028,18569,4876,155,1646,1203,91751,164,287,525,293,62,112,261,1150,231,599,127,229,156,102,165,350,1883,0,135,166,7,159,352,282,23139,8679
5093,C:\Data\20260323_MD18-3537\20260324_MD18-3537_S04\MD18-3537_S04_XRF\XRF data\L000240.spe,600,88,717,1109,4721,18751,4459,180,1547,1257,86578,145,187,400,149,60,0,609,1248,291,599,93,181,154,75,146,172,1853,0,70,178,0,137,37,267,25703,10357
5095.5,C:\Data\20260323_MD18-3537\20260324_MD18-3537_S04\MD18-3537_S04_XRF\XRF data\L000241.spe,602.5,73,791,1146,4719,17753,4630,185,1763,1157,84819,104,178,409,91,102,143,144,1337,263,601,97,214,169,137,150,327,1762,0,116,206,0,199,128,56,24188,11094
5098,C:\Data\20260323_MD18-3537\20260324_MD18-3537_S04\MD18-3537_S04_XRF\XRF data\L000242.spe,605,56,653,989,4752,16043,4247,147,1617,1153,84167,187,206,410,271,118,156,153,1223,238,673,48,132,177,77,115,270,1662,0,101,82,74,87,89,93,24067,9001
5100.5,C:\Data\20260323_MD18-3537\20260324_MD18-3537_S04\MD18-3537_S04_XRF\XRF data\L000243.spe,607.5,86,716,824,5864,11867,4627,217,1678,1602,98833,148,253,509,155,211,84,503,1225,254,687,98,129,213,65,180,307,1768,0,206,122,29,151,220,223,23604,10976
5103,C:\Data\20260323_MD18-3537\20260324_MD18-3537_S04\MD18-3537_S04_XRF\XRF data\L000244.spe,610,129,711,841,6059,11162,4667,163,1778,1104,104062,151,204,404,167,103,157,119,903,291,538,103,113,183,87,182,315,1953,0,129,235,0,140,117,113,24417,10758
5105.5,C:\Data\20260323_MD18-3537\20260324_MD18-3537_S04\MD18-3537_S04_XRF\XRF data\L000245.spe,612.5,80,706,806,5829,10277,4471,184,1601,1283,101733,152,183,483,83,145,134,746,1040,327,535,137,137,235,73,155,228,2067,0,130,268,0,226,169,98,25340,12557
5108,C:\Data\20260323_MD18-3537\20260324_MD18-3537_S04\MD18-3537_S04_XRF\XRF data\L000246.spe,615,81,757,841,6701,7644,4537,261,1660,1086,109159,178,309,510,126,0,155,636,999,336,537,60,99,236,101,136,192,1830,0,192,226,0,128,105,57,25195,12446
5110.5,C:\Data\20260323_MD18-3537\20260324_MD18-3537_S04\MD18-3537_S04_XRF\XRF data\L000247.spe,617.5,82,701,831,6447,7858,4350,214,1622,1137,107847,60,270,479,234,162,242,958,870,232,541,71,62,178,142,155,219,2128,0,181,239,0,157,366,29,23788,10109
5113,C:\Data\20260323_MD18-3537\20260324_MD18-3537_S04\MD18-3537_S04_XRF\XRF data\L000248.spe,620,116,673,831,6202,7649,4530,226,1577,1150,107832,0,215,441,105,0,168,866,883,177,523,130,47,147,87,230,145,2186,0,264,363,0,188,103,14,23791,11292
5115.5,C:\Data\20260323_MD18-3537\20260324_MD18-3537_S04\MD18-3537_S04_XRF\XRF data\L000249.spe,622.5,82,667,886,6261,8072,4414,212,1708,966,107592,54,230,469,31,207,256,1154,1045,138,604,101,61,236,90,190,303,2332,0,294,119,0,282,62,7,23408,11075
5118,C:\Data\20260323_MD18-3537\20260324_MD18-3537_S04\MD18-3537_S04_XRF\XRF data\L000250.spe,625,55,739,918,6090,8799,4509,232,1656,1030,107153,167,274,525,108,20,134,301,998,322,576,139,81,225,105,141,144,1794,0,175,226,37,133,108,39,25122,13044
5120.5,C:\Data\20260323_MD18-3537\20260324_MD18-3537_S04\MD18-3537_S04_XRF\XRF data\L000251.spe,627.5,76,752,983,5936,10540,4614,184,1730,1000,102844,11,197,443,208,124,81,732,1034,303,690,59,113,138,72,265,334,2293,0,257,62,0,90,109,107,25799,12883
5123,C:\Data\20260323_MD18-3537\20260324_MD18-3537_S04\MD18-3537_S04_XRF\XRF data\L000252.spe,630,93,730,1010,5616,10946,4632,207,1630,1021,99258,85,228,497,156,74,15,740,1065,150,673,67,125,122,87,214,227,2017,0,163,256,0,159,170,174,24042,11926
5125.5,C:\Data\20260323_MD18-3537\20260324_MD18-3537_S04\MD18-3537_S04_XRF\XRF data\L000253.spe,632.5,112,663,981,5423,11655,4332,191,1681,1180,95321,108,320,489,147,165,73,583,1201,222,637,42,190,206,79,152,273,2114,0,168,95,0,173,192,149,24315,11359
5130.5,C:\Data\20260323_MD18-3537\20260324_MD18-3537_S04\MD18-3537_S04_XRF\XRF data\L000255.spe,637.5,90,617,1125,5013,10604,4497,134,1617,1040,85779,136,282,447,168,241,26,451,1160,188,719,40,150,96,93,193,276,1667,0,88,122,0,124,133,232,24030,9375
5135.5,C:\Data\20260323_MD18-3537\20260324_MD18-3537_S04\MD18-3537_S04_XRF\XRF data\L000257.spe,642.5,92,776,937,6363,8816,4873,213,1727,967,107102,130,308,582,24,175,202,1044,1063,202,521,102,114,102,109,231,268,1895,0,194,217,20,298,137,46,24257,12144
5140.5,C:\Data\20260323_MD18-3537\20260324_MD18-3537_S04\MD18-3537_S04_XRF\XRF data\L000259.spe,647.5,75,753,1087,5885,10864,4583,191,1618,940,97847,132,231,451,133,254,176,356,1099,272,662,59,119,261,128,160,230,1961,0,148,164,0,128,136,169,24827,12187
5143,C:\Data\20260323_MD18-3537\20260324_MD18-3537_S04\MD18-3537_S04_XRF\XRF data\L000260.spe,650,93,744,1051,5408,10670,4453,186,1614,895,93006,129,226,499,210,198,89,445,1099,285,750,94,163,158,98,199,274,1841,0,93,186,0,189,286,201,23823,10955
5145.5,C:\Data\20260323_MD18-3537\20260324_MD18-3537_S04\MD18-3537_S04_XRF\XRF data\L000261.spe,652.5,63,627,1181,4886,10771,4090,196,1703,824,88007,145,265,425,242,209,0,159,1349,339,603,130,113,185,80,167,220,1813,0,89,0,0,170,115,203,25662,12234
5148,C:\Data\20260323_MD18-3537\20260324_MD18-3537_S04\MD18-3537_S04_XRF\XRF data\L000262.spe,655,63,535,1266,4354,11030,3717,145,1618,944,80375,200,237,378,132,493,0,51,1483,233,492,0,104,14,72,225,146,1658,0,76,113,47,230,113,244,25060,11361
5150.5,C:\Data\20260323_MD18-3537\20260324_MD18-3537_S04\MD18-3537_S04_XRF\XRF data\L000263.spe,657.5,60,509,1409,3768,12384,3794,167,1525,1009,80851,158,259,352,59,261,121,498,1566,237,489,30,138,74,83,186,129,1979,0,71,94,0,195,140,123,24850,11380
5153,C:\Data\20260323_MD18-3537\20260324_MD18-3537_S04\MD18-3537_S04_XRF\XRF data\L000264.spe,660,57,451,1184,3812,11152,3352,135,1777,834,80525,176,230,336,154,94,77,440,1392,0,519,36,137,20,104,205,344,1522,0,58,0,0,135,86,44,23114,12487
5155.5,C:\Data\20260323_MD18-3537\20260324_MD18-3537_S04\MD18-3537_S04_XRF\XRF data\L000265.spe,662.5,47,589,1087,5121,11084,4078,151,1723,1115,92888,108,211,415,8,165,0,413,1251,195,440,90,146,116,140,183,89,1716,0,163,297,0,205,78,162,24116,9867
5158,C:\Data\20260323_MD18-3537\20260324_MD18-3537_S04\MD18-3537_S04_XRF\XRF data\L000266.spe,665,128,675,967,5648,10707,4219,191,1611,994,99868,102,143,511,57,136,27,861,1082,209,612,94,171,215,120,214,271,2183,0,202,355,0,166,22,242,24303,11730
5160.5,C:\Data\20260323_MD18-3537\20260324_MD18-3537_S04\MD18-3537_S04_XRF\XRF data\L000267.spe,667.5,75,646,896,5595,10832,4413,124,1635,1073,98829,72,177,454,130,0,181,878,1054,188,611,45,133,205,79,168,230,2091,0,142,268,0,224,144,0,22245,9551
5163,C:\Data\20260323_MD18-3537\20260324_MD18-3537_S04\MD18-3537_S04_XRF\XRF data\L000268.spe,670,101,681,858,5766,9207,4422,148,1678,1060,97810,117,260,470,236,110,118,893,999,233,589,133,116,234,83,200,392,2283,0,118,10,0,89,120,78,24312,10730
5165.5,C:\Data\20260323_MD18-3537\20260324_MD18-3537_S04\MD18-3537_S04_XRF\XRF data\L000269.spe,672.5,66,712,926,5610,11739,4445,170,1605,1181,95863,189,273,477,185,111,94,247,1185,320,698,87,104,146,83,189,179,1537,0,108,202,52,126,112,183,23983,11350
5168,C:\Data\20260323_MD18-3537\20260324_MD18-3537_S04\MD18-3537_S04_XRF\XRF data\L000270.spe,675,77,692,1083,4658,14016,4240,125,1689,1028,84699,235,328,420,258,146,123,475,1298,318,742,48,199,150,92,161,165,1488,0,15,0,35,50,28,0,25238,12419
5170.5,C:\Data\20260323_MD18-3537\20260324_MD18-3537_S04\MD18-3537_S04_XRF\XRF data\L000271.spe,677.5,68,608,860,5804,9014,4268,185,1589,1000,93006,166,272,429,108,309,99,344,1087,227,540,108,75,189,84,117,167,1818,0,126,0,0,145,110,258,23575,11229
5173,C:\Data\20260323_MD18-3537\20260324_MD18-3537_S04\MD18-3537_S04_XRF\XRF data\L000272.spe,680,98,768,822,6368,8581,4858,223,1687,1233,114389,217,274,546,84,315,0,662,887,299,491,73,77,215,77,148,145,1893,0,190,126,0,213,122,264,23338,10371
5175.5,C:\Data\20260323_MD18-3537\20260324_MD18-3537_S04\MD18-3537_S04_XRF\XRF data\L000273.spe,682.5,83,664,909,5860,12066,5079,229,1707,1505,111856,153,325,527,152,161,71,978,971,208,521,50,161,110,118,231,304,2138,0,184,221,0,90,98,101,23254,10230
5178,C:\Data\20260323_MD18-3537\20260324_MD18-3537_S04\MD18-3537_S04_XRF\XRF data\L000274.spe,685,101,699,900,5995,9903,4870,232,1710,1357,113703,181,224,431,260,48,84,277,1017,318,464,68,110,255,105,108,204,1913,0,148,204,8,29,204,106,23186,8335
5183,C:\Data\20260323_MD18-3537\20260324_MD18-3537_S04\MD18-3537_S04_XRF\XRF data\L000276.spe,690,98,750,799,6424,9832,5194,243,1711,1291,120058,63,171,448,205,22,135,296,894,274,569,105,132,213,121,177,202,2069,0,243,315,0,87,98,0,23110,11615
5185.5,C:\Data\20260323_MD18-3537\20260324_MD18-3537_S04\MD18-3537_S04_XRF\XRF data\L000277.spe,692.5,89,786,872,6385,10927,5222,254,1623,1281,118973,169,273,570,97,70,179,625,1075,258,505,19,162,214,108,164,192,2014,0,180,94,15,180,58,11,22508,11860
5188,C:\Data\20260323_MD18-3537\20260324_MD18-3537_S04\MD18-3537_S04_XRF\XRF data\L000278.spe,695,110,689,919,6068,10975,5021,240,1627,1220,116312,181,194,493,86,40,60,476,878,272,624,103,105,225,88,147,147,1837,0,185,274,0,130,0,0,22921,12903
5193,C:\Data\20260323_MD18-3537\20260324_MD18-3537_S04\MD18-3537_S04_XRF\XRF data\L000280.spe,700,84,695,859,6119,10017,5054,194,1776,1214,116785,109,325,530,46,57,174,419,880,225,524,87,92,176,117,174,192,1814,0,177,296,0,209,100,60,23571,11936
5195.5,C:\Data\20260323_MD18-3537\20260324_MD18-3537_S04\MD18-3537_S04_XRF\XRF data\L000281.spe,702.5,88,737,934,5762,11125,4968,205,1697,1136,109432,82,233,519,0,0,46,334,1055,343,499,162,131,341,107,105,246,2099,0,176,164,0,257,63,240,23480,12251
5198,C:\Data\20260323_MD18-3537\20260324_MD18-3537_S04\MD18-3537_S04_XRF\XRF data\L000282.spe,705,90,730,915,5992,9097,4759,228,1657,1070,109980,302,333,512,134,0,117,1254,952,138,565,69,90,162,118,147,171,1336,0,104,144,67,185,155,30,23791,10289
5200.5,C:\Data\20260323_MD18-3537\20260324_MD18-3537_S04\MD18-3537_S04_XRF\XRF data\L000283.spe,707.5,83,686,1016,5742,9323,4650,261,1659,955,105467,119,289,495,124,63,184,641,955,205,485,84,115,182,73,128,253,2024,0,181,175,0,130,184,0,23990,9565
5203,C:\Data\20260323_MD18-3537\20260324_MD18-3537_S04\MD18-3537_S04_XRF\XRF data\L000284.spe,710,85,699,917,5841,8008,4579,148,1718,953,113197,125,324,539,211,315,0,0,931,472,599,35,93,268,88,168,130,1904,0,186,207,0,166,230,317,23891,10254
5205.5,C:\Data\20260323_MD18-3537\20260324_MD18-3537_S04\MD18-3537_S04_XRF\XRF data\L000285.spe,712.5,118,708,846,5682,9039,4654,204,1637,984,112518,149,317,464,162,23,339,960,954,255,507,132,103,167,101,164,264,2048,0,209,310,0,162,95,0,24508,8634
5208,C:\Data\20260323_MD18-3537\20260324_MD18-3537_S04\MD18-3537_S04_XRF\XRF data\L000286.spe,715,103,698,872,6010,8654,4713,205,1772,924,116289,153,252,529,248,37,196,526,886,268,577,112,81,163,88,206,323,2449,0,179,334,0,124,204,20,24186,12187
5210.5,C:\Data\20260323_MD18-3537\20260324_MD18-3537_S04\MD18-3537_S04_XRF\XRF data\L000287.spe,717.5,90,667,946,5944,9729,4433,279,1631,1023,114210,194,254,540,162,91,180,409,816,291,495,118,131,323,145,69,77,2095,0,147,26,33,154,200,17,23751,11076
5215.5,C:\Data\20260323_MD18-3537\20260324_MD18-3537_S04\MD18-3537_S04_XRF\XRF data\L000289.spe,722.5,43,699,947,5526,12177,4841,184,1657,1113,107575,78,227,524,130,97,276,56,941,333,437,105,150,136,86,227,237,2212,0,214,253,14,198,57,0,24694,10046
5218,C:\Data\20260323_MD18-3537\20260324_MD18-3537_S04\MD18-3537_S04_XRF\XRF data\L000290.spe,725,93,701,854,6060,9874,4691,174,1637,1133,109085,156,356,555,106,153,126,706,976,250,327,93,110,195,91,189,180,1864,0,145,49,41,127,144,132,24984,10014
5223,C:\Data\20260323_MD18-3537\20260324_MD18-3537_S04\MD18-3537_S04_XRF\XRF data\L000292.spe,730,114,675,934,5783,10379,4564,186,1710,1067,109595,64,348,503,179,113,163,880,890,223,536,127,135,253,135,201,111,2191,0,190,163,0,148,238,0,23976,11220
5228,C:\Data\20260323_MD18-3537\20260324_MD18-3537_S04\MD18-3537_S04_XRF\XRF data\L000294.spe,735,92,643,1000,5738,11975,4699,248,1684,1218,107821,169,282,505,164,132,0,172,1022,265,629,83,174,208,117,125,296,1725,0,150,223,0,160,146,221,23830,8354
5230.5,C:\Data\20260323_MD18-3537\20260324_MD18-3537_S04\MD18-3537_S04_XRF\XRF data\L000295.spe,737.5,94,621,911,5658,11033,4508,179,1619,1339,106358,124,238,528,253,366,102,252,957,287,552,80,156,246,95,157,244,2136,0,207,275,0,178,95,160,23969,8993
5233,C:\Data\20260323_MD18-3537\20260324_MD18-3537_S04\MD18-3537_S04_XRF\XRF data\L000296.spe,740,102,710,903,5552,11951,4643,184,1649,984,104734,139,352,594,163,29,36,454,983,264,599,128,135,135,119,170,327,2067,0,169,7,0,193,244,262,23749,11478
5235.5,C:\Data\20260323_MD18-3537\20260324_MD18-3537_S04\MD18-3537_S04_XRF\XRF data\L000297.spe,742.5,93,744,972,5866,12730,4669,140,1699,1004,105407,122,244,499,178,0,112,546,1159,199,672,42,159,146,102,191,267,1960,0,205,252,0,134,203,37,24331,8779
5238,C:\Data\20260323_MD18-3537\20260324_MD18-3537_S04\MD18-3537_S04_XRF\XRF data\L000298.spe,745,62,659,1083,5519,12883,4660,176,1646,1118,102843,173,302,558,194,137,117,920,1116,284,684,97,122,211,135,165,154,1920,0,136,125,0,95,87,110,25054,13596
5240.5,C:\Data\20260323_MD18-3537\20260324_MD18-3537_S04\MD18-3537_S04_XRF\XRF data\L000299.spe,747.5,118,599,1085,5324,13189,4462,207,1776,865,97277,239,295,429,346,247,0,890,1146,294,653,98,179,204,98,127,340,2247,0,43,0,13,106,255,306,25651,12033
5243,C:\Data\20260323_MD18-3537\20260324_MD18-3537_S04\MD18-3537_S04_XRF\XRF data\L000300.spe,750,127,607,1080,5238,13146,4262,219,1738,1131,95129,32,222,477,78,134,152,19,1161,338,633,93,173,126,64,191,274,2149,0,172,167,0,206,102,71,25373,11474
5245.5,C:\Data\20260323_MD18-3537\20260324_MD18-3537_S04\MD18-3537_S04_XRF\XRF data\L000301.spe,752.5,69,682,1045,5349,13648,4431,150,1691,1059,94430,278,227,566,209,154,56,485,1132,286,781,40,179,123,84,214,262,1753,0,77,38,39,223,100,117,25371,11804
5248,C:\Data\20260323_MD18-3537\20260324_MD18-3537_S04\MD18-3537_S04_XRF\XRF data\L000302.spe,755,42,613,1131,5193,13581,4514,141,1690,1087,94685,226,210,465,216,65,108,214,1225,367,685,142,173,160,92,237,232,2058,0,99,247,0,199,269,153,24883,11284
5250.5,C:\Data\20260323_MD18-3537\20260324_MD18-3537_S04\MD18-3537_S04_XRF\XRF data\L000303.spe,757.5,94,612,1128,4788,14498,4013,186,1672,979,89147,160,206,468,252,172,74,824,1190,206,748,94,152,129,79,207,312,1632,0,128,129,0,120,136,113,24869,8721
5253,C:\Data\20260323_MD18-3537\20260324_MD18-3537_S04\MD18-3537_S04_XRF\XRF data\L000304.spe,760,54,636,1220,4587,14270,3930,114,1737,1058,85798,188,337,466,308,176,78,461,1227,236,690,53,160,167,85,199,311,1759,0,109,69,36,90,309,229,25113,11778
5255.5,C:\Data\20260323_MD18-3537\20260324_MD18-3537_S04\MD18-3537_S04_XRF\XRF data\L000305.spe,762.5,103,624,1299,4295,15542,4050,117,1607,994,81221,142,244,439,81,0,54,636,1211,254,766,56,164,121,81,158,203,1609,0,36,53,0,236,171,63,25056,12253
5258,C:\Data\20260323_MD18-3537\20260324_MD18-3537_S04\MD18-3537_S04_XRF\XRF data\L000306.spe,765,105,607,1155,4447,14511,3981,150,1562,1081,80607,209,329,389,136,210,16,348,1229,198,732,61,177,49,125,212,207,1562,0,103,67,0,187,167,241,23767,9196
5260.5,C:\Data\20260323_MD18-3537\20260324_MD18-3537_S04\MD18-3537_S04_XRF\XRF data\L000307.spe,767.5,40,683,878,6080,9240,4664,217,1600,1724,102976,193,358,521,264,136,56,430,1247,148,552,72,88,179,107,188,328,1640,0,138,14,0,122,186,141,23953,11162
5263,C:\Data\20260323_MD18-3537\20260324_MD18-3537_S04\MD18-3537_S04_XRF\XRF data\L000308.spe,770,114,690,882,6084,9267,4873,291,1524,1328,111067,217,296,462,149,0,165,793,937,259,614,93,89,171,124,162,190,1653,0,191,301,0,174,188,0,23885,11528
5265.5,C:\Data\20260323_MD18-3537\20260324_MD18-3537_S04\MD18-3537_S04_XRF\XRF data\L000309.spe,772.5,97,653,832,6482,8710,4984,183,1699,1338,113170,200,296,604,225,213,19,624,995,280,482,92,97,162,123,217,213,1877,0,214,114,0,86,120,148,24844,13010
5268,C:\Data\20260323_MD18-3537\20260324_MD18-3537_S04\MD18-3537_S04_XRF\XRF data\L000310.spe,775,97,639,828,6258,9050,4532,165,1678,1085,112563,246,312,572,0,127,86,640,893,303,411,102,66,257,109,147,227,1743,0,151,280,0,186,84,152,25576,10802
5270.5,C:\Data\20260323_MD18-3537\20260324_MD18-3537_S04\MD18-3537_S04_XRF\XRF data\L000311.spe,777.5,71,676,927,6292,10862,4572,154,1586,1148,109898,61,237,481,164,337,0,738,820,268,398,42,154,233,131,141,253,2361,0,238,177,0,160,174,213,23386,11900
5273,C:\Data\20260323_MD18-3537\20260324_MD18-3537_S04\MD18-3537_S04_XRF\XRF data\L000312.spe,780,70,626,895,5849,13156,4747,170,1623,1058,109362,138,196,496,216,0,72,995,972,167,463,117,129,192,112,195,272,1977,0,163,300,14,118,65,120,24261,11545
5275.5,C:\Data\20260323_MD18-3537\20260324_MD18-3537_S04\MD18-3537_S04_XRF\XRF data\L000313.spe,782.5,60,689,917,5743,12075,4428,197,1722,1017,106295,156,285,500,119,166,111,24,1052,481,534,114,161,264,100,134,262,2033,0,141,178,0,244,172,140,23821,9173
5278,C:\Data\20260323_MD18-3537\20260324_MD18-3537_S04\MD18-3537_S04_XRF\XRF data\L000314.spe,785,86,643,940,6387,8308,4519,221,1626,952,108534,122,243,524,37,119,151,47,976,378,520,115,86,185,144,161,314,2235,0,161,301,0,193,88,0,24773,9539
5280.5,C:\Data\20260323_MD18-3537\20260324_MD18-3537_S04\MD18-3537_S04_XRF\XRF data\L000315.spe,787.5,95,694,906,6577,7179,4555,148,1672,978,110090,165,205,459,155,251,92,1288,1006,205,449,112,41,140,70,190,140,1664,0,166,289,0,97,191,168,25293,11518
5283,C:\Data\20260323_MD18-3537\20260324_MD18-3537_S04\MD18-3537_S04_XRF\XRF data\L000316.spe,790,99,730,939,6518,7916,4371,251,1676,913,108911,112,237,552,13,90,113,733,892,237,466,63,129,244,103,169,233,2297,0,181,131,0,211,203,135,25556,12074
5285.5,C:\Data\20260323_MD18-3537\20260324_MD18-3537_S04\MD18-3537_S04_XRF\XRF data\L000317.spe,792.5,92,746,900,6517,9250,4643,224,1759,903,109360,144,271,575,139,331,0,549,914,233,576,78,87,148,106,204,255,1926,0,171,176,0,210,127,282,25546,11383
5288,C:\Data\20260323_MD18-3537\20260324_MD18-3537_S04\MD18-3537_S04_XRF\XRF data\L000318.spe,795,116,737,852,6237,10182,4639,267,1667,896,106566,100,213,481,157,70,210,0,988,346,647,136,89,172,98,201,229,2155,0,169,173,4,226,101,0,24531,11831
5290.5,C:\Data\20260323_MD18-3537\20260324_MD18-3537_S04\MD18-3537_S04_XRF\XRF data\L000319.spe,797.5,107,734,894,6267,11428,4591,180,1695,1075,105340,109,236,486,233,228,99,221,982,347,616,107,119,171,115,156,157,1922,0,150,92,15,147,59,112,24908,8932
5293,C:\Data\20260323_MD18-3537\20260324_MD18-3537_S04\MD18-3537_S04_XRF\XRF data\L000320.spe,800,84,770,896,6049,12820,4622,206,1712,1021,101571,142,198,465,163,47,128,505,1113,378,494,112,99,173,116,200,328,2058,0,156,313,13,90,142,34,25346,10395
5295.5,C:\Data\20260323_MD18-3537\20260324_MD18-3537_S04\MD18-3537_S04_XRF\XRF data\L000321.spe,802.5,103,775,905,5694,14507,4725,158,1739,1106,98168,184,288,507,85,117,81,556,1156,316,570,50,178,200,118,183,271,2101,0,88,202,0,147,125,162,25119,9435
5298,C:\Data\20260323_MD18-3537\20260324_MD18-3537_S04\MD18-3537_S04_XRF\XRF data\L000322.spe,805,104,730,888,5719,14969,4508,178,1602,1169,97854,182,254,469,113,82,58,831,1169,225,746,114,171,208,101,188,102,1786,0,123,0,5,170,46,228,24877,11811
5300.5,C:\Data\20260323_MD18-3537\20260324_MD18-3537_S04\MD18-3537_S04_XRF\XRF data\L000323.spe,807.5,65,710,890,5994,14306,4508,106,1612,1116,98409,163,306,513,318,73,0,881,1168,319,529,115,196,218,117,143,195,1982,0,182,118,0,31,283,282,25285,13465
5303,C:\Data\20260323_MD18-3537\20260324_MD18-3537_S04\MD18-3537_S04_XRF\XRF data\L000324.spe,810,80,715,939,5825,15961,4476,94,1801,1191,101304,221,279,492,276,0,188,471,1068,265,500,109,221,233,144,158,204,1951,0,82,147,0,51,108,0,24544,10872
5305.5,C:\Data\20260323_MD18-3537\20260324_MD18-3537_S04\MD18-3537_S04_XRF\XRF data\L000325.spe,812.5,108,765,876,5717,17573,4686,194,1632,1107,100698,207,203,462,208,154,74,656,1093,199,538,57,195,109,96,183,271,1584,0,145,17,0,106,212,89,22962,9300
5308,C:\Data\20260323_MD18-3537\20260324_MD18-3537_S04\MD18-3537_S04_XRF\XRF data\L000326.spe,815,95,703,945,5570,18445,4543,165,1623,1165,98892,122,170,413,173,0,162,527,1037,384,447,179,239,316,79,122,316,2131,0,117,135,0,59,147,0,23983,12883
5310.5,C:\Data\20260323_MD18-3537\20260324_MD18-3537_S04\MD18-3537_S04_XRF\XRF data\L000327.spe,817.5,68,725,963,5538,20305,4290,154,1583,1245,97986,118,202,490,188,125,36,196,1167,334,544,93,250,270,86,150,354,2242,0,112,86,0,127,186,178,23310,11156
5313,C:\Data\20260323_MD18-3537\20260324_MD18-3537_S04\MD18-3537_S04_XRF\XRF data\L000328.spe,820,71,727,921,5608,20662,4374,165,1578,1314,97984,175,173,477,153,186,0,423,1240,242,578,90,224,203,101,186,282,1894,0,166,189,47,191,48,122,22774,10445
5315.5,C:\Data\20260323_MD18-3537\20260324_MD18-3537_S04\MD18-3537_S04_XRF\XRF data\L000329.spe,822.5,97,696,866,6221,15722,4569,195,1578,1245,101972,80,326,498,28,185,0,495,1085,290,544,108,198,264,114,127,138,2078,0,166,147,0,171,151,234,24144,14017
5318,C:\Data\20260323_MD18-3537\20260324_MD18-3537_S04\MD18-3537_S04_XRF\XRF data\L000330.spe,825,42,621,873,6302,11420,4445,159,1610,1249,105104,84,266,430,107,13,164,477,1158,371,532,76,137,268,114,152,209,2212,0,194,268,0,80,137,42,25385,10279
5320.5,C:\Data\20260323_MD18-3537\20260324_MD18-3537_S04\MD18-3537_S04_XRF\XRF data\L000331.spe,827.5,93,663,888,5971,13158,4434,172,1580,1368,104600,95,313,474,272,116,106,907,889,195,441,151,143,215,97,160,324,2295,0,188,180,0,197,271,220,23535,9024
5323,C:\Data\20260323_MD18-3537\20260324_MD18-3537_S04\MD18-3537_S04_XRF\XRF data\L000332.spe,830,105,695,985,5743,15050,4465,228,1520,1391,100255,113,251,490,255,115,69,1113,1187,234,520,114,157,172,104,221,275,2209,0,173,21,0,97,72,99,24494,12512
5325.5,C:\Data\20260323_MD18-3537\20260324_MD18-3537_S04\MD18-3537_S04_XRF\XRF data\L000333.spe,832.5,75,628,981,5634,15103,4431,170,1740,1233,97191,125,274,537,106,123,30,337,1050,328,434,96,162,261,78,136,154,2048,0,139,97,0,220,66,220,23593,9798
5328,C:\Data\20260323_MD18-3537\20260324_MD18-3537_S04\MD18-3537_S04_XRF\XRF data\L000334.spe,835,97,682,928,6294,8507,4492,181,1670,1206,108664,103,261,519,213,157,0,630,886,190,405,130,135,192,100,161,283,2279,0,204,157,0,204,209,286,23155,9840
5330.5,C:\Data\20260323_MD18-3537\20260324_MD18-3537_S04\MD18-3537_S04_XRF\XRF data\L000335.spe,837.5,115,717,894,6391,9370,4569,241,1762,1186,110383,112,287,568,142,136,42,478,907,235,463,132,123,245,93,173,314,2167,0,195,227,0,217,266,123,24750,13766
5333,C:\Data\20260323_MD18-3537\20260324_MD18-3537_S04\MD18-3537_S04_XRF\XRF data\L000336.spe,840,82,758,860,6447,11378,4571,135,1616,1257,108762,99,250,491,185,32,160,457,1080,285,444,130,137,231,110,191,201,1959,0,191,318,0,152,118,26,24480,13650
5335.5,C:\Data\20260323_MD18-3537\20260324_MD18-3537_S04\MD18-3537_S04_XRF\XRF data\L000337.spe,842.5,83,726,932,6120,13252,4685,165,1637,1149,109146,54,224,475,232,0,231,751,1044,214,493,57,223,257,101,127,300,2528,0,193,281,16,120,145,0,24129,13404
5338,C:\Data\20260323_MD18-3537\20260324_MD18-3537_S04\MD18-3537_S04_XRF\XRF data\L000338.spe,845,63,712,942,5878,13337,4525,167,1689,1165,105398,104,207,569,53,161,0,5,1046,400,496,104,191,241,114,200,241,2479,0,148,252,8,184,234,291,23738,10613
5343,C:\Data\20260323_MD18-3537\20260324_MD18-3537_S04\MD18-3537_S04_XRF\XRF data\L000340.spe,850,79,741,974,5209,14820,4450,202,1625,1085,92046,88,187,420,0,339,22,645,1099,253,694,103,196,161,113,204,226,2229,0,135,180,0,260,194,343,24122,12792
5345.5,C:\Data\20260323_MD18-3537\20260324_MD18-3537_S04\MD18-3537_S04_XRF\XRF data\L000341.spe,852.5,111,666,877,5931,11281,4546,180,1665,1181,102286,142,325,515,202,109,220,819,1019,271,491,60,92,272,110,108,260,2302,0,176,111,0,240,272,0,23749,7735
5350.5,C:\Data\20260323_MD18-3537\20260324_MD18-3537_S04\MD18-3537_S04_XRF\XRF data\L000343.spe,857.5,114,769,930,6112,10618,4319,207,1510,1184,103743,194,285,505,240,110,71,437,999,342,437,74,113,252,103,76,78,1684,0,59,20,50,114,202,100,25100,9530
5353,C:\Data\20260323_MD18-3537\20260324_MD18-3537_S04\MD18-3537_S04_XRF\XRF data\L000344.spe,860,97,721,1005,5781,11547,4525,186,1548,1223,102399,145,380,520,171,154,54,790,1006,280,568,130,130,94,100,242,176,2068,0,180,44,0,145,174,313,24412,9281
5355.5,C:\Data\20260323_MD18-3537\20260324_MD18-3537_S04\MD18-3537_S04_XRF\XRF data\L000345.spe,862.5,72,673,995,5773,12132,4631,157,1489,1096,97763,217,288,471,197,110,144,554,1104,351,635,57,150,147,133,137,161,1723,0,128,140,0,179,258,0,25275,12344
5358,C:\Data\20260323_MD18-3537\20260324_MD18-3537_S04\MD18-3537_S04_XRF\XRF data\L000346.spe,865,62,752,1018,5614,13828,4611,109,1628,1073,96614,200,214,496,113,262,134,568,1111,311,570,76,146,109,161,220,247,1619,0,123,93,0,231,114,88,24367,9433
5360.5,C:\Data\20260323_MD18-3537\20260324_MD18-3537_S04\MD18-3537_S04_XRF\XRF data\L000347.spe,867.5,92,736,922,5654,13502,4505,163,1683,1067,95382,37,221,407,240,124,0,478,1019,234,688,66,178,261,106,158,168,2171,0,183,104,0,159,145,231,22798,10539
5363,C:\Data\20260323_MD18-3537\20260324_MD18-3537_S04\MD18-3537_S04_XRF\XRF data\L000348.spe,870,79,752,900,6105,12938,4651,224,1640,1226,106644,64,265,551,213,87,120,595,958,259,518,136,219,226,90,180,220,2437,0,219,81,0,180,217,164,23800,8520
5365.5,C:\Data\20260323_MD18-3537\20260324_MD18-3537_S04\MD18-3537_S04_XRF\XRF data\L000349.spe,872.5,130,788,842,6203,13050,4653,162,1547,1277,107788,145,300,504,158,93,101,0,1038,390,526,72,226,259,76,139,209,2084,0,154,64,0,102,156,86,24257,11032
5368,C:\Data\20260323_MD18-3537\20260324_MD18-3537_S04\MD18-3537_S04_XRF\XRF data\L000350.spe,875,111,726,797,6461,10895,4825,216,1610,1114,108492,113,307,486,112,212,0,136,1051,341,444,81,118,188,92,190,278,2117,0,166,143,0,189,197,379,24038,13100
5370.5,C:\Data\20260323_MD18-3537\20260324_MD18-3537_S04\MD18-3537_S04_XRF\XRF data\L000351.spe,877.5,130,776,786,7011,5276,4574,142,1644,1149,111027,26,278,509,107,31,198,687,869,214,569,125,64,221,99,207,201,2397,0,237,224,0,163,66,0,24956,11794
5373,C:\Data\20260323_MD18-3537\20260324_MD18-3537_S04\MD18-3537_S04_XRF\XRF data\L000352.spe,880,117,812,788,6584,8103,4761,239,1592,973,111114,127,229,540,282,133,105,609,962,283,625,108,73,306,83,161,259,1899,0,205,0,0,114,117,0,24297,11456
5375.5,C:\Data\20260323_MD18-3537\20260324_MD18-3537_S04\MD18-3537_S04_XRF\XRF data\L000353.spe,882.5,126,799,826,6635,9355,4775,161,1653,976,108664,67,309,550,182,12,189,413,911,253,473,116,83,225,131,200,146,2421,0,199,145,0,164,153,0,24838,10788
5378,C:\Data\20260323_MD18-3537\20260324_MD18-3537_S04\MD18-3537_S04_XRF\XRF data\L000354.spe,885,94,896,805,6414,10390,4593,169,1724,896,103004,204,346,522,320,73,167,1115,1139,243,565,79,112,196,115,151,109,1627,0,130,0,81,63,246,15,25860,10827
5380.5,C:\Data\20260323_MD18-3537\20260324_MD18-3537_S04\MD18-3537_S04_XRF\XRF data\L000355.spe,887.5,112,832,881,6472,10100,4664,194,1593,888,103033,106,250,502,277,25,108,706,1005,177,564,106,122,293,133,149,239,1991,0,166,227,0,119,99,82,24911,9202
5383,C:\Data\20260323_MD18-3537\20260324_MD18-3537_S04\MD18-3537_S04_XRF\XRF data\L000356.spe,890,103,803,782,6553,9691,4616,218,1680,843,105497,245,315,572,203,185,194,772,992,245,618,82,101,233,110,194,236,1731,0,107,8,55,148,78,83,25047,10309
5385.5,C:\Data\20260323_MD18-3537\20260324_MD18-3537_S04\MD18-3537_S04_XRF\XRF data\L000357.spe,892.5,177,824,875,6361,9793,4623,241,1621,939,103474,78,275,553,220,71,132,924,1082,217,553,145,92,243,103,151,142,1947,0,160,91,0,86,211,124,24581,8322
5388,C:\Data\20260323_MD18-3537\20260324_MD18-3537_S04\MD18-3537_S04_XRF\XRF data\L000358.spe,895,105,762,872,6235,10269,4626,197,1709,926,104214,129,278,529,236,295,0,960,989,222,443,97,75,221,133,149,259,2044,0,170,169,0,195,166,209,25057,10503
5390.5,C:\Data\20260323_MD18-3537\20260324_MD18-3537_S04\MD18-3537_S04_XRF\XRF data\L000359.spe,897.5,101,758,916,6053,10316,4485,223,1576,902,100844,121,226,461,339,404,37,688,969,180,565,113,109,201,122,182,229,2197,0,140,71,27,118,143,38,24485,9357
5393,C:\Data\20260323_MD18-3537\20260324_MD18-3537_S04\MD18-3537_S04_XRF\XRF data\L000360.spe,900,127,775,844,6054,10203,4475,280,1605,1023,102307,206,312,572,234,109,76,339,1010,379,590,95,92,156,93,189,155,1925,0,123,0,52,104,197,127,25421,11660
5395.5,C:\Data\20260323_MD18-3537\20260324_MD18-3537_S04\MD18-3537_S04_XRF\XRF data\L000361.spe,902.5,102,677,934,6036,9983,4316,208,1490,1061,104145,215,347,508,260,202,0,615,866,230,530,117,82,223,120,157,128,1662,0,165,218,17,178,205,199,25102,10374
5398,C:\Data\20260323_MD18-3537\20260324_MD18-3537_S04\MD18-3537_S04_XRF\XRF data\L000362.spe,905,111,691,924,5949,11631,4382,281,1773,894,105176,80,338,580,308,51,220,657,1036,286,545,79,168,183,60,162,287,2238,0,153,250,0,57,202,0,25287,8491
5400.5,C:\Data\20260323_MD18-3537\20260324_MD18-3537_S04\MD18-3537_S04_XRF\XRF data\L000363.spe,907.5,105,712,948,5805,12030,4303,181,1526,1063,105195,178,265,492,73,235,172,772,983,201,562,147,126,209,93,175,160,1787,0,170,322,0,96,132,81,24178,11612
5403,C:\Data\20260323_MD18-3537\20260324_MD18-3537_S04\MD18-3537_S04_XRF\XRF data\L000364.spe,910,55,671,990,5780,11934,4392,150,1678,976,104029,139,261,526,141,91,65,510,876,249,556,55,133,146,96,220,247,2076,0,156,249,0,192,159,206,24339,10139
5405.5,C:\Data\20260323_MD18-3537\20260324_MD18-3537_S04\MD18-3537_S04_XRF\XRF data\L000365.spe,912.5,108,681,915,5598,12549,4324,236,1620,972,103261,172,176,438,116,0,154,915,977,178,535,118,127,180,95,172,194,2115,0,116,372,12,114,50,68,25304,11867
5408,C:\Data\20260323_MD18-3537\20260324_MD18-3537_S04\MD18-3537_S04_XRF\XRF data\L000366.spe,915,62,678,906,5516,12968,4185,208,1607,955,100889,137,311,522,189,307,0,554,990,304,433,149,140,214,112,156,257,2170,0,204,192,46,220,262,334,24542,11623
5410.5,C:\Data\20260323_MD18-3537\20260324_MD18-3537_S04\MD18-3537_S04_XRF\XRF data\L000367.spe,917.5,97,684,908,5606,13581,4369,164,1688,991,101192,140,282,497,180,26,247,510,1024,295,580,100,209,224,96,151,282,2251,0,199,76,19,152,186,0,23948,11641
5413,C:\Data\20260323_MD18-3537\20260324_MD18-3537_S04\MD18-3537_S04_XRF\XRF data\L000368.spe,920,105,689,905,5520,14161,4406,136,1622,1150,98927,123,315,429,102,140,92,0,1040,524,546,88,175,227,122,152,211,1983,0,138,51,0,53,99,195,25104,13072
5415.5,C:\Data\20260323_MD18-3537\20260324_MD18-3537_S04\MD18-3537_S04_XRF\XRF data\L000369.spe,922.5,69,737,845,5658,14823,4239,208,1587,1046,98094,142,195,453,181,220,48,0,1118,389,505,82,172,223,91,152,261,2119,0,115,137,0,183,141,278,24601,10604
5418,C:\Data\20260323_MD18-3537\20260324_MD18-3537_S04\MD18-3537_S04_XRF\XRF data\L000370.spe,925,116,719,891,5425,15233,4536,177,1631,1203,98849,268,297,483,175,182,84,445,1104,244,570,103,69,181,121,176,259,1727,0,120,42,7,143,53,33,24457,9275
5420.5,C:\Data\20260323_MD18-3537\20260324_MD18-3537_S04\MD18-3537_S04_XRF\XRF data\L000371.spe,927.5,86,679,870,5481,13902,4623,120,1566,1110,100300,129,191,531,168,152,56,641,1103,243,504,126,163,239,89,129,335,2124,0,185,257,0,183,195,138,25211,9333
5423,C:\Data\20260323_MD18-3537\20260324_MD18-3537_S04\MD18-3537_S04_XRF\XRF data\L000372.spe,930,60,724,896,5362,14620,4459,232,1587,996,94784,160,213,439,80,144,68,162,1050,250,590,57,182,147,99,182,253,1836,0,158,244,0,184,18,128,24205,11724
5425.5,C:\Data\20260323_MD18-3537\20260324_MD18-3537_S04\MD18-3537_S04_XRF\XRF data\L000373.spe,932.5,93,701,926,4997,15040,4451,135,1619,1058,90317,130,250,407,46,30,48,294,1158,313,548,87,161,240,58,148,184,2238,0,118,214,0,146,95,0,25016,11791
5428,C:\Data\20260323_MD18-3537\20260324_MD18-3537_S04\MD18-3537_S04_XRF\XRF data\L000374.spe,935,47,683,874,5363,11779,4567,186,1614,1125,98317,166,261,477,265,129,4,287,1119,223,541,32,127,181,107,167,270,1808,0,123,150,31,112,283,228,24340,10430
5433,C:\Data\20260323_MD18-3537\20260324_MD18-3537_S04\MD18-3537_S04_XRF\XRF data\L000376.spe,940,63,570,951,4790,11799,3971,175,1555,858,87618,113,234,503,63,0,164,687,1100,222,600,60,158,178,77,146,230,1845,0,112,45,0,210,129,0,24034,9564
5435.5,C:\Data\20260323_MD18-3537\20260324_MD18-3537_S04\MD18-3537_S04_XRF\XRF data\L000377.spe,942.5,120,695,882,5342,9143,4029,250,1586,1094,95020,148,242,459,87,10,144,228,1001,224,627,101,91,218,58,130,200,1870,0,146,235,0,228,250,90,23418,10292
5438,C:\Data\20260323_MD18-3537\20260324_MD18-3537_S04\MD18-3537_S04_XRF\XRF data\L000378.spe,945,75,822,807,6367,8038,4364,164,1697,956,103982,162,273,510,241,173,189,439,935,313,411,81,105,201,101,202,243,2062,0,178,139,5,120,214,0,25719,13293
5440.5,C:\Data\20260323_MD18-3537\20260324_MD18-3537_S04\MD18-3537_S04_XRF\XRF data\L000379.spe,947.5,98,707,847,5587,11687,4528,176,1584,980,98711,113,205,475,206,253,175,243,874,280,471,117,121,145,109,223,299,2089,0,186,28,0,106,49,41,23966,10577
5443,C:\Data\20260323_MD18-3537\20260324_MD18-3537_S04\MD18-3537_S04_XRF\XRF data\L000380.spe,950,85,717,932,5468,11323,4384,173,1694,937,100328,57,134,491,148,208,75,460,1042,362,581,87,156,279,99,124,210,2130,0,196,267,0,188,220,162,23350,11024
5445.5,C:\Data\20260323_MD18-3537\20260324_MD18-3537_S04\MD18-3537_S04_XRF\XRF data\L000381.spe,952.5,117,823,991,5837,11057,4375,223,1763,940,99136,92,211,453,270,140,130,257,1086,313,660,89,157,279,109,138,223,2078,0,205,105,0,135,125,66,24759,10950
5448,C:\Data\20260323_MD18-3537\20260324_MD18-3537_S04\MD18-3537_S04_XRF\XRF data\L000382.spe,955,123,686,1019,5215,12106,4330,119,1664,975,93232,259,345,424,46,151,162,226,1194,343,644,50,117,130,117,170,168,1762,0,104,120,0,186,66,5,25819,10919
5450.5,C:\Data\20260323_MD18-3537\20260324_MD18-3537_S04\MD18-3537_S04_XRF\XRF data\L000383.spe,957.5,66,673,1088,4725,11929,4207,105,1672,1010,84848,221,301,419,45,314,18,608,1173,224,658,90,100,126,56,206,115,1959,0,62,0,0,272,46,310,25327,13283
5453,C:\Data\20260323_MD18-3537\20260324_MD18-3537_S04\MD18-3537_S04_XRF\XRF data\L000384.spe,960,63,637,1220,4418,12387,3857,102,1675,843,81969,269,246,413,223,62,49,445,1288,359,725,69,177,140,105,197,244,1540,0,0,0,35,81,213,182,25873,11605
5455.5,C:\Data\20260323_MD18-3537\20260324_MD18-3537_S04\MD18-3537_S04_XRF\XRF data\L000385.spe,962.5,66,576,1202,4278,12216,3778,160,1796,863,76699,246,308,416,212,206,31,403,1212,244,760,21,115,103,81,171,262,1581,0,49,66,12,159,248,264,25796,10413
5458,C:\Data\20260323_MD18-3537\20260324_MD18-3537_S04\MD18-3537_S04_XRF\XRF data\L000386.spe,965,92,657,1059,4275,12623,3858,175,1693,1019,77834,272,206,388,153,105,97,274,1263,202,741,61,163,82,127,228,145,1654,0,55,0,36,159,42,73,24838,11305
5460.5,C:\Data\20260323_MD18-3537\20260324_MD18-3537_S04\MD18-3537_S04_XRF\XRF data\L000387.spe,967.5,80,630,1055,4443,12581,3970,159,1652,844,82379,160,260,406,105,190,71,424,1138,210,756,86,132,187,82,156,224,1704,0,26,147,0,150,59,80,23626,10939
5463,C:\Data\20260323_MD18-3537\20260324_MD18-3537_S04\MD18-3537_S04_XRF\XRF data\L000388.spe,970,113,686,952,5161,10613,4203,239,1619,970,92330,117,289,391,117,174,87,568,1105,217,520,103,139,195,96,165,227,1974,0,162,101,0,205,218,180,24304,10566
5465.5,C:\Data\20260323_MD18-3537\20260324_MD18-3537_S04\MD18-3537_S04_XRF\XRF data\L000389.spe,972.5,72,702,844,6143,9074,4288,227,1611,926,103589,101,149,484,156,265,69,243,890,283,435,106,122,330,78,129,169,2064,0,176,266,0,110,30,125,23572,13137
5468,C:\Data\20260323_MD18-3537\20260324_MD18-3537_S04\MD18-3537_S04_XRF\XRF data\L000390.spe,975,96,706,800,6071,9730,4416,232,1574,968,106753,155,116,551,124,115,8,73,972,284,486,96,127,226,91,143,211,2278,0,147,321,0,186,73,226,23794,9680
5470.5,C:\Data\20260323_MD18-3537\20260324_MD18-3537_S04\MD18-3537_S04_XRF\XRF data\L000391.spe,977.5,77,594,870,5672,10182,4317,200,1531,893,104681,177,243,514,160,250,84,827,944,225,442,167,114,231,123,109,223,2191,0,138,182,0,180,172,147,23510,9622
5473,C:\Data\20260323_MD18-3537\20260324_MD18-3537_S04\MD18-3537_S04_XRF\XRF data\L000392.spe,980,113,746,929,6146,10964,4584,206,1682,1017,110144,211,305,455,163,52,111,389,943,290,480,154,126,235,88,129,178,1551,0,160,176,0,116,180,78,23955,9596
5475.5,C:\Data\20260323_MD18-3537\20260324_MD18-3537_S04\MD18-3537_S04_XRF\XRF data\L000393.spe,982.5,82,750,765,6169,12696,4727,240,1708,1007,107310,181,210,461,177,209,142,493,943,308,476,46,111,124,79,202,187,2073,0,181,141,0,193,125,90,24329,10090
5478,C:\Data\20260323_MD18-3537\20260324_MD18-3537_S04\MD18-3537_S04_XRF\XRF data\L000394.spe,985,98,856,850,6136,15875,4393,188,1572,1055,102790,187,351,473,190,235,146,198,1009,347,511,37,160,213,124,178,210,1969,0,150,0,5,133,187,109,24180,11979
5480.5,C:\Data\20260323_MD18-3537\20260324_MD18-3537_S04\MD18-3537_S04_XRF\XRF data\L000395.spe,987.5,121,761,842,5896,18357,4360,66,1715,1045,95931,149,266,468,67,104,54,71,1063,290,539,82,219,243,105,171,291,2170,0,136,203,0,187,184,237,23672,12519
5483,C:\Data\20260323_MD18-3537\20260324_MD18-3537_S04\MD18-3537_S04_XRF\XRF data\L000396.spe,990,77,752,895,5434,21153,4272,154,1563,1101,90385,179,287,444,274,85,0,376,1205,242,531,81,295,136,121,207,271,1746,0,111,44,30,105,184,255,23571,12839
5485.5,C:\Data\20260323_MD18-3537\20260324_MD18-3537_S04\MD18-3537_S04_XRF\XRF data\L000397.spe,992.5,103,715,888,5148,19093,4290,202,1555,1114,89302,214,268,401,190,150,0,204,1272,290,529,94,261,145,103,176,285,1776,0,72,0,0,145,165,241,24478,12430
5488,C:\Data\20260323_MD18-3537\20260324_MD18-3537_S04\MD18-3537_S04_XRF\XRF data\L000398.spe,995,62,700,837,5871,14478,4618,164,1620,1425,101705,81,352,520,90,89,93,316,1122,345,573,133,161,241,128,169,117,2186,0,243,88,0,220,174,154,23383,11742
5490.5,C:\Data\20260323_MD18-3537\20260324_MD18-3537_S04\MD18-3537_S04_XRF\XRF data\L000399.spe,997.5,96,793,803,6369,8781,4632,208,1588,1120,108001,100,297,563,177,207,65,792,1034,256,468,69,44,202,81,199,271,2214,0,176,141,0,149,116,178,24936,9093
5493,C:\Data\20260323_MD18-3537\20260324_MD18-3537_S04\MD18-3537_S04_XRF\XRF data\L000400.spe,1000,77,712,959,5839,7259,4456,177,1695,856,105300,134,225,534,234,108,166,500,855,347,504,70,73,189,118,187,259,2286,0,156,184,0,151,276,84,25159,11810
5495.5,C:\Data\20260323_MD18-3537\20260324_MD18-3537_S04\MD18-3537_S04_XRF\XRF data\L000401.spe,1002.5,120,714,951,6125,7790,4467,199,1687,850,106208,138,297,480,118,220,22,0,942,323,637,86,91,175,119,170,246,1782,0,123,0,0,244,210,267,23341,12596
5498,C:\Data\20260323_MD18-3537\20260324_MD18-3537_S04\MD18-3537_S04_XRF\XRF data\L000402.spe,1005,87,714,928,5966,7867,4453,202,1762,856,105746,131,193,498,152,82,144,390,989,300,654,94,110,211,87,221,238,2063,0,208,262,0,187,138,0,24273,11107
5500.5,C:\Data\20260323_MD18-3537\20260324_MD18-3537_S04\MD18-3537_S04_XRF\XRF data\L000403.spe,1007.5,85,705,806,5975,7800,4407,201,1658,914,103762,42,171,503,155,39,115,309,906,217,599,116,107,213,80,173,180,2206,0,227,252,0,246,143,169,23064,10909
5503,C:\Data\20260323_MD18-3537\20260324_MD18-3537_S04\MD18-3537_S04_XRF\XRF data\L000404.spe,1010,102,744,861,6046,8063,4560,250,1684,875,103087,77,270,538,363,56,134,439,907,321,615,54,118,176,106,213,181,2230,0,189,153,0,58,165,31,24238,12601
5505.5,C:\Data\20260323_MD18-3537\20260324_MD18-3537_S04\MD18-3537_S04_XRF\XRF data\L000405.spe,1012.5,94,705,1001,6088,8360,4523,242,1748,869,105166,75,220,508,143,234,143,758,973,179,540,101,103,190,121,235,351,2267,0,251,180,32,152,164,72,25241,9419
5508,C:\Data\20260323_MD18-3537\20260324_MD18-3537_S04\MD18-3537_S04_XRF\XRF data\L000406.spe,1015,102,761,868,6179,9443,4446,205,1768,888,106096,61,173,438,180,170,167,812,1027,251,599,123,144,251,80,172,220,2120,0,133,225,0,178,141,145,23946,10162
5510.5,C:\Data\20260323_MD18-3537\20260324_MD18-3537_S04\MD18-3537_S04_XRF\XRF data\L000407.spe,1017.5,109,783,864,6102,8864,4513,162,1685,798,104423,158,254,508,168,123,145,873,1001,324,534,138,100,219,128,155,295,2175,0,105,200,0,186,162,61,26087,13451
5515.5,C:\Data\20260323_MD18-3537\20260324_MD18-3537_S04\MD18-3537_S04_XRF\XRF data\L000409.spe,1022.5,110,787,850,5799,9300,4623,174,1701,771,98114,284,263,476,196,95,95,528,1094,301,473,61,101,149,121,182,299,1688,0,66,290,0,134,209,106,24637,10346
5520.5,C:\Data\20260323_MD18-3537\20260324_MD18-3537_S04\MD18-3537_S04_XRF\XRF data\L000411.spe,1027.5,126,748,873,7019,5969,4470,186,1790,917,107517,164,280,523,199,151,152,677,949,284,431,103,48,243,107,150,191,2141,0,164,243,0,252,177,129,25341,11471
5523,C:\Data\20260323_MD18-3537\20260324_MD18-3537_S04\MD18-3537_S04_XRF\XRF data\L000412.spe,1030,154,777,818,7112,7104,4390,190,1679,944,108193,150,312,534,100,200,140,883,878,183,568,131,50,225,132,190,162,2266,0,152,192,0,183,68,126,24551,10736
5528,C:\Data\20260323_MD18-3537\20260324_MD18-3537_S04\MD18-3537_S04_XRF\XRF data\L000414.spe,1035,142,799,844,6936,9801,4571,182,1685,852,107108,197,290,597,279,21,140,436,942,210,472,71,163,246,117,136,290,1932,0,133,185,29,40,195,27,25442,8746
5530.5,C:\Data\20260323_MD18-3537\20260324_MD18-3537_S04\MD18-3537_S04_XRF\XRF data\L000415.spe,1037.5,114,714,873,6420,10457,4424,173,1555,906,105017,75,167,487,108,95,131,381,1017,345,453,118,149,180,129,192,182,2073,0,183,219,0,237,303,193,25563,8946
5533,C:\Data\20260323_MD18-3537\20260324_MD18-3537_S04\MD18-3537_S04_XRF\XRF data\L000416.spe,1040,87,787,903,5918,11850,4422,225,1692,928,102480,291,246,535,144,197,25,670,1039,255,509,167,120,174,106,145,148,1768,0,148,74,100,171,52,197,25405,10963
5535.5,C:\Data\20260323_MD18-3537\20260324_MD18-3537_S04\MD18-3537_S04_XRF\XRF data\L000417.spe,1042.5,111,689,888,5932,12962,4548,111,1612,1016,101827,86,342,493,193,180,168,199,995,324,496,125,176,190,125,197,213,1965,0,181,163,0,141,64,215,23234,11304
5538,C:\Data\20260323_MD18-3537\20260324_MD18-3537_S04\MD18-3537_S04_XRF\XRF data\L000418.spe,1045,106,777,822,5825,14268,4648,117,1696,1056,101164,131,275,503,233,219,0,662,1103,289,573,140,155,232,117,210,241,2002,0,148,175,0,181,305,371,24738,11683
5540.5,C:\Data\20260323_MD18-3537\20260324_MD18-3537_S04\MD18-3537_S04_XRF\XRF data\L000419.spe,1047.5,86,724,922,6040,13912,4513,165,1737,1151,100566,145,229,528,36,30,19,653,1132,387,651,78,117,192,133,229,205,1986,0,152,199,0,252,171,302,25131,12097
5543,C:\Data\20260323_MD18-3537\20260324_MD18-3537_S04\MD18-3537_S04_XRF\XRF data\L000420.spe,1050,84,772,929,6053,13143,4694,205,1678,1339,100798,236,336,448,167,34,196,631,1157,330,609,51,157,202,81,139,347,1722,0,123,213,0,138,181,0,25387,10990
5545.5,C:\Data\20260323_MD18-3537\20260324_MD18-3537_S04\MD18-3537_S04_XRF\XRF data\L000421.spe,1052.5,51,720,831,5940,11996,4548,264,1637,1369,103076,161,305,509,0,123,133,741,1124,187,630,109,136,205,70,152,227,2059,0,106,196,0,219,129,120,24419,7935
5548,C:\Data\20260323_MD18-3537\20260324_MD18-3537_S04\MD18-3537_S04_XRF\XRF data\L000422.spe,1055,132,760,975,6105,11548,4646,309,1646,1490,105418,343,320,555,89,174,40,621,1115,285,556,65,123,106,128,191,241,1277,0,56,0,42,253,147,153,25585,9688
5550.5,C:\Data\20260323_MD18-3537\20260324_MD18-3537_S04\MD18-3537_S04_XRF\XRF data\L000423.spe,1057.5,60,741,908,5917,12020,4766,204,1642,1348,102408,352,341,628,167,274,55,922,1108,195,568,106,174,66,128,234,297,1454,0,128,0,36,228,56,255,24683,11208
5553,C:\Data\20260323_MD18-3537\20260324_MD18-3537_S04\MD18-3537_S04_XRF\XRF data\L000424.spe,1060,124,774,985,5549,12311,4685,186,1749,1214,99052,132,252,514,206,157,104,493,1054,385,684,120,179,150,76,197,328,1938,0,219,322,0,56,253,142,25126,10530
5555.5,C:\Data\20260323_MD18-3537\20260324_MD18-3537_S04\MD18-3537_S04_XRF\XRF data\L000425.spe,1062.5,97,746,975,5599,12827,4384,278,1645,1226,94637,175,223,469,192,38,121,681,1132,269,684,51,106,180,80,153,149,1883,0,124,207,9,104,163,0,24905,10609
5558,C:\Data\20260323_MD18-3537\20260324_MD18-3537_S04\MD18-3537_S04_XRF\XRF data\L000426.spe,1065,80,795,1033,5514,13271,4342,207,1522,1137,92264,225,197,510,56,272,0,519,1175,196,643,58,216,140,120,166,194,1780,0,58,115,83,279,163,171,24530,11504
5560.5,C:\Data\20260323_MD18-3537\20260324_MD18-3537_S04\MD18-3537_S04_XRF\XRF data\L000427.spe,1067.5,128,693,1002,5266,12309,4190,112,1587,946,85880,206,280,463,164,133,131,401,1133,225,739,91,153,208,94,117,247,1478,0,56,54,16,143,199,19,23636,9912
5563,C:\Data\20260323_MD18-3537\20260324_MD18-3537_S04\MD18-3537_S04_XRF\XRF data\L000428.spe,1070,67,730,1053,4934,12376,4196,201,1585,892,84638,243,315,480,227,196,58,746,1162,228,662,0,137,191,79,156,290,1438,0,36,0,27,94,220,327,24279,10984
5565.5,C:\Data\20260323_MD18-3537\20260324_MD18-3537_S04\MD18-3537_S04_XRF\XRF data\L000429.spe,1072.5,126,581,1017,4818,11857,3830,214,1621,953,82129,274,337,426,285,0,118,445,1193,294,695,37,132,140,69,132,285,1193,0,82,47,57,44,123,27,25007,6879
5568,C:\Data\20260323_MD18-3537\20260324_MD18-3537_S04\MD18-3537_S04_XRF\XRF data\L000430.spe,1075,95,712,929,5422,11669,3956,176,1630,1279,86775,260,283,489,60,182,0,591,1094,262,549,38,134,223,85,133,208,1373,0,68,32,31,208,9,256,23340,8208
5570.5,C:\Data\20260323_MD18-3537\20260324_MD18-3537_S04\MD18-3537_S04_XRF\XRF data\L000431.spe,1077.5,92,704,897,5417,12189,4336,182,1600,1658,91769,257,289,477,98,138,40,0,1052,308,514,137,177,149,110,167,310,1632,0,97,161,41,118,224,294,24404,11582
5573,C:\Data\20260323_MD18-3537\20260324_MD18-3537_S04\MD18-3537_S04_XRF\XRF data\L000432.spe,1080,101,742,855,6141,11938,4459,213,1626,1215,97834,166,212,412,116,207,137,734,1059,299,560,76,139,235,94,149,289,1997,0,134,178,0,141,96,63,23713,8096
5575.5,C:\Data\20260323_MD18-3537\20260324_MD18-3537_S04\MD18-3537_S04_XRF\XRF data\L000433.spe,1082.5,109,725,906,6605,14437,4497,177,1633,1152,100386,287,308,563,193,161,54,592,1074,220,567,31,187,214,124,128,185,1358,0,96,0,51,237,137,197,24526,8396
5578,C:\Data\20260323_MD18-3537\20260324_MD18-3537_S04\MD18-3537_S04_XRF\XRF data\L000434.spe,1085,97,720,984,6270,14363,4711,122,1532,1091,98902,208,213,500,109,55,38,843,1111,240,426,101,186,192,105,154,258,1619,0,100,226,51,158,68,40,25249,11823
5580.5,C:\Data\20260323_MD18-3537\20260324_MD18-3537_S04\MD18-3537_S04_XRF\XRF data\L000435.spe,1087.5,135,772,859,6589,8027,4561,185,1666,838,107285,178,334,578,106,169,217,798,912,243,508,124,85,204,132,188,339,1869,0,183,157,31,188,91,0,25279,8945
5583,C:\Data\20260323_MD18-3537\20260324_MD18-3537_S04\MD18-3537_S04_XRF\XRF data\L000436.spe,1090,103,742,882,6897,9816,4616,274,1827,884,108067,138,255,596,255,391,21,904,919,328,520,78,92,276,118,116,208,1848,0,196,178,13,71,199,216,24660,10182
5585.5,C:\Data\20260323_MD18-3537\20260324_MD18-3537_S04\MD18-3537_S04_XRF\XRF data\L000437.spe,1092.5,98,759,873,6529,10663,4594,286,1545,892,106744,125,303,538,226,21,121,947,1044,302,450,131,125,185,129,158,218,1746,0,143,101,0,86,126,59,25454,12394
5588,C:\Data\20260323_MD18-3537\20260324_MD18-3537_S04\MD18-3537_S04_XRF\XRF data\L000438.spe,1095,124,778,861,6417,11356,4388,203,1713,862,103604,158,211,519,159,293,44,497,1013,320,618,49,137,232,87,182,338,1887,0,168,241,17,272,33,203,25204,8134
5590.5,C:\Data\20260323_MD18-3537\20260324_MD18-3537_S04\MD18-3537_S04_XRF\XRF data\L000439.spe,1097.5,76,790,918,6081,11659,4495,120,1643,898,101673,119,181,531,157,117,131,499,988,284,618,158,103,179,93,189,235,1984,0,144,272,13,203,158,116,24454,9706
5593,C:\Data\20260323_MD18-3537\20260324_MD18-3537_S04\MD18-3537_S04_XRF\XRF data\L000440.spe,1100,98,732,971,6017,11483,4660,167,1735,998,101608,97,232,511,163,199,25,1026,990,221,580,78,141,166,110,223,218,1836,0,210,274,0,129,151,157,24125,8954
5595.5,C:\Data\20260323_MD18-3537\20260324_MD18-3537_S04\MD18-3537_S04_XRF\XRF data\L000441.spe,1102.5,93,716,930,5838,12279,4513,179,1701,1050,97255,227,296,501,21,89,41,853,1049,255,585,95,139,132,157,198,180,1659,0,111,0,46,199,69,198,25213,10855
5598,C:\Data\20260323_MD18-3537\20260324_MD18-3537_S04\MD18-3537_S04_XRF\XRF data\L000442.spe,1105,65,752,969,5417,12160,4380,166,1619,980,91224,175,367,461,178,291,102,670,1130,194,862,98,88,110,97,173,276,1423,0,121,33,41,129,141,165,24431,10941
5600.5,C:\Data\20260323_MD18-3537\20260324_MD18-3537_S04\MD18-3537_S04_XRF\XRF data\L000443.spe,1107.5,116,675,1062,5175,12979,4238,146,1709,951,92838,152,243,504,118,175,109,380,1059,300,563,105,178,228,126,132,329,1902,0,114,224,0,209,112,128,24765,12084
5603,C:\Data\20260323_MD18-3537\20260324_MD18-3537_S04\MD18-3537_S04_XRF\XRF data\L000444.spe,1110,46,678,997,5344,13779,4076,98,1646,1001,86362,202,249,472,284,40,119,658,1242,137,589,96,166,227,71,121,237,1603,0,81,146,0,118,130,0,24460,11582
5605.5,C:\Data\20260323_MD18-3537\20260324_MD18-3537_S04\MD18-3537_S04_XRF\XRF data\L000445.spe,1112.5,114,675,877,5829,13665,4095,221,1616,1039,92672,222,326,522,262,117,229,0,1181,293,579,94,164,172,94,150,277,1688,0,122,9,37,72,157,64,24272,10030
5608,C:\Data\20260323_MD18-3537\20260324_MD18-3537_S04\MD18-3537_S04_XRF\XRF data\L000446.spe,1115,98,680,984,6084,14939,4180,159,1641,959,95836,183,269,503,0,76,194,414,1046,345,603,88,242,248,86,125,285,1537,0,63,113,27,244,216,0,23672,10540
5610.5,C:\Data\20260323_MD18-3537\20260324_MD18-3537_S04\MD18-3537_S04_XRF\XRF data\L000447.spe,1117.5,92,692,867,6278,14738,4373,180,1635,1067,98636,251,205,493,283,139,97,281,1017,324,533,99,228,189,125,143,155,1321,0,110,158,38,130,207,132,24061,6915
5613,C:\Data\20260323_MD18-3537\20260324_MD18-3537_S04\MD18-3537_S04_XRF\XRF data\L000448.spe,1120,72,650,890,6323,16017,4387,137,1623,1022,98789,182,173,468,58,0,187,905,1027,214,503,80,226,241,114,167,238,1710,0,140,330,15,201,215,55,24468,9031
5615.5,C:\Data\20260323_MD18-3537\20260324_MD18-3537_S04\MD18-3537_S04_XRF\XRF data\L000449.spe,1122.5,90,663,892,6366,16994,4385,226,1680,952,98263,172,312,487,102,115,119,931,961,270,493,86,153,143,87,209,299,1787,0,105,0,5,121,38,103,24362,9428
5618,C:\Data\20260323_MD18-3537\20260324_MD18-3537_S04\MD18-3537_S04_XRF\XRF data\L000450.spe,1125,68,675,907,6047,17410,4246,161,1573,1048,99466,171,246,491,175,296,67,522,1031,206,386,52,140,183,124,133,208,1319,0,137,71,0,114,81,181,24639,9482
5620.5,C:\Data\20260323_MD18-3537\20260324_MD18-3537_S04\MD18-3537_S04_XRF\XRF data\L000451.spe,1127.5,57,698,905,6077,18663,4395,146,1504,973,100909,260,312,490,28,171,0,529,985,245,534,75,213,206,97,135,256,1422,0,65,198,0,279,196,463,23677,9707
5623,C:\Data\20260323_MD18-3537\20260324_MD18-3537_S04\MD18-3537_S04_XRF\XRF data\L000452.spe,1130,99,674,931,6221,19595,4428,234,1536,1114,98312,170,302,542,48,86,117,765,1010,180,504,148,258,205,88,121,239,1656,0,83,200,0,271,157,81,23151,11341
5625.5,C:\Data\20260323_MD18-3537\20260324_MD18-3537_S04\MD18-3537_S04_XRF\XRF data\L000453.spe,1132.5,86,678,936,6077,20545,4473,199,1689,1333,98567,226,389,526,121,97,67,899,1189,299,557,74,242,170,82,185,159,1379,0,107,84,12,117,195,202,24184,11292
5628,C:\Data\20260323_MD18-3537\20260324_MD18-3537_S04\MD18-3537_S04_XRF\XRF data\L000454.spe,1135,80,684,892,6048,20405,4599,200,1635,1188,95533,205,294,489,225,255,0,1079,1168,218,474,128,274,148,108,164,253,1726,0,112,72,17,189,205,213,24081,9822
5630.5,C:\Data\20260323_MD18-3537\20260324_MD18-3537_S04\MD18-3537_S04_XRF\XRF data\L000455.spe,1137.5,119,739,819,6252,11189,4421,249,1697,1316,101173,158,315,542,101,106,146,765,1064,225,636,97,119,270,118,137,260,1909,0,174,219,22,156,192,160,23771,11200
5633,C:\Data\20260323_MD18-3537\20260324_MD18-3537_S04\MD18-3537_S04_XRF\XRF data\L000456.spe,1140,92,712,900,5924,10051,4179,277,1731,1360,101201,218,355,466,159,63,113,539,964,211,469,100,114,228,84,97,197,1581,0,35,214,13,224,156,87,24531,7465
5635.5,C:\Data\20260323_MD18-3537\20260324_MD18-3537_S04\MD18-3537_S04_XRF\XRF data\L000457.spe,1142.5,63,678,887,6123,9079,4376,143,1666,997,98303,267,280,514,137,388,0,709,1138,404,482,65,108,130,121,224,389,1681,0,111,299,47,227,223,377,25188,12540
5638,C:\Data\20260323_MD18-3537\20260324_MD18-3537_S04\MD18-3537_S04_XRF\XRF data\L000458.spe,1145,116,721,943,5947,9045,4259,197,1673,1041,98601,196,295,454,335,110,98,423,1314,247,320,115,105,132,126,186,223,1654,0,165,179,0,133,206,69,25832,10565
5640.5,C:\Data\20260323_MD18-3537\20260324_MD18-3537_S04\MD18-3537_S04_XRF\XRF data\L000459.spe,1147.5,77,674,847,6332,9284,4276,182,1652,920,101439,206,96,542,148,0,80,564,1190,189,470,116,79,176,104,189,310,1774,0,97,211,0,235,0,86,24562,11524
5643,C:\Data\20260323_MD18-3537\20260324_MD18-3537_S04\MD18-3537_S04_XRF\XRF data\L000460.spe,1150,135,725,839,6004,9754,4227,180,1524,966,102685,179,145,537,181,130,146,418,936,268,443,91,123,213,76,131,177,1784,0,99,113,45,132,248,76,23955,9747
5645.5,C:\Data\20260323_MD18-3537\20260324_MD18-3537_S04\MD18-3537_S04_XRF\XRF data\L000461.spe,1152.5,76,764,888,6057,10590,4444,196,1635,919,103740,263,237,503,303,68,105,602,960,245,466,149,111,227,122,151,245,1813,0,95,184,29,156,113,228,24572,10452
5648,C:\Data\20260323_MD18-3537\20260324_MD18-3537_S04\MD18-3537_S04_XRF\XRF data\L000462.spe,1155,115,699,920,5694,11395,4565,142,1544,991,100910,199,298,455,125,135,17,663,1013,262,474,150,153,162,142,178,245,1390,0,95,146,0,191,193,255,24156,9472
5650.5,C:\Data\20260323_MD18-3537\20260324_MD18-3537_S04\MD18-3537_S04_XRF\XRF data\L000463.spe,1157.5,89,732,917,5679,11855,4251,188,1706,933,95362,184,308,493,68,182,43,786,981,183,534,43,135,176,100,133,308,1581,0,77,161,16,220,172,270,24074,10553
5653,C:\Data\20260323_MD18-3537\20260324_MD18-3537_S04\MD18-3537_S04_XRF\XRF data\L000464.spe,1160,105,633,903,5571,11990,4303,211,1563,1098,92720,248,332,500,114,294,32,488,1014,304,610,52,174,104,103,199,155,1421,19,68,0,28,181,0,289,24343,9424
5655.5,C:\Data\20260323_MD18-3537\20260324_MD18-3537_S04\MD18-3537_S04_XRF\XRF data\L000465.spe,1162.5,103,703,951,5499,11832,4321,186,1679,1042,91686,199,272,489,59,127,0,857,1061,290,678,46,158,102,117,222,203,1561,0,84,0,20,195,44,172,24611,11097
5658,C:\Data\20260323_MD18-3537\20260324_MD18-3537_S04\MD18-3537_S04_XRF\XRF data\L000466.spe,1165,91,730,895,5647,10521,4307,181,1660,1073,93285,235,297,523,120,256,74,1022,1113,151,690,95,127,209,157,143,137,1439,0,103,176,63,173,118,324,23075,8619
5660.5,C:\Data\20260323_MD18-3537\20260324_MD18-3537_S04\MD18-3537_S04_XRF\XRF data\L000467.spe,1167.5,85,700,874,6575,6759,4514,158,1786,1284,106684,191,309,602,87,71,152,896,856,84,523,102,70,275,111,126,296,1741,0,142,116,67,232,134,0,23295,9543
5663,C:\Data\20260323_MD18-3537\20260324_MD18-3537_S04\MD18-3537_S04_XRF\XRF data\L000468.spe,1170,81,706,953,6370,7267,4377,171,1658,977,105804,229,289,534,100,0,164,814,856,285,421,66,91,205,147,177,277,1606,0,104,266,30,145,247,0,25235,10061
5665.5,C:\Data\20260323_MD18-3537\20260324_MD18-3537_S04\MD18-3537_S04_XRF\XRF data\L000469.spe,1172.5,88,689,919,6130,9756,4335,153,1742,1045,102885,222,261,495,141,58,128,732,975,248,695,31,88,167,107,180,243,1480,0,117,131,0,126,172,75,24053,12140
5668,C:\Data\20260323_MD18-3537\20260324_MD18-3537_S04\MD18-3537_S04_XRF\XRF data\L000470.spe,1175,82,729,904,6708,8433,4553,203,1663,997,107860,224,308,518,77,191,157,538,956,258,491,105,103,280,129,156,201,1788,0,107,172,35,156,0,0,25011,9354
5670.5,C:\Data\20260323_MD18-3537\20260324_MD18-3537_S04\MD18-3537_S04_XRF\XRF data\L000471.spe,1177.5,81,735,903,6456,12133,4544,140,1770,1032,106154,179,311,538,26,99,129,0,929,391,446,82,121,258,117,175,243,1705,0,103,57,0,184,103,147,25890,11143
5673,C:\Data\20260323_MD18-3537\20260324_MD18-3537_S04\MD18-3537_S04_XRF\XRF data\L000472.spe,1180,59,731,866,6500,12392,4686,199,1683,979,102412,222,317,463,36,9,149,946,1086,203,539,20,154,189,95,154,195,1585,0,80,221,19,145,109,58,24789,9666
5675.5,C:\Data\20260323_MD18-3537\20260324_MD18-3537_S04\MD18-3537_S04_XRF\XRF data\L000473.spe,1182.5,99,689,864,6382,10567,4566,167,1710,895,100559,177,335,528,167,165,35,829,960,308,511,70,111,164,74,157,286,1915,0,90,94,5,141,144,251,24052,11906
5678,C:\Data\20260323_MD18-3537\20260324_MD18-3537_S04\MD18-3537_S04_XRF\XRF data\L000474.spe,1185,108,705,926,6265,8512,4289,106,1728,834,104848,181,177,560,236,87,142,790,981,378,595,116,98,263,134,145,250,2062,0,141,289,43,129,237,93,25452,10853
5680.5,C:\Data\20260323_MD18-3537\20260324_MD18-3537_S04\MD18-3537_S04_XRF\XRF data\L000475.spe,1187.5,47,703,991,5753,9985,4356,182,1734,928,101356,209,392,516,165,194,122,861,929,213,597,82,127,211,131,132,153,1494,0,148,53,21,296,202,177,25034,11150
5683,C:\Data\20260323_MD18-3537\20260324_MD18-3537_S04\MD18-3537_S04_XRF\XRF data\L000476.spe,1190,83,694,965,6165,10937,4543,163,1761,818,104792,173,224,537,37,247,91,690,1058,209,662,95,123,177,93,166,201,1897,0,168,132,11,119,200,212,24656,11194
5685.5,C:\Data\20260323_MD18-3537\20260324_MD18-3537_S04\MD18-3537_S04_XRF\XRF data\L000477.spe,1192.5,120,739,888,6368,10720,4484,189,1823,862,103731,123,277,501,91,80,246,672,997,163,594,102,166,208,99,197,300,1970,0,178,170,0,214,237,0,24286,9148
5688,C:\Data\20260323_MD18-3537\20260324_MD18-3537_S04\MD18-3537_S04_XRF\XRF data\L000478.spe,1195,106,665,946,6282,8555,4359,228,1564,974,104638,161,353,565,101,236,0,1039,968,280,575,74,116,193,120,118,122,1472,0,132,81,0,219,123,275,25070,12559
5690.5,C:\Data\20260323_MD18-3537\20260324_MD18-3537_S04\MD18-3537_S04_XRF\XRF data\L000479.spe,1197.5,121,661,999,6534,6550,4288,166,1536,951,106477,168,289,588,151,195,111,747,824,141,534,100,58,273,114,148,55,1706,0,140,124,0,111,0,88,24847,13353
5693,C:\Data\20260323_MD18-3537\20260324_MD18-3537_S04\MD18-3537_S04_XRF\XRF data\L000480.spe,1200,89,734,981,6177,7500,4342,160,1705,882,104128,96,213,591,106,42,123,1188,1056,202,406,104,84,121,153,240,329,2014,0,195,189,0,193,150,202,24915,9218
5695.5,C:\Data\20260323_MD18-3537\20260324_MD18-3537_S04\MD18-3537_S04_XRF\XRF data\L000481.spe,1202.5,95,719,1045,5700,9310,4609,180,1637,938,98631,136,327,470,130,62,55,892,987,341,638,110,140,153,94,157,160,1678,0,119,31,18,220,166,138,25257,9490
5698,C:\Data\20260323_MD18-3537\20260324_MD18-3537_S04\MD18-3537_S04_XRF\XRF data\L000482.spe,1205,71,674,1008,5406,9877,4633,128,1656,939,97391,119,255,480,87,181,66,531,1023,264,709,94,127,149,113,183,210,1847,0,142,133,0,257,100,156,24782,9818
5700.5,C:\Data\20260323_MD18-3537\20260324_MD18-3537_S04\MD18-3537_S04_XRF\XRF data\L000483.spe,1207.5,85,639,1002,5386,10275,4187,99,1633,828,93844,132,230,459,73,66,248,761,1033,278,612,106,124,201,107,183,334,1738,0,151,172,0,198,72,0,25277,9458
5703,C:\Data\20260323_MD18-3537\20260324_MD18-3537_S04\MD18-3537_S04_XRF\XRF data\L000484.spe,1210,75,621,1044,5229,11095,4390,144,1588,989,87457,188,292,455,114,103,110,735,1058,251,701,94,130,124,133,198,308,1571,0,32,65,0,182,151,110,24531,13125
5705.5,C:\Data\20260323_MD18-3537\20260324_MD18-3537_S04\MD18-3537_S04_XRF\XRF data\L000485.spe,1212.5,83,634,1051,5135,12176,4120,130,1618,939,84797,238,250,474,142,55,49,296,1200,325,564,62,168,63,67,227,339,1584,0,70,148,31,171,168,86,24632,11808
5708,C:\Data\20260323_MD18-3537\20260324_MD18-3537_S04\MD18-3537_S04_XRF\XRF data\L000486.spe,1215,100,618,889,6014,10802,4049,184,1585,1143,91799,244,258,458,161,153,45,862,1172,166,552,64,148,205,97,96,185,1493,0,100,0,0,145,80,165,24143,12117
5710.5,C:\Data\20260323_MD18-3537\20260324_MD18-3537_S04\MD18-3537_S04_XRF\XRF data\L000487.spe,1217.5,109,734,862,6510,11769,4383,196,1606,1078,100168,214,263,506,117,167,14,925,944,282,348,68,131,107,118,238,205,1373,0,100,242,0,91,9,108,24999,10905
5713,C:\Data\20260323_MD18-3537\20260324_MD18-3537_S04\MD18-3537_S04_XRF\XRF data\L000488.spe,1220,116,688,933,6278,13551,4092,159,1709,966,99037,125,302,450,92,146,86,146,935,307,516,118,126,269,93,177,291,1881,0,162,113,0,161,92,94,24362,10961
5715.5,C:\Data\20260323_MD18-3537\20260324_MD18-3537_S04\MD18-3537_S04_XRF\XRF data\L000489.spe,1222.5,75,696,899,6250,15389,4008,133,1669,1016,98642,235,245,488,163,210,90,644,955,314,392,72,166,219,138,142,245,1594,0,67,160,23,158,165,167,24596,10047
5718,C:\Data\20260323_MD18-3537\20260324_MD18-3537_S04\MD18-3537_S04_XRF\XRF data\L000490.spe,1225,87,692,963,5799,17535,4204,167,1532,1010,95390,197,297,471,169,159,144,199,1160,407,508,85,197,198,115,120,191,1582,0,67,53,69,146,172,129,24757,13496
5720.5,C:\Data\20260323_MD18-3537\20260324_MD18-3537_S04\MD18-3537_S04_XRF\XRF data\L000491.spe,1227.5,91,693,986,5852,18544,4279,181,1564,1033,94660,227,298,452,155,205,116,287,1027,258,663,84,301,235,90,114,85,1787,0,69,123,0,166,160,229,24164,10495
5723,C:\Data\20260323_MD18-3537\20260324_MD18-3537_S04\MD18-3537_S04_XRF\XRF data\L000492.spe,1230,81,702,965,5948,20316,4068,148,1718,931,91819,116,170,457,148,114,91,602,1193,330,476,66,265,245,86,141,240,1854,0,130,295,0,169,173,144,24643,11659
5725.5,C:\Data\20260323_MD18-3537\20260324_MD18-3537_S04\MD18-3537_S04_XRF\XRF data\L000493.spe,1232.5,79,708,1028,5613,22934,4105,180,1689,1096,85165,234,279,543,165,27,123,519,1263,272,443,28,293,187,103,142,126,1246,0,39,0,149,130,176,36,25101,10031
5728,C:\Data\20260323_MD18-3537\20260324_MD18-3537_S04\MD18-3537_S04_XRF\XRF data\L000494.spe,1235,84,631,1026,5285,20521,4041,154,1609,1091,82888,180,301,456,197,257,37,371,1067,206,521,21,293,135,81,217,131,1305,0,85,33,42,112,8,284,24615,10686
5730.5,C:\Data\20260323_MD18-3537\20260324_MD18-3537_S04\MD18-3537_S04_XRF\XRF data\L000495.spe,1237.5,92,750,934,5688,13617,4403,178,1724,1121,94248,182,380,438,0,24,213,971,1321,143,540,102,150,167,72,199,242,1593,0,139,0,0,160,81,0,24620,11310
5733,C:\Data\20260323_MD18-3537\20260324_MD18-3537_S04\MD18-3537_S04_XRF\XRF data\L000496.spe,1240,102,699,1038,5688,11111,4212,167,1696,1107,96138,141,330,489,293,351,0,405,1659,287,674,65,149,214,106,171,150,2019,0,125,0,31,150,223,364,24567,10819
5735.5,C:\Data\20260323_MD18-3537\20260324_MD18-3537_S04\MD18-3537_S04_XRF\XRF data\L000497.spe,1242.5,92,659,1166,4347,10554,3848,116,1794,917,87565,248,383,436,71,248,90,283,1694,235,406,87,123,131,127,203,220,1613,0,104,0,66,174,139,63,25826,10509
5738,C:\Data\20260323_MD18-3537\20260324_MD18-3537_S04\MD18-3537_S04_XRF\XRF data\L000498.spe,1245,87,745,988,4933,8386,3589,160,1638,819,85386,175,220,382,152,116,0,639,1734,102,344,61,86,162,82,157,159,1686,0,79,159,0,124,125,219,23914,10330
5740.5,C:\Data\20260323_MD18-3537\20260324_MD18-3537_S04\MD18-3537_S04_XRF\XRF data\L000499.spe,1247.5,93,702,839,6260,7087,4376,197,1660,882,100389,127,254,506,113,72,75,481,1280,297,544,111,45,214,91,165,268,2073,0,160,254,0,150,71,243,24700,11978
5743,C:\Data\20260323_MD18-3537\20260324_MD18-3537_S04\MD18-3537_S04_XRF\XRF data\L000500.spe,1250,120,816,869,6163,8113,4327,198,1802,818,103401,179,279,435,225,202,52,384,1048,423,525,63,98,172,95,181,247,2092,0,77,176,0,248,108,147,25835,10926
5745.5,C:\Data\20260323_MD18-3537\20260324_MD18-3537_S04\MD18-3537_S04_XRF\XRF data\L000501.spe,1252.5,94,741,827,6023,8659,4645,148,1798,791,102597,146,237,437,176,114,146,436,991,326,513,92,85,90,74,219,287,1523,0,136,179,0,150,223,50,25368,9329
5748,C:\Data\20260323_MD18-3537\20260324_MD18-3537_S04\MD18-3537_S04_XRF\XRF data\L000502.spe,1255,115,775,858,6370,8790,4467,263,1697,850,101565,255,243,503,276,234,34,404,972,303,579,81,103,154,111,189,267,1849,0,68,93,15,82,158,162,24790,10424
5750.5,C:\Data\20260323_MD18-3537\20260324_MD18-3537_S04\MD18-3537_S04_XRF\XRF data\L000503.spe,1257.5,78,771,975,5728,10107,4487,182,1651,965,98242,91,253,526,286,292,0,169,1069,466,702,75,116,216,69,180,195,2038,0,162,113,0,37,129,335,25296,14891
5753,C:\Data\20260323_MD18-3537\20260324_MD18-3537_S04\MD18-3537_S04_XRF\XRF data\L000504.spe,1260,105,753,959,5659,10723,4451,126,1742,928,93058,146,338,486,162,108,147,763,1151,326,656,117,116,185,115,157,202,1757,0,136,0,0,222,113,72,25531,9115
5755.5,C:\Data\20260323_MD18-3537\20260324_MD18-3537_S04\MD18-3537_S04_XRF\XRF data\L000505.spe,1262.5,88,724,916,5926,10045,4322,241,1643,942,92656,144,355,592,89,72,72,368,993,276,636,105,107,183,88,164,256,1826,0,130,98,0,188,141,56,24367,10177
5758,C:\Data\20260323_MD18-3537\20260324_MD18-3537_S04\MD18-3537_S04_XRF\XRF data\L000506.spe,1265,114,728,921,6156,9038,4325,213,1581,1007,100771,179,362,511,124,268,31,998,938,286,557,83,75,242,107,116,221,1760,0,60,122,0,183,113,123,25447,13127
5760.5,C:\Data\20260323_MD18-3537\20260324_MD18-3537_S04\MD18-3537_S04_XRF\XRF data\L000507.spe,1267.5,73,743,883,6456,9869,4293,265,1600,988,102164,222,244,527,180,287,33,356,854,281,546,90,168,200,82,169,208,2012,0,108,57,62,106,25,145,25604,11755
5763,C:\Data\20260323_MD18-3537\20260324_MD18-3537_S04\MD18-3537_S04_XRF\XRF data\L000508.spe,1270,90,777,847,6330,10330,4333,271,1736,958,101762,126,251,598,154,66,201,1130,1024,266,557,67,139,246,139,148,247,2251,0,173,198,42,176,148,9,25064,9206
5765.5,C:\Data\20260323_MD18-3537\20260324_MD18-3537_S04\MD18-3537_S04_XRF\XRF data\L000509.spe,1272.5,49,712,902,6126,10965,4334,181,1658,916,100404,167,255,522,121,84,103,934,948,186,491,76,133,159,65,197,170,1740,0,71,174,0,180,121,121,24347,10897
5768,C:\Data\20260323_MD18-3537\20260324_MD18-3537_S04\MD18-3537_S04_XRF\XRF data\L000510.spe,1275,93,640,926,6255,12029,4211,176,1639,901,100138,44,298,505,27,77,13,0,992,448,412,130,124,270,86,142,235,2017,0,177,159,0,224,6,237,24293,11903
5770.5,C:\Data\20260323_MD18-3537\20260324_MD18-3537_S04\MD18-3537_S04_XRF\XRF data\L000511.spe,1277.5,110,733,935,6102,11519,4589,224,1613,948,100141,227,300,550,259,190,53,789,952,261,541,117,122,112,71,195,266,1512,0,77,0,53,0,139,189,25336,10696
5773,C:\Data\20260323_MD18-3537\20260324_MD18-3537_S04\MD18-3537_S04_XRF\XRF data\L000512.spe,1280,135,758,906,6086,11612,4494,250,1597,963,100611,81,342,510,0,106,102,928,960,282,607,127,147,147,92,168,209,1724,0,169,127,0,206,170,104,24156,10388
5775.5,C:\Data\20260323_MD18-3537\20260324_MD18-3537_S04\MD18-3537_S04_XRF\XRF data\L000513.spe,1282.5,73,805,894,6154,13904,4520,247,1711,951,100557,203,283,563,135,134,21,387,1048,342,567,125,133,223,102,149,268,1595,0,153,197,54,182,184,223,24043,9654
5778,C:\Data\20260323_MD18-3537\20260324_MD18-3537_S04\MD18-3537_S04_XRF\XRF data\L000514.spe,1285,80,767,810,5910,17143,4472,263,1578,1068,98414,183,235,507,74,156,49,357,1013,338,307,122,190,205,109,122,186,1539,0,77,115,0,182,49,68,24981,13254
5780.5,C:\Data\20260323_MD18-3537\20260324_MD18-3537_S04\MD18-3537_S04_XRF\XRF data\L000515.spe,1287.5,94,747,869,5771,19625,4507,86,1653,1029,94569,147,236,455,24,209,80,34,942,384,640,65,205,189,146,191,223,1880,0,107,76,0,117,116,81,23656,11895
5783,C:\Data\20260323_MD18-3537\20260324_MD18-3537_S04\MD18-3537_S04_XRF\XRF data\L000516.spe,1290,83,746,852,6181,15621,4751,154,1662,1033,100117,132,281,466,192,269,10,287,1050,371,555,102,252,159,133,205,192,1896,0,171,0,0,112,139,235,24132,11773
5785.5,C:\Data\20260323_MD18-3537\20260324_MD18-3537_S04\MD18-3537_S04_XRF\XRF data\L000517.spe,1292.5,113,751,847,7207,6254,4552,298,1783,944,110057,208,291,581,161,27,168,360,965,338,526,108,26,240,89,133,174,1490,0,130,101,21,118,113,8,25391,11375
5788,C:\Data\20260323_MD18-3537\20260324_MD18-3537_S04\MD18-3537_S04_XRF\XRF data\L000518.spe,1295,131,800,844,6939,8718,4472,173,1619,910,111139,156,202,560,286,306,132,970,895,322,480,109,120,311,102,112,199,1962,0,133,139,55,99,79,214,25719,10743
5790.5,C:\Data\20260323_MD18-3537\20260324_MD18-3537_S04\MD18-3537_S04_XRF\XRF data\L000519.spe,1297.5,70,761,898,6675,10139,4586,255,1701,1038,109789,247,340,595,0,254,0,516,855,293,407,138,139,166,82,238,190,1653,0,119,198,62,241,15,329,25475,11157
5793,C:\Data\20260323_MD18-3537\20260324_MD18-3537_S04\MD18-3537_S04_XRF\XRF data\L000520.spe,1300,106,798,834,6569,12015,4503,249,1629,862,107493,236,333,604,83,240,55,957,979,227,405,106,109,168,87,187,280,1577,0,155,209,26,223,247,275,25343,9700
5795.5,C:\Data\20260323_MD18-3537\20260324_MD18-3537_S04\MD18-3537_S04_XRF\XRF data\L000521.spe,1302.5,92,830,930,6501,12383,4452,193,1631,1001,106542,144,187,494,175,136,111,312,1096,367,512,97,140,288,82,152,182,2059,0,183,216,0,114,112,180,25898,9528
5798,C:\Data\20260323_MD18-3537\20260324_MD18-3537_S04\MD18-3537_S04_XRF\XRF data\L000522.spe,1305,100,758,922,6270,12762,4526,220,1607,1032,104222,210,368,512,72,299,0,793,1023,311,404,86,72,211,132,180,314,1822,0,109,79,5,212,91,306,25171,11975
5800.5,C:\Data\20260323_MD18-3537\20260324_MD18-3537_S04\MD18-3537_S04_XRF\XRF data\L000523.spe,1307.5,119,718,928,6103,12655,4515,171,1643,1083,101048,168,240,533,60,110,107,0,951,274,520,99,124,178,77,199,263,2078,0,174,175,72,206,95,91,23634,9106
5803,C:\Data\20260323_MD18-3537\20260324_MD18-3537_S04\MD18-3537_S04_XRF\XRF data\L000524.spe,1310,64,771,884,5881,13723,4467,213,1664,1182,99076,171,223,461,105,230,45,675,1139,240,627,143,116,215,138,160,192,2011,0,116,58,0,233,131,224,23423,10355
5805.5,C:\Data\20260323_MD18-3537\20260324_MD18-3537_S04\MD18-3537_S04_XRF\XRF data\L000525.spe,1312.5,91,751,918,5930,13611,4553,193,1790,1018,100140,147,244,472,383,203,0,512,1133,350,582,120,150,235,99,152,353,2072,0,197,341,0,93,223,302,23970,13982
5808,C:\Data\20260323_MD18-3537\20260324_MD18-3537_S04\MD18-3537_S04_XRF\XRF data\L000526.spe,1315,92,762,862,5868,13034,4674,102,1730,1071,98685,178,277,504,174,189,50,523,1058,258,693,132,136,167,99,187,252,1913,0,110,25,0,118,203,255,24231,13291
5810.5,C:\Data\20260323_MD18-3537\20260324_MD18-3537_S04\MD18-3537_S04_XRF\XRF data\L000527.spe,1317.5,77,763,830,5876,12680,4694,191,1769,1228,100625,177,224,538,269,107,93,511,1090,303,575,86,207,193,90,164,256,2138,0,125,107,0,28,84,200,24931,11137
5813,C:\Data\20260323_MD18-3537\20260324_MD18-3537_S04\MD18-3537_S04_XRF\XRF data\L000528.spe,1320,117,839,940,6114,12447,4832,179,1717,1167,105116,161,312,543,72,181,24,980,1108,322,660,119,139,286,70,172,278,1982,0,162,109,0,215,142,211,24713,13321
5815.5,C:\Data\20260323_MD18-3537\20260324_MD18-3537_S04\MD18-3537_S04_XRF\XRF data\L000529.spe,1322.5,103,804,981,5839,11802,4566,198,1725,1184,99796,120,275,505,180,220,35,369,1089,420,779,110,147,292,119,118,250,2135,0,112,0,0,151,116,292,24703,11128
5818,C:\Data\20260323_MD18-3537\20260324_MD18-3537_S04\MD18-3537_S04_XRF\XRF data\L000530.spe,1325,92,802,919,5710,11751,4557,193,1826,1085,97562,126,131,428,224,67,11,464,1182,200,742,87,95,220,117,196,394,2265,0,138,258,0,64,175,157,24089,10918
5820.5,C:\Data\20260323_MD18-3537\20260324_MD18-3537_S04\MD18-3537_S04_XRF\XRF data\L000531.spe,1327.5,78,775,1025,5675,11423,4613,146,1826,1108,96307,249,283,506,106,89,194,223,1125,410,731,69,147,289,100,148,262,2014,0,56,109,0,203,46,0,25838,12957
5823,C:\Data\20260323_MD18-3537\20260324_MD18-3537_S04\MD18-3537_S04_XRF\XRF data\L000532.spe,1330,92,727,959,5291,11774,4705,100,1745,1127,94058,337,230,560,200,100,0,287,1094,321,751,51,132,20,135,247,281,1520,0,61,121,18,169,118,204,25899,14013
5825.5,C:\Data\20260323_MD18-3537\20260324_MD18-3537_S04\MD18-3537_S04_XRF\XRF data\L000533.spe,1332.5,58,718,1120,4635,11745,4108,117,1841,900,82942,222,300,425,133,40,99,198,1223,232,749,108,139,189,100,152,348,1857,0,46,150,0,256,281,9,24912,9288
5828,C:\Data\20260323_MD18-3537\20260324_MD18-3537_S04\MD18-3537_S04_XRF\XRF data\L000534.spe,1335,87,679,1118,4607,12013,4002,148,1717,1012,79755,254,304,466,120,222,0,65,1215,299,788,33,160,193,91,141,139,1627,0,58,21,81,189,0,289,25785,11725
5830.5,C:\Data\20260323_MD18-3537\20260324_MD18-3537_S04\MD18-3537_S04_XRF\XRF data\L000535.spe,1337.5,56,686,1182,4460,11801,3960,100,1731,965,77388,222,189,363,410,348,45,138,1340,248,675,66,200,151,114,186,200,1884,0,25,0,0,61,124,226,26152,12258
5833,C:\Data\20260323_MD18-3537\20260324_MD18-3537_S04\MD18-3537_S04_XRF\XRF data\L000536.spe,1340,60,655,1239,4127,11998,3771,149,1767,1049,76281,294,277,339,141,15,172,847,1292,135,577,23,159,109,77,210,146,1483,0,0,0,0,265,152,0,26516,10100
5835.5,C:\Data\20260323_MD18-3537\20260324_MD18-3537_S04\MD18-3537_S04_XRF\XRF data\L000537.spe,1342.5,72,703,1178,4282,12123,3653,119,1730,824,74935,212,290,419,0,211,42,0,1363,250,628,71,139,135,84,141,231,1809,0,40,164,0,245,19,149,25020,9661
5838,C:\Data\20260323_MD18-3537\20260324_MD18-3537_S04\MD18-3537_S04_XRF\XRF data\L000538.spe,1345,119,566,1004,4145,11367,3259,150,1734,898,73562,259,228,321,80,370,0,148,1317,170,392,59,114,49,77,196,207,1412,0,45,103,0,172,148,236,23260,11525
5840.5,C:\Data\20260323_MD18-3537\20260324_MD18-3537_S04\MD18-3537_S04_XRF\XRF data\L000539.spe,1347.5,80,633,985,5357,11197,3780,187,1666,945,87811,205,317,405,92,187,0,193,1309,260,493,48,154,117,146,143,197,1762,0,29,114,24,112,143,110,24348,11683
5843,C:\Data\20260323_MD18-3537\20260324_MD18-3537_S04\MD18-3537_S04_XRF\XRF data\L000540.spe,1350,70,708,888,5724,11174,4073,232,1667,1070,95969,216,255,435,233,269,0,455,1073,224,570,82,81,117,80,167,239,1686,0,95,191,0,166,184,345,23772,9809
5845.5,C:\Data\20260323_MD18-3537\20260324_MD18-3537_S04\MD18-3537_S04_XRF\XRF data\L000541.spe,1352.5,110,719,869,6089,11715,4278,214,1645,1199,98972,155,262,572,116,121,36,780,1051,166,457,132,163,142,106,211,158,2000,0,157,81,0,166,72,163,23565,12178
5848,C:\Data\20260323_MD18-3537\20260324_MD18-3537_S04\MD18-3537_S04_XRF\XRF data\L000542.spe,1355,118,748,783,6084,12454,4601,203,1611,1077,100102,259,394,549,223,127,120,370,1177,272,536,68,83,155,99,133,155,1421,0,78,0,25,74,138,63,24788,8628
5850.5,C:\Data\20260323_MD18-3537\20260324_MD18-3537_S04\MD18-3537_S04_XRF\XRF data\L000543.spe,1357.5,61,718,883,5893,12454,4506,147,1590,1029,98495,177,206,469,122,127,80,811,1052,245,447,109,181,159,126,211,244,1741,0,125,130,25,191,151,20,24446,9142
5853,C:\Data\20260323_MD18-3537\20260324_MD18-3537_S04\MD18-3537_S04_XRF\XRF data\L000544.spe,1360,80,714,834,5749,12759,4531,183,1720,1107,95717,128,237,450,154,108,46,559,1104,290,494,90,132,165,66,155,254,1851,0,149,94,0,178,121,139,24477,9963
5855.5,C:\Data\20260323_MD18-3537\20260324_MD18-3537_S04\MD18-3537_S04_XRF\XRF data\L000545.spe,1362.5,114,747,869,5253,12563,4325,136,1526,1139,91324,218,274,451,136,205,67,589,984,322,639,108,155,122,120,210,189,1717,0,82,45,50,210,237,140,24246,10280
5858,C:\Data\20260323_MD18-3537\20260324_MD18-3537_S04\MD18-3537_S04_XRF\XRF data\L000546.spe,1365,108,776,944,5347,12588,4418,210,1639,1073,88533,218,233,461,126,278,0,752,1118,245,732,116,166,149,112,194,238,1807,0,89,79,0,262,115,226,24246,12255
5860.5,C:\Data\20260323_MD18-3537\20260324_MD18-3537_S04\MD18-3537_S04_XRF\XRF data\L000547.spe,1367.5,104,822,852,5243,12345,4268,158,1687,1045,86821,182,253,482,64,177,10,230,1271,311,714,81,115,216,86,144,243,1974,0,74,109,0,231,131,224,25971,11649
5863,C:\Data\20260323_MD18-3537\20260324_MD18-3537_S04\MD18-3537_S04_XRF\XRF data\L000548.spe,1370,68,746,1021,5410,13200,4337,236,1626,967,86409,272,257,462,168,232,0,608,1072,209,655,37,197,138,81,173,373,1533,0,43,63,46,162,97,220,25664,8661
5865.5,C:\Data\20260323_MD18-3537\20260324_MD18-3537_S04\MD18-3537_S04_XRF\XRF data\L000549.spe,1372.5,102,724,1034,5474,12585,4314,137,1636,1054,88832,243,240,499,261,263,23,414,1231,297,707,83,144,205,126,165,192,1539,0,117,4,59,150,85,212,25452,10443
5868,C:\Data\20260323_MD18-3537\20260324_MD18-3537_S04\MD18-3537_S04_XRF\XRF data\L000550.spe,1375,77,777,920,5837,10538,4147,133,1654,1142,93567,144,244,478,123,186,71,996,1113,185,620,0,125,167,132,156,158,1585,0,151,151,16,181,199,200,24969,8150
5870.5,C:\Data\20260323_MD18-3537\20260324_MD18-3537_S04\MD18-3537_S04_XRF\XRF data\L000551.spe,1377.5,104,739,833,5888,9071,4253,207,1661,1009,98356,181,322,487,296,136,256,1085,1109,176,528,128,98,191,93,135,198,1893,0,126,56,20,137,170,75,24916,9917
5873,C:\Data\20260323_MD18-3537\20260324_MD18-3537_S04\MD18-3537_S04_XRF\XRF data\L000552.spe,1380,131,724,941,6039,9159,4384,152,1588,969,99330,179,293,467,71,28,127,611,1131,309,483,66,113,130,124,198,240,1706,0,121,151,0,198,87,0,25033,12277
5875.5,C:\Data\20260323_MD18-3537\20260324_MD18-3537_S04\MD18-3537_S04_XRF\XRF data\L000553.spe,1382.5,57,666,878,5495,10270,4160,164,1686,992,96479,166,275,469,180,26,6,888,1163,162,540,81,123,131,126,184,347,1649,0,181,128,0,223,164,228,24416,11395
5878,C:\Data\20260323_MD18-3537\20260324_MD18-3537_S04\MD18-3537_S04_XRF\XRF data\L000554.spe,1385,72,663,987,5086,9883,3937,106,1873,865,90307,163,314,403,130,42,0,577,1183,207,364,94,120,100,120,175,228,1616,0,103,131,25,163,56,64,25102,12893
5880.5,C:\Data\20260323_MD18-3537\20260324_MD18-3537_S04\MD18-3537_S04_XRF\XRF data\L000555.spe,1387.5,69,695,919,5796,8830,4224,137,1607,927,97869,83,174,465,124,181,70,234,1121,347,537,95,121,174,99,196,258,2144,0,182,321,0,218,146,174,24099,11507
5883,C:\Data\20260323_MD18-3537\20260324_MD18-3537_S04\MD18-3537_S04_XRF\XRF data\L000556.spe,1390,103,611,832,6257,9525,4341,160,1644,901,103896,79,218,455,0,0,103,989,859,287,517,157,83,286,91,110,211,2234,0,151,243,0,238,120,38,23006,10348
5885.5,C:\Data\20260323_MD18-3537\20260324_MD18-3537_S04\MD18-3537_S04_XRF\XRF data\L000557.spe,1392.5,49,652,820,6456,9746,4426,230,1652,878,104645,230,278,602,172,158,83,1332,969,190,413,82,118,192,94,170,299,2046,0,161,80,5,156,235,88,24880,12452
5888,C:\Data\20260323_MD18-3537\20260324_MD18-3537_S04\MD18-3537_S04_XRF\XRF data\L000558.spe,1395,77,704,871,6467,10394,4249,209,1710,892,105014,101,199,514,70,291,72,735,829,97,446,72,104,223,110,184,273,1978,0,175,96,0,203,104,186,24298,10920
5890.5,C:\Data\20260323_MD18-3537\20260324_MD18-3537_S04\MD18-3537_S04_XRF\XRF data\L000559.spe,1397.5,82,725,759,6191,11500,4518,97,1621,914,103680,142,222,472,84,134,67,475,971,329,522,126,146,192,103,180,212,2278,0,170,331,0,160,42,110,24584,12479
5893,C:\Data\20260323_MD18-3537\20260324_MD18-3537_S04\MD18-3537_S04_XRF\XRF data\L000560.spe,1400,101,746,858,6128,11912,4308,187,1691,904,105352,171,281,516,161,180,54,1052,951,168,583,152,130,257,136,165,132,2274,0,130,161,75,170,115,278,24639,13284
5895.5,C:\Data\20260323_MD18-3537\20260324_MD18-3537_S04\MD18-3537_S04_XRF\XRF data\L000561.spe,1402.5,79,748,869,6316,12398,4392,221,1801,881,103666,188,375,504,262,226,129,661,930,286,502,54,158,248,99,163,242,2061,0,101,224,0,109,109,58,24595,10459
5898,C:\Data\20260323_MD18-3537\20260324_MD18-3537_S04\MD18-3537_S04_XRF\XRF data\L000562.spe,1405,103,773,844,6052,12972,4558,107,1673,829,102762,188,303,521,97,106,0,343,1000,340,590,147,126,272,144,151,249,2106,0,126,160,0,204,111,146,24068,12730
5900.5,C:\Data\20260323_MD18-3537\20260324_MD18-3537_S04\MD18-3537_S04_XRF\XRF data\L000563.spe,1407.5,113,825,836,6164,14505,4691,214,1797,955,101653,207,405,536,135,73,0,976,1070,260,565,148,179,214,96,179,214,1982,0,150,15,93,227,199,200,25102,13296
5903,C:\Data\20260323_MD18-3537\20260324_MD18-3537_S04\MD18-3537_S04_XRF\XRF data\L000564.spe,1410,102,810,837,6189,15876,4584,166,1637,913,97058,160,229,442,49,181,116,695,1190,305,850,96,231,196,109,178,235,2014,0,106,0,0,325,149,179,24411,11138
5905.5,C:\Data\20260323_MD18-3537\20260324_MD18-3537_S04\MD18-3537_S04_XRF\XRF data\L000565.spe,1412.5,42,691,889,5536,15669,4209,170,1517,955,90636,125,152,458,106,268,0,0,1059,364,674,88,175,217,103,176,85,1780,0,170,49,0,77,120,246,25383,10606
5908,C:\Data\20260323_MD18-3537\20260324_MD18-3537_S04\MD18-3537_S04_XRF\XRF data\L000566.spe,1415,56,718,867,5342,15036,4011,161,1688,879,87358,213,397,425,198,150,66,315,1037,329,388,111,181,114,96,229,287,1669,0,82,17,23,135,132,145,24790,12968
5910.5,C:\Data\20260323_MD18-3537\20260324_MD18-3537_S04\MD18-3537_S04_XRF\XRF data\L000567.spe,1417.5,102,727,758,6216,10267,4427,192,1742,1048,100337,207,375,500,134,263,60,670,1113,291,559,125,147,103,127,196,264,1672,0,101,75,6,211,65,193,24366,11418
5913,C:\Data\20260323_MD18-3537\20260324_MD18-3537_S04\MD18-3537_S04_XRF\XRF data\L000568.spe,1420,95,747,776,6593,8876,4483,212,1658,1099,103841,127,255,515,216,260,136,843,839,270,518,123,90,248,141,174,236,1914,0,206,140,40,130,140,144,24980,10205
5915.5,C:\Data\20260323_MD18-3537\20260324_MD18-3537_S04\MD18-3537_S04_XRF\XRF data\L000569.spe,1422.5,79,747,765,6444,7705,4559,209,1638,1040,104881,109,270,574,142,24,12,611,932,246,539,143,64,171,110,183,372,2285,0,196,84,6,250,109,205,24509,10154
5918,C:\Data\20260323_MD18-3537\20260324_MD18-3537_S04\MD18-3537_S04_XRF\XRF data\L000570.spe,1425,122,751,827,6708,6646,4642,231,1587,1061,107299,175,402,479,5,23,0,488,857,312,498,125,113,148,111,219,290,1953,0,105,164,0,242,160,181,25408,11785
5920.5,C:\Data\20260323_MD18-3537\20260324_MD18-3537_S04\MD18-3537_S04_XRF\XRF data\L000571.spe,1427.5,84,749,830,6612,8223,4526,196,1727,974,105693,168,284,527,69,126,79,308,982,312,486,137,93,253,78,115,126,1808,0,160,184,35,203,91,120,24841,10751
5923,C:\Data\20260323_MD18-3537\20260324_MD18-3537_S04\MD18-3537_S04_XRF\XRF data\L000572.spe,1430,117,849,872,6671,9569,4827,141,1722,1051,109645,219,226,543,188,227,0,540,911,400,575,67,101,210,117,184,183,1683,0,100,87,76,126,237,220,24843,9244
5925.5,C:\Data\20260323_MD18-3537\20260324_MD18-3537_S04\MD18-3537_S04_XRF\XRF data\L000573.spe,1432.5,87,775,827,6496,8441,4594,218,1678,1003,107472,170,145,539,308,166,93,520,1040,406,546,96,70,241,75,148,177,2256,0,184,247,15,20,105,120,24962,11276
5928,C:\Data\20260323_MD18-3537\20260324_MD18-3537_S04\MD18-3537_S04_XRF\XRF data\L000574.spe,1435,91,788,868,6662,6037,4814,304,1752,837,110481,105,312,581,70,0,80,741,1030,278,616,147,70,221,123,212,268,2320,0,159,108,0,261,185,112,24846,10823
5930.5,C:\Data\20260323_MD18-3537\20260324_MD18-3537_S04\MD18-3537_S04_XRF\XRF data\L000575.spe,1437.5,107,818,765,6335,7055,4656,131,1689,936,107960,114,274,516,122,0,265,760,880,229,494,169,60,219,96,193,156,2311,0,228,401,0,122,182,0,24439,10384
5933,C:\Data\20260323_MD18-3537\20260324_MD18-3537_S04\MD18-3537_S04_XRF\XRF data\L000576.spe,1440,82,801,759,6489,8292,4609,236,1662,860,107706,228,182,585,332,128,23,433,854,217,511,94,49,229,141,112,181,1725,0,49,87,60,171,208,174,25099,10846
5935.5,C:\Data\20260323_MD18-3537\20260324_MD18-3537_S04\MD18-3537_S04_XRF\XRF data\L000577.spe,1442.5,90,738,775,6406,9596,4736,154,1645,896,106702,232,247,603,285,57,73,717,880,200,479,74,89,231,112,162,274,1912,0,153,164,19,153,177,140,24329,11896
5938,C:\Data\20260323_MD18-3537\20260324_MD18-3537_S04\MD18-3537_S04_XRF\XRF data\L000578.spe,1445,75,814,771,6343,10132,4673,124,1794,980,103304,63,277,564,153,244,130,643,961,235,619,73,91,286,80,152,252,2235,0,203,234,38,163,97,168,24196,10873
5940.5,C:\Data\20260323_MD18-3537\20260324_MD18-3537_S04\MD18-3537_S04_XRF\XRF data\L000579.spe,1447.5,105,808,815,6249,11642,4538,133,1696,937,102691,218,235,626,126,44,132,983,1042,231,730,118,148,186,156,189,234,1861,0,70,200,98,147,191,40,24895,11784
5943,C:\Data\20260323_MD18-3537\20260324_MD18-3537_S04\MD18-3537_S04_XRF\XRF data\L000580.spe,1450,113,842,787,5927,12092,4538,188,1610,981,100571,155,280,512,208,266,10,562,1085,336,642,136,150,237,98,126,198,2060,0,127,50,0,163,114,212,25952,9451
5945.5,C:\Data\20260323_MD18-3537\20260324_MD18-3537_S04\MD18-3537_S04_XRF\XRF data\L000581.spe,1452.5,115,830,756,5950,12082,4646,143,1660,933,100459,185,278,489,293,70,222,830,1099,218,537,85,139,191,78,167,210,1730,0,139,193,7,109,130,0,23949,10319
5948,C:\Data\20260323_MD18-3537\20260324_MD18-3537_S04\MD18-3537_S04_XRF\XRF data\L000582.spe,1455,110,809,768,6478,11578,4522,189,1753,942,104398,188,343,524,180,37,64,310,1224,285,518,69,123,155,121,228,329,1813,0,169,0,38,213,60,18,23962,12680
5950.5,C:\Data\20260323_MD18-3537\20260324_MD18-3537_S04\MD18-3537_S04_XRF\XRF data\L000583.spe,1457.5,138,859,733,6976,11473,4716,293,1694,1052,111210,99,268,527,233,89,17,487,1104,279,600,166,81,227,107,139,147,1935,0,204,190,33,118,204,115,23152,11321
5953,C:\Data\20260323_MD18-3537\20260324_MD18-3537_S04\MD18-3537_S04_XRF\XRF data\L000584.spe,1460,68,867,766,6898,12585,4790,114,1641,1032,111428,139,309,516,168,192,0,0,894,358,489,85,149,256,102,189,224,2131,0,149,197,0,185,82,193,24224,12216
5955.5,C:\Data\20260323_MD18-3537\20260324_MD18-3537_S04\MD18-3537_S04_XRF\XRF data\L000585.spe,1462.5,108,811,701,6543,14057,4731,156,1634,1111,108624,179,320,542,23,263,14,604,893,394,563,98,174,178,133,201,214,2117,0,173,37,48,287,83,279,25198,11328
5958,C:\Data\20260323_MD18-3537\20260324_MD18-3537_S04\MD18-3537_S04_XRF\XRF data\L000586.spe,1465,109,797,731,6367,15531,4825,193,1624,1205,105608,198,260,481,148,101,94,481,989,355,582,156,221,233,108,112,116,2279,0,154,161,0,239,52,88,25091,13997
5960.5,C:\Data\20260323_MD18-3537\20260324_MD18-3537_S04\MD18-3537_S04_XRF\XRF data\L000587.spe,1467.5,93,882,668,6299,16278,4829,156,1631,1266,101256,184,342,470,107,101,0,0,1038,433,556,148,199,188,137,166,252,1996,0,96,130,0,197,42,270,23768,12962
5963,C:\Data\20260323_MD18-3537\20260324_MD18-3537_S04\MD18-3537_S04_XRF\XRF data\L000588.spe,1470,100,786,694,5982,15382,4585,199,1552,1311,96626,121,278,519,187,172,78,954,1132,227,449,108,174,266,61,163,298,2085,0,142,44,0,156,18,0,24337,8692
5965.5,C:\Data\20260323_MD18-3537\20260324_MD18-3537_S04\MD18-3537_S04_XRF\XRF data\L000589.spe,1472.5,121,774,799,6051,13011,4702,223,1665,1359,99045,176,320,533,0,74,137,129,1045,330,523,109,142,236,68,127,207,1801,0,102,112,0,239,73,88,24531,9762
5968,C:\Data\20260323_MD18-3537\20260324_MD18-3537_S04\MD18-3537_S04_XRF\XRF data\L000590.spe,1475,131,785,846,6559,10639,4663,202,1724,1454,103332,193,346,579,96,158,0,197,907,398,514,154,133,261,115,167,256,2407,0,128,229,67,144,94,343,24517,11138
5970.5,C:\Data\20260323_MD18-3537\20260324_MD18-3537_S04\MD18-3537_S04_XRF\XRF data\L000591.spe,1477.5,114,817,740,6997,9683,4742,281,1640,1240,106595,147,273,645,104,67,100,724,963,250,500,120,92,197,104,164,240,1739,0,167,135,68,218,104,113,24914,13439
5973,C:\Data\20260323_MD18-3537\20260324_MD18-3537_S04\MD18-3537_S04_XRF\XRF data\L000592.spe,1480,82,808,769,6669,9346,4848,191,1577,1099,105851,138,114,610,274,0,168,491,994,241,712,147,68,179,119,195,264,1985,0,138,286,43,129,206,0,23749,12094
5975.5,C:\Data\20260323_MD18-3537\20260324_MD18-3537_S04\MD18-3537_S04_XRF\XRF data\L000593.spe,1482.5,126,730,716,6514,9759,4691,246,1643,1131,102474,156,316,506,192,116,158,937,878,247,509,71,141,182,91,140,216,1952,0,149,117,6,98,117,108,23893,9788
5978,C:\Data\20260323_MD18-3537\20260324_MD18-3537_S04\MD18-3537_S04_XRF\XRF data\L000594.spe,1485,95,681,747,6024,9000,4432,175,1499,1186,96931,253,277,502,193,216,84,583,978,340,615,93,110,117,68,207,168,1523,0,131,131,39,111,151,180,24775,11565
6000.5,C:\Data\20260323_MD18-3537\20260324_MD18-3537_S05\MD18-3537_S05_XRF\XRF data\L000003.spe,7.5,107,885,994,6860,9896,5057,214,1659,991,112753,322,353,487,168,190,0,749,910,157,468,63,33,130,126,206,80,215,11,96,134,47,86,246,463,23951,9226
6003,C:\Data\20260323_MD18-3537\20260324_MD18-3537_S05\MD18-3537_S05_XRF\XRF data\L000004.spe,10,91,929,902,7284,8921,4873,256,1793,1015,116342,318,237,525,108,226,121,1632,987,149,508,107,92,197,100,149,112,396,0,106,342,72,263,0,122,25104,6455
6005.5,C:\Data\20260323_MD18-3537\20260324_MD18-3537_S05\MD18-3537_S05_XRF\XRF data\L000005.spe,12.5,140,954,883,7624,8517,5088,234,1858,932,119114,309,291,651,158,282,54,846,974,328,492,95,102,187,125,161,277,418,31,125,226,85,175,237,120,26303,10927
6008,C:\Data\20260323_MD18-3537\20260324_MD18-3537_S05\MD18-3537_S05_XRF\XRF data\L000006.spe,15,102,883,842,7434,9563,5026,206,1728,1015,118499,298,372,583,90,83,124,1222,940,100,560,91,70,306,126,79,12,584,0,67,276,54,174,212,116,24191,7813
6010.5,C:\Data\20260323_MD18-3537\20260324_MD18-3537_S05\MD18-3537_S05_XRF\XRF data\L000007.spe,17.5,79,906,924,6442,10400,4648,233,1779,974,109735,341,375,595,147,0,118,1277,1036,175,634,125,127,304,103,52,19,300,54,67,21,85,140,135,139,23933,8932
6013,C:\Data\20260323_MD18-3537\20260324_MD18-3537_S05\MD18-3537_S05_XRF\XRF data\L000008.spe,20,82,776,901,5975,9477,4577,231,1600,1042,105117,309,347,462,18,185,70,1443,976,61,543,89,60,190,112,109,57,377,0,46,185,0,186,93,74,23867,8485
6015.5,C:\Data\20260323_MD18-3537\20260324_MD18-3537_S05\MD18-3537_S05_XRF\XRF data\L000009.spe,22.5,62,790,963,5779,10446,4439,237,1601,917,101764,376,280,499,57,274,26,885,1030,283,653,138,64,143,109,158,192,107,17,44,235,47,229,121,280,25204,8408
6018,C:\Data\20260323_MD18-3537\20260324_MD18-3537_S05\MD18-3537_S05_XRF\XRF data\L000010.spe,25,48,729,973,5910,11790,4660,193,1756,1001,98503,368,344,522,55,0,88,1424,1056,114,590,0,118,109,101,135,123,63,191,64,11,16,229,162,138,24980,10489
6020.5,C:\Data\20260323_MD18-3537\20260324_MD18-3537_S05\MD18-3537_S05_XRF\XRF data\L000011.spe,27.5,69,726,994,5325,13198,4413,193,1718,983,95321,290,261,433,37,339,0,1490,1060,120,891,50,67,140,79,147,219,521,0,26,108,40,248,35,433,23562,7830
6023,C:\Data\20260323_MD18-3537\20260324_MD18-3537_S05\MD18-3537_S05_XRF\XRF data\L000012.spe,30,81,746,1147,4888,13164,4184,231,1692,1206,90544,357,367,551,202,56,0,583,1038,185,691,120,136,144,68,183,50,360,0,63,198,0,166,120,236,23726,9099
6025.5,C:\Data\20260323_MD18-3537\20260324_MD18-3537_S05\MD18-3537_S05_XRF\XRF data\L000013.spe,32.5,85,782,1082,4624,15106,4382,222,1756,1107,84667,394,325,504,115,97,35,1239,1374,104,1138,26,122,124,98,114,50,345,97,0,15,105,190,194,164,24608,7463
6028,C:\Data\20260323_MD18-3537\20260324_MD18-3537_S05\MD18-3537_S05_XRF\XRF data\L000014.spe,35,59,708,1181,4418,13606,4222,113,1661,958,77040,358,297,358,182,353,0,210,1361,266,1116,69,118,125,95,150,87,427,0,0,0,51,111,18,207,25263,9676
6030.5,C:\Data\20260323_MD18-3537\20260324_MD18-3537_S05\MD18-3537_S05_XRF\XRF data\L000015.spe,37.5,94,627,1046,4851,11601,4024,211,1664,986,81939,373,313,439,177,249,114,887,1223,75,571,9,127,85,120,147,174,578,0,0,51,0,180,129,164,24489,5817
6033,C:\Data\20260323_MD18-3537\20260324_MD18-3537_S05\MD18-3537_S05_XRF\XRF data\L000016.spe,40,90,703,977,5965,10199,4320,256,1660,1187,98119,330,315,467,203,305,0,1402,1010,179,640,90,77,98,98,176,192,201,56,58,144,57,193,67,359,25071,8409
6035.5,C:\Data\20260323_MD18-3537\20260324_MD18-3537_S05\MD18-3537_S05_XRF\XRF data\L000017.spe,42.5,104,740,884,6396,9001,4469,209,1720,1138,104604,327,215,478,97,73,133,1319,891,208,383,133,58,227,110,123,112,520,0,52,229,27,145,139,64,25009,6281
6038,C:\Data\20260323_MD18-3537\20260324_MD18-3537_S05\MD18-3537_S05_XRF\XRF data\L000018.spe,45,83,787,912,7103,9324,4796,293,1638,1102,109830,426,304,585,106,198,0,1489,818,108,459,33,84,26,110,190,50,196,166,32,53,76,211,96,278,25149,8599
6040.5,C:\Data\20260323_MD18-3537\20260324_MD18-3537_S05\MD18-3537_S05_XRF\XRF data\L000019.spe,47.5,115,759,921,6820,8982,4455,256,1708,1002,109510,347,377,576,145,123,81,890,949,250,589,39,28,213,107,147,138,507,77,72,50,19,163,237,163,24699,7662
6043,C:\Data\20260323_MD18-3537\20260324_MD18-3537_S05\MD18-3537_S05_XRF\XRF data\L000020.spe,50,101,735,934,6871,9382,4627,227,1673,1075,110061,342,389,589,226,144,139,945,1017,233,527,39,125,165,143,168,65,207,210,65,0,117,118,104,0,24334,7615
6045.5,C:\Data\20260323_MD18-3537\20260324_MD18-3537_S05\MD18-3537_S05_XRF\XRF data\L000021.spe,52.5,80,759,967,6637,11021,4729,235,1684,1065,108612,416,424,570,195,131,124,915,994,169,526,40,69,88,132,160,71,115,205,29,73,114,194,175,185,23930,7756
6048,C:\Data\20260323_MD18-3537\20260324_MD18-3537_S05\MD18-3537_S05_XRF\XRF data\L000022.spe,55,104,689,957,6213,12237,4725,219,1646,1065,109073,380,245,560,0,44,199,1246,951,118,431,140,157,135,153,138,93,362,0,105,317,0,310,287,0,23852,7552
6050.5,C:\Data\20260323_MD18-3537\20260324_MD18-3537_S05\MD18-3537_S05_XRF\XRF data\L000023.spe,57.5,107,773,922,6638,12703,4482,244,1695,1055,110714,376,278,602,189,163,32,2222,1007,15,610,96,116,272,98,108,117,359,0,54,76,42,161,166,186,23926,8797
6053,C:\Data\20260323_MD18-3537\20260324_MD18-3537_S05\MD18-3537_S05_XRF\XRF data\L000024.spe,60,64,734,1072,6526,13557,4560,104,1777,1090,109315,317,402,586,195,122,69,1310,992,92,523,106,95,195,143,183,192,451,0,121,214,58,100,69,66,24382,5938
6055.5,C:\Data\20260323_MD18-3537\20260324_MD18-3537_S05\MD18-3537_S05_XRF\XRF data\L000025.spe,62.5,82,774,970,6494,14440,4861,209,1654,1158,109032,469,373,632,180,234,60,1097,1145,248,571,28,149,87,111,168,140,0,334,52,0,122,190,188,174,24400,9108
6058,C:\Data\20260323_MD18-3537\20260324_MD18-3537_S05\MD18-3537_S05_XRF\XRF data\L000026.spe,65,124,726,1002,6310,14824,4714,257,1768,1365,104466,361,269,505,256,128,103,1489,1135,168,555,41,147,187,90,155,95,354,25,109,216,80,102,268,165,24300,5984
6060.5,C:\Data\20260323_MD18-3537\20260324_MD18-3537_S05\MD18-3537_S05_XRF\XRF data\L000027.spe,67.5,117,711,1032,5836,15696,4642,242,1851,1250,99501,395,400,490,277,189,57,1259,1138,211,667,73,124,38,128,148,233,236,52,10,25,32,136,157,235,24046,5689
6063,C:\Data\20260323_MD18-3537\20260324_MD18-3537_S05\MD18-3537_S05_XRF\XRF data\L000028.spe,70,119,721,1057,5658,13502,4510,235,1806,1238,97522,325,333,506,124,113,34,1272,1241,168,744,145,173,103,86,156,133,438,0,110,102,49,286,261,187,23639,9571
6065.5,C:\Data\20260323_MD18-3537\20260324_MD18-3537_S05\MD18-3537_S05_XRF\XRF data\L000029.spe,72.5,102,674,1149,5388,12704,4497,208,1666,1170,92809,333,264,484,0,203,105,46,1235,338,788,43,104,67,110,188,139,489,0,10,125,0,255,68,36,25560,7978
6068,C:\Data\20260323_MD18-3537\20260324_MD18-3537_S05\MD18-3537_S05_XRF\XRF data\L000030.spe,75,87,625,1246,5461,12690,4505,353,1605,1250,95808,402,338,532,155,418,0,663,1201,240,585,69,113,91,125,130,130,101,68,27,112,41,113,89,351,25601,7769
6070.5,C:\Data\20260323_MD18-3537\20260324_MD18-3537_S05\MD18-3537_S05_XRF\XRF data\L000031.spe,77.5,96,644,1504,4644,11396,4161,192,1624,1068,85952,501,392,488,90,224,0,483,1222,330,798,45,63,67,93,170,135,261,152,0,0,129,177,0,292,25624,9364
6073,C:\Data\20260323_MD18-3537\20260324_MD18-3537_S05\MD18-3537_S05_XRF\XRF data\L000032.spe,80,64,656,1223,5104,10806,4365,166,1735,1033,84066,330,383,457,199,273,59,974,1199,112,696,51,80,12,92,224,139,386,27,86,104,10,172,231,171,24922,6580
6075.5,C:\Data\20260323_MD18-3537\20260324_MD18-3537_S05\MD18-3537_S05_XRF\XRF data\L000033.spe,82.5,93,757,898,6843,8515,4585,255,1702,1074,104846,333,361,534,230,216,177,1323,887,176,608,75,61,185,93,111,103,97,122,80,14,93,159,240,97,24039,7719
6078,C:\Data\20260323_MD18-3537\20260324_MD18-3537_S05\MD18-3537_S05_XRF\XRF data\L000034.spe,85,120,742,879,6719,9272,4673,224,1800,1306,108117,342,371,572,265,129,194,1317,1015,246,515,95,95,168,109,155,121,560,0,79,74,42,158,236,0,25100,7434
6080.5,C:\Data\20260323_MD18-3537\20260324_MD18-3537_S05\MD18-3537_S05_XRF\XRF data\L000035.spe,87.5,107,762,1068,6218,8685,4709,220,1748,1028,105813,254,218,493,219,254,88,1244,982,191,639,79,90,111,124,173,97,711,0,81,261,42,180,219,172,24241,8224
6083,C:\Data\20260323_MD18-3537\20260324_MD18-3537_S05\MD18-3537_S05_XRF\XRF data\L000036.spe,90,97,720,1070,6278,9985,4646,212,1652,1041,102551,346,320,534,167,419,0,1431,1086,200,670,23,78,145,144,156,18,319,91,28,0,92,107,123,389,25087,8828
6085.5,C:\Data\20260323_MD18-3537\20260324_MD18-3537_S05\MD18-3537_S05_XRF\XRF data\L000037.spe,92.5,87,698,1068,6140,9561,4530,240,1716,1005,99847,328,294,581,134,30,217,1389,1081,160,686,43,60,170,90,140,139,323,46,59,51,11,158,221,0,24539,9774
6088,C:\Data\20260323_MD18-3537\20260324_MD18-3537_S05\MD18-3537_S05_XRF\XRF data\L000038.spe,95,74,669,1067,5848,9040,4490,240,1775,963,98241,373,311,377,183,0,136,831,1181,150,693,94,56,112,87,129,109,313,18,4,111,72,181,172,0,24734,6277
6090.5,C:\Data\20260323_MD18-3537\20260324_MD18-3537_S05\MD18-3537_S05_XRF\XRF data\L000039.spe,97.5,57,581,1285,4870,9363,3611,199,1700,890,91942,372,336,433,153,142,175,1177,1148,221,553,40,81,113,119,159,124,477,0,15,181,0,237,278,47,24796,10063
6093,C:\Data\20260323_MD18-3537\20260324_MD18-3537_S05\MD18-3537_S05_XRF\XRF data\L000040.spe,100,97,681,1034,6123,10296,4341,246,1698,1156,99188,304,239,447,115,369,0,574,1366,179,629,0,124,94,119,161,36,453,0,98,167,45,153,187,376,24549,7348
6095.5,C:\Data\20260323_MD18-3537\20260324_MD18-3537_S05\MD18-3537_S05_XRF\XRF data\L000041.spe,102.5,88,676,924,6552,9608,4303,247,1680,1019,104948,225,304,500,158,140,182,1537,902,118,546,76,79,170,104,150,94,547,0,95,371,38,205,116,123,24243,8538
6098,C:\Data\20260323_MD18-3537\20260324_MD18-3537_S05\MD18-3537_S05_XRF\XRF data\L000042.spe,105,109,751,882,6463,12355,4349,135,1662,1003,105394,417,320,575,168,60,170,1297,923,169,470,144,95,201,106,129,117,391,0,32,214,173,120,168,80,25493,8876
6100.5,C:\Data\20260323_MD18-3537\20260324_MD18-3537_S05\MD18-3537_S05_XRF\XRF data\L000043.spe,107.5,143,820,940,6585,14536,4540,252,1708,1116,105771,356,265,632,178,130,54,1320,1075,217,440,0,166,161,89,173,74,357,0,120,116,53,201,126,291,22997,7763
6103,C:\Data\20260323_MD18-3537\20260324_MD18-3537_S05\MD18-3537_S05_XRF\XRF data\L000044.spe,110,96,776,863,6636,16524,4568,218,1736,1170,107130,289,335,596,159,202,101,1173,1014,244,479,68,206,228,102,111,205,398,0,106,194,43,221,211,240,23474,7380
6105.5,C:\Data\20260323_MD18-3537\20260324_MD18-3537_S05\MD18-3537_S05_XRF\XRF data\L000045.spe,112.5,114,711,1007,6167,17174,4406,242,1621,1306,104875,371,242,536,176,0,218,1747,1023,67,554,82,186,190,74,116,98,456,0,24,195,17,110,248,0,23789,9165
6108,C:\Data\20260323_MD18-3537\20260324_MD18-3537_S05\MD18-3537_S05_XRF\XRF data\L000046.spe,115,95,686,1054,5932,18193,4313,232,1681,1386,102535,356,364,487,29,308,49,683,1081,241,544,64,184,149,74,180,183,182,30,65,114,8,187,0,353,23606,9757
6110.5,C:\Data\20260323_MD18-3537\20260324_MD18-3537_S05\MD18-3537_S05_XRF\XRF data\L000047.spe,117.5,71,696,1080,5821,20231,4543,225,1684,1631,101533,326,345,526,156,159,236,1273,1186,205,539,66,190,177,107,157,173,166,126,37,59,94,85,54,0,24650,7126
6113,C:\Data\20260323_MD18-3537\20260324_MD18-3537_S05\MD18-3537_S05_XRF\XRF data\L000048.spe,120,75,610,1105,5718,19666,4534,164,1771,1639,99190,341,382,515,165,293,30,1429,1177,83,458,63,188,113,102,146,102,435,84,68,36,94,191,38,236,23906,7642
6115.5,C:\Data\20260323_MD18-3537\20260324_MD18-3537_S05\MD18-3537_S05_XRF\XRF data\L000049.spe,122.5,94,657,991,6229,18738,4619,200,1736,1924,105334,381,395,484,171,151,114,1588,1203,140,589,108,140,151,146,135,152,274,0,0,151,0,65,109,54,23936,9946
6118,C:\Data\20260323_MD18-3537\20260324_MD18-3537_S05\MD18-3537_S05_XRF\XRF data\L000050.spe,125,82,761,913,6156,19208,4752,188,1691,2829,101666,382,450,522,128,119,206,1660,1244,80,561,13,179,107,122,176,212,52,82,29,240,0,223,83,63,23764,9394
6120.5,C:\Data\20260323_MD18-3537\20260324_MD18-3537_S05\MD18-3537_S05_XRF\XRF data\L000051.spe,127.5,76,756,905,5944,20787,4232,232,1651,2217,94034,416,305,497,162,266,41,1315,1069,19,517,100,141,202,121,95,43,468,68,19,0,62,201,83,214,23361,7965
6123,C:\Data\20260323_MD18-3537\20260324_MD18-3537_S05\MD18-3537_S05_XRF\XRF data\L000052.spe,130,84,816,889,5645,21967,4557,192,1677,1412,89924,321,348,458,179,278,0,1254,1267,117,484,70,216,223,84,111,73,246,0,36,53,0,171,5,427,23974,8705
6125.5,C:\Data\20260323_MD18-3537\20260324_MD18-3537_S05\MD18-3537_S05_XRF\XRF data\L000053.spe,132.5,115,827,936,5435,23280,4263,138,1651,1197,84498,410,321,455,84,178,119,373,1326,299,484,0,229,149,161,117,24,0,186,0,0,50,175,125,117,24705,7482
6128,C:\Data\20260323_MD18-3537\20260324_MD18-3537_S05\MD18-3537_S05_XRF\XRF data\L000054.spe,135,93,793,1003,4757,23372,4062,138,1577,1044,78181,340,265,484,204,97,108,973,1218,7,689,88,215,123,107,174,266,397,0,17,169,0,135,159,59,22727,6955
6130.5,C:\Data\20260323_MD18-3537\20260324_MD18-3537_S05\MD18-3537_S05_XRF\XRF data\L000055.spe,137.5,64,766,1098,4712,23183,3864,194,1759,967,74360,388,311,360,206,181,60,1136,1209,145,716,10,223,90,103,158,129,479,58,0,24,102,114,150,254,23918,9332
6133,C:\Data\20260323_MD18-3537\20260324_MD18-3537_S05\MD18-3537_S05_XRF\XRF data\L000056.spe,140,65,779,1025,6071,12475,4213,325,1573,1057,96926,275,332,447,0,65,96,893,1004,100,460,104,115,196,65,116,78,467,0,28,0,0,351,0,192,25573,6424
6135.5,C:\Data\20260323_MD18-3537\20260324_MD18-3537_S05\MD18-3537_S05_XRF\XRF data\L000057.spe,142.5,107,763,945,6465,9552,4683,271,1739,1185,108700,287,319,587,131,166,39,1791,1058,183,693,46,110,182,78,150,49,529,0,32,256,26,142,239,127,24863,5680
6138,C:\Data\20260323_MD18-3537\20260324_MD18-3537_S05\MD18-3537_S05_XRF\XRF data\L000058.spe,145,90,836,880,6133,9827,4882,298,1714,1095,103782,314,306,552,250,0,194,1162,1104,195,696,109,51,107,117,186,216,586,0,100,149,16,180,194,107,24286,9595
6140.5,C:\Data\20260323_MD18-3537\20260324_MD18-3537_S05\MD18-3537_S05_XRF\XRF data\L000059.spe,147.5,88,812,936,6326,9990,4883,266,1673,1353,103838,367,432,600,94,243,82,1243,1135,239,592,38,82,147,133,134,24,43,314,64,0,47,290,64,90,26379,7934
6143,C:\Data\20260323_MD18-3537\20260324_MD18-3537_S05\MD18-3537_S05_XRF\XRF data\L000060.spe,150,98,802,909,6187,12399,4700,249,1696,1345,102798,399,340,530,182,227,20,717,1096,313,663,52,162,122,110,114,84,89,187,45,0,106,184,131,234,23538,9117
6145.5,C:\Data\20260323_MD18-3537\20260324_MD18-3537_S05\MD18-3537_S05_XRF\XRF data\L000061.spe,152.5,128,807,890,6195,14175,4643,222,1715,1477,100774,372,302,575,232,154,60,1506,1160,196,508,109,139,168,155,141,177,365,0,48,154,75,146,166,199,23897,7329
6148,C:\Data\20260323_MD18-3537\20260324_MD18-3537_S05\MD18-3537_S05_XRF\XRF data\L000062.spe,155,100,829,855,6125,12701,4574,258,1705,1168,98728,395,304,532,178,228,58,1122,1134,211,588,53,101,49,119,135,172,176,172,37,108,106,219,241,259,23178,9311
6150.5,C:\Data\20260323_MD18-3537\20260324_MD18-3537_S05\MD18-3537_S05_XRF\XRF data\L000063.spe,157.5,94,789,917,6149,10742,4679,194,1692,975,100702,418,409,499,150,212,70,1154,1015,203,733,0,69,60,120,201,164,158,72,11,97,38,180,98,53,23722,9406
6153,C:\Data\20260323_MD18-3537\20260324_MD18-3537_S05\MD18-3537_S05_XRF\XRF data\L000064.spe,160,116,695,857,5805,10127,4387,293,1723,975,98791,504,437,613,174,256,17,1575,993,150,563,21,82,78,73,155,153,0,315,0,19,111,168,61,180,25667,8330
6155.5,C:\Data\20260323_MD18-3537\20260324_MD18-3537_S05\MD18-3537_S05_XRF\XRF data\L000065.spe,162.5,86,788,976,5821,9876,4341,183,1725,1050,101054,360,339,514,71,110,52,1199,914,298,366,43,142,183,107,148,0,395,89,30,85,54,210,103,263,26243,8999
6158,C:\Data\20260323_MD18-3537\20260324_MD18-3537_S05\MD18-3537_S05_XRF\XRF data\L000066.spe,165,97,707,956,5738,10564,4567,183,1702,1020,100765,388,203,502,169,156,90,1077,1022,132,591,22,66,85,134,180,129,322,0,20,266,26,137,172,19,25208,7258
6160.5,C:\Data\20260323_MD18-3537\20260324_MD18-3537_S05\MD18-3537_S05_XRF\XRF data\L000067.spe,167.5,117,756,914,5973,9784,4734,218,1738,959,104110,396,330,558,73,313,32,1546,1039,102,687,35,69,73,90,151,187,304,0,52,249,28,186,166,416,24091,9536
6163,C:\Data\20260323_MD18-3537\20260324_MD18-3537_S05\MD18-3537_S05_XRF\XRF data\L000068.spe,170,97,860,874,6156,10790,5001,188,1787,1101,103461,369,294,513,217,159,110,1504,1058,143,610,71,68,87,77,200,152,532,57,91,86,36,95,170,151,25479,9880
6165.5,C:\Data\20260323_MD18-3537\20260324_MD18-3537_S05\MD18-3537_S05_XRF\XRF data\L000069.spe,172.5,70,824,783,6397,11260,5085,288,1866,1204,106345,491,409,633,109,288,0,1001,1256,250,670,40,101,0,122,196,146,0,304,48,41,137,211,221,283,26014,9620
6168,C:\Data\20260323_MD18-3537\20260324_MD18-3537_S05\MD18-3537_S05_XRF\XRF data\L000070.spe,175,98,942,859,6282,11710,5015,172,1854,1182,105355,376,238,542,174,156,31,400,1204,297,654,87,81,182,148,173,105,166,48,51,0,149,201,26,212,24554,8035
6170.5,C:\Data\20260323_MD18-3537\20260324_MD18-3537_S05\MD18-3537_S05_XRF\XRF data\L000071.spe,177.5,84,837,839,6191,11380,5051,268,1750,1200,105468,381,298,570,246,25,85,980,1156,301,667,82,86,130,109,164,241,335,100,55,39,65,238,38,0,25562,9279
6173,C:\Data\20260323_MD18-3537\20260324_MD18-3537_S05\MD18-3537_S05_XRF\XRF data\L000072.spe,180,107,864,902,6117,11259,5013,221,1743,1143,101420,464,389,498,208,300,74,986,1140,251,779,33,109,42,122,215,106,0,227,57,29,109,116,58,215,25267,6968
6175.5,C:\Data\20260323_MD18-3537\20260324_MD18-3537_S05\MD18-3537_S05_XRF\XRF data\L000073.spe,182.5,110,813,937,5772,11116,4566,160,1783,1190,98225,494,321,531,128,312,0,1256,1241,269,745,88,142,175,106,94,112,0,261,0,47,121,178,104,208,26088,9947
6178,C:\Data\20260323_MD18-3537\20260324_MD18-3537_S05\MD18-3537_S05_XRF\XRF data\L000074.spe,185,119,825,1029,5853,11795,4851,207,1693,1130,95200,362,325,566,339,100,63,290,1166,360,739,0,58,55,143,183,83,449,169,92,0,112,148,270,51,25406,7495
6180.5,C:\Data\20260323_MD18-3537\20260324_MD18-3537_S05\MD18-3537_S05_XRF\XRF data\L000075.spe,187.5,93,774,1034,5417,11538,4640,185,1770,1030,91735,378,280,512,102,172,165,1063,1255,126,834,7,62,60,105,191,123,315,90,28,50,13,169,96,0,26283,8639
6183,C:\Data\20260323_MD18-3537\20260324_MD18-3537_S05\MD18-3537_S05_XRF\XRF data\L000076.spe,190,86,665,1029,5030,11146,4449,190,1629,931,88749,428,304,401,227,328,0,609,1187,191,833,39,89,47,101,207,243,320,100,13,0,45,144,24,287,24874,9154
6185.5,C:\Data\20260323_MD18-3537\20260324_MD18-3537_S05\MD18-3537_S05_XRF\XRF data\L000077.spe,192.5,103,702,1047,5230,11664,4369,210,1649,1083,87602,402,299,482,161,34,59,1070,1348,127,572,48,97,35,97,151,130,108,139,9,40,0,181,202,50,24427,7443
6188,C:\Data\20260323_MD18-3537\20260324_MD18-3537_S05\MD18-3537_S05_XRF\XRF data\L000078.spe,195,88,746,839,6383,10928,4725,215,1689,1140,100583,401,265,477,85,198,39,334,1122,357,570,53,85,63,113,208,155,394,59,0,29,22,231,69,180,24823,8967
6190.5,C:\Data\20260323_MD18-3537\20260324_MD18-3537_S05\MD18-3537_S05_XRF\XRF data\L000079.spe,197.5,78,787,835,6308,10064,4787,169,1698,1026,104326,365,357,491,206,224,102,745,894,198,499,97,98,152,80,137,107,476,0,66,196,28,205,319,219,24188,8703
6193,C:\Data\20260323_MD18-3537\20260324_MD18-3537_S05\MD18-3537_S05_XRF\XRF data\L000080.spe,200,94,755,877,6202,9597,4606,282,1665,972,106362,398,308,540,228,71,189,1010,1073,260,545,88,66,176,121,137,198,343,12,35,269,64,182,197,0,25809,8383
6195.5,C:\Data\20260323_MD18-3537\20260324_MD18-3537_S05\MD18-3537_S05_XRF\XRF data\L000081.spe,202.5,79,763,889,6165,10051,4883,167,1814,969,106668,355,288,604,170,147,27,1589,1001,73,477,133,28,185,104,112,102,471,47,124,111,108,92,135,292,24084,6657
6198,C:\Data\20260323_MD18-3537\20260324_MD18-3537_S05\MD18-3537_S05_XRF\XRF data\L000082.spe,205,81,705,969,5916,10219,4613,264,1653,915,104366,340,276,520,38,179,16,1159,1028,182,625,75,64,113,88,161,168,174,53,45,100,24,295,85,209,24997,8921
6200.5,C:\Data\20260323_MD18-3537\20260324_MD18-3537_S05\MD18-3537_S05_XRF\XRF data\L000083.spe,207.5,95,701,898,6102,10093,4497,149,1787,945,105172,397,309,579,158,170,80,844,910,334,565,10,86,130,125,135,190,9,40,62,284,73,104,164,121,24621,9580
6203,C:\Data\20260323_MD18-3537\20260324_MD18-3537_S05\MD18-3537_S05_XRF\XRF data\L000084.spe,210,100,792,988,6408,9680,4656,269,1781,947,108791,364,466,469,144,219,93,1812,921,133,561,21,68,150,149,148,161,0,127,24,23,38,172,183,221,25901,5955
6205.5,C:\Data\20260323_MD18-3537\20260324_MD18-3537_S05\MD18-3537_S05_XRF\XRF data\L000085.spe,212.5,116,775,929,6309,9960,4632,179,1677,963,108599,370,432,591,77,185,77,1111,998,209,560,33,70,126,122,160,110,329,93,0,163,49,263,210,171,24701,6160
6208,C:\Data\20260323_MD18-3537\20260324_MD18-3537_S05\MD18-3537_S05_XRF\XRF data\L000086.spe,215,105,754,996,6265,9787,4569,261,1776,819,108581,296,309,521,19,209,0,768,1049,244,622,94,66,106,137,182,195,440,0,76,306,0,272,234,320,24623,7166
6210.5,C:\Data\20260323_MD18-3537\20260324_MD18-3537_S05\MD18-3537_S05_XRF\XRF data\L000087.spe,217.5,78,743,921,6114,9073,4502,224,1767,884,108071,385,372,490,131,23,127,1419,976,171,487,26,97,116,116,147,116,273,12,47,119,0,96,211,15,24864,8088
6213,C:\Data\20260323_MD18-3537\20260324_MD18-3537_S05\MD18-3537_S05_XRF\XRF data\L000088.spe,220,95,706,967,5912,8425,4756,171,1764,1014,108817,315,337,476,88,95,63,743,966,151,598,46,85,132,157,143,0,402,0,130,98,43,291,288,224,23043,7522
6215.5,C:\Data\20260323_MD18-3537\20260324_MD18-3537_S05\MD18-3537_S05_XRF\XRF data\L000089.spe,222.5,95,727,987,6041,8610,4663,263,1708,759,107673,326,273,608,140,197,96,948,1009,202,618,0,77,131,52,126,187,283,0,35,111,80,164,165,191,24651,8210
6218,C:\Data\20260323_MD18-3537\20260324_MD18-3537_S05\MD18-3537_S05_XRF\XRF data\L000090.spe,225,69,707,977,5859,9062,4700,198,1658,892,108865,421,315,585,256,217,89,1322,949,219,509,70,74,116,134,168,133,281,184,55,154,187,90,65,224,25254,7696
6220.5,C:\Data\20260323_MD18-3537\20260324_MD18-3537_S05\MD18-3537_S05_XRF\XRF data\L000091.spe,227.5,103,736,1002,5834,9342,4656,245,1870,898,108904,374,288,527,175,225,95,1497,963,181,606,44,94,122,120,197,200,380,95,66,80,152,107,67,113,25259,9170
6223,C:\Data\20260323_MD18-3537\20260324_MD18-3537_S05\MD18-3537_S05_XRF\XRF data\L000092.spe,230,66,684,1025,5789,9506,4840,193,1747,916,110034,328,290,502,0,227,131,1281,995,241,658,85,95,91,102,159,154,514,22,111,171,61,271,30,131,24673,9819
6225.5,C:\Data\20260323_MD18-3537\20260324_MD18-3537_S05\MD18-3537_S05_XRF\XRF data\L000093.spe,232.5,96,734,1018,5976,9973,4799,282,1859,938,111941,328,221,452,192,95,0,927,1063,206,510,79,85,180,109,133,68,335,30,79,177,55,137,153,195,25944,7452
6228,C:\Data\20260323_MD18-3537\20260324_MD18-3537_S05\MD18-3537_S05_XRF\XRF data\L000094.spe,235,88,785,885,6265,10381,4951,136,1844,907,113265,345,342,519,219,237,105,1553,996,68,608,52,110,173,159,124,141,588,0,71,187,79,175,93,123,25139,7593
6230.5,C:\Data\20260323_MD18-3537\20260324_MD18-3537_S05\MD18-3537_S05_XRF\XRF data\L000095.spe,237.5,87,797,967,5815,10990,4808,198,1694,889,109649,351,359,536,209,242,48,536,1057,269,461,46,48,91,125,172,144,310,247,68,0,62,164,119,131,25595,7826
6233,C:\Data\20260323_MD18-3537\20260324_MD18-3537_S05\MD18-3537_S05_XRF\XRF data\L000096.spe,240,115,744,1001,5728,10664,4849,303,1649,919,106910,364,359,549,47,182,0,1026,1103,222,632,98,101,188,136,129,181,490,20,41,111,23,263,184,339,24787,6010
6235.5,C:\Data\20260323_MD18-3537\20260324_MD18-3537_S05\MD18-3537_S05_XRF\XRF data\L000097.spe,242.5,117,703,1059,5777,10672,4606,184,1870,896,106193,281,369,509,37,111,42,900,1130,214,640,42,85,154,111,135,231,633,18,87,143,0,313,297,304,24937,7052
6238,C:\Data\20260323_MD18-3537\20260324_MD18-3537_S05\MD18-3537_S05_XRF\XRF data\L000098.spe,245,71,734,1061,5643,11121,4627,269,1717,981,104447,337,312,494,146,197,101,791,1129,204,709,85,74,58,123,196,98,418,0,53,117,43,150,127,91,25230,7989
6240.5,C:\Data\20260323_MD18-3537\20260324_MD18-3537_S05\MD18-3537_S05_XRF\XRF data\L000099.spe,247.5,61,676,1057,5505,11050,4541,254,1764,1005,101228,326,336,516,121,301,95,1736,1109,141,649,28,91,25,121,171,70,177,67,60,47,34,163,73,134,24709,7938
6243,C:\Data\20260323_MD18-3537\20260324_MD18-3537_S05\MD18-3537_S05_XRF\XRF data\L000100.spe,250,59,672,1037,5754,10714,4489,262,1722,936,101769,361,344,443,49,325,117,1060,1290,191,699,108,68,140,78,100,115,259,171,26,55,53,332,25,191,25278,6805
6245.5,C:\Data\20260323_MD18-3537\20260324_MD18-3537_S05\MD18-3537_S05_XRF\XRF data\L000101.spe,252.5,129,726,1004,6317,8782,4667,181,1794,985,105268,411,405,510,192,239,84,1248,1192,108,638,27,48,156,107,154,180,535,0,41,94,50,130,264,222,24646,7287
6248,C:\Data\20260323_MD18-3537\20260324_MD18-3537_S05\MD18-3537_S05_XRF\XRF data\L000102.spe,255,98,719,1029,6233,9630,4694,182,1809,1058,104277,381,393,556,203,144,78,779,1105,118,635,58,84,102,110,182,211,204,94,108,101,48,125,157,139,24406,9008
6250.5,C:\Data\20260323_MD18-3537\20260324_MD18-3537_S05\MD18-3537_S05_XRF\XRF data\L000103.spe,257.5,68,588,1194,5321,10637,4041,251,1798,1125,95382,417,292,466,190,134,42,890,1282,124,531,59,105,156,76,113,135,450,0,0,74,96,153,110,221,25614,7150
6253,C:\Data\20260323_MD18-3537\20260324_MD18-3537_S05\MD18-3537_S05_XRF\XRF data\L000104.spe,260,78,627,1264,4571,12948,3844,274,1761,942,86721,362,355,419,149,31,103,1015,1488,48,598,51,122,0,104,181,135,373,49,21,0,43,232,209,65,24780,8957
6255.5,C:\Data\20260323_MD18-3537\20260324_MD18-3537_S05\MD18-3537_S05_XRF\XRF data\L000105.spe,262.5,102,573,1214,4366,15438,3715,227,1631,906,83593,362,403,404,122,0,168,730,1470,115,382,90,105,135,92,106,185,263,0,0,64,20,182,243,13,25869,8042
6258,C:\Data\20260323_MD18-3537\20260324_MD18-3537_S05\MD18-3537_S05_XRF\XRF data\L000106.spe,265,92,630,1184,4639,15165,3715,157,1740,1016,84374,358,395,442,88,261,101,18,1536,199,488,24,75,66,96,148,165,489,71,70,0,25,233,109,277,24664,8966
6260.5,C:\Data\20260323_MD18-3537\20260324_MD18-3537_S05\MD18-3537_S05_XRF\XRF data\L000107.spe,267.5,25,503,1118,4205,14565,3178,273,1652,999,80351,317,287,354,76,34,133,160,1482,221,342,13,86,84,59,98,125,9,135,0,0,91,178,112,0,23716,6666
6263,C:\Data\20260323_MD18-3537\20260324_MD18-3537_S05\MD18-3537_S05_XRF\XRF data\L000108.spe,270,75,612,934,5543,18181,4283,219,1555,1009,93946,281,366,465,80,115,72,1427,1223,124,522,8,112,189,111,110,207,341,22,31,0,6,227,65,288,22331,7999
6265.5,C:\Data\20260323_MD18-3537\20260324_MD18-3537_S05\MD18-3537_S05_XRF\XRF data\L000109.spe,272.5,93,683,917,5633,19403,4484,217,1673,1003,95651,285,212,413,131,101,44,365,1195,272,490,74,206,111,129,179,177,491,0,78,341,49,144,183,196,23355,8361
6268,C:\Data\20260323_MD18-3537\20260324_MD18-3537_S05\MD18-3537_S05_XRF\XRF data\L000110.spe,275,110,626,944,5939,15984,4476,258,1609,1032,96953,393,372,497,0,158,71,1038,1223,71,521,4,114,126,96,150,104,179,29,70,40,51,283,175,237,22879,6257
6270.5,C:\Data\20260323_MD18-3537\20260324_MD18-3537_S05\MD18-3537_S05_XRF\XRF data\L000111.spe,277.5,81,668,1017,5680,14740,4189,259,1618,1030,100412,326,361,475,145,231,17,1053,966,226,472,37,148,283,92,43,0,359,41,0,5,54,152,160,345,25041,7441
6273,C:\Data\20260323_MD18-3537\20260324_MD18-3537_S05\MD18-3537_S05_XRF\XRF data\L000112.spe,280,73,667,1001,5619,13920,4499,185,1646,982,102450,311,371,502,159,95,190,778,1050,210,509,7,165,85,133,176,116,339,61,67,125,0,153,185,64,24094,8873
6275.5,C:\Data\20260323_MD18-3537\20260324_MD18-3537_S05\MD18-3537_S05_XRF\XRF data\L000113.spe,282.5,73,725,1036,5521,13916,4442,276,1724,1036,103227,418,352,523,184,0,96,960,1108,264,596,34,104,40,66,202,133,363,156,90,133,74,234,230,150,24631,9756
6278,C:\Data\20260323_MD18-3537\20260324_MD18-3537_S05\MD18-3537_S05_XRF\XRF data\L000114.spe,285,46,705,933,5336,14350,4478,291,1538,946,102023,364,310,576,86,209,94,1503,960,109,645,74,122,78,113,158,117,95,210,91,7,63,236,194,69,23690,8332
6280.5,C:\Data\20260323_MD18-3537\20260324_MD18-3537_S05\MD18-3537_S05_XRF\XRF data\L000115.spe,287.5,34,655,1036,5359,15509,4432,220,1769,895,100141,367,287,542,61,23,171,1068,1064,227,554,47,115,183,115,130,185,678,55,36,31,91,207,261,6,24167,7400
6283,C:\Data\20260323_MD18-3537\20260324_MD18-3537_S05\MD18-3537_S05_XRF\XRF data\L000116.spe,290,78,615,1153,5110,15457,4541,197,1672,935,97874,355,293,454,180,327,84,1188,1075,157,617,49,146,145,119,168,162,268,82,73,0,125,102,18,180,24289,8409
6285.5,C:\Data\20260323_MD18-3537\20260324_MD18-3537_S05\MD18-3537_S05_XRF\XRF data\L000117.spe,292.5,111,631,1000,5904,8280,4590,306,1622,873,103767,250,347,423,237,326,138,1631,1039,28,548,82,73,50,107,184,97,561,0,101,256,0,52,218,144,24267,9380
6288,C:\Data\20260323_MD18-3537\20260324_MD18-3537_S05\MD18-3537_S05_XRF\XRF data\L000118.spe,295,107,678,996,6665,4555,4659,233,1737,832,110861,325,426,518,0,26,172,1717,965,123,465,27,32,146,89,152,104,338,0,17,202,35,207,265,109,25528,10201
6290.5,C:\Data\20260323_MD18-3537\20260324_MD18-3537_S05\MD18-3537_S05_XRF\XRF data\L000119.spe,297.5,69,680,946,6393,8340,4659,174,1785,889,110905,291,348,523,78,63,209,1102,860,200,570,59,48,133,146,152,149,356,132,69,114,120,298,140,35,24101,8236
6293,C:\Data\20260323_MD18-3537\20260324_MD18-3537_S05\MD18-3537_S05_XRF\XRF data\L000120.spe,300,91,660,1019,5794,12176,4488,183,1698,840,105227,328,218,510,189,233,0,549,1049,275,558,59,94,140,96,151,142,427,0,45,194,52,128,19,322,24732,6811
6295.5,C:\Data\20260323_MD18-3537\20260324_MD18-3537_S05\MD18-3537_S05_XRF\XRF data\L000121.spe,302.5,78,585,1176,5250,12543,4552,177,1630,961,102665,261,242,450,132,98,140,1075,951,153,620,82,136,85,116,164,124,502,0,110,170,0,146,157,49,24082,8990
6298,C:\Data\20260323_MD18-3537\20260324_MD18-3537_S05\MD18-3537_S05_XRF\XRF data\L000122.spe,305,133,606,1132,5407,11409,4688,151,1648,972,105387,336,307,527,171,197,105,1341,1057,175,652,59,17,106,102,173,53,63,113,109,48,109,193,169,221,24866,7898
6300.5,C:\Data\20260323_MD18-3537\20260324_MD18-3537_S05\MD18-3537_S05_XRF\XRF data\L000123.spe,307.5,89,626,1299,5489,10227,4747,165,1770,844,105202,334,332,514,241,375,79,938,1098,183,763,31,88,104,147,186,244,235,122,53,0,22,107,117,296,24197,8185
6303,C:\Data\20260323_MD18-3537\20260324_MD18-3537_S05\MD18-3537_S05_XRF\XRF data\L000124.spe,310,81,593,1212,5389,10450,4596,190,1685,823,100084,340,350,499,161,284,0,1393,1049,151,655,44,80,79,118,180,89,356,44,28,67,30,185,154,253,25480,9444
6305.5,C:\Data\20260323_MD18-3537\20260324_MD18-3537_S05\MD18-3537_S05_XRF\XRF data\L000125.spe,312.5,79,651,1213,5121,10937,4373,189,1727,997,96691,350,342,485,205,145,121,1024,987,138,667,98,126,143,66,162,83,386,0,55,95,82,162,56,155,24545,7848
6308,C:\Data\20260323_MD18-3537\20260324_MD18-3537_S05\MD18-3537_S05_XRF\XRF data\L000126.spe,315,77,609,1267,4930,11503,4356,245,1680,999,91535,342,234,476,171,116,114,1167,1266,170,649,78,66,10,118,254,189,396,0,51,141,0,263,101,106,24692,7420
6310.5,C:\Data\20260323_MD18-3537\20260324_MD18-3537_S05\MD18-3537_S05_XRF\XRF data\L000127.spe,317.5,42,564,1379,4122,11222,3815,123,1791,850,81844,426,349,540,246,229,56,1161,1248,174,737,33,95,41,85,206,185,331,82,0,103,95,190,264,143,24757,8012
6313,C:\Data\20260323_MD18-3537\20260324_MD18-3537_S05\MD18-3537_S05_XRF\XRF data\L000128.spe,320,85,586,1490,4072,11941,3749,162,1532,960,79366,351,315,426,206,89,91,899,1277,121,792,30,91,67,130,162,54,129,105,8,0,0,180,145,203,25148,7983
6315.5,C:\Data\20260323_MD18-3537\20260324_MD18-3537_S05\MD18-3537_S05_XRF\XRF data\L000129.spe,322.5,57,551,1438,4202,12773,3973,197,1717,833,76641,351,253,420,358,45,40,1262,1336,181,801,60,65,27,114,185,186,545,0,5,7,29,116,242,228,25290,9106
6318,C:\Data\20260323_MD18-3537\20260324_MD18-3537_S05\MD18-3537_S05_XRF\XRF data\L000130.spe,325,74,632,1235,4654,14159,4001,193,1686,971,82464,366,318,536,276,229,0,971,1148,247,698,52,123,0,81,227,188,339,157,0,0,63,109,114,294,25441,8776
6320.5,C:\Data\20260323_MD18-3537\20260324_MD18-3537_S05\MD18-3537_S05_XRF\XRF data\L000131.spe,327.5,135,736,988,5763,19532,4565,273,1540,1273,96728,369,354,527,208,367,0,569,1148,208,708,103,154,98,90,129,137,0,199,34,52,96,154,200,245,23303,6632
6323,C:\Data\20260323_MD18-3537\20260324_MD18-3537_S05\MD18-3537_S05_XRF\XRF data\L000132.spe,330,88,709,1016,5677,23290,4467,186,1636,1259,95920,339,328,511,234,236,223,558,1136,283,474,31,268,152,90,158,43,109,105,63,118,55,71,68,0,24504,6787
6325.5,C:\Data\20260323_MD18-3537\20260324_MD18-3537_S05\MD18-3537_S05_XRF\XRF data\L000133.spe,332.5,109,683,1041,5852,24047,4484,164,1587,1197,95552,291,318,424,142,250,122,945,1121,127,500,69,269,173,136,223,153,350,0,82,183,18,178,105,171,22911,6977
6328,C:\Data\20260323_MD18-3537\20260324_MD18-3537_S05\MD18-3537_S05_XRF\XRF data\L000134.spe,335,65,716,1052,5424,26284,4401,226,1579,1124,91222,323,234,514,79,214,119,1239,1357,99,665,66,235,175,78,148,151,341,0,82,162,42,233,161,205,23196,6847
6330.5,C:\Data\20260323_MD18-3537\20260324_MD18-3537_S05\MD18-3537_S05_XRF\XRF data\L000135.spe,337.5,84,755,1019,5362,26383,4408,192,1575,1268,88625,344,308,466,176,267,45,1442,1244,157,575,17,271,100,102,181,132,383,10,48,90,0,121,112,218,24512,9911
6333,C:\Data\20260323_MD18-3537\20260324_MD18-3537_S05\MD18-3537_S05_XRF\XRF data\L000136.spe,340,74,714,1055,5080,26971,4196,194,1623,1190,84626,439,409,522,230,355,0,1239,1238,129,673,4,259,61,131,140,49,0,220,0,0,95,223,192,258,23892,7601
6335.5,C:\Data\20260323_MD18-3537\20260324_MD18-3537_S05\MD18-3537_S05_XRF\XRF data\L000137.spe,342.5,99,698,1092,4687,27728,4017,153,1679,1023,75814,388,359,453,97,216,0,1228,1366,138,575,56,274,173,89,129,166,341,40,0,41,20,267,168,425,24255,9875
6338,C:\Data\20260323_MD18-3537\20260324_MD18-3537_S05\MD18-3537_S05_XRF\XRF data\L000138.spe,345,92,682,921,5759,14669,4421,206,1557,1305,94300,318,369,514,99,302,0,447,1471,191,540,88,138,186,95,156,52,684,0,59,210,41,248,153,306,24280,8278
6340.5,C:\Data\20260323_MD18-3537\20260324_MD18-3537_S05\MD18-3537_S05_XRF\XRF data\L000139.spe,347.5,114,711,922,6205,13743,4532,283,1673,1323,103365,460,345,566,133,325,53,1535,930,134,466,46,170,206,85,79,100,88,184,31,62,78,194,159,318,24460,7747
6343,C:\Data\20260323_MD18-3537\20260324_MD18-3537_S05\MD18-3537_S05_XRF\XRF data\L000140.spe,350,70,669,973,5998,17467,4557,198,1599,1115,100559,385,296,523,200,89,174,662,983,218,470,78,173,163,110,120,20,90,69,42,256,125,97,212,241,23795,7406
6345.5,C:\Data\20260323_MD18-3537\20260324_MD18-3537_S05\MD18-3537_S05_XRF\XRF data\L000141.spe,352.5,92,700,995,6382,13930,4529,244,1607,998,101985,340,258,505,46,249,135,1300,1043,120,606,69,116,160,139,181,222,221,125,84,139,19,231,79,66,24871,9910
6348,C:\Data\20260323_MD18-3537\20260324_MD18-3537_S05\MD18-3537_S05_XRF\XRF data\L000142.spe,355,107,653,988,6783,7224,4214,230,1574,893,105376,427,284,553,71,201,28,1649,1090,231,461,76,38,179,122,148,47,176,179,15,47,60,244,96,274,25968,10064
6350.5,C:\Data\20260323_MD18-3537\20260324_MD18-3537_S05\MD18-3537_S05_XRF\XRF data\L000143.spe,357.5,89,543,1158,5940,8792,4178,192,1691,843,103435,300,301,492,113,188,30,402,836,367,442,72,44,139,132,176,82,315,0,57,154,0,230,139,303,25106,7346
6353,C:\Data\20260323_MD18-3537\20260324_MD18-3537_S05\MD18-3537_S05_XRF\XRF data\L000144.spe,360,110,578,1277,5876,10998,4272,290,1679,915,104443,321,304,505,202,0,161,964,980,213,615,80,118,171,116,101,156,457,0,0,101,44,236,248,11,23615,7346
6355.5,C:\Data\20260323_MD18-3537\20260324_MD18-3537_S05\MD18-3537_S05_XRF\XRF data\L000145.spe,362.5,82,602,1273,5623,10410,4556,233,1712,788,104500,344,333,519,80,128,144,1343,977,248,673,51,54,113,143,168,227,426,0,68,247,72,237,235,103,24692,8318
6358,C:\Data\20260323_MD18-3537\20260324_MD18-3537_S05\MD18-3537_S05_XRF\XRF data\L000146.spe,365,81,601,1242,5876,11708,4505,249,1729,815,104410,336,274,616,38,142,72,1574,1028,100,599,77,98,131,103,156,243,324,0,45,315,17,284,114,159,24414,9138
6360.5,C:\Data\20260323_MD18-3537\20260324_MD18-3537_S05\MD18-3537_S05_XRF\XRF data\L000147.spe,367.5,53,623,1194,5581,12248,4323,204,1733,844,99838,371,271,594,158,157,117,1680,1063,128,528,47,123,155,87,108,68,382,0,76,273,56,240,177,152,24988,7037
6363,C:\Data\20260323_MD18-3537\20260324_MD18-3537_S05\MD18-3537_S05_XRF\XRF data\L000148.spe,370,120,633,1191,5399,11945,4334,281,1712,1011,97515,294,175,452,173,144,163,1289,1168,218,642,58,78,193,106,114,71,475,0,59,285,0,216,183,69,24446,7359
6365.5,C:\Data\20260323_MD18-3537\20260324_MD18-3537_S05\MD18-3537_S05_XRF\XRF data\L000149.spe,372.5,74,691,1186,5424,12990,4193,180,1682,1042,93372,353,362,478,0,257,145,1185,1258,368,532,61,111,174,53,120,88,431,0,0,191,0,182,65,189,26492,8692
6368,C:\Data\20260323_MD18-3537\20260324_MD18-3537_S05\MD18-3537_S05_XRF\XRF data\L000150.spe,375,112,706,1138,5310,13906,4457,206,1753,1026,90043,388,386,506,91,271,108,550,1234,254,755,95,143,130,106,137,101,413,9,0,28,57,123,186,88,25567,8944
6370.5,C:\Data\20260323_MD18-3537\20260324_MD18-3537_S05\MD18-3537_S05_XRF\XRF data\L000151.spe,377.5,100,673,1209,4784,16071,4541,257,1643,1077,81985,329,333,399,122,313,0,473,1281,216,948,20,152,70,67,144,182,271,30,0,45,48,185,143,296,25042,6017
6373,C:\Data\20260323_MD18-3537\20260324_MD18-3537_S05\MD18-3537_S05_XRF\XRF data\L000152.spe,380,62,627,1127,5281,13958,3965,287,1607,1185,86533,383,309,418,110,56,95,1093,1231,71,620,13,94,142,68,97,39,71,160,0,0,43,151,61,104,25497,9028
6375.5,C:\Data\20260323_MD18-3537\20260324_MD18-3537_S05\MD18-3537_S05_XRF\XRF data\L000153.spe,382.5,115,619,1035,5738,12971,4395,265,1689,1314,94366,350,239,499,55,76,161,942,1063,204,692,10,96,0,104,241,191,195,14,90,230,20,191,283,32,24671,7991
6378,C:\Data\20260323_MD18-3537\20260324_MD18-3537_S05\MD18-3537_S05_XRF\XRF data\L000154.spe,385,78,577,1053,5941,19952,4222,190,1626,1176,95938,410,431,574,159,150,192,1600,979,90,444,62,137,89,149,205,100,0,320,26,0,79,180,92,133,23792,8259
6380.5,C:\Data\20260323_MD18-3537\20260324_MD18-3537_S05\MD18-3537_S05_XRF\XRF data\L000155.spe,387.5,90,525,1278,5526,22285,4089,281,1603,1213,92366,338,301,447,215,48,112,629,1122,280,446,109,205,146,88,116,62,363,45,30,111,45,45,213,76,24987,8084
6383,C:\Data\20260323_MD18-3537\20260324_MD18-3537_S05\MD18-3537_S05_XRF\XRF data\L000156.spe,390,96,513,1329,5336,24055,3974,200,1613,1125,89778,307,239,473,52,294,0,1140,1148,193,339,79,229,145,110,129,57,347,0,33,183,80,263,89,464,23719,7583
6385.5,C:\Data\20260323_MD18-3537\20260324_MD18-3537_S05\MD18-3537_S05_XRF\XRF data\L000157.spe,392.5,70,497,1285,5281,24359,3892,183,1687,973,88976,275,223,491,107,306,0,139,1101,303,556,0,242,126,126,126,122,158,0,97,297,60,174,77,259,22990,7509
6388,C:\Data\20260323_MD18-3537\20260324_MD18-3537_S05\MD18-3537_S05_XRF\XRF data\L000158.spe,395,98,514,1324,5054,24121,3905,220,1590,979,88538,277,300,504,94,100,211,1583,1148,129,451,123,206,94,112,184,147,410,0,62,63,47,150,316,20,23366,8518
6390.5,C:\Data\20260323_MD18-3537\20260324_MD18-3537_S05\MD18-3537_S05_XRF\XRF data\L000159.spe,397.5,82,547,1409,4941,22276,3851,238,1622,891,87897,279,330,463,182,222,0,1017,1294,231,391,88,199,103,89,159,99,112,60,11,87,0,189,207,122,24039,7243
6393,C:\Data\20260323_MD18-3537\20260324_MD18-3537_S05\MD18-3537_S05_XRF\XRF data\L000160.spe,400,77,561,1278,5527,11049,4125,162,1763,855,99796,358,396,488,201,145,145,1163,1073,130,508,28,62,86,123,216,183,100,96,42,101,69,196,246,137,23819,7090
6395.5,C:\Data\20260323_MD18-3537\20260324_MD18-3537_S05\MD18-3537_S05_XRF\XRF data\L000161.spe,402.5,66,588,1316,5621,12630,4238,211,1759,921,100632,304,281,515,88,243,80,879,1102,136,541,70,68,83,119,204,133,789,0,38,166,58,194,53,175,24413,6791
6398,C:\Data\20260323_MD18-3537\20260324_MD18-3537_S05\MD18-3537_S05_XRF\XRF data\L000162.spe,405,85,597,1291,5859,13310,4256,207,1703,1002,102124,437,401,534,250,358,72,101,1072,400,540,50,109,175,142,114,127,172,267,17,0,106,125,83,190,24096,8557
6400.5,C:\Data\20260323_MD18-3537\20260324_MD18-3537_S05\MD18-3537_S05_XRF\XRF data\L000163.spe,407.5,98,572,1290,5895,16402,4177,260,1729,1001,102980,379,364,539,166,255,74,851,1017,198,554,97,144,171,110,126,107,555,0,34,256,20,195,158,319,24166,8678
6403,C:\Data\20260323_MD18-3537\20260324_MD18-3537_S05\MD18-3537_S05_XRF\XRF data\L000164.spe,410,73,557,1251,5618,19302,4507,218,1627,983,102832,359,391,500,67,0,197,1265,1060,236,567,103,71,89,100,172,112,83,123,13,229,24,165,53,0,24791,8156
6405.5,C:\Data\20260323_MD18-3537\20260324_MD18-3537_S05\MD18-3537_S05_XRF\XRF data\L000165.spe,412.5,85,570,1390,5476,17924,4152,257,1744,1161,101770,432,463,585,61,340,161,739,1068,157,446,108,200,142,143,174,49,270,164,12,68,63,320,177,210,25157,6929
6408,C:\Data\20260323_MD18-3537\20260324_MD18-3537_S05\MD18-3537_S05_XRF\XRF data\L000166.spe,415,135,511,1276,5752,11644,4243,183,1706,949,102344,368,314,533,240,0,258,615,1121,236,405,0,46,104,115,141,57,172,74,53,96,51,157,239,30,25255,7279
6410.5,C:\Data\20260323_MD18-3537\20260324_MD18-3537_S05\MD18-3537_S05_XRF\XRF data\L000167.spe,417.5,63,468,1267,5919,10186,4358,230,1695,940,106461,363,276,504,66,0,180,1843,908,145,512,82,36,127,104,111,0,200,37,30,152,91,178,197,141,26130,8931
6413,C:\Data\20260323_MD18-3537\20260324_MD18-3537_S05\MD18-3537_S05_XRF\XRF data\L000168.spe,420,75,434,1372,5495,12792,4130,205,1613,887,102390,288,292,506,102,179,148,1035,1027,236,484,65,115,176,127,141,124,254,0,58,227,0,193,159,167,24437,8318
6415.5,C:\Data\20260323_MD18-3537\20260324_MD18-3537_S05\MD18-3537_S05_XRF\XRF data\L000169.spe,422.5,32,464,1421,4892,12427,4142,122,1640,917,97711,328,338,465,67,115,223,825,1075,280,557,83,84,101,115,187,172,446,0,55,0,65,169,74,0,25002,9429
6418,C:\Data\20260323_MD18-3537\20260324_MD18-3537_S05\MD18-3537_S05_XRF\XRF data\L000170.spe,425,86,576,1234,5283,12874,4193,235,1587,953,97130,324,157,430,48,41,128,1597,1226,89,591,48,105,149,98,140,113,599,0,26,233,0,152,107,156,24825,7780
6420.5,C:\Data\20260323_MD18-3537\20260324_MD18-3537_S05\MD18-3537_S05_XRF\XRF data\L000171.spe,427.5,41,536,1217,5320,13179,4222,189,1761,1076,100306,388,386,501,96,88,121,1028,1027,236,507,64,140,111,119,189,98,208,136,17,72,53,166,242,179,25174,7955
6423,C:\Data\20260323_MD18-3537\20260324_MD18-3537_S05\MD18-3537_S05_XRF\XRF data\L000172.spe,430,82,546,1169,5693,14371,4407,274,1715,1148,100476,444,406,490,156,250,107,306,1151,259,538,0,117,49,92,129,44,16,51,0,133,0,157,109,148,24833,7101
6425.5,C:\Data\20260323_MD18-3537\20260324_MD18-3537_S05\MD18-3537_S05_XRF\XRF data\L000173.spe,432.5,102,626,1093,5666,14598,4514,256,1692,1178,99882,314,256,518,102,0,100,583,1139,331,605,65,87,139,93,140,102,466,0,9,171,5,197,144,73,24356,7344
6428,C:\Data\20260323_MD18-3537\20260324_MD18-3537_S05\MD18-3537_S05_XRF\XRF data\L000174.spe,435,86,684,1108,5355,14856,4432,204,1652,1196,96811,317,319,404,189,121,89,958,1168,192,723,0,142,139,90,97,53,487,0,67,124,0,199,303,125,24677,9054
6430.5,C:\Data\20260323_MD18-3537\20260324_MD18-3537_S05\MD18-3537_S05_XRF\XRF data\L000175.spe,437.5,74,622,1164,5215,15383,4642,142,1756,1133,93951,393,373,523,54,124,79,851,1264,334,739,22,120,78,121,190,242,459,0,0,148,0,212,170,101,24925,7590
6433,C:\Data\20260323_MD18-3537\20260324_MD18-3537_S05\MD18-3537_S05_XRF\XRF data\L000176.spe,440,85,635,1171,4875,16833,4288,157,1871,1057,85309,324,232,468,172,404,0,1030,1319,166,761,56,197,69,89,188,200,470,0,29,235,0,175,224,370,23735,7524
6435.5,C:\Data\20260323_MD18-3537\20260324_MD18-3537_S05\MD18-3537_S05_XRF\XRF data\L000177.spe,442.5,80,618,1068,5077,18668,4314,163,1606,1094,82556,370,369,444,108,281,7,428,1202,217,785,10,185,92,95,176,148,286,0,19,113,40,195,222,222,24366,9726
6438,C:\Data\20260323_MD18-3537\20260324_MD18-3537_S05\MD18-3537_S05_XRF\XRF data\L000178.spe,445,92,667,1055,4849,19094,4048,248,1641,1446,79364,348,276,400,70,259,15,1110,1260,144,643,13,124,48,61,183,123,246,0,48,235,14,249,99,287,24482,6930
6440.5,C:\Data\20260323_MD18-3537\20260324_MD18-3537_S05\MD18-3537_S05_XRF\XRF data\L000179.spe,447.5,84,669,984,5189,20172,4171,187,1549,1302,83999,366,344,497,126,111,47,514,1166,240,696,10,176,89,107,146,172,26,165,15,57,73,194,157,63,25547,8117
6443,C:\Data\20260323_MD18-3537\20260324_MD18-3537_S05\MD18-3537_S05_XRF\XRF data\L000180.spe,450,110,657,935,5590,21511,4375,179,1565,1427,94111,281,316,462,220,353,40,618,1170,325,644,128,226,217,96,112,68,423,0,68,51,0,75,73,299,23802,7376
6445.5,C:\Data\20260323_MD18-3537\20260324_MD18-3537_S05\MD18-3537_S05_XRF\XRF data\L000181.spe,452.5,106,699,938,5588,22721,4133,231,1571,1498,93125,256,264,510,88,265,32,553,1089,250,495,63,232,110,110,172,274,624,0,85,102,14,187,95,203,22925,6009
6448,C:\Data\20260323_MD18-3537\20260324_MD18-3537_S05\MD18-3537_S05_XRF\XRF data\L000182.spe,455,98,690,965,5954,23367,4244,260,1568,1657,93643,356,268,528,162,208,0,956,1114,225,468,89,194,169,92,119,173,326,0,13,0,0,170,41,278,23666,8908
6450.5,C:\Data\20260323_MD18-3537\20260324_MD18-3537_S05\MD18-3537_S05_XRF\XRF data\L000183.spe,457.5,99,658,980,5882,23526,4371,194,1636,1666,93097,331,300,519,147,0,80,839,1183,172,558,56,208,120,105,125,40,191,56,76,17,0,137,162,121,23548,8340
6453,C:\Data\20260323_MD18-3537\20260324_MD18-3537_S05\MD18-3537_S05_XRF\XRF data\L000184.spe,460,90,676,908,5843,23455,4339,126,1581,2010,89829,292,223,434,313,283,117,1067,1096,144,556,49,239,143,126,165,188,487,0,49,180,11,59,192,212,23441,8845
6455.5,C:\Data\20260323_MD18-3537\20260324_MD18-3537_S05\MD18-3537_S05_XRF\XRF data\L000185.spe,462.5,74,654,947,5868,19561,4358,242,1708,3650,93870,383,417,567,129,127,111,688,1160,226,536,51,184,98,137,138,147,347,116,39,79,58,152,116,84,24504,7239
6458,C:\Data\20260323_MD18-3537\20260324_MD18-3537_S05\MD18-3537_S05_XRF\XRF data\L000186.spe,465,103,712,882,6001,21824,4277,224,1581,2421,95523,290,330,473,126,298,0,1091,1037,136,499,113,179,182,119,106,229,385,0,100,198,0,186,94,330,23020,6588
6460.5,C:\Data\20260323_MD18-3537\20260324_MD18-3537_S05\MD18-3537_S05_XRF\XRF data\L000187.spe,467.5,60,639,913,6212,22489,4337,263,1587,1892,95325,252,282,471,157,154,9,1084,1030,208,454,108,219,193,61,163,101,459,0,79,10,25,251,69,224,24095,8195
6463,C:\Data\20260323_MD18-3537\20260324_MD18-3537_S05\MD18-3537_S05_XRF\XRF data\L000188.spe,470,92,768,938,6383,19446,4261,275,1634,1430,99964,301,316,499,48,56,102,1366,1103,128,532,113,173,202,116,145,210,717,0,90,193,12,200,163,148,23002,8499
6465.5,C:\Data\20260323_MD18-3537\20260324_MD18-3537_S05\MD18-3537_S05_XRF\XRF data\L000189.spe,472.5,82,643,976,6523,13919,4571,278,1631,1389,106352,294,298,465,96,196,120,856,1043,174,458,77,109,32,64,237,161,344,0,107,296,0,200,64,122,24110,7990
6468,C:\Data\20260323_MD18-3537\20260324_MD18-3537_S05\MD18-3537_S05_XRF\XRF data\L000190.spe,475,138,701,926,6915,11987,4504,211,1627,1138,107710,287,311,541,0,41,61,1309,939,78,456,64,110,193,114,166,134,583,0,79,179,0,214,48,190,24841,8872
6470.5,C:\Data\20260323_MD18-3537\20260324_MD18-3537_S05\MD18-3537_S05_XRF\XRF data\L000191.spe,477.5,122,779,963,6512,17932,4482,191,1622,1102,103965,291,153,529,185,148,66,775,1027,241,576,108,133,147,123,179,166,362,0,60,245,33,200,194,185,24471,7822
6473,C:\Data\20260323_MD18-3537\20260324_MD18-3537_S05\MD18-3537_S05_XRF\XRF data\L000192.spe,480,91,680,949,6095,19572,4420,218,1619,1079,99119,365,330,482,76,142,79,491,1029,216,529,51,243,97,92,141,8,599,0,0,137,41,160,158,169,24238,7346
6475.5,C:\Data\20260323_MD18-3537\20260324_MD18-3537_S05\MD18-3537_S05_XRF\XRF data\L000193.spe,482.5,93,640,1030,5694,20145,4360,169,1674,946,92231,388,293,526,102,165,156,1049,1179,222,524,46,201,120,124,107,145,172,117,0,0,112,176,104,0,23433,9524
6478,C:\Data\20260323_MD18-3537\20260324_MD18-3537_S05\MD18-3537_S05_XRF\XRF data\L000194.spe,485,67,617,978,6196,14805,4386,243,1764,950,100138,337,263,522,181,130,151,844,1009,246,565,104,152,150,126,92,146,86,0,45,228,32,55,240,81,24016,9701
6480.5,C:\Data\20260323_MD18-3537\20260324_MD18-3537_S05\MD18-3537_S05_XRF\XRF data\L000195.spe,487.5,76,603,1069,6178,10791,4461,245,1649,894,103119,326,352,467,176,0,146,1159,995,148,584,49,90,97,115,197,171,188,57,99,155,66,165,248,31,24318,9031
6483,C:\Data\20260323_MD18-3537\20260324_MD18-3537_S05\MD18-3537_S05_XRF\XRF data\L000196.spe,490,41,513,1189,6238,7125,4470,212,1710,874,110924,258,352,577,0,41,207,1396,849,183,484,99,65,186,86,179,168,346,36,105,162,74,228,177,181,25207,8112
6485.5,C:\Data\20260323_MD18-3537\20260324_MD18-3537_S05\MD18-3537_S05_XRF\XRF data\L000197.spe,492.5,57,516,1160,5731,10827,4342,281,1647,937,106880,365,251,448,395,111,85,1307,928,137,486,95,62,242,114,81,0,478,0,6,81,77,42,289,79,24575,9664
6488,C:\Data\20260323_MD18-3537\20260324_MD18-3537_S05\MD18-3537_S05_XRF\XRF data\L000198.spe,495,110,587,1184,5745,9563,4288,281,1710,842,105511,310,391,480,0,138,119,1142,983,248,627,35,58,76,136,174,175,346,0,84,182,15,175,95,88,25319,9030
6490.5,C:\Data\20260323_MD18-3537\20260324_MD18-3537_S05\MD18-3537_S05_XRF\XRF data\L000199.spe,497.5,82,674,1143,6058,10683,4621,159,1755,938,106517,283,412,525,257,221,112,839,1023,168,643,68,95,119,143,192,154,360,149,115,0,114,165,178,254,24103,10347
6493,C:\Data\20260323_MD18-3537\20260324_MD18-3537_S05\MD18-3537_S05_XRF\XRF data\L000200.spe,500,75,587,1140,5693,11095,4365,276,1686,871,101183,353,340,536,253,13,127,690,1180,389,608,95,93,200,77,111,151,353,0,0,0,28,155,100,55,25614,8994
6495.5,C:\Data\20260323_MD18-3537\20260324_MD18-3537_S05\MD18-3537_S05_XRF\XRF data\L000201.spe,502.5,68,688,1181,5393,11945,4352,229,1757,1039,98183,309,334,480,249,56,166,922,1155,187,689,75,120,182,86,135,35,492,27,8,0,59,168,151,130,25858,8285
6498,C:\Data\20260323_MD18-3537\20260324_MD18-3537_S05\MD18-3537_S05_XRF\XRF data\L000202.spe,505,88,724,1058,5625,12272,4487,203,1677,1148,95810,363,362,551,188,328,0,701,1154,142,723,63,120,194,107,62,100,0,100,39,226,52,181,224,380,24047,8678
6500.5,C:\Data\20260323_MD18-3537\20260324_MD18-3537_S05\MD18-3537_S05_XRF\XRF data\L000203.spe,507.5,108,696,1032,5696,11186,4511,258,1586,1552,99292,337,351,542,165,196,0,760,1056,254,563,66,113,144,62,135,71,341,0,40,141,39,136,103,306,23840,6886
6503,C:\Data\20260323_MD18-3537\20260324_MD18-3537_S05\MD18-3537_S05_XRF\XRF data\L000204.spe,510,41,749,952,5977,12261,4641,199,1735,1470,95064,273,352,522,128,136,220,1542,1257,119,736,32,105,52,139,161,139,258,0,75,156,12,185,140,54,24521,6552
6505.5,C:\Data\20260323_MD18-3537\20260324_MD18-3537_S05\MD18-3537_S05_XRF\XRF data\L000205.spe,512.5,87,688,915,5976,10352,4820,220,1622,1651,96916,355,354,485,50,152,233,1156,1053,224,624,10,69,98,142,153,154,396,0,57,72,13,279,0,0,25357,8489
6508,C:\Data\20260323_MD18-3537\20260324_MD18-3537_S05\MD18-3537_S05_XRF\XRF data\L000206.spe,515,116,783,876,6775,7888,4866,234,1671,1150,108614,428,380,522,47,261,69,1038,905,121,615,56,66,64,99,170,125,191,93,7,73,44,189,29,151,24413,7036
6510.5,C:\Data\20260323_MD18-3537\20260324_MD18-3537_S05\MD18-3537_S05_XRF\XRF data\L000207.spe,517.5,137,767,760,6560,10862,4627,329,1606,1138,108813,364,382,572,56,12,174,1271,945,171,660,75,50,193,77,115,111,270,196,56,0,18,247,107,0,23691,8936
6513,C:\Data\20260323_MD18-3537\20260324_MD18-3537_S05\MD18-3537_S05_XRF\XRF data\L000208.spe,520,111,765,812,6813,11865,4554,247,1624,1068,108662,405,367,551,184,310,0,940,879,268,495,0,146,213,85,128,108,559,26,17,16,71,193,179,281,24138,8102
6515.5,C:\Data\20260323_MD18-3537\20260324_MD18-3537_S05\MD18-3537_S05_XRF\XRF data\L000209.spe,522.5,99,691,888,6168,15571,4556,257,1679,1098,103546,352,347,574,84,227,0,1029,1121,293,523,37,130,181,71,103,139,339,0,55,133,46,189,105,372,23789,6729
6518,C:\Data\20260323_MD18-3537\20260324_MD18-3537_S05\MD18-3537_S05_XRF\XRF data\L000210.spe,525,75,857,804,6616,15528,4791,217,1599,1202,107446,291,267,507,147,216,29,741,1120,188,614,61,166,122,124,154,218,187,0,108,242,0,110,193,168,23517,8756
6520.5,C:\Data\20260323_MD18-3537\20260324_MD18-3537_S05\MD18-3537_S05_XRF\XRF data\L000211.spe,527.5,95,763,828,6208,18055,4670,295,1623,1087,104354,354,299,565,51,0,271,1094,1075,153,529,69,148,188,106,115,114,347,0,80,146,77,199,246,0,23556,9007
6523,C:\Data\20260323_MD18-3537\20260324_MD18-3537_S05\MD18-3537_S05_XRF\XRF data\L000212.spe,530,109,829,848,6382,16397,4752,225,1719,1169,105735,358,340,535,277,113,82,719,1029,275,592,43,158,113,143,164,60,251,15,70,102,0,132,75,138,24188,8517
6525.5,C:\Data\20260323_MD18-3537\20260324_MD18-3537_S05\MD18-3537_S05_XRF\XRF data\L000213.spe,532.5,100,790,914,6395,16995,4860,168,1795,1040,107382,361,345,565,143,293,55,1623,1049,138,506,54,183,135,124,160,181,181,122,71,7,75,137,117,206,24138,9072
6528,C:\Data\20260323_MD18-3537\20260324_MD18-3537_S05\MD18-3537_S05_XRF\XRF data\L000214.spe,535,117,796,882,6276,17216,4729,219,1661,1229,106914,348,299,589,137,24,103,1517,1143,121,603,71,121,142,129,143,26,402,68,105,139,99,190,177,147,25296,9739
6530.5,C:\Data\20260323_MD18-3537\20260324_MD18-3537_S05\MD18-3537_S05_XRF\XRF data\L000215.spe,537.5,98,792,881,6074,19721,4880,291,1741,1293,100883,440,356,561,136,355,91,1306,1167,121,586,33,229,118,74,165,131,322,282,0,0,117,125,0,141,25813,8620
6533,C:\Data\20260323_MD18-3537\20260324_MD18-3537_S05\MD18-3537_S05_XRF\XRF data\L000216.spe,540,109,858,912,5620,19954,4726,222,1599,1337,95674,377,273,501,285,160,4,1006,1233,198,731,101,144,126,112,174,0,0,143,36,0,65,115,140,281,24815,8698
6535.5,C:\Data\20260323_MD18-3537\20260324_MD18-3537_S05\MD18-3537_S05_XRF\XRF data\L000217.spe,542.5,122,828,976,5446,19913,4767,221,1572,1278,90357,408,308,469,27,108,93,859,1212,289,659,69,178,38,111,213,116,317,0,0,13,0,200,93,125,24239,7566
6538,C:\Data\20260323_MD18-3537\20260324_MD18-3537_S05\MD18-3537_S05_XRF\XRF data\L000218.spe,545,98,753,916,5502,16534,4555,202,1610,1260,91283,337,357,504,180,131,45,605,1094,158,727,126,138,176,122,100,30,585,19,13,0,0,87,191,161,23755,6573
6540.5,C:\Data\20260323_MD18-3537\20260324_MD18-3537_S05\MD18-3537_S05_XRF\XRF data\L000219.spe,547.5,122,828,778,6367,11768,4554,214,1650,1282,105401,343,289,556,105,41,86,892,1026,163,458,79,97,232,105,124,86,552,0,22,147,88,109,155,80,25014,10245
6543,C:\Data\20260323_MD18-3537\20260324_MD18-3537_S05\MD18-3537_S05_XRF\XRF data\L000220.spe,550,77,836,818,6743,13336,4729,268,1738,1480,108928,335,326,576,29,156,106,942,952,209,698,53,81,173,147,132,60,412,97,118,0,62,294,129,198,24072,9372
6545.5,C:\Data\20260323_MD18-3537\20260324_MD18-3537_S05\MD18-3537_S05_XRF\XRF data\L000221.spe,552.5,102,822,825,6487,11319,4755,227,1770,1526,106614,440,343,556,5,282,44,636,1020,293,678,0,83,144,118,111,71,4,259,74,47,80,179,76,360,25095,9090
6548,C:\Data\20260323_MD18-3537\20260324_MD18-3537_S05\MD18-3537_S05_XRF\XRF data\L000222.spe,555,71,679,945,5950,10603,4994,204,1707,1361,102422,329,368,521,134,132,204,1062,1145,242,642,36,66,7,116,222,314,365,0,36,79,0,279,225,172,24274,8492
6550.5,C:\Data\20260323_MD18-3537\20260324_MD18-3537_S05\MD18-3537_S05_XRF\XRF data\L000223.spe,557.5,120,711,960,5484,11517,4528,220,1734,1535,95055,348,362,560,178,301,42,650,1207,296,708,42,73,178,118,117,134,281,59,76,108,8,235,107,226,24959,8766
6553,C:\Data\20260323_MD18-3537\20260324_MD18-3537_S05\MD18-3537_S05_XRF\XRF data\L000224.spe,560,80,744,1087,5022,12277,4352,166,1671,1269,85629,303,197,433,188,43,123,1066,1207,195,873,37,113,105,88,145,91,457,0,10,231,71,144,186,53,25254,7865
6555.5,C:\Data\20260323_MD18-3537\20260324_MD18-3537_S05\MD18-3537_S05_XRF\XRF data\L000225.spe,562.5,95,707,1126,4730,11671,4137,129,1683,1058,81791,316,295,430,168,181,154,723,1173,214,986,64,108,160,88,135,213,427,0,0,50,31,142,10,46,24521,7468
6558,C:\Data\20260323_MD18-3537\20260324_MD18-3537_S05\MD18-3537_S05_XRF\XRF data\L000226.spe,565,104,589,1021,5096,10390,4326,116,1717,1241,87070,419,340,486,173,370,26,1628,1121,68,555,14,83,86,70,225,161,280,160,46,0,91,226,219,336,25001,7984
6560.5,C:\Data\20260323_MD18-3537\20260324_MD18-3537_S05\MD18-3537_S05_XRF\XRF data\L000227.spe,567.5,99,707,904,5603,10366,4438,235,1717,1215,102773,326,348,479,12,216,83,654,1053,182,643,62,72,171,86,112,112,583,0,30,266,0,160,127,219,24449,9273
6563,C:\Data\20260323_MD18-3537\20260324_MD18-3537_S05\MD18-3537_S05_XRF\XRF data\L000228.spe,570,105,682,964,6316,6706,4671,285,1746,1027,108097,394,333,517,260,82,145,1469,1058,42,611,57,68,100,159,171,181,455,0,80,198,26,138,207,65,23712,8513
6565.5,C:\Data\20260323_MD18-3537\20260324_MD18-3537_S05\MD18-3537_S05_XRF\XRF data\L000229.spe,572.5,150,698,985,6244,9552,4837,262,1625,1146,114448,390,355,595,253,187,0,1003,814,198,472,68,75,143,109,116,86,380,81,49,95,59,249,225,357,24211,9005
6568,C:\Data\20260323_MD18-3537\20260324_MD18-3537_S05\MD18-3537_S05_XRF\XRF data\L000230.spe,575,105,486,1265,5476,12549,4743,305,1677,1144,110304,339,203,470,154,116,0,1524,1068,185,460,39,104,141,87,93,139,274,0,107,114,36,140,62,169,25074,9972
6570.5,C:\Data\20260323_MD18-3537\20260324_MD18-3537_S05\MD18-3537_S05_XRF\XRF data\L000231.spe,577.5,72,473,1308,5021,13428,4699,232,1673,1112,105443,407,309,500,86,250,42,938,998,124,572,74,117,95,111,173,152,86,0,41,351,0,181,257,231,23489,9180
6573,C:\Data\20260323_MD18-3537\20260324_MD18-3537_S05\MD18-3537_S05_XRF\XRF data\L000232.spe,580,68,480,1238,5909,9549,4677,319,1644,1027,112169,384,327,507,165,229,70,1543,912,228,499,38,76,27,97,207,119,68,120,82,192,51,191,124,254,24448,9474
6575.5,C:\Data\20260323_MD18-3537\20260324_MD18-3537_S05\MD18-3537_S05_XRF\XRF data\L000233.spe,582.5,81,474,1326,5606,8532,4438,222,1745,979,111134,350,371,550,170,352,132,377,948,255,460,76,92,218,126,132,136,458,82,119,99,123,168,200,195,24040,10207
6578,C:\Data\20260323_MD18-3537\20260324_MD18-3537_S05\MD18-3537_S05_XRF\XRF data\L000234.spe,585,59,439,1376,5827,8360,4490,294,1708,1115,112288,289,367,555,266,155,95,1589,993,177,615,53,84,108,98,153,42,337,31,137,89,35,129,193,219,24131,7624
6580.5,C:\Data\20260323_MD18-3537\20260324_MD18-3537_S05\MD18-3537_S05_XRF\XRF data\L000235.spe,587.5,86,451,1342,5751,7904,4396,262,1671,934,113625,370,303,554,85,37,167,974,860,248,409,26,133,122,90,173,187,302,0,105,299,64,155,164,100,24769,7069
6583,C:\Data\20260323_MD18-3537\20260324_MD18-3537_S05\MD18-3537_S05_XRF\XRF data\L000236.spe,590,74,452,1343,5251,10395,4222,241,1676,984,108489,342,345,589,98,202,134,1249,899,158,500,123,73,170,118,112,100,256,76,112,165,0,137,138,62,24519,7912
6585.5,C:\Data\20260323_MD18-3537\20260324_MD18-3537_S05\MD18-3537_S05_XRF\XRF data\L000237.spe,592.5,77,505,1312,5370,11321,4280,283,1680,975,108259,277,241,510,39,10,183,1243,871,120,556,46,85,115,87,163,185,688,0,123,467,0,166,210,10,23950,7169
6588,C:\Data\20260323_MD18-3537\20260324_MD18-3537_S05\MD18-3537_S05_XRF\XRF data\L000238.spe,595,58,668,1152,5493,12527,4559,235,1632,1127,109327,331,279,545,37,0,183,1394,1004,156,398,67,55,98,111,193,82,266,0,103,238,52,329,233,185,24856,7195
6590.5,C:\Data\20260323_MD18-3537\20260324_MD18-3537_S05\MD18-3537_S05_XRF\XRF data\L000239.spe,597.5,123,653,1082,5739,14673,4686,174,1749,1161,108504,345,362,538,88,163,88,1138,979,177,676,67,110,193,132,126,196,475,0,72,170,34,182,102,126,23264,7822
6593,C:\Data\20260323_MD18-3537\20260324_MD18-3537_S05\MD18-3537_S05_XRF\XRF data\L000240.spe,600,90,732,950,5772,15932,4663,228,1699,1120,106406,349,367,533,170,95,199,727,964,258,539,0,209,144,124,147,177,451,0,48,57,0,179,100,0,23518,9694
6595.5,C:\Data\20260323_MD18-3537\20260324_MD18-3537_S05\MD18-3537_S05_XRF\XRF data\L000241.spe,602.5,90,733,1004,5460,17328,4577,199,1585,1340,102084,244,316,524,117,11,176,1023,1125,228,636,52,124,149,106,183,120,399,0,118,183,0,223,119,32,24654,7417
6598,C:\Data\20260323_MD18-3537\20260324_MD18-3537_S05\MD18-3537_S05_XRF\XRF data\L000242.spe,605,72,751,949,5523,17974,4617,239,1622,1411,98415,380,320,566,177,123,63,580,1089,249,584,0,172,123,73,119,87,74,120,0,16,65,163,206,379,23376,6392
6600.5,C:\Data\20260323_MD18-3537\20260324_MD18-3537_S05\MD18-3537_S05_XRF\XRF data\L000243.spe,607.5,71,767,1060,5256,17425,4413,118,1606,1227,94074,410,327,485,179,194,87,1207,1280,222,590,29,182,161,165,96,184,330,61,0,116,64,131,66,172,25166,8030
6603,C:\Data\20260323_MD18-3537\20260324_MD18-3537_S05\MD18-3537_S05_XRF\XRF data\L000244.spe,610,65,712,1027,5389,16932,4718,176,1593,1184,94304,344,240,482,253,174,72,822,1239,145,687,54,160,75,91,153,226,279,0,0,123,0,112,267,96,24367,8890
6605.5,C:\Data\20260323_MD18-3537\20260324_MD18-3537_S05\MD18-3537_S05_XRF\XRF data\L000245.spe,612.5,81,769,1006,5362,15053,4583,263,1606,1442,94513,355,265,522,167,138,174,996,1084,66,561,83,103,55,109,166,134,348,27,0,0,5,203,74,16,24769,8340
6608,C:\Data\20260323_MD18-3537\20260324_MD18-3537_S05\MD18-3537_S05_XRF\XRF data\L000246.spe,615,94,731,855,5960,13228,4616,261,1802,1684,103742,403,355,574,182,276,69,1400,995,109,576,78,107,174,96,133,158,175,144,67,134,127,189,135,337,24079,9128
6610.5,C:\Data\20260323_MD18-3537\20260324_MD18-3537_S05\MD18-3537_S05_XRF\XRF data\L000247.spe,617.5,97,811,866,5913,15344,4826,228,1728,1425,104778,339,347,554,140,273,78,1330,1089,160,499,12,170,168,87,132,148,421,0,71,38,36,170,37,140,24061,10462
6613,C:\Data\20260323_MD18-3537\20260324_MD18-3537_S05\MD18-3537_S05_XRF\XRF data\L000248.spe,620,87,762,946,5958,15274,4648,244,1648,1400,105540,361,339,559,40,83,112,1011,1103,267,587,55,86,218,88,81,82,247,60,48,63,70,197,51,85,24418,8372
6615.5,C:\Data\20260323_MD18-3537\20260324_MD18-3537_S05\MD18-3537_S05_XRF\XRF data\L000249.spe,622.5,50,752,932,5744,15045,4747,237,1691,1290,101638,306,320,499,145,252,98,1577,1147,99,716,91,90,155,56,160,181,584,0,40,62,83,156,162,202,24279,9366
6618,C:\Data\20260323_MD18-3537\20260324_MD18-3537_S05\MD18-3537_S05_XRF\XRF data\L000250.spe,625,56,775,997,5612,15240,4650,220,1601,1165,96332,311,397,466,153,131,180,992,1137,119,653,21,121,86,114,137,142,257,0,64,159,0,153,194,0,24126,10029
6620.5,C:\Data\20260323_MD18-3537\20260324_MD18-3537_S05\MD18-3537_S05_XRF\XRF data\L000251.spe,627.5,72,780,1036,5344,15144,4738,198,1636,1199,93579,284,273,499,282,481,12,1091,1177,128,722,48,143,82,125,154,139,389,68,102,86,47,75,88,341,23684,6323
6623,C:\Data\20260323_MD18-3537\20260324_MD18-3537_S05\MD18-3537_S05_XRF\XRF data\L000252.spe,630,91,739,1036,5426,14639,4526,233,1632,1171,95656,335,346,520,105,314,0,1056,1117,124,685,47,148,90,97,176,187,169,125,56,27,29,186,36,334,24312,8912
6625.5,C:\Data\20260323_MD18-3537\20260324_MD18-3537_S05\MD18-3537_S05_XRF\XRF data\L000253.spe,632.5,71,619,1191,4679,15908,4454,210,1643,1017,84926,281,279,474,132,240,7,1571,1236,122,726,68,135,11,103,146,226,313,4,25,36,0,192,177,294,25092,9023
6628,C:\Data\20260323_MD18-3537\20260324_MD18-3537_S05\MD18-3537_S05_XRF\XRF data\L000254.spe,635,74,668,1035,5258,13054,4197,193,1625,1023,86047,306,327,348,38,235,61,1128,1187,176,764,11,81,107,93,153,183,376,0,0,105,0,227,121,221,25216,7074
6630.5,C:\Data\20260323_MD18-3537\20260324_MD18-3537_S05\MD18-3537_S05_XRF\XRF data\L000255.spe,637.5,92,696,827,6024,8166,4264,228,1601,1214,100616,326,353,477,69,263,15,969,945,227,698,111,64,124,134,141,185,293,0,49,121,0,331,130,250,24003,8046
6633,C:\Data\20260323_MD18-3537\20260324_MD18-3537_S05\MD18-3537_S05_XRF\XRF data\L000256.spe,640,111,696,918,5929,10365,4803,183,1701,1097,102897,342,222,494,122,79,114,1059,1060,131,651,69,41,132,123,107,136,370,0,74,278,39,218,112,166,23703,8234
6635.5,C:\Data\20260323_MD18-3537\20260324_MD18-3537_S05\MD18-3537_S05_XRF\XRF data\L000257.spe,642.5,108,695,950,5655,11078,4616,236,1702,1082,99323,351,327,478,80,209,81,861,1081,196,776,71,84,58,143,192,0,246,0,20,245,9,157,118,113,24899,7461
6638,C:\Data\20260323_MD18-3537\20260324_MD18-3537_S05\MD18-3537_S05_XRF\XRF data\L000258.spe,645,89,549,1127,5250,10651,4113,192,1614,886,95662,350,229,481,215,87,95,991,1150,177,616,74,92,151,59,80,99,342,0,0,203,34,98,213,163,24267,8430
6640.5,C:\Data\20260323_MD18-3537\20260324_MD18-3537_S05\MD18-3537_S05_XRF\XRF data\L000259.spe,647.5,100,651,1013,6045,10896,4703,231,1750,933,105502,357,319,462,38,82,79,952,970,156,529,63,127,34,110,179,216,338,0,29,172,0,161,178,139,24548,7736
6643,C:\Data\20260323_MD18-3537\20260324_MD18-3537_S05\MD18-3537_S05_XRF\XRF data\L000260.spe,650,108,675,1011,6060,10530,4479,224,1699,1029,106998,328,257,558,30,188,69,1668,992,128,586,91,61,126,133,153,203,484,0,132,271,75,273,147,188,23430,4868
6645.5,C:\Data\20260323_MD18-3537\20260324_MD18-3537_S05\MD18-3537_S05_XRF\XRF data\L000261.spe,652.5,82,704,1019,5979,11990,4484,174,1691,1053,109075,309,187,469,134,0,173,1352,1080,128,429,103,111,87,94,195,104,447,0,79,297,0,131,242,0,24603,6151
6648,C:\Data\20260323_MD18-3537\20260324_MD18-3537_S05\MD18-3537_S05_XRF\XRF data\L000262.spe,655,71,700,1046,5781,14491,4520,173,1592,1192,106162,315,330,466,187,172,176,1433,1013,146,456,79,126,145,115,184,27,505,0,87,143,46,138,204,71,23710,7305
6650.5,C:\Data\20260323_MD18-3537\20260324_MD18-3537_S05\MD18-3537_S05_XRF\XRF data\L000263.spe,657.5,81,631,1041,5627,15748,4503,166,1719,1040,104207,405,278,520,203,212,117,759,1006,195,512,31,143,96,138,169,191,70,175,91,168,41,140,150,34,24635,6982
6653,C:\Data\20260323_MD18-3537\20260324_MD18-3537_S05\MD18-3537_S05_XRF\XRF data\L000264.spe,660,90,669,1089,5705,15600,4539,190,1779,1008,103969,330,289,518,78,134,44,1705,908,23,662,26,116,118,122,116,183,169,85,89,161,18,263,251,268,23438,6857
6655.5,C:\Data\20260323_MD18-3537\20260324_MD18-3537_S05\MD18-3537_S05_XRF\XRF data\L000265.spe,662.5,73,615,1099,5788,14083,4565,204,1665,1035,103681,301,292,550,154,117,183,1296,1069,138,523,28,141,126,123,140,91,299,0,80,243,0,148,197,151,23969,7388
6658,C:\Data\20260323_MD18-3537\20260324_MD18-3537_S05\MD18-3537_S05_XRF\XRF data\L000266.spe,665,87,627,1078,5645,13949,4544,206,1726,1112,102121,335,323,532,0,173,71,1362,1067,217,593,51,129,90,136,171,199,335,83,43,75,82,305,152,114,23853,8077
6660.5,C:\Data\20260323_MD18-3537\20260324_MD18-3537_S05\MD18-3537_S05_XRF\XRF data\L000267.spe,667.5,90,660,1082,5626,14752,4449,209,1592,1150,100273,330,343,508,151,209,0,310,1177,376,595,36,129,157,86,151,21,406,0,15,74,38,192,210,342,24658,7583
6663,C:\Data\20260323_MD18-3537\20260324_MD18-3537_S05\MD18-3537_S05_XRF\XRF data\L000268.spe,670,65,626,1178,5551,15050,4481,240,1665,1155,98713,388,279,476,94,253,0,867,1051,345,579,50,136,145,118,156,191,420,0,75,245,39,180,70,392,25070,7742
6665.5,C:\Data\20260323_MD18-3537\20260324_MD18-3537_S05\MD18-3537_S05_XRF\XRF data\L000269.spe,672.5,84,633,1081,5325,15390,4456,291,1655,1239,93594,426,296,503,146,81,69,1048,1371,190,691,0,154,7,73,230,184,96,171,22,24,95,157,203,170,26244,8545
6668,C:\Data\20260323_MD18-3537\20260324_MD18-3537_S05\MD18-3537_S05_XRF\XRF data\L000270.spe,675,81,666,1148,5043,16460,4133,148,1610,1237,86785,369,289,459,253,222,180,1134,1234,262,540,45,181,126,163,153,58,90,105,60,96,37,89,263,70,25637,7873
6670.5,C:\Data\20260323_MD18-3537\20260324_MD18-3537_S05\MD18-3537_S05_XRF\XRF data\L000271.spe,677.5,47,613,1072,4925,16527,4324,186,1771,1090,78928,387,269,385,257,222,53,762,1179,154,843,47,123,125,76,143,47,293,7,0,194,52,174,121,186,23623,7099
6673,C:\Data\20260323_MD18-3537\20260324_MD18-3537_S05\MD18-3537_S05_XRF\XRF data\L000272.spe,680,64,630,1013,5331,14488,4333,258,1627,1147,86111,438,313,430,226,190,99,1286,1151,10,599,57,102,84,36,171,140,175,83,0,16,53,119,77,212,24471,4290
6675.5,C:\Data\20260323_MD18-3537\20260324_MD18-3537_S05\MD18-3537_S05_XRF\XRF data\L000273.spe,682.5,90,690,906,5640,16699,4446,245,1564,1187,97779,294,254,468,92,61,221,699,952,128,545,37,158,150,53,117,119,397,0,0,248,0,160,122,0,23590,8238
6678,C:\Data\20260323_MD18-3537\20260324_MD18-3537_S05\MD18-3537_S05_XRF\XRF data\L000274.spe,685,84,722,938,5835,16115,4403,208,1680,1413,101888,380,225,534,72,250,122,516,1011,229,435,51,153,155,131,148,109,227,162,112,58,120,175,140,231,23881,7698
6680.5,C:\Data\20260323_MD18-3537\20260324_MD18-3537_S05\MD18-3537_S05_XRF\XRF data\L000275.spe,687.5,82,706,972,5941,15112,4464,253,1677,1364,101421,286,306,580,0,0,164,806,1013,219,567,98,117,243,98,85,75,363,0,48,267,43,264,118,58,23299,8824
6683,C:\Data\20260323_MD18-3537\20260324_MD18-3537_S05\MD18-3537_S05_XRF\XRF data\L000276.spe,690,61,654,1031,6007,15654,4345,219,1599,1350,100038,328,302,471,72,90,32,986,1064,333,519,31,138,133,98,170,144,527,0,68,224,47,175,151,282,24979,9971
6685.5,C:\Data\20260323_MD18-3537\20260324_MD18-3537_S05\MD18-3537_S05_XRF\XRF data\L000277.spe,692.5,83,693,1054,5734,17399,4484,243,1658,1424,98687,410,381,533,263,9,87,1324,1109,187,570,62,142,120,103,122,29,201,230,74,91,77,136,136,164,24395,8387
6688,C:\Data\20260323_MD18-3537\20260324_MD18-3537_S05\MD18-3537_S05_XRF\XRF data\L000278.spe,695,91,651,982,5749,16965,4452,254,1750,1242,96484,355,289,501,160,297,26,1391,1137,71,612,64,100,177,71,85,199,185,161,48,0,27,129,191,275,24541,9693
6690.5,C:\Data\20260323_MD18-3537\20260324_MD18-3537_S05\MD18-3537_S05_XRF\XRF data\L000279.spe,697.5,79,662,941,5699,16154,4375,129,1727,1564,94244,305,331,480,163,291,58,865,1180,204,608,24,136,135,83,150,281,248,77,33,147,0,190,148,239,23438,9233
6693,C:\Data\20260323_MD18-3537\20260324_MD18-3537_S05\MD18-3537_S05_XRF\XRF data\L000280.spe,700,72,617,966,5825,16118,4345,260,1574,1335,95724,342,334,467,152,133,132,988,1024,145,642,51,149,167,93,120,205,627,20,16,8,42,81,231,81,24425,10335
6695.5,C:\Data\20260323_MD18-3537\20260324_MD18-3537_S05\MD18-3537_S05_XRF\XRF data\L000281.spe,702.5,71,584,996,6059,15949,4495,252,1614,1580,104844,364,321,589,167,134,206,1030,1020,161,502,31,128,137,125,171,28,148,152,86,54,38,168,251,50,23069,7914
6698,C:\Data\20260323_MD18-3537\20260324_MD18-3537_S05\MD18-3537_S05_XRF\XRF data\L000282.spe,705,97,636,939,6476,10258,4513,239,1537,2163,105055,310,243,590,99,190,173,1264,996,211,505,59,105,121,113,141,186,399,0,77,238,6,203,72,198,24258,8952
6700.5,C:\Data\20260323_MD18-3537\20260324_MD18-3537_S05\MD18-3537_S05_XRF\XRF data\L000283.spe,707.5,105,621,1009,5915,12497,4469,189,1551,1580,99122,378,259,499,162,0,253,1112,1048,204,443,106,131,176,109,140,97,385,0,12,225,77,157,185,0,23744,7410
6703,C:\Data\20260323_MD18-3537\20260324_MD18-3537_S05\MD18-3537_S05_XRF\XRF data\L000284.spe,710,107,635,973,6431,10841,4476,189,1652,1555,104473,307,381,533,105,93,53,702,987,288,523,35,106,129,126,198,214,548,120,58,92,48,201,161,184,25065,7401
6705.5,C:\Data\20260323_MD18-3537\20260324_MD18-3537_S05\MD18-3537_S05_XRF\XRF data\L000285.spe,712.5,74,734,961,6131,14360,4576,226,1675,1262,103416,332,342,508,16,153,80,1859,924,177,531,91,129,147,111,136,67,300,0,0,176,0,159,54,189,24675,7080
6708,C:\Data\20260323_MD18-3537\20260324_MD18-3537_S05\MD18-3537_S05_XRF\XRF data\L000286.spe,715,100,734,961,6298,17061,4479,281,1662,1195,103243,381,258,520,136,130,80,490,1013,296,427,26,157,189,117,48,129,197,0,39,105,0,241,147,184,24784,9226
6710.5,C:\Data\20260323_MD18-3537\20260324_MD18-3537_S05\MD18-3537_S05_XRF\XRF data\L000287.spe,717.5,97,743,971,5832,18144,4397,247,1583,1194,99935,360,323,468,45,100,124,1696,1075,34,502,117,184,166,120,112,51,355,0,0,206,71,107,200,77,23957,9461
6713,C:\Data\20260323_MD18-3537\20260324_MD18-3537_S05\MD18-3537_S05_XRF\XRF data\L000288.spe,720,85,758,964,5947,18301,4554,230,1678,1284,99084,352,302,518,143,273,67,1460,983,54,602,71,188,186,88,81,18,17,166,9,70,96,67,85,219,23388,6495
6715.5,C:\Data\20260323_MD18-3537\20260324_MD18-3537_S05\MD18-3537_S05_XRF\XRF data\L000289.spe,722.5,117,704,929,6144,15197,4388,283,1638,1297,103195,370,304,569,185,44,167,1826,1101,117,420,97,109,166,122,100,0,281,44,55,74,53,106,139,40,24749,10135
6718,C:\Data\20260323_MD18-3537\20260324_MD18-3537_S05\MD18-3537_S05_XRF\XRF data\L000290.spe,725,126,730,964,5912,15140,4397,300,1698,1103,103258,311,318,500,199,174,169,1131,1015,154,434,112,145,110,155,141,218,276,70,125,106,34,198,128,91,24618,7243
6720.5,C:\Data\20260323_MD18-3537\20260324_MD18-3537_S05\MD18-3537_S05_XRF\XRF data\L000291.spe,727.5,94,683,907,5877,16111,4456,223,1661,1191,103925,324,317,514,81,59,60,1313,1044,278,531,65,185,192,117,136,96,242,60,23,75,21,252,60,247,25192,8738
6723,C:\Data\20260323_MD18-3537\20260324_MD18-3537_S05\MD18-3537_S05_XRF\XRF data\L000292.spe,730,105,715,949,5739,16379,4521,228,1660,1329,101165,428,407,486,59,254,44,1008,1137,181,521,95,201,89,140,194,179,390,249,58,0,105,206,88,144,26155,8227
6725.5,C:\Data\20260323_MD18-3537\20260324_MD18-3537_S05\MD18-3537_S05_XRF\XRF data\L000293.spe,732.5,90,707,951,5824,16693,4554,164,1660,1414,99428,435,347,574,54,311,60,1168,977,187,663,74,176,96,140,208,235,166,132,0,77,73,209,48,228,24208,7662
6728,C:\Data\20260323_MD18-3537\20260324_MD18-3537_S05\MD18-3537_S05_XRF\XRF data\L000294.spe,735,68,715,946,5657,17673,4246,271,1516,1487,95018,348,333,474,263,322,6,1190,1104,93,595,61,166,156,82,100,85,236,84,0,28,101,80,0,272,24991,7834
6730.5,C:\Data\20260323_MD18-3537\20260324_MD18-3537_S05\MD18-3537_S05_XRF\XRF data\L000295.spe,737.5,76,723,937,5801,17044,4332,272,1661,1317,96137,339,267,506,168,289,63,1431,1179,118,602,51,152,162,107,132,154,365,0,25,164,58,163,78,284,24041,7575
6733,C:\Data\20260323_MD18-3537\20260324_MD18-3537_S05\MD18-3537_S05_XRF\XRF data\L000296.spe,740,96,724,979,5852,17091,4400,252,1632,1647,101690,388,246,517,124,43,138,1569,1059,97,503,79,217,147,121,158,143,319,0,5,138,46,175,213,177,23831,6563
6735.5,C:\Data\20260323_MD18-3537\20260324_MD18-3537_S05\MD18-3537_S05_XRF\XRF data\L000297.spe,742.5,88,706,1023,6093,14818,4545,263,1619,1590,106546,402,285,618,154,212,141,477,908,385,551,22,107,174,144,105,125,126,91,82,156,102,184,125,127,24809,7350
6738,C:\Data\20260323_MD18-3537\20260324_MD18-3537_S05\MD18-3537_S05_XRF\XRF data\L000298.spe,745,85,740,920,6095,17370,4347,218,1630,1417,101004,353,347,571,192,50,201,1749,979,120,481,0,154,245,87,91,62,22,147,35,244,58,123,166,0,24363,7220
6740.5,C:\Data\20260323_MD18-3537\20260324_MD18-3537_S05\MD18-3537_S05_XRF\XRF data\L000299.spe,747.5,80,723,999,5987,19139,4621,178,1690,1341,100790,271,375,541,0,73,204,1131,1065,141,606,70,182,145,97,145,154,439,0,69,236,0,291,79,112,23319,8724
6743,C:\Data\20260323_MD18-3537\20260324_MD18-3537_S05\MD18-3537_S05_XRF\XRF data\L000300.spe,750,103,777,963,5756,20461,4330,187,1565,1245,95167,448,337,531,26,127,20,1067,1114,164,599,39,197,165,168,139,60,48,255,15,0,93,220,164,187,24001,9000
6745.5,C:\Data\20260323_MD18-3537\20260324_MD18-3537_S05\MD18-3537_S05_XRF\XRF data\L000301.spe,752.5,54,723,956,5525,22120,4404,208,1586,1164,92262,386,408,489,0,175,0,972,1089,238,590,30,301,106,105,132,149,38,216,0,26,0,217,178,501,23423,9770
6748,C:\Data\20260323_MD18-3537\20260324_MD18-3537_S05\MD18-3537_S05_XRF\XRF data\L000302.spe,755,74,699,916,5502,19841,4366,195,1681,1119,93232,393,170,447,246,358,0,939,1101,98,393,0,194,119,86,112,148,131,68,0,153,94,17,134,428,24126,6034
6750.5,C:\Data\20260323_MD18-3537\20260324_MD18-3537_S05\MD18-3537_S05_XRF\XRF data\L000303.spe,757.5,98,710,956,5600,16798,4399,258,1559,1023,99713,387,444,575,72,76,25,473,881,259,398,18,168,0,90,185,207,0,245,57,0,50,206,114,147,24275,6675
6753,C:\Data\20260323_MD18-3537\20260324_MD18-3537_S05\MD18-3537_S05_XRF\XRF data\L000304.spe,760,68,665,894,5744,16776,4544,236,1668,873,98625,338,336,481,47,6,173,1176,963,197,686,60,156,46,100,172,298,316,9,61,154,39,204,122,136,23660,7773
6755.5,C:\Data\20260323_MD18-3537\20260324_MD18-3537_S05\MD18-3537_S05_XRF\XRF data\L000305.spe,762.5,66,668,980,5400,17326,4459,151,1555,1071,97254,429,481,492,266,314,97,1262,1132,88,505,107,102,118,113,128,146,137,252,54,26,150,88,154,119,23732,7556
6758,C:\Data\20260323_MD18-3537\20260324_MD18-3537_S05\MD18-3537_S05_XRF\XRF data\L000306.spe,765,91,668,1067,5712,14515,4419,243,1709,1108,101554,358,329,501,93,307,0,1424,1006,243,477,46,167,77,118,180,178,228,91,37,213,0,208,148,406,24562,8368
6760.5,C:\Data\20260323_MD18-3537\20260324_MD18-3537_S05\MD18-3537_S05_XRF\XRF data\L000307.spe,767.5,117,713,1057,5720,12504,4412,273,1643,1036,100269,353,280,435,125,442,0,1215,1080,178,594,91,132,139,128,113,130,198,0,70,401,13,200,149,308,24102,6476
6763,C:\Data\20260323_MD18-3537\20260324_MD18-3537_S05\MD18-3537_S05_XRF\XRF data\L000308.spe,770,98,613,1102,6236,7904,4452,190,1638,1045,108158,367,319,548,227,220,64,419,1013,268,628,31,60,160,169,169,189,315,0,68,358,69,96,184,143,24151,7524
6765.5,C:\Data\20260323_MD18-3537\20260324_MD18-3537_S05\MD18-3537_S05_XRF\XRF data\L000309.spe,772.5,91,482,1278,6226,7107,4410,278,1773,984,114047,323,371,582,225,133,75,1879,864,115,405,73,70,213,89,94,94,334,19,50,138,46,126,188,243,24945,6069
6768,C:\Data\20260323_MD18-3537\20260324_MD18-3537_S05\MD18-3537_S05_XRF\XRF data\L000310.spe,775,71,530,1174,5808,9762,4665,235,1740,963,109355,275,318,576,45,288,71,475,912,283,646,112,67,179,79,106,208,151,122,27,109,18,292,230,289,23603,8690
6770.5,C:\Data\20260323_MD18-3537\20260324_MD18-3537_S05\MD18-3537_S05_XRF\XRF data\L000311.spe,777.5,87,613,1123,5764,10582,4752,165,1714,987,106991,378,362,549,59,114,0,950,968,300,566,52,104,162,129,145,153,279,81,26,199,9,161,0,220,24324,7096
6773,C:\Data\20260323_MD18-3537\20260324_MD18-3537_S05\MD18-3537_S05_XRF\XRF data\L000312.spe,780,97,559,1023,5919,9164,4427,318,1645,979,107376,374,351,444,225,110,32,1099,850,215,443,89,77,206,105,96,171,283,181,0,24,27,158,108,143,25001,7026
6775.5,C:\Data\20260323_MD18-3537\20260324_MD18-3537_S05\MD18-3537_S05_XRF\XRF data\L000313.spe,782.5,55,527,1155,6125,8105,4355,252,1624,938,108953,343,456,540,66,54,183,1649,980,187,475,43,86,115,88,192,98,191,166,77,118,0,189,70,9,25028,8930
6778,C:\Data\20260323_MD18-3537\20260324_MD18-3537_S05\MD18-3537_S05_XRF\XRF data\L000314.spe,785,50,499,1124,6241,8293,4568,261,1641,1093,110898,340,341,562,176,83,282,1413,943,141,586,51,102,110,92,186,93,36,258,69,57,74,179,35,0,23619,8006
6780.5,C:\Data\20260323_MD18-3537\20260324_MD18-3537_S05\MD18-3537_S05_XRF\XRF data\L000315.spe,787.5,75,575,1128,6638,7916,4820,228,1693,1019,113023,275,391,561,285,84,217,1595,948,12,513,120,25,110,107,189,225,471,71,106,55,24,194,249,0,24527,7509
6783,C:\Data\20260323_MD18-3537\20260324_MD18-3537_S05\MD18-3537_S05_XRF\XRF data\L000316.spe,790,89,582,1072,6665,7841,4616,257,1683,1168,113870,451,466,602,202,160,100,1195,913,236,394,39,61,180,119,124,48,0,315,25,45,128,187,137,152,25418,8776
6785.5,C:\Data\20260323_MD18-3537\20260324_MD18-3537_S05\MD18-3537_S05_XRF\XRF data\L000317.spe,792.5,91,613,1063,6375,7152,4704,318,1613,1005,112812,492,394,567,190,160,164,1672,1007,216,594,30,14,88,128,116,71,0,283,0,38,124,173,223,139,26067,10419
6788,C:\Data\20260323_MD18-3537\20260324_MD18-3537_S05\MD18-3537_S05_XRF\XRF data\L000318.spe,795,115,697,1080,6088,8560,4778,330,1799,947,110099,352,285,534,213,144,51,1464,964,116,578,9,44,156,100,129,185,176,145,48,150,167,94,0,48,25474,10910
6790.5,C:\Data\20260323_MD18-3537\20260324_MD18-3537_S05\MD18-3537_S05_XRF\XRF data\L000319.spe,797.5,74,665,997,6236,9521,4682,245,1655,968,110164,345,323,557,269,0,214,1466,985,146,524,18,103,160,65,134,156,200,83,58,185,67,97,192,57,25904,8768
6793,C:\Data\20260323_MD18-3537\20260324_MD18-3537_S05\MD18-3537_S05_XRF\XRF data\L000320.spe,800,84,726,1004,6375,9117,4596,262,1672,875,110492,326,446,556,228,132,28,1313,963,103,503,58,67,155,133,177,287,347,147,53,55,118,107,265,186,25159,7810
6795.5,C:\Data\20260323_MD18-3537\20260324_MD18-3537_S05\MD18-3537_S05_XRF\XRF data\L000321.spe,802.5,127,733,971,6475,9168,4662,315,1681,1041,112415,359,334,571,220,408,66,1842,915,93,422,59,103,109,144,152,136,67,306,52,0,10,192,100,260,25126,6891
6798,C:\Data\20260323_MD18-3537\20260324_MD18-3537_S05\MD18-3537_S05_XRF\XRF data\L000322.spe,805,107,781,1008,6423,11010,4918,283,1718,1078,109881,396,352,643,190,239,152,1534,978,201,523,54,67,77,104,160,122,59,244,65,113,111,183,117,63,25523,8144
6800.5,C:\Data\20260323_MD18-3537\20260324_MD18-3537_S05\MD18-3537_S05_XRF\XRF data\L000323.spe,807.5,118,732,875,6302,12614,4685,227,1701,1117,104653,360,321,533,176,163,248,1203,1005,140,569,35,121,95,127,141,114,149,213,77,14,57,223,154,9,24682,8849
6803,C:\Data\20260323_MD18-3537\20260324_MD18-3537_S05\MD18-3537_S05_XRF\XRF data\L000324.spe,810,129,739,886,6117,10749,4528,258,1748,1095,106785,380,355,588,245,35,82,884,1067,265,535,71,87,183,120,119,70,270,155,66,84,42,102,202,162,25872,9156
6805.5,C:\Data\20260323_MD18-3537\20260324_MD18-3537_S05\MD18-3537_S05_XRF\XRF data\L000325.spe,812.5,108,744,895,6532,8073,4902,249,1638,1087,111679,387,345,565,200,170,197,1187,1016,156,419,51,28,96,80,161,114,0,262,8,77,130,132,104,0,26164,8625
6808,C:\Data\20260323_MD18-3537\20260324_MD18-3537_S05\MD18-3537_S05_XRF\XRF data\L000326.spe,815,75,707,900,6660,7503,4841,236,1722,1022,111422,307,379,586,119,104,156,1753,984,142,578,111,82,98,108,180,96,504,32,150,283,0,188,118,76,25471,9916
6810.5,C:\Data\20260323_MD18-3537\20260324_MD18-3537_S05\MD18-3537_S05_XRF\XRF data\L000327.spe,817.5,74,752,943,6355,9584,4495,267,1746,1046,104870,455,430,593,140,131,185,1610,1007,171,476,36,68,180,111,120,159,0,339,20,0,88,171,109,0,26482,6416
6813,C:\Data\20260323_MD18-3537\20260324_MD18-3537_S05\MD18-3537_S05_XRF\XRF data\L000328.spe,820,88,756,1008,6274,11426,4687,179,1679,1186,103147,295,344,535,212,214,161,1177,1020,236,354,54,74,149,122,200,96,347,96,171,86,71,147,148,97,24892,8474
6815.5,C:\Data\20260323_MD18-3537\20260324_MD18-3537_S05\MD18-3537_S05_XRF\XRF data\L000329.spe,822.5,106,710,989,6285,9581,4698,270,1663,1095,105241,443,376,580,268,272,179,1006,1087,300,533,58,50,67,72,189,95,157,171,35,9,74,159,177,144,25288,8783
6818,C:\Data\20260323_MD18-3537\20260324_MD18-3537_S05\MD18-3537_S05_XRF\XRF data\L000330.spe,825,65,726,967,6223,9432,4595,328,1644,1083,106600,380,293,527,232,187,8,1871,1041,258,470,29,66,92,118,127,148,210,138,96,288,0,138,111,300,25889,9025
6820.5,C:\Data\20260323_MD18-3537\20260324_MD18-3537_S05\MD18-3537_S05_XRF\XRF data\L000331.spe,827.5,72,698,1009,5970,9000,4650,255,1679,1207,105208,486,350,578,286,146,172,1250,1085,218,560,25,64,80,127,134,177,99,206,0,152,125,30,166,34,25898,8103
6823,C:\Data\20260323_MD18-3537\20260324_MD18-3537_S05\MD18-3537_S05_XRF\XRF data\L000332.spe,830,73,691,1123,5794,9026,4555,236,1800,913,102275,441,343,584,192,78,75,2277,1128,102,570,13,76,127,98,107,165,42,222,21,187,130,146,271,154,26486,9055
6825.5,C:\Data\20260323_MD18-3537\20260324_MD18-3537_S05\MD18-3537_S05_XRF\XRF data\L000333.spe,832.5,71,595,1144,5425,8786,4404,221,1635,1012,96999,328,426,487,160,103,73,1464,1080,103,736,76,44,108,90,170,80,371,117,9,0,33,185,301,134,25365,6451
6828,C:\Data\20260323_MD18-3537\20260324_MD18-3537_S05\MD18-3537_S05_XRF\XRF data\L000334.spe,835,76,659,1220,5003,9642,4130,269,1658,911,89504,417,424,551,104,215,143,1253,1016,85,649,72,59,72,73,133,149,334,301,0,0,32,226,124,214,24390,8532
6830.5,C:\Data\20260323_MD18-3537\20260324_MD18-3537_S05\MD18-3537_S05_XRF\XRF data\L000335.spe,837.5,100,529,1104,5021,9789,4083,196,1701,967,88974,461,342,553,346,295,42,1440,1108,59,650,29,72,81,88,142,150,142,274,0,0,67,110,121,149,25497,9640
6833,C:\Data\20260323_MD18-3537\20260324_MD18-3537_S05\MD18-3537_S05_XRF\XRF data\L000336.spe,840,82,634,1076,5769,9676,4285,201,1735,1324,93257,386,392,554,147,224,149,1371,1096,191,498,29,69,121,120,148,114,0,160,56,97,88,227,103,230,25676,6968
6835.5,C:\Data\20260323_MD18-3537\20260324_MD18-3537_S05\MD18-3537_S05_XRF\XRF data\L000337.spe,842.5,95,712,973,5705,10854,4626,212,1750,1309,102316,395,225,567,260,202,179,1579,974,78,552,47,70,63,93,144,213,76,185,18,132,128,126,161,100,24652,9329
6838,C:\Data\20260323_MD18-3537\20260324_MD18-3537_S05\MD18-3537_S05_XRF\XRF data\L000338.spe,845,106,647,1039,6214,7131,4587,268,1748,1142,106231,406,346,558,172,197,174,1065,1081,145,474,63,65,140,93,151,110,244,137,60,116,111,239,228,74,24972,7183
6840.5,C:\Data\20260323_MD18-3537\20260324_MD18-3537_S05\MD18-3537_S05_XRF\XRF data\L000339.spe,847.5,80,616,1037,6379,5164,4503,285,1739,980,107248,477,336,601,0,88,79,1128,891,190,574,31,0,149,102,163,109,340,103,0,261,136,292,127,183,25152,9805
6843,C:\Data\20260323_MD18-3537\20260324_MD18-3537_S05\MD18-3537_S05_XRF\XRF data\L000340.spe,850,80,605,1014,5925,9456,4166,316,1719,992,103677,488,376,513,249,202,162,1446,910,166,490,65,43,97,121,138,117,29,220,55,160,56,127,232,160,25452,6641
6845.5,C:\Data\20260323_MD18-3537\20260324_MD18-3537_S05\MD18-3537_S05_XRF\XRF data\L000341.spe,852.5,76,641,1177,5636,11073,4294,172,1726,1143,102536,327,363,485,163,68,158,1065,989,239,463,88,102,149,122,161,8,0,70,103,275,0,179,263,0,24964,7391
6848,C:\Data\20260323_MD18-3537\20260324_MD18-3537_S05\MD18-3537_S05_XRF\XRF data\L000342.spe,855,57,537,1246,5604,12734,4438,193,1688,1059,103606,368,376,505,212,58,218,1223,871,122,526,53,76,136,108,140,136,225,209,56,151,31,169,127,0,25225,11028
6850.5,C:\Data\20260323_MD18-3537\20260324_MD18-3537_S05\MD18-3537_S05_XRF\XRF data\L000343.spe,857.5,111,627,1084,5728,13081,4444,278,1630,1084,102988,406,292,469,129,211,4,463,977,227,611,13,104,60,118,139,11,0,116,26,241,43,154,137,229,24617,7966
6853,C:\Data\20260323_MD18-3537\20260324_MD18-3537_S05\MD18-3537_S05_XRF\XRF data\L000344.spe,860,121,557,1303,5606,11473,4308,219,1590,1003,101022,400,347,556,0,215,115,1060,898,186,538,21,102,70,85,199,198,301,147,11,189,62,213,102,149,25401,9291
6855.5,C:\Data\20260323_MD18-3537\20260324_MD18-3537_S05\MD18-3537_S05_XRF\XRF data\L000345.spe,862.5,62,626,1282,5866,10990,4230,231,1645,930,103487,365,374,563,117,214,95,880,904,122,535,23,112,75,93,157,86,9,108,16,222,86,203,61,188,25092,7837
6858,C:\Data\20260323_MD18-3537\20260324_MD18-3537_S05\MD18-3537_S05_XRF\XRF data\L000346.spe,865,76,647,1230,5560,11722,4508,262,1742,1005,102956,390,439,515,0,52,76,1378,859,151,585,73,84,53,97,194,85,30,272,18,197,97,302,136,158,24789,7221
6860.5,C:\Data\20260323_MD18-3537\20260324_MD18-3537_S05\MD18-3537_S05_XRF\XRF data\L000347.spe,867.5,99,664,1141,6072,11672,4565,231,1615,1036,105292,330,309,436,201,322,20,891,977,266,466,90,113,134,97,153,122,108,121,79,127,29,214,249,315,25132,8165
6863,C:\Data\20260323_MD18-3537\20260324_MD18-3537_S05\MD18-3537_S05_XRF\XRF data\L000348.spe,870,78,668,1081,6088,9795,4649,131,1613,913,106143,296,313,459,231,24,217,1444,956,224,571,95,52,44,146,269,154,522,0,85,357,0,160,243,0,25942,9312
6865.5,C:\Data\20260323_MD18-3537\20260324_MD18-3537_S05\MD18-3537_S05_XRF\XRF data\L000349.spe,872.5,126,678,1197,5844,9828,4504,268,1736,1002,102056,390,430,549,192,345,0,815,987,266,496,79,69,105,118,175,170,426,136,73,122,41,155,206,240,26506,8069
6868,C:\Data\20260323_MD18-3537\20260324_MD18-3537_S05\MD18-3537_S05_XRF\XRF data\L000350.spe,875,75,698,1091,5854,10256,4673,171,1669,1175,100928,375,245,549,211,16,44,1383,1068,138,540,29,72,100,104,182,42,339,42,83,123,63,201,284,285,25656,6815
6870.5,C:\Data\20260323_MD18-3537\20260324_MD18-3537_S05\MD18-3537_S05_XRF\XRF data\L000351.spe,877.5,70,696,962,5977,10078,4607,240,1863,1050,100624,337,324,541,97,135,221,1014,1151,102,665,29,104,64,87,141,132,538,0,29,252,15,245,186,51,23984,7709
6873,C:\Data\20260323_MD18-3537\20260324_MD18-3537_S05\MD18-3537_S05_XRF\XRF data\L000352.spe,880,122,720,1031,6023,10615,4469,259,1740,1118,99760,426,375,544,58,209,203,1286,1095,148,625,0,62,162,68,108,119,116,151,20,80,57,196,190,58,25030,7121
6875.5,C:\Data\20260323_MD18-3537\20260324_MD18-3537_S05\MD18-3537_S05_XRF\XRF data\L000353.spe,882.5,96,791,1028,5803,10808,4673,237,1849,1064,100358,444,381,541,209,358,0,1113,1142,216,702,51,35,120,112,89,214,0,178,25,50,98,109,156,541,25715,7803
6878,C:\Data\20260323_MD18-3537\20260324_MD18-3537_S05\MD18-3537_S05_XRF\XRF data\L000354.spe,885,57,746,994,5446,11634,4450,197,1735,1088,95834,425,395,518,189,93,147,953,1067,210,737,78,80,138,95,134,110,432,162,0,32,68,175,218,183,25334,9319
6880.5,C:\Data\20260323_MD18-3537\20260324_MD18-3537_S05\MD18-3537_S05_XRF\XRF data\L000355.spe,887.5,55,784,1044,5124,12043,4517,287,1754,1160,89418,420,394,436,141,307,0,819,1203,214,790,5,109,0,128,190,110,0,290,8,52,62,253,56,330,25922,8017
6883,C:\Data\20260323_MD18-3537\20260324_MD18-3537_S05\MD18-3537_S05_XRF\XRF data\L000356.spe,890,70,702,1110,4986,11386,4287,127,1738,997,86097,524,420,505,236,264,92,1292,1210,96,667,57,65,87,101,213,126,0,350,0,0,24,115,75,130,26806,8001
6885.5,C:\Data\20260323_MD18-3537\20260324_MD18-3537_S05\MD18-3537_S05_XRF\XRF data\L000357.spe,892.5,78,628,1086,4788,12008,4038,172,1635,1112,86430,525,327,464,260,0,186,876,1317,150,476,45,71,96,101,117,38,0,187,0,43,115,141,108,27,25832,8423
6888,C:\Data\20260323_MD18-3537\20260324_MD18-3537_S05\MD18-3537_S05_XRF\XRF data\L000358.spe,895,48,601,1081,4771,11553,3934,202,1716,1120,84509,410,366,518,274,196,189,441,1257,135,562,55,97,28,86,179,165,398,174,22,0,97,163,122,73,24800,10039
6890.5,C:\Data\20260323_MD18-3537\20260324_MD18-3537_S05\MD18-3537_S05_XRF\XRF data\L000359.spe,897.5,74,650,1035,5266,11070,4015,179,1751,989,85042,459,351,399,235,423,28,978,1205,152,664,58,124,83,102,144,226,86,220,36,0,79,203,233,241,24138,7908
6893,C:\Data\20260323_MD18-3537\20260324_MD18-3537_S05\MD18-3537_S05_XRF\XRF data\L000360.spe,900,83,736,893,6100,10225,4347,187,1776,1065,98727,407,240,568,91,242,71,1732,1092,28,465,56,71,108,96,145,165,0,201,97,129,105,276,172,214,25761,5698
6895.5,C:\Data\20260323_MD18-3537\20260324_MD18-3537_S05\MD18-3537_S05_XRF\XRF data\L000361.spe,902.5,102,772,868,6343,12581,4395,287,1563,1159,102544,485,385,556,187,111,0,1233,970,163,467,47,88,43,131,173,154,147,193,0,85,76,212,56,299,24560,7321
6898,C:\Data\20260323_MD18-3537\20260324_MD18-3537_S05\MD18-3537_S05_XRF\XRF data\L000362.spe,905,84,709,995,6000,15199,4258,188,1694,999,99576,407,351,555,89,244,0,792,910,227,659,85,165,108,134,176,190,304,117,53,132,38,146,177,341,23715,8431
6900.5,C:\Data\20260323_MD18-3537\20260324_MD18-3537_S05\MD18-3537_S05_XRF\XRF data\L000363.spe,907.5,63,639,975,5701,16974,4433,267,1603,1185,97511,401,323,533,224,283,6,570,1010,198,529,66,158,70,99,200,120,161,90,55,162,60,135,171,266,23805,7164
6903,C:\Data\20260323_MD18-3537\20260324_MD18-3537_S05\MD18-3537_S05_XRF\XRF data\L000364.spe,910,91,699,920,5640,18833,4417,197,1611,1039,94528,474,403,523,202,187,31,266,1011,191,514,42,203,60,128,154,100,39,285,0,44,120,185,81,220,24057,8136
6905.5,C:\Data\20260323_MD18-3537\20260324_MD18-3537_S05\MD18-3537_S05_XRF\XRF data\L000365.spe,912.5,74,681,923,5239,19694,4278,232,1579,1017,90645,397,276,466,194,185,82,503,1095,250,590,50,207,135,79,101,73,134,108,26,73,87,85,173,322,25041,7767
6908,C:\Data\20260323_MD18-3537\20260324_MD18-3537_S05\MD18-3537_S05_XRF\XRF data\L000366.spe,915,78,727,910,5278,20108,4312,236,1551,1120,89206,394,342,476,93,111,88,1101,1038,75,523,0,168,84,96,154,114,207,202,0,12,76,280,131,215,23214,5932
6910.5,C:\Data\20260323_MD18-3537\20260324_MD18-3537_S05\MD18-3537_S05_XRF\XRF data\L000367.spe,917.5,78,724,911,5136,19940,4417,184,1606,1068,87798,362,411,401,14,6,58,713,1045,262,500,62,211,99,125,166,80,6,232,29,0,0,241,87,114,23743,7357
6913,C:\Data\20260323_MD18-3537\20260324_MD18-3537_S05\MD18-3537_S05_XRF\XRF data\L000368.spe,920,84,751,1004,5077,19861,4270,161,1610,1239,85804,362,390,542,137,146,76,1173,1047,190,626,73,194,115,108,141,51,131,225,39,0,39,138,126,120,23634,9266
6915.5,C:\Data\20260323_MD18-3537\20260324_MD18-3537_S05\MD18-3537_S05_XRF\XRF data\L000369.spe,922.5,103,735,813,5679,15564,4284,222,1628,1323,92392,384,280,465,283,336,0,932,1072,311,464,84,106,116,133,125,139,52,268,0,53,95,62,58,256,24173,8809
6918,C:\Data\20260323_MD18-3537\20260324_MD18-3537_S05\MD18-3537_S05_XRF\XRF data\L000370.spe,925,66,673,863,6286,11403,4471,162,1629,1150,103639,323,308,576,141,166,227,1068,930,81,480,57,91,180,133,99,63,39,241,114,0,110,190,259,11,23590,8000
6920.5,C:\Data\20260323_MD18-3537\20260324_MD18-3537_S05\MD18-3537_S05_XRF\XRF data\L000371.spe,927.5,105,752,996,6312,10406,4420,195,1634,954,106958,405,327,546,83,130,86,1131,795,214,431,79,128,157,152,166,112,147,165,50,65,70,113,136,133,25280,7608
6923,C:\Data\20260323_MD18-3537\20260324_MD18-3537_S05\MD18-3537_S05_XRF\XRF data\L000372.spe,930,118,684,999,6562,12504,4568,279,1608,916,107480,390,314,562,151,293,30,1160,1035,147,479,63,113,93,107,152,251,475,237,8,51,73,172,126,297,25662,7845
6925.5,C:\Data\20260323_MD18-3537\20260324_MD18-3537_S05\MD18-3537_S05_XRF\XRF data\L000373.spe,932.5,127,692,1024,6440,17183,4512,158,1612,984,105417,400,425,571,129,225,126,1303,969,144,490,90,154,163,129,148,166,153,119,32,113,94,228,156,330,24199,4250
6928,C:\Data\20260323_MD18-3537\20260324_MD18-3537_S05\MD18-3537_S05_XRF\XRF data\L000374.spe,935,103,651,993,6334,19278,4401,325,1683,1047,101465,428,390,573,273,185,0,1117,1094,171,559,75,129,204,129,85,175,0,150,0,127,90,55,98,145,25057,7558
6930.5,C:\Data\20260323_MD18-3537\20260324_MD18-3537_S05\MD18-3537_S05_XRF\XRF data\L000375.spe,937.5,77,788,1091,5753,18986,4517,209,1542,1022,96378,437,308,493,103,433,0,1009,990,206,563,52,176,101,144,161,53,0,198,25,96,106,142,85,354,24956,8092
6933,C:\Data\20260323_MD18-3537\20260324_MD18-3537_S05\MD18-3537_S05_XRF\XRF data\L000376.spe,940,113,711,1000,5861,14366,4519,229,1594,964,96678,417,398,513,0,375,0,852,1058,199,483,0,153,91,98,168,119,0,283,0,15,75,293,66,263,24080,6143
6935.5,C:\Data\20260323_MD18-3537\20260324_MD18-3537_S05\MD18-3537_S05_XRF\XRF data\L000377.spe,942.5,119,696,1016,6132,10845,4488,232,1655,851,103289,362,363,602,66,258,39,653,1025,248,529,31,129,165,123,119,124,52,272,52,0,88,212,112,141,25084,8385
6938,C:\Data\20260323_MD18-3537\20260324_MD18-3537_S05\MD18-3537_S05_XRF\XRF data\L000378.spe,945,108,659,1138,5739,10193,4657,249,1693,902,104959,393,371,518,154,325,0,1539,978,208,508,35,85,36,121,183,92,0,309,18,24,111,136,277,393,25584,9186
6940.5,C:\Data\20260323_MD18-3537\20260324_MD18-3537_S05\MD18-3537_S05_XRF\XRF data\L000379.spe,947.5,61,730,1082,5637,10755,4422,188,1683,911,101487,353,321,575,73,218,87,1005,1089,293,495,33,132,178,93,117,169,414,76,12,44,38,249,82,87,25384,8650
6943,C:\Data\20260323_MD18-3537\20260324_MD18-3537_S05\MD18-3537_S05_XRF\XRF data\L000380.spe,950,61,649,1074,5336,11671,4638,235,1700,890,96824,357,383,548,167,44,85,1095,1039,277,661,68,79,144,77,139,206,402,41,0,0,17,202,125,151,25092,7359
6945.5,C:\Data\20260323_MD18-3537\20260324_MD18-3537_S05\MD18-3537_S05_XRF\XRF data\L000381.spe,952.5,107,648,1047,6239,10694,4463,200,1563,957,99549,339,261,455,206,193,132,984,1092,194,516,14,133,77,88,190,63,333,23,39,126,12,124,64,26,25453,8894
6948,C:\Data\20260323_MD18-3537\20260324_MD18-3537_S05\MD18-3537_S05_XRF\XRF data\L000382.spe,955,103,676,973,6102,11414,4737,226,1655,1119,103385,327,407,492,43,17,17,1499,994,149,433,44,88,55,157,185,52,316,80,66,148,0,235,89,191,24686,6835
6950.5,C:\Data\20260323_MD18-3537\20260324_MD18-3537_S05\MD18-3537_S05_XRF\XRF data\L000383.spe,957.5,91,671,1005,6415,7138,4422,234,1685,924,105811,396,353,535,245,74,97,1337,967,69,541,72,47,135,116,165,184,113,197,38,92,94,138,136,22,24286,8661
6953,C:\Data\20260323_MD18-3537\20260324_MD18-3537_S05\MD18-3537_S05_XRF\XRF data\L000384.spe,960,147,670,996,6219,8964,4560,181,1706,965,107169,363,293,602,46,361,131,1144,882,242,516,0,79,168,137,144,144,398,133,52,135,110,287,107,189,24947,9069
6955.5,C:\Data\20260323_MD18-3537\20260324_MD18-3537_S05\MD18-3537_S05_XRF\XRF data\L000385.spe,962.5,97,677,1006,6149,11621,4540,265,1641,946,106879,338,313,546,198,252,0,1061,910,128,624,72,103,176,86,126,124,413,58,84,112,93,159,138,298,24558,8852
6958,C:\Data\20260323_MD18-3537\20260324_MD18-3537_S05\MD18-3537_S05_XRF\XRF data\L000386.spe,965,72,654,981,5995,11744,4653,236,1762,973,105460,345,420,595,82,169,171,1242,925,77,473,0,101,77,100,171,104,337,206,56,18,50,206,114,113,24185,7320
6960.5,C:\Data\20260323_MD18-3537\20260324_MD18-3537_S05\MD18-3537_S05_XRF\XRF data\L000387.spe,967.5,71,652,1003,5876,11290,4308,302,1559,918,104356,333,356,487,123,155,120,1585,984,134,489,60,114,116,114,205,173,339,27,92,114,9,89,209,54,24051,6810
6963,C:\Data\20260323_MD18-3537\20260324_MD18-3537_S05\MD18-3537_S05_XRF\XRF data\L000388.spe,970,66,673,933,6403,10257,4521,252,1660,884,107219,302,295,472,142,71,68,1506,957,127,483,21,59,137,126,138,114,296,42,56,119,0,144,89,131,24057,7745
6965.5,C:\Data\20260323_MD18-3537\20260324_MD18-3537_S05\MD18-3537_S05_XRF\XRF data\L000389.spe,972.5,103,722,933,6331,10547,4652,273,1631,897,107031,271,370,565,155,41,111,1138,1056,254,586,44,38,153,88,167,156,319,164,100,89,124,295,219,218,24785,8261
6968,C:\Data\20260323_MD18-3537\20260324_MD18-3537_S05\MD18-3537_S05_XRF\XRF data\L000390.spe,975,124,620,1017,5951,10376,4455,255,1643,974,103666,308,297,546,35,277,73,1206,959,276,523,28,88,88,103,168,65,280,0,88,202,0,191,191,248,24836,8198
6970.5,C:\Data\20260323_MD18-3537\20260324_MD18-3537_S05\MD18-3537_S05_XRF\XRF data\L000391.spe,977.5,81,668,1111,5809,12500,4332,261,1733,966,104018,320,326,524,61,203,112,816,914,228,573,117,107,154,95,137,157,110,42,58,174,93,223,126,164,24163,7972
6973,C:\Data\20260323_MD18-3537\20260324_MD18-3537_S05\MD18-3537_S05_XRF\XRF data\L000392.spe,980,68,591,1116,5754,10813,4271,273,1672,980,105567,328,357,547,174,134,287,1062,904,159,437,70,107,124,103,145,55,378,83,128,0,53,183,152,0,24909,8906
6975.5,C:\Data\20260323_MD18-3537\20260324_MD18-3537_S05\MD18-3537_S05_XRF\XRF data\L000393.spe,982.5,81,638,1047,5771,11716,4409,270,1524,994,106532,360,366,519,114,113,121,1119,939,170,463,90,105,84,120,161,17,202,156,31,63,101,191,71,234,25153,7404
6978,C:\Data\20260323_MD18-3537\20260324_MD18-3537_S05\MD18-3537_S05_XRF\XRF data\L000394.spe,985,62,678,998,6029,13050,4592,197,1600,895,106275,433,332,530,161,78,100,1522,956,185,508,15,148,25,149,206,148,55,164,34,194,80,168,135,128,24817,9100
6980.5,C:\Data\20260323_MD18-3537\20260324_MD18-3537_S05\MD18-3537_S05_XRF\XRF data\L000395.spe,987.5,89,638,1032,5804,14106,4200,186,1711,977,102915,394,365,544,134,194,189,1033,954,197,442,66,116,154,140,143,86,303,83,0,56,106,170,105,128,24897,7378
6983,C:\Data\20260323_MD18-3537\20260324_MD18-3537_S05\MD18-3537_S05_XRF\XRF data\L000396.spe,990,87,655,1061,5411,15009,4305,237,1555,962,100141,344,296,520,248,171,0,1300,918,113,490,84,165,215,128,147,146,320,87,123,0,62,144,54,269,23797,6325
6985.5,C:\Data\20260323_MD18-3537\20260324_MD18-3537_S05\MD18-3537_S05_XRF\XRF data\L000397.spe,992.5,91,650,1039,5395,16447,4389,167,1647,1016,97899,364,336,451,310,220,131,1515,978,14,521,84,162,171,91,115,138,356,102,0,0,46,85,212,234,23400,7294
6988,C:\Data\20260323_MD18-3537\20260324_MD18-3537_S05\MD18-3537_S05_XRF\XRF data\L000398.spe,995,78,726,998,5572,16935,4582,213,1595,1051,99834,530,329,534,300,242,39,1254,1014,99,392,43,172,38,138,200,152,0,201,0,100,47,119,81,238,24014,9573
6990.5,C:\Data\20260323_MD18-3537\20260324_MD18-3537_S05\MD18-3537_S05_XRF\XRF data\L000399.spe,997.5,52,684,1156,5628,16912,4562,256,1651,1048,99741,386,192,517,250,0,97,1424,1056,106,527,14,157,38,95,217,169,370,136,0,37,74,74,218,140,24847,10941
6993,C:\Data\20260323_MD18-3537\20260324_MD18-3537_S05\MD18-3537_S05_XRF\XRF data\L000400.spe,1000,83,648,1081,5405,17659,4353,213,1649,1065,95289,342,251,482,269,154,136,1567,1037,62,581,31,162,153,88,110,116,278,87,70,113,50,163,98,237,24042,7720
6995.5,C:\Data\20260323_MD18-3537\20260324_MD18-3537_S05\MD18-3537_S05_XRF\XRF data\L000401.spe,1002.5,70,630,1022,5316,17582,4342,279,1611,1141,94336,385,355,461,33,88,0,1104,1073,128,631,32,215,181,90,104,160,105,0,0,235,0,217,116,212,24397,7807
6998,C:\Data\20260323_MD18-3537\20260324_MD18-3537_S05\MD18-3537_S05_XRF\XRF data\L000402.spe,1005,92,744,1124,5743,16286,4655,284,1665,1257,96214,388,326,522,174,208,62,1790,1100,146,529,0,133,63,97,141,114,163,25,42,130,50,180,236,234,25685,7407
7000.5,C:\Data\20260323_MD18-3537\20260324_MD18-3537_S05\MD18-3537_S05_XRF\XRF data\L000403.spe,1007.5,100,749,995,5527,16663,4350,268,1682,1136,92631,335,354,510,129,134,13,968,1136,211,535,104,177,171,97,123,136,372,129,27,81,60,233,281,280,23863,7508
7003,C:\Data\20260323_MD18-3537\20260324_MD18-3537_S05\MD18-3537_S05_XRF\XRF data\L000404.spe,1010,52,668,1060,5236,17009,4491,162,1684,1005,90503,365,258,470,91,350,48,933,1133,162,573,51,169,181,100,111,227,561,0,0,31,0,243,131,192,23700,8295
7005.5,C:\Data\20260323_MD18-3537\20260324_MD18-3537_S05\MD18-3537_S05_XRF\XRF data\L000405.spe,1012.5,89,742,993,5413,16742,4453,223,1680,1160,89425,406,312,526,190,15,43,441,1195,341,643,46,133,94,93,137,117,60,186,31,0,45,106,181,175,25032,5875
7008,C:\Data\20260323_MD18-3537\20260324_MD18-3537_S05\MD18-3537_S05_XRF\XRF data\L000406.spe,1015,112,723,883,5664,12663,4415,223,1613,1036,92983,289,290,450,151,213,160,1309,1125,23,879,115,112,207,100,116,130,326,0,42,93,0,262,133,64,24005,8382
7010.5,C:\Data\20260323_MD18-3537\20260324_MD18-3537_S05\MD18-3537_S05_XRF\XRF data\L000407.spe,1017.5,123,697,861,6704,8908,4814,253,1658,1293,111113,379,309,550,0,247,77,1196,928,189,626,42,95,130,176,156,165,93,0,71,349,53,171,62,201,24089,8627
7013,C:\Data\20260323_MD18-3537\20260324_MD18-3537_S05\MD18-3537_S05_XRF\XRF data\L000408.spe,1020,92,815,749,6719,11642,4828,253,1711,1275,110276,382,302,533,75,197,97,1266,892,115,634,63,104,133,117,115,178,183,67,116,192,10,204,266,137,24695,7866
7015.5,C:\Data\20260323_MD18-3537\20260324_MD18-3537_S05\MD18-3537_S05_XRF\XRF data\L000409.spe,1022.5,91,792,779,6488,12096,4823,200,1690,1156,110825,410,356,583,141,210,38,1325,1014,301,608,76,84,93,125,204,132,48,153,135,149,94,234,143,280,25030,7972
7018,C:\Data\20260323_MD18-3537\20260324_MD18-3537_S05\MD18-3537_S05_XRF\XRF data\L000410.spe,1025,111,757,831,6413,13540,4683,231,1805,1021,108949,409,309,591,194,85,99,1198,1043,254,574,135,93,255,110,58,119,180,106,84,131,23,205,79,106,24731,7836
7020.5,C:\Data\20260323_MD18-3537\20260324_MD18-3537_S05\MD18-3537_S05_XRF\XRF data\L000411.spe,1027.5,97,821,858,5919,14675,4897,268,1618,1009,105663,367,227,559,145,230,41,984,966,161,585,71,171,108,115,153,134,316,76,38,141,82,113,121,171,24197,8544
7023,C:\Data\20260323_MD18-3537\20260324_MD18-3537_S05\MD18-3537_S05_XRF\XRF data\L000412.spe,1030,78,804,873,5710,16540,4703,211,1612,1068,100245,411,401,530,35,78,181,1156,1081,148,527,63,153,244,114,98,45,332,203,0,0,68,270,96,0,24080,9030
7025.5,C:\Data\20260323_MD18-3537\20260324_MD18-3537_S05\MD18-3537_S05_XRF\XRF data\L000413.spe,1032.5,88,817,914,5549,17994,4859,227,1675,989,96685,359,325,539,91,204,117,1348,1141,90,480,4,150,65,112,129,134,52,285,42,37,78,189,99,126,23896,6901
7028,C:\Data\20260323_MD18-3537\20260324_MD18-3537_S05\MD18-3537_S05_XRF\XRF data\L000414.spe,1035,41,734,817,5447,16443,4642,188,1578,1055,97189,327,200,481,89,30,145,831,1040,140,688,108,143,159,123,127,162,355,0,76,140,0,217,155,26,23853,6080
7030.5,C:\Data\20260323_MD18-3537\20260324_MD18-3537_S05\MD18-3537_S05_XRF\XRF data\L000415.spe,1037.5,108,764,807,5860,15356,4636,211,1568,1057,98542,453,331,442,121,297,167,1032,1034,101,504,9,153,120,102,151,209,116,86,7,131,69,108,118,113,24257,7626
7033,C:\Data\20260323_MD18-3537\20260324_MD18-3537_S05\MD18-3537_S05_XRF\XRF data\L000416.spe,1040,105,699,775,6547,11395,4759,203,1713,1000,107330,392,457,560,175,292,0,1759,967,145,465,47,76,211,88,85,59,104,258,32,23,22,128,153,234,25230,7780
7035.5,C:\Data\20260323_MD18-3537\20260324_MD18-3537_S05\MD18-3537_S05_XRF\XRF data\L000417.spe,1042.5,105,764,809,6339,13780,4924,261,1675,1114,109634,412,331,512,80,198,127,847,863,305,487,117,122,200,114,122,67,37,38,28,240,50,197,56,247,24000,8222
7038,C:\Data\20260323_MD18-3537\20260324_MD18-3537_S05\MD18-3537_S05_XRF\XRF data\L000418.spe,1045,103,747,725,6550,12312,4987,232,1646,1115,111167,387,290,572,41,43,109,1415,888,89,580,103,98,133,153,159,203,0,167,103,196,115,174,207,100,23900,9265
7040.5,C:\Data\20260323_MD18-3537\20260324_MD18-3537_S05\MD18-3537_S05_XRF\XRF data\L000419.spe,1047.5,114,723,845,6598,12024,4866,214,1575,1029,112482,474,380,639,196,265,144,1369,938,176,423,142,101,210,147,106,87,115,260,31,67,104,146,215,117,24140,6906
7043,C:\Data\20260323_MD18-3537\20260324_MD18-3537_S05\MD18-3537_S05_XRF\XRF data\L000420.spe,1050,122,753,842,6519,12057,4710,278,1644,1006,108449,429,303,555,112,97,26,1724,869,126,550,29,139,78,146,167,183,0,260,25,58,98,216,104,187,24686,6566
7045.5,C:\Data\20260323_MD18-3537\20260324_MD18-3537_S05\MD18-3537_S05_XRF\XRF data\L000421.spe,1052.5,98,686,858,6472,10615,4543,296,1732,1050,108241,371,402,568,185,202,134,1004,989,252,402,35,122,171,83,111,137,325,186,54,18,86,156,134,0,24408,7211
7048,C:\Data\20260323_MD18-3537\20260324_MD18-3537_S05\MD18-3537_S05_XRF\XRF data\L000422.spe,1055,101,683,875,6217,11820,4591,245,1693,1087,106996,473,412,582,143,258,197,1601,922,94,444,91,130,161,114,149,5,52,258,72,59,95,198,183,105,24782,6012
7050.5,C:\Data\20260323_MD18-3537\20260324_MD18-3537_S05\MD18-3537_S05_XRF\XRF data\L000423.spe,1057.5,77,720,867,6466,12499,4680,208,1660,968,108686,409,458,561,187,123,97,886,974,203,623,0,62,170,169,95,91,94,93,50,115,0,106,168,104,24798,7781
7053,C:\Data\20260323_MD18-3537\20260324_MD18-3537_S05\MD18-3537_S05_XRF\XRF data\L000424.spe,1060,98,649,926,6527,11490,4670,332,1730,999,108269,370,391,500,0,266,0,1905,945,50,549,43,74,121,122,166,182,324,48,52,100,96,219,88,261,24675,8218
7055.5,C:\Data\20260323_MD18-3537\20260324_MD18-3537_S05\MD18-3537_S05_XRF\XRF data\L000425.spe,1062.5,57,688,866,6544,13102,4685,216,1616,1048,107787,452,402,613,220,202,70,700,916,156,446,23,147,222,158,120,130,205,126,32,14,75,142,264,252,23191,7780
7058,C:\Data\20260323_MD18-3537\20260324_MD18-3537_S05\MD18-3537_S05_XRF\XRF data\L000426.spe,1065,89,733,834,6381,14569,4808,167,1716,1138,107466,307,360,481,115,116,206,989,1029,173,477,110,119,155,85,145,164,383,124,94,0,0,197,191,26,24919,6980
7060.5,C:\Data\20260323_MD18-3537\20260324_MD18-3537_S05\MD18-3537_S05_XRF\XRF data\L000427.spe,1067.5,88,787,865,6432,15930,4681,192,1707,1234,107393,393,263,543,143,160,73,492,1096,197,511,0,192,139,112,143,128,301,98,88,244,91,153,162,103,24943,9433
7063,C:\Data\20260323_MD18-3537\20260324_MD18-3537_S05\MD18-3537_S05_XRF\XRF data\L000428.spe,1070,109,719,947,6280,16822,4866,224,1701,1301,105647,492,387,508,94,54,132,1290,1028,255,556,42,178,115,127,167,60,0,328,16,121,73,123,126,30,25457,10502
7065.5,C:\Data\20260323_MD18-3537\20260324_MD18-3537_S05\MD18-3537_S05_XRF\XRF data\L000429.spe,1072.5,68,695,873,6077,16954,4765,233,1694,1219,103679,399,295,600,251,138,119,1392,1165,131,610,62,124,225,107,106,180,245,92,19,115,77,76,91,121,24491,6757
7068,C:\Data\20260323_MD18-3537\20260324_MD18-3537_S05\MD18-3537_S05_XRF\XRF data\L000430.spe,1075,113,799,830,6485,15180,4753,216,1650,1356,106648,346,331,503,45,302,60,1508,1078,114,662,110,98,187,146,142,125,267,73,138,109,0,275,183,321,23569,8221
7070.5,C:\Data\20260323_MD18-3537\20260324_MD18-3537_S05\MD18-3537_S05_XRF\XRF data\L000431.spe,1077.5,137,759,844,6711,12532,4989,207,1698,1262,111011,410,477,574,240,179,44,963,1030,219,479,28,54,150,130,110,130,90,327,41,0,105,95,100,178,25760,8038
7073,C:\Data\20260323_MD18-3537\20260324_MD18-3537_S05\MD18-3537_S05_XRF\XRF data\L000432.spe,1080,136,803,848,6968,9131,5042,230,1702,1464,115435,466,346,608,44,165,77,1338,948,226,571,69,67,127,125,194,148,37,215,18,103,107,249,29,252,24555,7362
7075.5,C:\Data\20260323_MD18-3537\20260324_MD18-3537_S05\MD18-3537_S05_XRF\XRF data\L000433.spe,1082.5,108,801,823,6802,7761,4807,199,1818,1360,111600,338,342,634,169,200,201,1483,823,192,465,78,12,149,124,148,30,147,167,49,175,38,151,161,0,25892,8059
7078,C:\Data\20260323_MD18-3537\20260324_MD18-3537_S05\MD18-3537_S05_XRF\XRF data\L000434.spe,1085,105,745,794,6433,10075,4757,187,1705,1041,109595,278,267,588,208,218,107,1888,1054,161,517,79,36,129,101,137,128,395,50,86,110,44,192,127,164,25945,8821
7080.5,C:\Data\20260323_MD18-3537\20260324_MD18-3537_S05\MD18-3537_S05_XRF\XRF data\L000435.spe,1087.5,107,750,852,6377,10256,4711,258,1654,948,108840,328,298,490,78,251,133,1158,1030,209,622,86,69,179,110,108,182,308,101,67,68,72,237,14,16,24819,7283
7083,C:\Data\20260323_MD18-3537\20260324_MD18-3537_S05\MD18-3537_S05_XRF\XRF data\L000436.spe,1090,124,758,883,5769,11880,4750,280,1651,945,102669,305,265,438,145,52,92,1508,966,110,614,50,86,81,95,168,174,355,0,76,178,0,84,201,73,23858,8444
7085.5,C:\Data\20260323_MD18-3537\20260324_MD18-3537_S05\MD18-3537_S05_XRF\XRF data\L000437.spe,1092.5,114,770,896,5312,11954,4542,194,1704,935,99602,415,309,563,240,81,33,1630,1027,108,658,59,96,137,96,162,146,453,182,16,34,80,137,227,231,25188,8472
7088,C:\Data\20260323_MD18-3537\20260324_MD18-3537_S05\MD18-3537_S05_XRF\XRF data\L000438.spe,1095,97,807,850,6513,7577,4626,200,1707,1002,111424,351,382,546,63,370,42,1262,933,122,451,115,38,209,122,130,103,374,87,124,181,103,270,175,302,25161,8607
7090.5,C:\Data\20260323_MD18-3537\20260324_MD18-3537_S05\MD18-3537_S05_XRF\XRF data\L000439.spe,1097.5,120,731,878,6762,8185,4627,252,1817,896,115347,396,419,584,264,178,173,1501,873,81,423,46,50,203,107,129,157,0,405,105,66,80,145,201,188,25792,8429
7093,C:\Data\20260323_MD18-3537\20260324_MD18-3537_S05\MD18-3537_S05_XRF\XRF data\L000440.spe,1100,130,677,880,6199,9556,4644,156,1673,932,110626,469,393,559,227,206,29,1125,1045,253,562,66,64,226,90,98,81,260,153,32,114,92,127,163,246,26433,9552
7095.5,C:\Data\20260323_MD18-3537\20260324_MD18-3537_S05\MD18-3537_S05_XRF\XRF data\L000441.spe,1102.5,38,720,985,5902,10702,4659,158,1764,967,108424,332,236,581,207,113,90,837,1023,228,602,64,105,150,114,209,201,584,14,96,177,106,182,63,155,24449,9094
7098,C:\Data\20260323_MD18-3537\20260324_MD18-3537_S05\MD18-3537_S05_XRF\XRF data\L000442.spe,1105,73,759,914,5765,11544,4690,254,1720,889,103141,372,369,542,14,208,67,1414,933,159,481,86,82,87,103,150,230,150,149,79,68,7,266,0,242,23694,7006
7100.5,C:\Data\20260323_MD18-3537\20260324_MD18-3537_S05\MD18-3537_S05_XRF\XRF data\L000443.spe,1107.5,58,808,891,6015,10509,4797,191,1637,962,100998,371,401,436,0,0,78,1145,1021,156,605,52,81,64,76,172,127,261,0,39,177,42,248,104,172,23563,7571
7103,C:\Data\20260323_MD18-3537\20260324_MD18-3537_S05\MD18-3537_S05_XRF\XRF data\L000444.spe,1110,111,730,917,6091,9794,4713,287,1640,913,106040,386,401,608,216,110,152,1279,888,121,630,19,96,129,67,137,150,156,125,44,0,0,125,160,56,23888,6210
7105.5,C:\Data\20260323_MD18-3537\20260324_MD18-3537_S05\MD18-3537_S05_XRF\XRF data\L000445.spe,1112.5,81,749,917,6359,9961,5005,257,1679,1008,105725,371,369,560,214,341,0,1152,967,46,554,26,82,120,128,136,141,133,149,104,122,93,191,109,407,23904,6472
7108,C:\Data\20260323_MD18-3537\20260324_MD18-3537_S05\MD18-3537_S05_XRF\XRF data\L000446.spe,1115,79,695,900,6215,9188,4784,163,1661,916,105619,322,373,534,167,10,121,1041,971,194,607,114,35,189,108,121,138,298,0,62,238,0,82,217,65,24770,8008
7110.5,C:\Data\20260323_MD18-3537\20260324_MD18-3537_S05\MD18-3537_S05_XRF\XRF data\L000447.spe,1117.5,86,683,944,6106,9497,4752,182,1747,1048,106034,307,449,552,144,71,52,725,1033,249,641,60,61,97,134,172,42,134,150,72,93,46,237,233,81,24007,6061
7113,C:\Data\20260323_MD18-3537\20260324_MD18-3537_S05\MD18-3537_S05_XRF\XRF data\L000448.spe,1120,93,716,865,5975,9293,4711,188,1650,937,103718,378,308,506,44,145,0,1390,1022,102,653,0,64,116,132,168,128,351,159,72,55,71,260,135,275,24626,8647
7115.5,C:\Data\20260323_MD18-3537\20260324_MD18-3537_S05\MD18-3537_S05_XRF\XRF data\L000449.spe,1122.5,98,725,829,6104,8360,4747,276,1657,799,105879,475,332,560,127,58,54,1023,963,199,701,0,84,164,119,145,134,152,369,31,0,159,198,211,151,24578,8726
7118,C:\Data\20260323_MD18-3537\20260324_MD18-3537_S05\MD18-3537_S05_XRF\XRF data\L000450.spe,1125,97,825,806,6133,8902,4777,181,1644,830,104732,362,265,614,296,88,63,874,948,223,722,86,92,109,119,169,133,396,0,73,250,18,137,275,179,24232,8459
7120.5,C:\Data\20260323_MD18-3537\20260324_MD18-3537_S05\MD18-3537_S05_XRF\XRF data\L000451.spe,1127.5,126,821,840,6208,9466,4813,230,1718,926,106120,404,349,568,296,190,0,1215,970,169,739,57,51,118,122,145,117,0,243,0,88,82,240,80,327,25218,9300
7123,C:\Data\20260323_MD18-3537\20260324_MD18-3537_S05\MD18-3537_S05_XRF\XRF data\L000452.spe,1130,114,768,859,6220,9007,4782,269,1775,897,107047,343,356,479,248,151,33,1225,935,144,531,43,125,79,100,159,238,171,36,66,139,20,113,66,265,24428,7912
7125.5,C:\Data\20260323_MD18-3537\20260324_MD18-3537_S05\MD18-3537_S05_XRF\XRF data\L000453.spe,1132.5,97,837,812,6346,9528,4783,228,1642,881,105206,290,374,540,172,187,96,840,895,206,623,26,74,109,153,153,180,226,226,81,0,22,195,0,158,23916,6726
7128,C:\Data\20260323_MD18-3537\20260324_MD18-3537_S05\MD18-3537_S05_XRF\XRF data\L000454.spe,1135,82,738,820,6368,9289,4918,305,1671,996,105211,434,211,527,228,187,79,559,1061,349,592,52,63,158,89,54,140,0,196,42,269,103,160,19,150,24486,7831
7130.5,C:\Data\20260323_MD18-3537\20260324_MD18-3537_S05\MD18-3537_S05_XRF\XRF data\L000455.spe,1137.5,83,794,788,6740,9452,5044,287,1798,946,109913,350,283,620,193,234,96,927,951,225,575,71,79,112,113,160,324,465,0,60,239,116,126,111,193,25117,8936
7133,C:\Data\20260323_MD18-3537\20260324_MD18-3537_S05\MD18-3537_S05_XRF\XRF data\L000456.spe,1140,123,820,774,6653,10311,4901,276,1677,1062,110167,343,425,533,143,394,78,1733,960,95,540,45,58,173,116,117,266,270,0,36,268,26,227,175,295,23984,8626
7135.5,C:\Data\20260323_MD18-3537\20260324_MD18-3537_S05\MD18-3537_S05_XRF\XRF data\L000457.spe,1142.5,121,810,772,6674,10693,5124,254,1643,1114,109639,353,400,569,107,122,131,1712,914,0,528,80,75,95,110,194,84,340,131,120,48,102,275,200,79,23091,5335
7138,C:\Data\20260323_MD18-3537\20260324_MD18-3537_S05\MD18-3537_S05_XRF\XRF data\L000458.spe,1145,110,830,739,6837,10210,5001,220,1774,1068,110714,314,355,576,162,95,174,1040,941,213,671,56,49,71,139,216,275,318,47,40,135,42,111,347,93,24430,9802
7140.5,C:\Data\20260323_MD18-3537\20260324_MD18-3537_S05\MD18-3537_S05_XRF\XRF data\L000459.spe,1147.5,127,817,826,6777,10054,4841,257,1712,1064,111656,413,405,544,106,177,65,1116,958,162,584,84,41,204,112,109,167,324,173,114,194,80,252,174,173,24738,6557
7143,C:\Data\20260323_MD18-3537\20260324_MD18-3537_S05\MD18-3537_S05_XRF\XRF data\L000460.spe,1150,94,877,807,6958,9853,4962,221,1643,1023,111289,282,409,564,0,144,139,1174,1084,263,449,94,99,106,163,221,154,231,207,185,72,0,357,47,215,24666,6347
7145.5,C:\Data\20260323_MD18-3537\20260324_MD18-3537_S05\MD18-3537_S05_XRF\XRF data\L000461.spe,1152.5,100,800,736,6721,10944,4877,308,1767,1130,109289,362,392,545,198,0,237,1296,867,228,502,117,73,192,78,80,15,208,61,54,214,44,164,196,0,23897,7714
7148,C:\Data\20260323_MD18-3537\20260324_MD18-3537_S05\MD18-3537_S05_XRF\XRF data\L000462.spe,1155,114,797,776,6628,12901,5084,203,1590,1158,106359,373,368,548,180,229,131,1372,1011,193,444,86,111,11,155,253,238,0,174,44,62,0,105,80,42,24146,8744
7150.5,C:\Data\20260323_MD18-3537\20260324_MD18-3537_S05\MD18-3537_S05_XRF\XRF data\L000463.spe,1157.5,115,799,797,6536,11287,4938,208,1732,1232,107049,380,413,568,151,58,88,1050,1079,222,532,58,102,122,147,161,183,204,210,112,82,101,143,157,187,24417,9645
7153,C:\Data\20260323_MD18-3537\20260324_MD18-3537_S05\MD18-3537_S05_XRF\XRF data\L000464.spe,1160,126,863,746,6725,8204,4779,235,1609,958,109327,341,429,523,0,163,298,1593,955,159,546,85,67,164,117,133,91,112,68,92,162,103,261,140,0,25038,8043
7155.5,C:\Data\20260323_MD18-3537\20260324_MD18-3537_S05\MD18-3537_S05_XRF\XRF data\L000465.spe,1162.5,133,822,770,6774,8683,4961,288,1668,1002,110095,390,405,643,33,130,9,1711,949,161,534,86,5,148,110,156,100,270,226,68,49,132,261,102,349,25693,8697
7158,C:\Data\20260323_MD18-3537\20260324_MD18-3537_S05\MD18-3537_S05_XRF\XRF data\L000466.spe,1165,127,857,811,6782,8685,4825,292,1694,889,111750,312,286,536,145,0,144,1531,1013,82,574,62,45,183,93,139,215,395,67,0,46,30,157,147,44,24359,9057
7160.5,C:\Data\20260323_MD18-3537\20260324_MD18-3537_S05\MD18-3537_S05_XRF\XRF data\L000467.spe,1167.5,148,821,804,6733,8988,4718,317,1722,935,110051,350,334,594,136,112,56,944,1062,287,590,56,69,245,85,73,159,412,47,82,167,79,171,110,181,24912,8002
7163,C:\Data\20260323_MD18-3537\20260324_MD18-3537_S05\MD18-3537_S05_XRF\XRF data\L000468.spe,1170,80,806,809,6247,8896,4810,255,1728,939,108517,376,381,507,236,371,41,1288,1069,124,605,88,70,174,116,143,68,52,118,46,173,18,154,86,264,25158,5515
7165.5,C:\Data\20260323_MD18-3537\20260324_MD18-3537_S05\MD18-3537_S05_XRF\XRF data\L000469.spe,1172.5,129,811,905,6345,9016,4649,217,1666,1008,107577,404,423,520,132,138,70,1088,841,178,482,50,91,183,130,77,141,170,77,45,92,43,235,108,218,24861,7352
7168,C:\Data\20260323_MD18-3537\20260324_MD18-3537_S05\MD18-3537_S05_XRF\XRF data\L000470.spe,1175,120,812,885,6341,8972,4637,309,1705,976,107597,327,333,510,60,245,102,722,993,174,584,72,65,190,85,72,90,280,44,61,155,8,236,126,319,24263,7694
7170.5,C:\Data\20260323_MD18-3537\20260324_MD18-3537_S05\MD18-3537_S05_XRF\XRF data\L000471.spe,1177.5,126,757,857,6394,9590,4829,282,1624,1028,105963,356,280,516,161,123,118,860,1010,245,707,67,98,102,116,171,128,277,5,59,66,25,149,175,165,25703,8038
7173,C:\Data\20260323_MD18-3537\20260324_MD18-3537_S05\MD18-3537_S05_XRF\XRF data\L000472.spe,1180,113,804,889,6448,10200,4734,218,1668,1033,104121,343,322,535,68,98,292,1529,1128,245,674,70,119,191,81,138,173,429,24,37,60,45,186,194,0,25069,6963
7175.5,C:\Data\20260323_MD18-3537\20260324_MD18-3537_S05\MD18-3537_S05_XRF\XRF data\L000473.spe,1182.5,45,781,817,6418,10111,4721,236,1721,1186,107149,369,444,633,115,196,198,1806,1006,103,619,48,70,100,144,168,184,354,132,99,87,39,248,144,0,25173,8566
7178,C:\Data\20260323_MD18-3537\20260324_MD18-3537_S05\MD18-3537_S05_XRF\XRF data\L000474.spe,1185,103,813,885,6421,10420,4982,174,1644,1070,107222,401,285,532,182,158,41,1344,973,145,531,68,71,55,135,202,107,129,215,26,82,74,150,110,93,24700,8685
7180.5,C:\Data\20260323_MD18-3537\20260324_MD18-3537_S05\MD18-3537_S05_XRF\XRF data\L000475.spe,1187.5,142,837,775,6545,10927,4796,215,1560,1209,109078,306,360,580,163,193,0,1185,1100,245,559,80,82,142,154,145,82,493,140,46,122,75,71,64,303,26125,7519
7183,C:\Data\20260323_MD18-3537\20260324_MD18-3537_S05\MD18-3537_S05_XRF\XRF data\L000476.spe,1190,115,900,774,6297,12557,5174,195,1750,1332,109309,366,288,581,84,115,0,1332,1032,202,537,51,125,86,135,153,46,527,0,106,313,19,146,179,272,25874,10858
7185.5,C:\Data\20260323_MD18-3537\20260324_MD18-3537_S05\MD18-3537_S05_XRF\XRF data\L000477.spe,1192.5,135,857,750,6147,13057,4917,226,1739,1133,104533,350,387,536,176,170,112,964,1048,161,676,35,93,91,115,173,183,145,146,83,204,16,98,38,74,24040,9622
7188,C:\Data\20260323_MD18-3537\20260324_MD18-3537_S05\MD18-3537_S05_XRF\XRF data\L000478.spe,1195,106,842,724,6362,12096,4805,280,1615,1037,104410,355,257,512,118,295,28,1649,1031,97,556,0,101,152,127,129,120,301,0,81,313,50,170,80,326,23854,5603
7190.5,C:\Data\20260323_MD18-3537\20260324_MD18-3537_S05\MD18-3537_S05_XRF\XRF data\L000479.spe,1197.5,127,848,778,6425,10512,4951,204,1769,1096,108301,384,319,503,317,324,0,1527,1004,136,553,154,81,58,146,232,152,269,90,51,60,41,109,92,286,24745,8599
7193,C:\Data\20260323_MD18-3537\20260324_MD18-3537_S05\MD18-3537_S05_XRF\XRF data\L000480.spe,1200,128,794,807,6384,10637,4776,287,1727,1057,110318,380,315,519,164,13,196,908,903,139,510,53,111,185,110,174,143,181,142,64,106,81,196,0,0,24384,8144
7195.5,C:\Data\20260323_MD18-3537\20260324_MD18-3537_S05\MD18-3537_S05_XRF\XRF data\L000481.spe,1202.5,80,716,832,6549,9984,4763,199,1647,1060,111236,329,320,514,219,224,116,1105,958,227,560,36,96,183,110,154,172,503,11,111,168,64,172,195,219,24576,8725
7198,C:\Data\20260323_MD18-3537\20260324_MD18-3537_S05\MD18-3537_S05_XRF\XRF data\L000482.spe,1205,83,766,862,6432,10572,4655,248,1670,1023,110746,388,321,627,244,115,128,1868,892,220,580,47,89,179,131,127,164,283,110,84,133,84,147,43,209,25101,6413
7200.5,C:\Data\20260323_MD18-3537\20260324_MD18-3537_S05\MD18-3537_S05_XRF\XRF data\L000483.spe,1207.5,118,726,867,6370,9247,4948,183,1736,996,111861,375,269,555,172,147,123,1978,913,36,616,92,92,143,125,173,145,323,73,86,104,132,112,71,47,25444,6184
7203,C:\Data\20260323_MD18-3537\20260324_MD18-3537_S05\MD18-3537_S05_XRF\XRF data\L000484.spe,1210,85,756,858,6772,7344,4750,248,1724,895,113194,279,324,530,159,183,124,1829,971,83,547,113,49,176,74,147,74,395,23,114,91,67,240,230,255,23806,7798
7205.5,C:\Data\20260323_MD18-3537\20260324_MD18-3537_S05\MD18-3537_S05_XRF\XRF data\L000485.spe,1212.5,113,737,725,6686,7761,4742,267,1655,957,113327,392,399,597,58,124,149,1510,923,131,592,4,34,186,132,119,54,0,276,82,11,120,257,114,96,25589,8311
7208,C:\Data\20260323_MD18-3537\20260324_MD18-3537_S05\MD18-3537_S05_XRF\XRF data\L000486.spe,1215,97,815,723,6565,9729,4910,315,1590,995,111404,396,382,564,67,247,111,778,934,188,480,35,86,125,91,163,121,159,175,62,138,38,200,38,102,24431,8614
7210.5,C:\Data\20260323_MD18-3537\20260324_MD18-3537_S05\MD18-3537_S05_XRF\XRF data\L000487.spe,1217.5,93,801,794,6336,10725,4878,236,1659,969,110832,335,303,563,169,140,123,1047,919,159,536,87,65,89,129,173,159,287,115,72,18,45,170,151,112,23811,5842
7213,C:\Data\20260323_MD18-3537\20260324_MD18-3537_S05\MD18-3537_S05_XRF\XRF data\L000488.spe,1220,81,847,737,6446,11175,4912,307,1652,975,111972,467,404,558,220,150,16,1249,1044,228,583,60,109,153,79,129,116,132,255,15,32,102,174,182,232,25297,7478
7215.5,C:\Data\20260323_MD18-3537\20260324_MD18-3537_S05\MD18-3537_S05_XRF\XRF data\L000489.spe,1222.5,99,790,747,6659,10001,4821,207,1688,1204,111461,360,512,585,193,151,41,1400,981,279,582,40,86,137,123,181,21,241,152,98,0,32,107,93,90,25040,11424
7218,C:\Data\20260323_MD18-3537\20260324_MD18-3537_S05\MD18-3537_S05_XRF\XRF data\L000490.spe,1225,129,787,812,6854,9565,4759,240,1799,1005,114708,337,345,490,117,128,30,1625,1028,182,558,14,86,173,136,160,118,288,67,116,140,0,85,4,187,26066,9995
7220.5,C:\Data\20260323_MD18-3537\20260324_MD18-3537_S05\MD18-3537_S05_XRF\XRF data\L000491.spe,1227.5,95,803,818,6503,10354,4898,297,1710,903,113152,271,304,468,24,315,0,1196,1032,316,610,151,103,177,104,137,159,658,0,95,191,30,255,132,386,25285,8893
7223,C:\Data\20260323_MD18-3537\20260324_MD18-3537_S05\MD18-3537_S05_XRF\XRF data\L000492.spe,1230,100,832,822,6629,10693,4993,223,1683,1076,112433,404,334,588,196,169,20,1621,1008,11,534,72,76,75,95,167,67,200,49,50,128,5,134,152,294,24848,9164
7225.5,C:\Data\20260323_MD18-3537\20260324_MD18-3537_S05\MD18-3537_S05_XRF\XRF data\L000493.spe,1232.5,133,821,730,6923,9513,5042,234,1794,1031,111553,356,369,574,91,128,163,902,1070,313,648,49,90,186,18,112,50,322,15,64,126,33,224,72,191,25855,7593
7228,C:\Data\20260323_MD18-3537\20260324_MD18-3537_S05\MD18-3537_S05_XRF\XRF data\L000494.spe,1235,114,835,736,6378,10069,5006,228,1697,970,107850,376,352,588,101,292,13,590,1007,342,543,62,66,159,111,107,128,0,375,46,0,137,280,61,152,25459,6644
7230.5,C:\Data\20260323_MD18-3537\20260324_MD18-3537_S05\MD18-3537_S05_XRF\XRF data\L000495.spe,1237.5,67,723,860,5829,9375,4547,189,1693,888,101839,369,354,542,131,119,92,1121,1065,258,599,42,101,219,105,99,147,341,36,43,131,0,144,136,216,25106,8472
7233,C:\Data\20260323_MD18-3537\20260324_MD18-3537_S05\MD18-3537_S05_XRF\XRF data\L000496.spe,1240,93,569,1268,5874,7558,4295,159,1734,846,99328,340,371,427,117,168,73,952,1236,267,653,51,41,195,110,107,195,493,53,44,46,0,155,0,127,26048,9901
7235.5,C:\Data\20260323_MD18-3537\20260324_MD18-3537_S05\MD18-3537_S05_XRF\XRF data\L000497.spe,1242.5,95,799,871,6772,7621,4661,286,1684,953,108828,314,302,546,288,268,84,631,1017,238,565,124,51,115,106,159,182,354,41,59,46,0,151,67,225,26049,6912
7238,C:\Data\20260323_MD18-3537\20260324_MD18-3537_S05\MD18-3537_S05_XRF\XRF data\L000498.spe,1245,97,748,695,7051,9827,4650,235,1745,1145,110954,328,419,606,135,102,185,1977,1010,0,378,11,106,112,144,159,108,335,104,137,168,87,197,140,95,24679,7016
7240.5,C:\Data\20260323_MD18-3537\20260324_MD18-3537_S05\MD18-3537_S05_XRF\XRF data\L000499.spe,1247.5,82,822,776,6646,11470,4611,189,1641,1096,109506,396,372,549,202,150,94,1642,970,163,468,55,115,122,143,177,114,229,154,81,17,46,101,237,112,25781,8206
7243,C:\Data\20260323_MD18-3537\20260324_MD18-3537_S05\MD18-3537_S05_XRF\XRF data\L000500.spe,1250,136,837,804,6275,13565,4726,242,1656,1256,107380,487,471,604,59,57,68,1225,1063,184,450,60,105,178,65,131,0,30,263,12,28,150,256,50,105,24684,7098
7245.5,C:\Data\20260323_MD18-3537\20260324_MD18-3537_S05\MD18-3537_S05_XRF\XRF data\L000501.spe,1252.5,117,759,853,5976,14392,4978,214,1656,1108,105481,431,409,595,50,72,127,1289,1081,118,636,44,142,78,112,192,165,0,329,37,79,19,272,96,127,22836,8027
7248,C:\Data\20260323_MD18-3537\20260324_MD18-3537_S05\MD18-3537_S05_XRF\XRF data\L000502.spe,1255,93,790,846,6222,14337,4839,232,1752,1141,104291,430,449,582,0,165,111,1206,1088,183,668,38,110,0,129,204,237,213,264,60,113,161,344,224,170,24258,8798
7250.5,C:\Data\20260323_MD18-3537\20260324_MD18-3537_S05\MD18-3537_S05_XRF\XRF data\L000503.spe,1257.5,96,836,866,5950,14196,4728,210,1592,1144,100172,377,370,551,234,89,0,1049,1168,222,454,34,147,157,98,152,209,449,80,76,7,50,70,36,204,25511,8785
7253,C:\Data\20260323_MD18-3537\20260324_MD18-3537_S05\MD18-3537_S05_XRF\XRF data\L000504.spe,1260,126,754,890,5968,12441,4618,223,1678,1137,100647,339,362,554,112,208,18,940,1160,175,468,53,98,97,138,177,173,158,180,72,112,54,172,186,200,25410,7767
7255.5,C:\Data\20260323_MD18-3537\20260324_MD18-3537_S05\MD18-3537_S05_XRF\XRF data\L000505.spe,1262.5,88,738,898,6332,8736,4566,199,1771,1025,106192,378,334,520,193,289,10,776,881,221,543,45,69,176,161,102,70,23,285,35,0,63,141,76,264,24738,8621
7258,C:\Data\20260323_MD18-3537\20260324_MD18-3537_S05\MD18-3537_S05_XRF\XRF data\L000506.spe,1265,118,701,977,5897,8034,4551,291,1719,900,107206,366,191,575,216,49,219,1443,915,63,555,83,62,136,122,137,90,488,0,40,248,57,247,197,20,23992,8273
7260.5,C:\Data\20260323_MD18-3537\20260324_MD18-3537_S05\MD18-3537_S05_XRF\XRF data\L000507.spe,1267.5,88,731,1086,6189,8157,4479,247,1715,891,107471,353,275,589,216,7,187,1502,883,106,631,41,64,137,127,157,132,185,25,88,330,62,297,217,50,24096,7504
7263,C:\Data\20260323_MD18-3537\20260324_MD18-3537_S05\MD18-3537_S05_XRF\XRF data\L000508.spe,1270,69,643,995,6251,8285,4276,292,1761,1001,108805,393,350,627,180,28,287,1689,943,131,470,45,62,185,112,97,17,346,40,53,171,50,207,197,0,25054,8581
7265.5,C:\Data\20260323_MD18-3537\20260324_MD18-3537_S05\MD18-3537_S05_XRF\XRF data\L000509.spe,1272.5,88,710,966,6176,9049,4638,222,1780,880,108058,412,394,506,64,101,174,1160,957,241,593,34,71,33,108,213,165,194,48,118,215,104,229,0,79,25058,7346
7268,C:\Data\20260323_MD18-3537\20260324_MD18-3537_S05\MD18-3537_S05_XRF\XRF data\L000510.spe,1275,63,741,971,6223,8881,4623,269,1684,1034,108524,393,377,551,73,125,125,1736,943,267,580,115,100,80,123,192,38,152,166,98,180,73,279,233,165,25507,10169
7270.5,C:\Data\20260323_MD18-3537\20260324_MD18-3537_S05\MD18-3537_S05_XRF\XRF data\L000511.spe,1277.5,114,797,1006,5948,7907,4569,291,1607,918,106585,318,279,482,157,140,77,936,896,246,592,105,72,147,95,138,88,384,0,21,206,19,159,67,280,25327,8676
7273,C:\Data\20260323_MD18-3537\20260324_MD18-3537_S05\MD18-3537_S05_XRF\XRF data\L000512.spe,1280,100,762,1012,6449,8271,4659,249,1789,883,109864,396,352,613,343,217,0,1575,1004,121,633,42,39,129,112,142,213,123,284,78,77,64,114,240,325,24635,8431
7275.5,C:\Data\20260323_MD18-3537\20260324_MD18-3537_S05\MD18-3537_S05_XRF\XRF data\L000513.spe,1282.5,136,725,970,6423,8453,4662,205,1750,987,111045,389,423,525,37,219,37,962,982,213,689,8,29,69,123,173,33,0,165,103,227,24,236,91,318,25038,6875
7278,C:\Data\20260323_MD18-3537\20260324_MD18-3537_S05\MD18-3537_S05_XRF\XRF data\L000514.spe,1285,80,741,864,6343,9358,4719,256,1652,946,107203,416,304,570,158,233,53,1012,1055,221,564,12,51,140,130,127,116,136,191,13,98,168,144,10,190,25780,10666
7280.5,C:\Data\20260323_MD18-3537\20260324_MD18-3537_S05\MD18-3537_S05_XRF\XRF data\L000515.spe,1287.5,101,782,867,6091,9614,4644,252,1690,921,102687,337,386,561,170,326,132,1121,1046,201,582,80,70,129,97,127,148,302,30,69,147,0,183,244,163,24631,7020
7283,C:\Data\20260323_MD18-3537\20260324_MD18-3537_S05\MD18-3537_S05_XRF\XRF data\L000516.spe,1290,68,786,911,6261,9744,4755,153,1676,1019,101798,335,378,576,99,398,46,1415,1131,93,811,15,50,103,109,166,99,82,164,102,67,62,288,150,285,24348,9098
7285.5,C:\Data\20260323_MD18-3537\20260324_MD18-3537_S05\MD18-3537_S05_XRF\XRF data\L000517.spe,1292.5,107,718,1011,5974,9298,4564,197,1775,971,100265,360,348,622,175,292,112,1305,1184,230,663,29,38,84,138,164,163,187,183,58,23,70,200,204,176,25417,9646
7288,C:\Data\20260323_MD18-3537\20260324_MD18-3537_S05\MD18-3537_S05_XRF\XRF data\L000518.spe,1295,116,745,830,6407,8932,4709,168,1810,1031,104072,416,390,605,152,182,60,938,1103,195,633,59,39,108,119,188,119,114,228,17,69,88,163,134,201,24829,7939
7290.5,C:\Data\20260323_MD18-3537\20260324_MD18-3537_S05\MD18-3537_S05_XRF\XRF data\L000519.spe,1297.5,96,717,891,6533,8027,4565,281,1676,1060,107590,332,381,573,39,196,99,1568,1028,65,594,38,51,170,105,92,93,214,50,77,240,25,244,158,216,25226,8454
7293,C:\Data\20260323_MD18-3537\20260324_MD18-3537_S05\MD18-3537_S05_XRF\XRF data\L000520.spe,1300,139,772,854,6753,7543,4485,244,1652,1067,112438,369,390,560,101,137,71,909,874,283,576,51,98,247,131,96,40,26,196,84,88,50,134,115,274,25822,10014
7295.5,C:\Data\20260323_MD18-3537\20260324_MD18-3537_S05\MD18-3537_S05_XRF\XRF data\L000521.spe,1302.5,102,806,793,6549,8939,4749,254,1763,1129,109156,416,361,592,115,199,42,1382,983,216,565,83,31,161,116,90,10,0,475,0,0,75,173,159,241,25590,9136
7298,C:\Data\20260323_MD18-3537\20260324_MD18-3537_S05\MD18-3537_S05_XRF\XRF data\L000522.spe,1305,107,799,884,6349,9279,5058,190,1752,981,108636,339,281,482,112,124,65,1501,1005,67,511,72,74,57,107,191,220,93,102,89,164,0,85,140,103,24570,10280
7300.5,C:\Data\20260323_MD18-3537\20260324_MD18-3537_S05\MD18-3537_S05_XRF\XRF data\L000523.spe,1307.5,114,786,889,6107,9636,4621,267,1796,1012,106571,445,341,531,49,177,64,1105,1102,121,519,43,66,161,122,106,152,143,159,73,108,92,242,134,271,23564,7926
7303,C:\Data\20260323_MD18-3537\20260324_MD18-3537_S05\MD18-3537_S05_XRF\XRF data\L000524.spe,1310,95,729,932,5942,10133,4761,213,1633,982,107470,450,342,573,170,240,153,1142,913,296,599,0,61,11,169,211,96,0,394,11,7,168,122,149,83,25296,10039
7305.5,C:\Data\20260323_MD18-3537\20260324_MD18-3537_S05\MD18-3537_S05_XRF\XRF data\L000525.spe,1312.5,107,806,889,6042,10915,4852,234,1793,1013,109705,381,328,498,207,273,0,1133,1014,177,545,49,142,130,72,175,98,29,62,71,229,10,237,177,386,24486,7806
7308,C:\Data\20260323_MD18-3537\20260324_MD18-3537_S05\MD18-3537_S05_XRF\XRF data\L000526.spe,1315,64,759,976,5713,10735,4739,256,1714,983,107716,420,261,506,121,209,158,668,974,283,578,77,92,85,134,194,78,312,90,13,143,81,128,73,15,25381,8382
7310.5,C:\Data\20260323_MD18-3537\20260324_MD18-3537_S05\MD18-3537_S05_XRF\XRF data\L000527.spe,1317.5,105,916,927,6103,11269,4767,304,1602,1074,108515,467,391,555,25,186,97,838,1102,262,679,55,89,163,139,137,76,0,254,18,55,64,260,83,133,25849,5664
7313,C:\Data\20260323_MD18-3537\20260324_MD18-3537_S05\MD18-3537_S05_XRF\XRF data\L000528.spe,1320,100,855,922,5791,12097,5124,278,1624,1058,105104,501,455,580,164,96,98,1232,1104,251,663,38,81,43,111,186,189,0,462,27,0,115,143,142,151,25636,9932
7315.5,C:\Data\20260323_MD18-3537\20260324_MD18-3537_S05\MD18-3537_S05_XRF\XRF data\L000529.spe,1322.5,71,743,959,5873,11740,4861,232,1689,998,101247,395,279,595,290,40,229,729,1102,244,756,127,127,86,87,123,204,37,164,93,185,49,111,50,0,25452,8811
7318,C:\Data\20260323_MD18-3537\20260324_MD18-3537_S05\MD18-3537_S05_XRF\XRF data\L000530.spe,1325,30,736,975,5798,12119,4792,251,1707,1059,98670,463,353,486,237,215,118,1272,1159,280,755,10,123,76,112,144,166,0,89,0,174,54,236,105,254,25466,8857
7320.5,C:\Data\20260323_MD18-3537\20260324_MD18-3537_S05\MD18-3537_S05_XRF\XRF data\L000531.spe,1327.5,125,796,1047,5534,12224,4782,189,1617,1101,94608,415,356,539,224,0,70,862,1220,226,670,14,99,45,85,214,158,0,237,16,0,63,151,163,64,25457,7726
7323,C:\Data\20260323_MD18-3537\20260324_MD18-3537_S05\MD18-3537_S05_XRF\XRF data\L000532.spe,1330,83,773,1044,4929,12827,4195,273,1799,1072,84516,430,354,494,146,108,24,508,1260,371,834,81,83,162,108,117,191,165,180,0,0,57,159,149,213,25821,9059
7325.5,C:\Data\20260323_MD18-3537\20260324_MD18-3537_S05\MD18-3537_S05_XRF\XRF data\L000533.spe,1332.5,94,761,1066,4456,13379,4086,206,1731,1070,78657,521,350,457,155,307,94,576,1328,254,777,0,94,55,56,141,93,0,346,0,0,63,53,254,207,26117,10317
7328,C:\Data\20260323_MD18-3537\20260324_MD18-3537_S05\MD18-3537_S05_XRF\XRF data\L000534.spe,1335,67,711,1044,4415,13304,4068,195,1770,955,83003,418,313,471,125,214,49,987,1254,155,500,63,84,73,53,114,228,13,140,0,58,35,173,98,221,24917,8278
7330.5,C:\Data\20260323_MD18-3537\20260324_MD18-3537_S05\MD18-3537_S05_XRF\XRF data\L000535.spe,1337.5,80,691,1063,4928,11918,4321,184,1644,1161,91058,416,312,554,228,409,0,990,1030,201,571,78,131,0,106,183,140,0,300,0,0,60,97,179,415,24546,8382
7333,C:\Data\20260323_MD18-3537\20260324_MD18-3537_S05\MD18-3537_S05_XRF\XRF data\L000536.spe,1340,90,727,931,5307,11439,4509,240,1539,1218,97814,434,363,482,53,203,143,1298,1075,146,707,77,72,97,99,123,111,174,60,32,307,46,238,117,110,23920,7977
7335.5,C:\Data\20260323_MD18-3537\20260324_MD18-3537_S05\MD18-3537_S05_XRF\XRF data\L000537.spe,1342.5,94,713,951,5443,10945,4391,267,1803,1128,98993,468,440,544,177,124,154,1007,1024,156,578,25,84,68,106,172,165,0,280,58,0,79,233,90,50,24359,7853
7338,C:\Data\20260323_MD18-3537\20260324_MD18-3537_S05\MD18-3537_S05_XRF\XRF data\L000538.spe,1345,88,707,983,5578,10983,4494,218,1620,1301,97880,424,360,484,275,0,63,1047,1089,265,709,55,93,90,104,141,199,325,85,40,89,70,62,197,189,24044,8856
7340.5,C:\Data\20260323_MD18-3537\20260324_MD18-3537_S05\MD18-3537_S05_XRF\XRF data\L000539.spe,1347.5,92,727,1001,5437,10655,4284,338,1639,1189,93837,333,292,519,241,250,57,1684,1115,0,727,60,114,141,95,136,132,246,180,37,0,54,167,222,134,23734,5510
7343,C:\Data\20260323_MD18-3537\20260324_MD18-3537_S05\MD18-3537_S05_XRF\XRF data\L000540.spe,1350,99,719,946,5637,10184,4834,213,1709,1915,97539,461,284,518,163,204,0,1176,1105,112,665,29,99,81,95,136,91,453,32,0,187,104,128,170,368,23913,8664
7345.5,C:\Data\20260323_MD18-3537\20260324_MD18-3537_S05\MD18-3537_S05_XRF\XRF data\L000541.spe,1352.5,106,668,969,6009,7483,4536,221,1665,1448,105653,365,337,566,76,304,62,1132,843,132,565,78,77,178,99,99,19,232,109,33,236,102,183,9,242,23908,7612
7348,C:\Data\20260323_MD18-3537\20260324_MD18-3537_S05\MD18-3537_S05_XRF\XRF data\L000542.spe,1355,113,801,854,6231,7560,4786,243,1789,1146,108622,430,419,569,6,138,201,955,935,160,438,69,55,119,124,144,168,170,167,79,144,114,238,45,17,25363,7964
7350.5,C:\Data\20260323_MD18-3537\20260324_MD18-3537_S05\MD18-3537_S05_XRF\XRF data\L000543.spe,1357.5,72,781,868,6414,8144,4768,157,1790,1033,109381,353,317,606,98,142,7,2310,965,23,489,19,56,114,143,157,199,85,249,133,194,73,229,209,240,23965,6322
7353,C:\Data\20260323_MD18-3537\20260324_MD18-3537_S05\MD18-3537_S05_XRF\XRF data\L000544.spe,1360,118,830,850,6129,8618,4704,257,1747,908,109250,465,297,528,255,412,0,1607,980,71,496,91,46,98,85,159,108,0,219,68,181,94,78,59,478,24930,7165
7355.5,C:\Data\20260323_MD18-3537\20260324_MD18-3537_S05\MD18-3537_S05_XRF\XRF data\L000545.spe,1362.5,99,801,863,6202,9282,4656,221,1689,974,110281,406,384,577,17,210,69,1748,1059,139,541,83,75,170,116,123,191,0,279,101,154,67,226,199,132,24488,7497
7358,C:\Data\20260323_MD18-3537\20260324_MD18-3537_S05\MD18-3537_S05_XRF\XRF data\L000546.spe,1365,115,790,897,6338,9168,4573,268,1825,975,108550,355,356,561,185,159,129,1478,974,116,636,28,98,131,127,157,106,177,209,113,116,47,160,178,223,23952,10172
7360.5,C:\Data\20260323_MD18-3537\20260324_MD18-3537_S05\MD18-3537_S05_XRF\XRF data\L000547.spe,1367.5,117,720,807,6446,9135,4633,197,1675,1048,111410,436,326,503,158,0,189,1185,901,200,431,60,20,195,119,156,155,49,15,101,322,61,202,84,39,23801,8518
7363,C:\Data\20260323_MD18-3537\20260324_MD18-3537_S05\MD18-3537_S05_XRF\XRF data\L000548.spe,1370,74,755,888,6594,9014,4691,283,1727,981,113393,413,290,571,252,269,107,1360,843,234,504,53,34,107,89,159,132,78,168,40,128,93,86,380,241,25372,9559
7365.5,C:\Data\20260323_MD18-3537\20260324_MD18-3537_S05\MD18-3537_S05_XRF\XRF data\L000549.spe,1372.5,106,696,969,6528,8574,4458,248,1748,929,112730,412,274,525,107,251,232,1391,931,106,519,40,75,195,122,128,168,165,140,44,91,59,166,148,58,24655,6901
7368,C:\Data\20260323_MD18-3537\20260324_MD18-3537_S05\MD18-3537_S05_XRF\XRF data\L000550.spe,1375,112,768,803,6697,7473,4854,260,1704,967,113483,441,429,588,117,102,253,1585,874,169,540,69,49,124,110,146,59,47,219,66,42,86,134,142,73,25236,7886
7370.5,C:\Data\20260323_MD18-3537\20260324_MD18-3537_S05\MD18-3537_S05_XRF\XRF data\L000551.spe,1377.5,117,703,803,6826,7544,4580,306,1660,944,113021,353,311,554,112,115,158,1313,989,114,489,7,33,190,99,102,62,159,260,103,33,61,204,241,115,23933,8377
7373,C:\Data\20260323_MD18-3537\20260324_MD18-3537_S05\MD18-3537_S05_XRF\XRF data\L000552.spe,1380,143,775,854,6673,7537,4873,269,1671,962,112436,486,399,579,266,330,36,1106,926,305,505,80,45,75,150,156,33,0,384,38,16,180,142,145,206,26139,9777
7375.5,C:\Data\20260323_MD18-3537\20260324_MD18-3537_S05\MD18-3537_S05_XRF\XRF data\L000553.spe,1382.5,125,823,760,7126,6704,4725,250,1688,921,114111,418,374,564,60,264,168,2373,897,18,389,56,33,167,116,97,90,88,177,21,172,104,236,149,110,24688,7842
7378,C:\Data\20260323_MD18-3537\20260324_MD18-3537_S05\MD18-3537_S05_XRF\XRF data\L000554.spe,1385,112,803,753,7120,6326,4658,254,1796,898,112739,456,484,567,233,82,201,1132,902,132,425,23,53,145,100,150,69,0,397,39,50,66,73,89,96,25490,6383
7380.5,C:\Data\20260323_MD18-3537\20260324_MD18-3537_S05\MD18-3537_S05_XRF\XRF data\L000555.spe,1387.5,99,808,712,6789,7465,4766,263,1694,820,109349,352,411,543,97,94,154,1712,988,229,392,74,41,97,101,207,165,116,248,62,42,79,292,146,196,26531,10130
7383,C:\Data\20260323_MD18-3537\20260324_MD18-3537_S05\MD18-3537_S05_XRF\XRF data\L000556.spe,1390,117,804,745,6785,7726,4649,156,1736,833,110331,325,333,571,150,195,56,988,928,139,540,54,56,182,129,139,187,238,210,57,0,58,248,80,188,24180,6981
7385.5,C:\Data\20260323_MD18-3537\20260324_MD18-3537_S05\MD18-3537_S05_XRF\XRF data\L000557.spe,1392.5,125,890,768,6670,7954,4616,193,1607,838,109339,380,342,607,281,141,46,1177,874,177,606,60,68,140,107,162,116,62,209,73,81,95,192,244,305,23705,9726
7388,C:\Data\20260323_MD18-3537\20260324_MD18-3537_S05\MD18-3537_S05_XRF\XRF data\L000558.spe,1395,143,816,863,6421,9206,4833,271,1676,1020,111641,421,311,579,59,13,154,1097,1100,248,646,90,83,112,94,170,78,193,201,43,133,30,179,250,143,24911,8594
7390.5,C:\Data\20260323_MD18-3537\20260324_MD18-3537_S05\MD18-3537_S05_XRF\XRF data\L000559.spe,1397.5,116,862,779,6567,10342,4979,220,1703,1106,109014,390,389,620,78,334,0,1252,1025,185,587,77,95,93,138,152,171,116,186,101,253,54,262,87,342,25262,10121
7393,C:\Data\20260323_MD18-3537\20260324_MD18-3537_S05\MD18-3537_S05_XRF\XRF data\L000560.spe,1400,118,918,795,6274,12520,5148,183,1599,1180,103800,430,425,626,174,80,181,1071,1188,277,583,38,91,55,121,218,106,0,373,44,69,115,231,128,0,25887,7076
7395.5,C:\Data\20260323_MD18-3537\20260324_MD18-3537_S05\MD18-3537_S05_XRF\XRF data\L000561.spe,1402.5,64,857,808,6263,12623,5233,216,1666,1215,103661,435,301,559,283,293,0,1278,1158,223,677,57,100,75,129,181,155,82,292,43,35,33,137,89,160,26061,8948
7398,C:\Data\20260323_MD18-3537\20260324_MD18-3537_S05\MD18-3537_S05_XRF\XRF data\L000562.spe,1405,75,821,792,5870,12258,4915,257,1626,1071,101034,414,369,553,255,412,26,1380,1300,179,856,32,101,103,124,152,158,210,214,4,107,143,152,127,229,25328,7543
7400.5,C:\Data\20260323_MD18-3537\20260324_MD18-3537_S05\MD18-3537_S05_XRF\XRF data\L000563.spe,1407.5,117,818,636,5645,11807,4975,215,1545,1002,97378,514,301,542,180,241,0,1564,1184,138,880,94,88,111,103,129,115,0,329,0,28,144,205,39,273,24147,6088
7403,C:\Data\20260323_MD18-3537\20260324_MD18-3537_S05\MD18-3537_S05_XRF\XRF data\L000564.spe,1410,90,696,667,5092,11638,4690,204,1505,1071,89987,490,310,577,107,0,71,1357,1246,192,803,44,55,128,97,112,12,22,352,0,0,142,239,63,80,25123,7282
7405.5,C:\Data\20260323_MD18-3537\20260324_MD18-3537_S05\MD18-3537_S05_XRF\XRF data\L000565.spe,1412.5,86,679,740,4860,11107,4285,158,1476,870,83502,367,236,459,222,79,0,1265,1153,113,738,28,91,101,90,137,120,87,196,0,149,5,181,206,221,24046,8703
7408,C:\Data\20260323_MD18-3537\20260324_MD18-3537_S05\MD18-3537_S05_XRF\XRF data\L000566.spe,1415,53,562,1064,3561,12665,4102,207,1448,1334,95684,392,276,459,227,91,35,1050,1302,79,950,32,115,43,105,134,66,167,219,50,235,94,150,311,102,22023,8719
7413,C:\Data\20260323_MD18-3537\20260324_MD18-3537_S05\MD18-3537_S05_XRF\XRF data\L000568.spe,1420,50,414,1491,3181,10799,4417,324,2016,1113,106680,411,285,397,134,246,0,609,921,123,555,34,39,85,53,113,152,122,130,52,239,17,182,178,288,18016,9569
7415.5,C:\Data\20260323_MD18-3537\20260324_MD18-3537_S05\MD18-3537_S05_XRF\XRF data\L000569.spe,1422.5,61,737,690,6064,10197,4759,278,1733,1095,110478,365,300,544,151,153,93,1261,865,49,652,63,101,96,98,188,92,70,155,111,246,59,205,204,72,20315,5402
7418,C:\Data\20260323_MD18-3537\20260324_MD18-3537_S05\MD18-3537_S05_XRF\XRF data\L000570.spe,1425,114,761,631,6341,9720,4592,255,1562,1060,104832,454,263,511,92,230,6,1427,937,147,579,33,75,187,101,87,0,132,97,41,200,95,99,54,250,23427,6613
7420.5,C:\Data\20260323_MD18-3537\20260324_MD18-3537_S05\MD18-3537_S05_XRF\XRF data\L000571.spe,1427.5,95,760,625,6440,9639,4621,241,1707,1002,106834,413,284,507,100,277,0,1399,966,65,573,111,122,166,98,93,84,112,227,60,110,39,337,110,179,23372,7833
7423,C:\Data\20260323_MD18-3537\20260324_MD18-3537_S05\MD18-3537_S05_XRF\XRF data\L000572.spe,1430,93,819,680,6604,9790,4709,332,1631,964,109714,502,427,522,177,153,161,1462,993,39,481,73,63,165,79,89,161,0,359,13,149,102,154,139,0,23283,9695
7425.5,C:\Data\20260323_MD18-3537\20260324_MD18-3537_S05\MD18-3537_S05_XRF\XRF data\L000573.spe,1432.5,88,772,700,7172,7189,4894,264,1627,916,112886,446,405,569,207,367,56,1876,964,121,473,105,23,151,106,142,81,0,484,64,13,143,118,204,290,25201,8200
7428,C:\Data\20260323_MD18-3537\20260324_MD18-3537_S05\MD18-3537_S05_XRF\XRF data\L000574.spe,1435,88,825,606,6714,8405,4618,276,1721,890,112346,430,388,512,262,55,171,1448,873,215,365,90,68,207,105,115,92,0,112,61,149,46,216,151,144,24904,8371
7430.5,C:\Data\20260323_MD18-3537\20260324_MD18-3537_S05\MD18-3537_S05_XRF\XRF data\L000575.spe,1437.5,117,822,704,6776,9837,4775,273,1573,1078,109551,362,345,633,143,109,130,1721,972,43,552,110,76,152,90,147,93,115,124,138,212,62,209,71,141,24149,10334
7433,C:\Data\20260323_MD18-3537\20260324_MD18-3537_S05\MD18-3537_S05_XRF\XRF data\L000576.spe,1440,111,828,664,6730,10414,4794,219,1679,959,108159,439,342,555,75,147,217,1038,935,209,441,97,75,170,118,165,145,0,376,67,0,169,278,127,5,24312,6749
7435.5,C:\Data\20260323_MD18-3537\20260324_MD18-3537_S05\MD18-3537_S05_XRF\XRF data\L000577.spe,1442.5,117,819,757,6472,11943,4729,281,1694,980,109808,388,278,493,242,99,36,921,1069,256,488,60,124,218,98,69,109,0,276,43,39,131,160,205,301,25230,8080
7438,C:\Data\20260323_MD18-3537\20260324_MD18-3537_S05\MD18-3537_S05_XRF\XRF data\L000578.spe,1445,122,820,767,6709,12675,5018,221,1659,1047,109586,515,354,579,218,85,43,1272,1029,237,517,113,160,131,115,157,114,0,372,0,77,134,131,136,203,25217,9508
7440.5,C:\Data\20260323_MD18-3537\20260324_MD18-3537_S05\MD18-3537_S05_XRF\XRF data\L000579.spe,1447.5,103,828,743,6586,13150,4719,285,1607,1132,109052,447,311,567,61,307,16,2104,1073,43,541,107,101,113,141,174,81,0,233,36,37,72,236,47,290,24294,7504
7443,C:\Data\20260323_MD18-3537\20260324_MD18-3537_S05\MD18-3537_S05_XRF\XRF data\L000580.spe,1450,129,813,809,6601,13695,4921,235,1677,1054,105025,424,426,529,36,261,77,1034,1072,242,520,77,107,208,118,105,137,141,186,49,115,120,260,94,300,24720,7922
7445.5,C:\Data\20260323_MD18-3537\20260324_MD18-3537_S05\MD18-3537_S05_XRF\XRF data\L000581.spe,1452.5,69,800,801,6335,13730,4883,160,1670,1160,103458,554,436,609,420,171,0,2179,1088,0,504,19,115,80,107,155,74,0,564,6,0,199,121,321,248,25315,6462
7448,C:\Data\20260323_MD18-3537\20260324_MD18-3537_S05\MD18-3537_S05_XRF\XRF data\L000582.spe,1455,105,835,794,6352,14054,4743,224,1730,1160,102032,467,308,556,154,71,0,1232,1108,150,549,25,157,196,91,138,96,0,270,29,134,44,226,51,269,24205,7108
7450.5,C:\Data\20260323_MD18-3537\20260324_MD18-3537_S05\MD18-3537_S05_XRF\XRF data\L000583.spe,1457.5,91,829,829,6012,14225,4726,323,1719,1023,98750,436,325,471,308,229,0,1570,1140,51,680,124,103,211,119,94,225,15,216,27,0,37,151,164,211,23953,10198
7453,C:\Data\20260323_MD18-3537\20260324_MD18-3537_S05\MD18-3537_S05_XRF\XRF data\L000584.spe,1460,112,805,820,5944,14341,4587,232,1594,1096,95887,405,374,569,137,184,0,597,1144,232,694,58,121,218,112,70,82,50,172,14,74,17,187,147,222,23402,5976
7455.5,C:\Data\20260323_MD18-3537\20260324_MD18-3537_S05\MD18-3537_S05_XRF\XRF data\L000585.spe,1462.5,134,848,746,5873,15025,4668,324,1562,1235,92905,466,340,512,226,228,19,866,1264,250,718,39,112,173,98,63,60,11,436,0,0,116,188,146,116,24263,7647
7458,C:\Data\20260323_MD18-3537\20260324_MD18-3537_S05\MD18-3537_S05_XRF\XRF data\L000586.spe,1465,84,782,738,5922,14348,4568,150,1522,1278,96531,525,372,601,31,423,0,1216,1139,228,690,77,90,141,112,212,55,9,432,0,0,113,225,34,376,24418,7152
7460.5,C:\Data\20260323_MD18-3537\20260324_MD18-3537_S05\MD18-3537_S05_XRF\XRF data\L000587.spe,1467.5,77,801,730,6389,14463,4865,215,1646,1525,95177,422,253,485,128,67,144,964,1194,129,500,0,126,124,116,140,131,57,108,0,161,0,208,147,22,24488,9052
7463,C:\Data\20260323_MD18-3537\20260324_MD18-3537_S05\MD18-3537_S05_XRF\XRF data\L000588.spe,1470,127,743,727,6522,13813,4664,212,1558,1350,99068,405,453,545,173,152,99,813,1131,168,487,57,149,162,99,132,42,0,338,22,44,67,187,256,224,23069,7928
7465.5,C:\Data\20260323_MD18-3537\20260324_MD18-3537_S05\MD18-3537_S05_XRF\XRF data\L000589.spe,1472.5,97,807,701,6542,12848,4625,275,1680,1186,105768,461,377,526,128,351,0,1009,1109,201,492,38,88,173,97,96,151,0,288,0,152,137,204,56,307,24483,5757
7468,C:\Data\20260323_MD18-3537\20260324_MD18-3537_S05\MD18-3537_S05_XRF\XRF data\L000590.spe,1475,93,813,701,6394,13336,5069,251,1671,1240,106440,456,361,605,116,296,61,2144,1158,87,577,36,107,69,154,129,15,0,296,0,121,149,178,195,193,24360,8175
7470.5,C:\Data\20260323_MD18-3537\20260324_MD18-3537_S05\MD18-3537_S05_XRF\XRF data\L000591.spe,1477.5,99,717,587,6631,10311,4720,238,1593,1090,106801,361,320,591,140,358,33,1350,1155,237,497,20,92,167,54,138,96,0,104,23,113,46,263,149,235,24305,5954
7473,C:\Data\20260323_MD18-3537\20260324_MD18-3537_S05\MD18-3537_S05_XRF\XRF data\L000592.spe,1480,84,821,718,7141,9467,5026,262,1661,1160,114736,385,375,633,264,195,10,1927,960,199,504,137,85,206,75,98,120,0,294,73,16,51,114,166,294,24697,8171
7475.5,C:\Data\20260323_MD18-3537\20260324_MD18-3537_S05\MD18-3537_S05_XRF\XRF data\L000593.spe,1482.5,101,790,679,6905,9751,4882,280,1620,1060,112580,486,364,548,230,261,96,1512,927,200,514,27,82,139,110,138,77,0,371,81,61,189,97,84,172,24818,7054
7478,C:\Data\20260323_MD18-3537\20260324_MD18-3537_S05\MD18-3537_S05_XRF\XRF data\L000594.spe,1485,91,750,682,6654,11164,4796,224,1702,1025,107861,409,359,528,171,0,140,1061,945,211,594,111,103,129,153,139,214,0,199,125,170,101,150,126,71,23524,10087
7480.5,C:\Data\20260323_MD18-3537\20260324_MD18-3537_S05\MD18-3537_S05_XRF\XRF data\L000595.spe,1487.5,93,603,607,5770,8077,4240,196,1471,790,96709,423,258,486,277,121,220,1635,934,126,461,43,93,62,112,160,153,0,322,38,100,168,69,143,23,23644,7320
7504,C:\Data\20260323_MD18-3537\20260324_MD18-3537_S06\MD18-3537_S06_XRF_R1\XRF data\L000004.spe,10,71,864,949,7112,11447,5122,232,1751,887,116134,236,518,608,65,206,130,1173,1100,188,606,73,67,120,107,176,207,511,32,147,26,0,224,57,177,24688,8493
7506.5,C:\Data\20260323_MD18-3537\20260324_MD18-3537_S06\MD18-3537_S06_XRF_R1\XRF data\L000005.spe,12.5,90,876,877,6953,9681,4717,248,1664,1076,113205,467,454,657,172,238,65,1617,1096,153,581,43,76,234,110,110,0,0,313,0,0,124,244,125,272,25675,9468
7509,C:\Data\20260323_MD18-3537\20260324_MD18-3537_S06\MD18-3537_S06_XRF_R1\XRF data\L000006.spe,15,92,782,837,6900,8591,5051,175,1734,910,112741,416,354,574,0,174,106,1283,1203,225,549,113,43,166,138,165,126,121,125,18,72,63,216,92,156,25192,9690
7511.5,C:\Data\20260323_MD18-3537\20260324_MD18-3537_S06\MD18-3537_S06_XRF_R1\XRF data\L000007.spe,17.5,98,807,895,6614,8576,4763,209,1757,897,106557,343,364,564,0,11,149,1247,1089,205,458,42,67,170,119,132,120,456,86,68,21,85,254,78,0,24888,8956
7514,C:\Data\20260323_MD18-3537\20260324_MD18-3537_S06\MD18-3537_S06_XRF_R1\XRF data\L000008.spe,20,87,696,889,6055,8419,4519,220,1773,949,101585,322,283,586,132,203,92,1020,1050,218,629,65,83,196,126,144,165,639,0,58,173,0,287,209,176,24897,7986
7516.5,C:\Data\20260323_MD18-3537\20260324_MD18-3537_S06\MD18-3537_S06_XRF_R1\XRF data\L000009.spe,22.5,117,757,898,5965,8368,4512,172,1606,898,101597,222,217,547,39,131,63,947,1011,193,580,102,67,188,117,154,142,491,0,133,51,0,210,153,71,23979,7858
7519,C:\Data\20260323_MD18-3537\20260324_MD18-3537_S06\MD18-3537_S06_XRF_R1\XRF data\L000010.spe,25,78,768,927,6433,8777,4442,218,1714,910,105389,292,227,428,65,15,86,1778,1022,183,467,25,80,136,117,140,76,218,0,43,315,14,224,172,163,24414,6793
7521.5,C:\Data\20260323_MD18-3537\20260324_MD18-3537_S06\MD18-3537_S06_XRF_R1\XRF data\L000011.spe,27.5,114,739,924,6498,8568,4525,180,1673,936,106130,288,234,474,76,136,73,819,1095,278,520,76,64,155,159,144,137,665,0,54,146,0,175,115,278,24379,8160
7524,C:\Data\20260323_MD18-3537\20260324_MD18-3537_S06\MD18-3537_S06_XRF_R1\XRF data\L000012.spe,30,62,682,822,6201,8452,4551,248,1653,804,104394,395,429,596,130,156,123,1511,906,51,556,36,99,172,79,80,168,298,164,16,0,73,237,118,129,23454,7738
7526.5,C:\Data\20260323_MD18-3537\20260324_MD18-3537_S06\MD18-3537_S06_XRF_R1\XRF data\L000013.spe,32.5,95,715,973,6326,8513,4651,168,1616,912,103509,319,339,507,192,0,27,937,1066,208,569,69,58,110,118,147,241,356,115,33,56,33,70,157,99,24746,8377
7529,C:\Data\20260323_MD18-3537\20260324_MD18-3537_S06\MD18-3537_S06_XRF_R1\XRF data\L000014.spe,35,136,723,1034,6281,8683,4473,186,1697,958,99956,310,218,541,195,65,94,1415,1043,100,675,12,53,162,138,122,172,428,0,66,76,51,139,37,102,25059,9137
7531.5,C:\Data\20260323_MD18-3537\20260324_MD18-3537_S06\MD18-3537_S06_XRF_R1\XRF data\L000015.spe,37.5,59,672,992,6120,8547,4371,196,1667,1007,97487,330,284,446,183,79,43,1304,1152,156,822,22,88,181,85,113,77,438,0,93,92,6,184,129,162,23987,9286
7534,C:\Data\20260323_MD18-3537\20260324_MD18-3537_S06\MD18-3537_S06_XRF_R1\XRF data\L000016.spe,40,90,741,1049,6242,9102,4602,200,1627,997,96803,347,243,554,147,314,32,1000,1166,188,707,36,59,168,91,117,126,429,0,81,230,47,217,99,383,23716,9697
7536.5,C:\Data\20260323_MD18-3537\20260324_MD18-3537_S06\MD18-3537_S06_XRF_R1\XRF data\L000017.spe,42.5,99,683,993,5916,9263,4372,194,1650,986,97107,338,335,471,127,283,39,559,1199,292,648,88,69,161,137,126,199,377,6,12,109,0,135,112,124,24318,10346
7539,C:\Data\20260323_MD18-3537\20260324_MD18-3537_S06\MD18-3537_S06_XRF_R1\XRF data\L000018.spe,45,96,733,1000,5884,9143,4265,165,1615,965,96443,440,333,526,107,154,33,907,1238,218,753,124,22,161,117,131,114,151,56,4,38,32,245,105,246,24004,9823
7541.5,C:\Data\20260323_MD18-3537\20260324_MD18-3537_S06\MD18-3537_S06_XRF_R1\XRF data\L000019.spe,47.5,98,680,985,5736,9740,4480,214,1642,1009,93756,351,421,526,115,92,67,1028,1244,104,604,34,51,115,140,119,69,148,102,70,0,34,275,45,183,23670,8278
7544,C:\Data\20260323_MD18-3537\20260324_MD18-3537_S06\MD18-3537_S06_XRF_R1\XRF data\L000020.spe,50,103,670,1152,5137,10114,4351,190,1818,871,87050,408,329,474,158,256,48,1331,1350,121,576,86,13,0,90,179,180,243,56,14,89,56,207,115,142,25493,7029
7546.5,C:\Data\20260323_MD18-3537\20260324_MD18-3537_S06\MD18-3537_S06_XRF_R1\XRF data\L000021.spe,52.5,111,675,1269,4824,10366,4253,129,1676,905,84532,406,256,415,225,214,136,1551,1262,32,584,40,65,88,142,152,88,419,58,0,73,109,27,63,60,24122,6893
7549,C:\Data\20260323_MD18-3537\20260324_MD18-3537_S06\MD18-3537_S06_XRF_R1\XRF data\L000022.spe,55,108,619,1168,5134,10927,4084,207,1605,1005,86369,345,193,358,278,208,111,1234,1431,137,600,43,103,60,90,167,118,336,0,17,142,58,129,204,62,24116,8142
7551.5,C:\Data\20260323_MD18-3537\20260324_MD18-3537_S06\MD18-3537_S06_XRF_R1\XRF data\L000023.spe,57.5,100,635,1129,5128,10455,3886,214,1572,950,87980,403,345,469,61,297,0,810,1309,158,724,40,95,100,99,133,94,373,26,0,49,94,298,163,367,23922,8869
7554,C:\Data\20260323_MD18-3537\20260324_MD18-3537_S06\MD18-3537_S06_XRF_R1\XRF data\L000024.spe,60,110,681,1011,5689,10306,4263,194,1691,982,93568,314,238,420,113,233,38,695,1244,232,564,111,88,125,92,117,157,520,0,88,240,64,232,112,242,23233,7473
7556.5,C:\Data\20260323_MD18-3537\20260324_MD18-3537_S06\MD18-3537_S06_XRF_R1\XRF data\L000025.spe,62.5,33,668,976,6064,9877,4555,223,1626,1011,98488,325,297,474,233,126,59,1174,1161,218,533,30,119,147,94,153,135,360,0,22,83,0,152,141,208,23391,8056
7559,C:\Data\20260323_MD18-3537\20260324_MD18-3537_S06\MD18-3537_S06_XRF_R1\XRF data\L000026.spe,65,108,710,928,6298,9123,4627,257,1575,1027,101152,337,369,554,154,0,190,817,1038,251,503,66,53,58,130,166,74,379,0,46,194,0,174,187,0,24695,7214
7561.5,C:\Data\20260323_MD18-3537\20260324_MD18-3537_S06\MD18-3537_S06_XRF_R1\XRF data\L000027.spe,67.5,79,715,1000,6240,8875,4657,166,1648,976,100991,222,278,452,97,265,132,1190,1161,240,669,67,18,188,99,129,130,550,0,114,206,39,189,264,220,22797,6493
7564,C:\Data\20260323_MD18-3537\20260324_MD18-3537_S06\MD18-3537_S06_XRF_R1\XRF data\L000028.spe,70,73,754,965,6769,7543,4782,223,1698,941,109191,346,349,533,196,313,87,729,979,266,539,12,85,180,111,146,173,178,131,75,29,48,163,77,270,23680,7845
7566.5,C:\Data\20260323_MD18-3537\20260324_MD18-3537_S06\MD18-3537_S06_XRF_R1\XRF data\L000029.spe,72.5,103,714,866,6746,7450,4752,294,1596,1044,110552,393,390,561,24,258,121,744,966,214,544,44,19,121,93,156,98,51,257,62,91,65,261,105,208,24349,7890
7569,C:\Data\20260323_MD18-3537\20260324_MD18-3537_S06\MD18-3537_S06_XRF_R1\XRF data\L000030.spe,75,119,721,894,6530,7270,4889,250,1577,952,108956,368,362,505,159,223,82,959,921,191,481,83,27,54,153,190,138,0,296,59,25,42,147,140,208,24063,7326
7571.5,C:\Data\20260323_MD18-3537\20260324_MD18-3537_S06\MD18-3537_S06_XRF_R1\XRF data\L000031.spe,77.5,98,678,912,6502,7440,4529,291,1729,977,106596,338,281,507,116,0,30,923,1031,207,552,20,55,194,80,119,101,538,0,0,222,0,184,118,125,23953,8654
7574,C:\Data\20260323_MD18-3537\20260324_MD18-3537_S06\MD18-3537_S06_XRF_R1\XRF data\L000032.spe,80,80,697,911,6252,7647,4535,233,1727,880,106159,331,339,558,197,0,82,953,1020,151,581,37,71,159,103,141,138,74,0,133,212,107,193,128,96,22977,8287
7576.5,C:\Data\20260323_MD18-3537\20260324_MD18-3537_S06\MD18-3537_S06_XRF_R1\XRF data\L000033.spe,82.5,82,687,896,6220,8718,4752,187,1674,1003,105240,404,351,507,215,67,165,1463,1173,0,633,79,66,120,119,143,0,132,155,46,62,56,166,257,0,23852,10505
7579,C:\Data\20260323_MD18-3537\20260324_MD18-3537_S06\MD18-3537_S06_XRF_R1\XRF data\L000034.spe,85,68,707,972,6127,9324,4869,225,1718,829,104063,295,242,491,166,193,112,1338,1089,258,473,36,33,132,123,149,246,388,114,98,0,39,166,91,0,24015,9303
7581.5,C:\Data\20260323_MD18-3537\20260324_MD18-3537_S06\MD18-3537_S06_XRF_R1\XRF data\L000035.spe,87.5,117,694,991,5946,9274,4526,271,1701,936,104508,413,435,570,105,157,89,1025,1059,204,594,79,79,108,141,116,215,0,300,13,17,83,184,159,203,24051,8051
7584,C:\Data\20260323_MD18-3537\20260324_MD18-3537_S06\MD18-3537_S06_XRF_R1\XRF data\L000036.spe,90,85,696,1111,5780,9690,4374,147,1582,1111,100214,279,306,495,89,309,7,1170,1150,278,669,113,106,161,138,121,60,295,0,49,203,36,193,200,212,23289,9604
7586.5,C:\Data\20260323_MD18-3537\20260324_MD18-3537_S06\MD18-3537_S06_XRF_R1\XRF data\L000037.spe,92.5,51,609,1075,5676,9285,4371,165,1657,960,97135,253,237,398,244,0,77,554,1174,207,692,0,67,76,121,162,152,485,0,54,190,0,7,160,165,23607,8854
7589,C:\Data\20260323_MD18-3537\20260324_MD18-3537_S06\MD18-3537_S06_XRF_R1\XRF data\L000038.spe,95,98,655,1048,5625,8751,4505,135,1645,896,98235,444,291,453,181,247,119,935,1113,328,515,65,61,83,150,156,139,219,0,15,152,0,177,113,81,24075,7717
7591.5,C:\Data\20260323_MD18-3537\20260324_MD18-3537_S06\MD18-3537_S06_XRF_R1\XRF data\L000039.spe,97.5,73,684,1042,5522,9964,4230,191,1603,960,93671,295,303,464,204,149,0,1234,1097,175,628,10,60,216,155,106,152,438,0,103,188,0,178,251,265,23864,7453
7594,C:\Data\20260323_MD18-3537\20260324_MD18-3537_S06\MD18-3537_S06_XRF_R1\XRF data\L000040.spe,100,67,671,1103,5321,10601,4261,172,1729,971,89940,264,192,449,117,228,113,988,1195,196,633,74,110,153,103,153,156,493,0,51,163,0,217,57,53,23067,6535
7596.5,C:\Data\20260323_MD18-3537\20260324_MD18-3537_S06\MD18-3537_S06_XRF_R1\XRF data\L000041.spe,102.5,30,641,1333,4921,11113,4376,184,1752,871,86333,349,345,480,165,338,33,870,1145,222,713,45,123,45,105,172,202,168,112,0,72,0,196,76,195,24281,9387
7599,C:\Data\20260323_MD18-3537\20260324_MD18-3537_S06\MD18-3537_S06_XRF_R1\XRF data\L000042.spe,105,97,620,1362,4306,11132,3853,197,1508,815,80404,302,217,445,73,196,0,789,1276,375,681,55,103,120,81,102,166,499,0,10,315,0,166,64,241,25537,8245
7601.5,C:\Data\20260323_MD18-3537\20260324_MD18-3537_S06\MD18-3537_S06_XRF_R1\XRF data\L000043.spe,107.5,56,670,1346,4078,10500,3605,224,1747,846,76553,377,248,429,162,26,146,425,1222,229,701,62,30,92,88,130,138,177,47,0,106,25,155,125,5,24914,6718
7604,C:\Data\20260323_MD18-3537\20260324_MD18-3537_S06\MD18-3537_S06_XRF_R1\XRF data\L000044.spe,110,84,599,1317,4553,10515,3889,139,1684,939,80611,439,376,355,131,144,12,1414,1183,136,719,0,94,106,108,122,87,0,148,0,28,0,226,170,271,25488,8712
7606.5,C:\Data\20260323_MD18-3537\20260324_MD18-3537_S06\MD18-3537_S06_XRF_R1\XRF data\L000045.spe,112.5,76,624,1374,4819,9521,3882,205,1606,802,83326,360,329,503,351,441,0,520,1278,175,740,0,102,55,114,181,214,69,128,8,0,49,162,169,366,24954,7287
7609,C:\Data\20260323_MD18-3537\20260324_MD18-3537_S06\MD18-3537_S06_XRF_R1\XRF data\L000046.spe,115,59,622,1365,4570,9949,3675,277,1588,847,81188,348,260,402,176,224,80,1036,1111,150,856,17,74,134,95,80,43,0,137,0,0,0,116,110,203,24488,7335
7611.5,C:\Data\20260323_MD18-3537\20260324_MD18-3537_S06\MD18-3537_S06_XRF_R1\XRF data\L000047.spe,117.5,45,665,1235,4491,9989,3934,141,1644,816,81441,365,317,443,124,170,0,1073,1290,150,611,0,91,73,96,135,110,372,0,0,146,0,150,101,169,25577,8605
7614,C:\Data\20260323_MD18-3537\20260324_MD18-3537_S06\MD18-3537_S06_XRF_R1\XRF data\L000048.spe,120,83,629,1350,4569,9487,3997,276,1717,737,85656,439,227,472,204,200,62,1558,1088,172,642,38,76,105,82,105,125,269,140,0,0,121,159,129,183,24630,7736
7616.5,C:\Data\20260323_MD18-3537\20260324_MD18-3537_S06\MD18-3537_S06_XRF_R1\XRF data\L000049.spe,122.5,102,645,1253,5214,8387,4272,210,1687,828,90574,364,288,500,110,315,0,1237,1083,149,471,34,71,88,84,181,152,286,0,20,146,0,286,183,357,25061,8672
7619,C:\Data\20260323_MD18-3537\20260324_MD18-3537_S06\MD18-3537_S06_XRF_R1\XRF data\L000050.spe,125,85,723,1080,6115,7296,4361,316,1674,853,99037,259,227,453,206,237,70,962,1100,192,565,0,79,174,79,116,104,422,0,87,248,0,186,153,191,23331,6976
7621.5,C:\Data\20260323_MD18-3537\20260324_MD18-3537_S06\MD18-3537_S06_XRF_R1\XRF data\L000051.spe,127.5,114,761,985,6393,7089,4675,251,1730,874,102071,368,333,531,91,264,0,663,1061,319,720,20,63,141,94,150,123,588,0,0,119,65,209,9,323,24108,9946
7624,C:\Data\20260323_MD18-3537\20260324_MD18-3537_S06\MD18-3537_S06_XRF_R1\XRF data\L000052.spe,130,101,727,929,6279,6596,4655,288,1711,842,102732,353,327,556,134,136,12,593,1117,304,680,61,62,153,116,158,164,352,0,23,300,61,180,122,210,24693,7873
7626.5,C:\Data\20260323_MD18-3537\20260324_MD18-3537_S06\MD18-3537_S06_XRF_R1\XRF data\L000053.spe,132.5,69,675,985,6556,6595,4743,217,1753,846,103762,307,265,519,222,168,227,1651,1044,172,696,0,59,73,112,178,160,500,0,48,69,0,130,131,0,24578,7837
7629,C:\Data\20260323_MD18-3537\20260324_MD18-3537_S06\MD18-3537_S06_XRF_R1\XRF data\L000054.spe,135,84,693,996,6139,8207,4644,187,1772,795,99178,341,271,443,88,179,0,802,1036,286,786,64,57,119,99,145,228,224,49,0,0,0,289,90,202,24540,9181
7631.5,C:\Data\20260323_MD18-3537\20260324_MD18-3537_S06\MD18-3537_S06_XRF_R1\XRF data\L000055.spe,137.5,65,684,1094,5969,7940,4391,172,1661,897,96605,366,252,513,198,153,12,770,1208,318,660,32,59,136,141,154,93,446,0,0,145,33,107,146,191,26020,7655
7634,C:\Data\20260323_MD18-3537\20260324_MD18-3537_S06\MD18-3537_S06_XRF_R1\XRF data\L000056.spe,140,75,681,917,6306,7718,4703,228,1547,918,101331,397,317,467,194,139,33,1627,1150,109,772,16,34,137,80,152,89,165,118,0,0,75,137,76,185,24673,7857
7636.5,C:\Data\20260323_MD18-3537\20260324_MD18-3537_S06\MD18-3537_S06_XRF_R1\XRF data\L000057.spe,142.5,99,822,1003,7183,7157,4893,216,1813,991,113991,273,420,613,450,363,0,397,1247,455,617,101,49,172,143,133,200,509,175,174,0,88,33,229,258,25324,8951
7639,C:\Data\20260323_MD18-3537\20260324_MD18-3537_S06\MD18-3537_S06_XRF_R1\XRF data\L000058.spe,145,101,653,963,7082,10020,4769,254,1758,1008,113617,316,303,551,220,346,35,683,895,275,491,70,99,154,96,194,203,464,89,93,86,5,81,131,304,25428,7958
7641.5,C:\Data\20260323_MD18-3537\20260324_MD18-3537_S06\MD18-3537_S06_XRF_R1\XRF data\L000059.spe,147.5,118,729,1044,6588,12610,4712,239,1517,1094,111169,342,323,544,232,242,74,1345,994,138,595,46,149,146,127,170,145,0,146,83,134,36,217,199,305,23693,7803
7644,C:\Data\20260323_MD18-3537\20260324_MD18-3537_S06\MD18-3537_S06_XRF_R1\XRF data\L000060.spe,150,80,744,1014,6674,13979,4666,260,1724,1169,108641,361,418,605,140,277,0,801,1140,303,456,96,136,144,131,140,121,257,64,110,183,19,148,105,297,23711,7157
7646.5,C:\Data\20260323_MD18-3537\20260324_MD18-3537_S06\MD18-3537_S06_XRF_R1\XRF data\L000061.spe,152.5,60,697,957,6486,14534,4707,182,1584,1198,107236,420,350,520,137,65,67,1643,1073,98,468,0,146,121,142,151,98,147,183,58,0,65,182,59,0,23535,8852
7649,C:\Data\20260323_MD18-3537\20260324_MD18-3537_S06\MD18-3537_S06_XRF_R1\XRF data\L000062.spe,155,93,643,967,6409,13861,4695,215,1697,1106,107835,302,377,558,211,220,0,1765,1210,0,574,50,151,171,102,148,140,165,231,68,14,38,210,176,346,23284,8197
7651.5,C:\Data\20260323_MD18-3537\20260324_MD18-3537_S06\MD18-3537_S06_XRF_R1\XRF data\L000063.spe,157.5,76,653,991,6630,10540,4677,295,1653,1035,108293,267,315,520,37,299,111,921,1067,191,436,106,54,171,100,191,120,553,0,133,233,56,272,132,151,22672,7038
7654,C:\Data\20260323_MD18-3537\20260324_MD18-3537_S06\MD18-3537_S06_XRF_R1\XRF data\L000064.spe,160,97,707,970,6822,6054,4898,231,1734,748,114540,274,389,536,96,165,136,1217,1025,204,568,113,42,68,94,243,321,406,0,136,177,8,266,121,189,23291,7232
7656.5,C:\Data\20260323_MD18-3537\20260324_MD18-3537_S06\MD18-3537_S06_XRF_R1\XRF data\L000065.spe,162.5,118,672,927,7051,7639,4927,271,1737,976,116819,294,344,609,130,285,0,580,973,330,571,53,75,68,91,207,120,218,78,136,204,20,217,118,414,24305,8480
7659,C:\Data\20260323_MD18-3537\20260324_MD18-3537_S06\MD18-3537_S06_XRF_R1\XRF data\L000066.spe,165,98,686,989,6854,9167,4788,266,1712,1052,115297,432,477,647,179,129,50,1156,965,287,611,42,51,192,136,120,82,158,295,40,98,96,150,121,290,26287,11344
7661.5,C:\Data\20260323_MD18-3537\20260324_MD18-3537_S06\MD18-3537_S06_XRF_R1\XRF data\L000067.spe,167.5,129,713,1006,6398,11559,4869,221,1648,1105,112760,308,290,512,125,141,90,1450,917,194,573,82,121,80,126,227,42,158,29,138,298,0,146,118,165,25556,8823
7664,C:\Data\20260323_MD18-3537\20260324_MD18-3537_S06\MD18-3537_S06_XRF_R1\XRF data\L000068.spe,170,97,694,994,6403,12174,4759,253,1873,870,109129,380,350,581,251,152,166,1611,989,103,493,58,118,98,110,174,314,405,6,105,242,78,127,177,167,25317,8882
7666.5,C:\Data\20260323_MD18-3537\20260324_MD18-3537_S06\MD18-3537_S06_XRF_R1\XRF data\L000069.spe,172.5,64,750,999,6388,13009,4679,185,1608,1079,107289,373,445,573,204,385,8,1020,1104,182,511,88,78,197,111,130,24,357,47,24,95,119,173,149,393,24106,6744
7669,C:\Data\20260323_MD18-3537\20260324_MD18-3537_S06\MD18-3537_S06_XRF_R1\XRF data\L000070.spe,175,104,689,1023,6381,12475,4713,207,1724,1017,107244,326,436,619,91,0,125,1535,973,129,486,80,104,127,85,188,124,595,38,107,109,0,262,230,83,24092,8900
7671.5,C:\Data\20260323_MD18-3537\20260324_MD18-3537_S06\MD18-3537_S06_XRF_R1\XRF data\L000071.spe,177.5,81,696,1065,6419,12477,4880,293,1662,1035,107170,308,375,490,28,89,68,1175,1161,233,500,79,127,114,99,166,214,337,34,100,142,0,177,33,129,25118,9586
7674,C:\Data\20260323_MD18-3537\20260324_MD18-3537_S06\MD18-3537_S06_XRF_R1\XRF data\L000072.spe,180,97,694,1010,6621,11204,4576,217,1723,983,107163,375,299,573,159,241,68,639,1107,288,664,0,95,221,92,111,142,22,187,40,152,114,202,238,95,23421,8145
7676.5,C:\Data\20260323_MD18-3537\20260324_MD18-3537_S06\MD18-3537_S06_XRF_R1\XRF data\L000073.spe,182.5,88,689,1043,6946,9350,4724,231,1768,920,110081,401,301,614,163,290,77,1410,1089,151,643,53,76,161,161,147,175,36,288,27,44,105,153,93,216,24235,9333
7679,C:\Data\20260323_MD18-3537\20260324_MD18-3537_S06\MD18-3537_S06_XRF_R1\XRF data\L000074.spe,185,79,676,953,6584,9435,4899,238,1614,919,112632,324,324,553,81,263,131,1249,1022,193,497,96,82,124,135,188,273,579,0,104,290,0,159,48,135,24704,9138
7681.5,C:\Data\20260323_MD18-3537\20260324_MD18-3537_S06\MD18-3537_S06_XRF_R1\XRF data\L000075.spe,187.5,77,666,1042,6745,8107,4644,296,1602,941,112589,292,368,589,113,197,92,1790,1013,168,548,48,76,148,147,158,14,348,72,79,137,95,190,182,219,24577,10814
7684,C:\Data\20260323_MD18-3537\20260324_MD18-3537_S06\MD18-3537_S06_XRF_R1\XRF data\L000076.spe,190,90,674,1002,6482,7826,4643,185,1763,807,112716,284,215,512,101,140,185,482,1031,272,620,100,54,170,103,145,159,527,0,57,252,0,274,150,8,24256,7271
7686.5,C:\Data\20260323_MD18-3537\20260324_MD18-3537_S06\MD18-3537_S06_XRF_R1\XRF data\L000077.spe,192.5,131,701,1029,6761,8216,4752,353,1777,872,115133,344,386,567,157,366,23,1251,980,164,538,48,68,77,95,213,164,24,316,104,19,101,151,104,376,24964,7577
7689,C:\Data\20260323_MD18-3537\20260324_MD18-3537_S06\MD18-3537_S06_XRF_R1\XRF data\L000078.spe,195,88,652,1005,6750,8653,4957,246,1737,1069,116361,325,414,590,162,185,125,1589,916,141,548,83,61,175,143,118,42,513,24,81,193,93,147,196,67,24570,8841
7691.5,C:\Data\20260323_MD18-3537\20260324_MD18-3537_S06\MD18-3537_S06_XRF_R1\XRF data\L000079.spe,197.5,95,718,995,6581,8408,4819,267,1730,919,115320,291,276,606,50,58,264,1672,1016,94,584,132,88,168,118,98,135,345,0,116,243,8,252,161,0,24825,7691
7694,C:\Data\20260323_MD18-3537\20260324_MD18-3537_S06\MD18-3537_S06_XRF_R1\XRF data\L000080.spe,200,92,670,988,6629,8608,4706,250,1647,1007,114253,333,403,595,85,177,105,1320,949,119,561,59,68,237,80,99,103,298,80,78,186,73,189,207,171,23843,8838
7696.5,C:\Data\20260323_MD18-3537\20260324_MD18-3537_S06\MD18-3537_S06_XRF_R1\XRF data\L000081.spe,202.5,105,639,970,6584,9222,4803,306,1685,975,111753,365,376,580,169,62,193,1514,962,77,424,21,38,118,78,140,103,177,344,48,0,36,182,156,0,24704,7780
7699,C:\Data\20260323_MD18-3537\20260324_MD18-3537_S06\MD18-3537_S06_XRF_R1\XRF data\L000082.spe,205,64,710,973,6507,9470,4832,285,1704,900,110537,278,340,528,69,48,118,1291,1090,144,653,85,66,148,100,142,173,542,0,75,183,0,211,117,152,24708,6592
7701.5,C:\Data\20260323_MD18-3537\20260324_MD18-3537_S06\MD18-3537_S06_XRF_R1\XRF data\L000083.spe,207.5,90,683,936,6495,9875,4919,279,1705,899,109941,369,324,575,41,114,107,1219,995,215,477,79,67,118,78,147,115,291,151,71,184,115,220,99,60,24703,6485
7704,C:\Data\20260323_MD18-3537\20260324_MD18-3537_S06\MD18-3537_S06_XRF_R1\XRF data\L000084.spe,210,102,669,1111,6249,9619,4661,307,1615,879,109109,324,223,501,217,166,135,1120,1007,258,578,88,89,107,98,147,140,318,44,30,188,84,115,156,76,24466,6880
7706.5,C:\Data\20260323_MD18-3537\20260324_MD18-3537_S06\MD18-3537_S06_XRF_R1\XRF data\L000085.spe,212.5,89,673,1056,6333,9973,4592,290,1657,970,105335,332,404,522,146,108,110,1504,1028,304,626,13,76,156,115,91,63,220,211,115,0,111,250,147,90,25141,9508
7709,C:\Data\20260323_MD18-3537\20260324_MD18-3537_S06\MD18-3537_S06_XRF_R1\XRF data\L000086.spe,215,125,740,1036,6279,10606,4768,157,1706,971,104842,342,319,512,140,168,208,1252,1064,165,677,81,92,130,134,138,184,365,81,21,178,72,234,123,58,23842,8456
7711.5,C:\Data\20260323_MD18-3537\20260324_MD18-3537_S06\MD18-3537_S06_XRF_R1\XRF data\L000087.spe,217.5,93,733,1016,6526,10286,5008,208,1658,967,105875,418,372,591,108,194,192,914,1152,162,597,22,85,65,118,178,56,0,236,10,91,45,204,45,0,24263,8134
7714,C:\Data\20260323_MD18-3537\20260324_MD18-3537_S06\MD18-3537_S06_XRF_R1\XRF data\L000088.spe,220,73,731,870,6766,8832,4650,259,1689,974,108153,355,386,564,111,207,68,1340,1181,181,711,61,62,164,105,137,140,231,32,9,140,14,198,146,228,23923,8821
7716.5,C:\Data\20260323_MD18-3537\20260324_MD18-3537_S06\MD18-3537_S06_XRF_R1\XRF data\L000089.spe,222.5,83,780,909,6679,8470,4662,227,1701,1007,109605,536,359,559,287,75,118,1232,1103,202,546,77,54,161,149,149,102,0,410,0,0,216,123,39,59,26338,9875
7719,C:\Data\20260323_MD18-3537\20260324_MD18-3537_S06\MD18-3537_S06_XRF_R1\XRF data\L000090.spe,225,140,758,955,6637,8756,4644,323,1583,974,108979,436,387,619,145,152,9,1655,1029,129,557,100,100,140,124,142,113,217,178,0,0,107,150,119,210,24498,8625
7721.5,C:\Data\20260323_MD18-3537\20260324_MD18-3537_S06\MD18-3537_S06_XRF_R1\XRF data\L000091.spe,227.5,70,769,918,6465,9742,4619,295,1694,935,106861,293,371,531,34,203,16,1415,992,248,528,73,94,186,96,118,34,333,84,51,133,81,182,49,279,24487,8367
7724,C:\Data\20260323_MD18-3537\20260324_MD18-3537_S06\MD18-3537_S06_XRF_R1\XRF data\L000092.spe,230,99,719,895,6135,10202,4646,190,1698,828,103285,371,358,570,143,292,124,1333,1027,185,524,90,69,143,111,112,230,42,156,30,81,68,133,36,140,24436,8427
7726.5,C:\Data\20260323_MD18-3537\20260324_MD18-3537_S06\MD18-3537_S06_XRF_R1\XRF data\L000093.spe,232.5,80,754,1002,6152,11384,4461,226,1675,942,99125,256,220,571,51,283,158,950,1125,228,620,84,98,130,79,163,107,487,47,77,92,31,249,92,157,24391,9091
7729,C:\Data\20260323_MD18-3537\20260324_MD18-3537_S06\MD18-3537_S06_XRF_R1\XRF data\L000094.spe,235,107,827,887,6726,8682,4587,296,1721,869,103565,372,328,617,222,338,6,1390,1175,200,768,83,38,180,93,121,169,322,234,57,24,142,147,169,217,24534,8943
7731.5,C:\Data\20260323_MD18-3537\20260324_MD18-3537_S06\MD18-3537_S06_XRF_R1\XRF data\L000095.spe,237.5,101,784,921,7115,7289,4618,272,1720,928,110214,447,338,600,140,372,64,958,1001,244,541,11,54,178,98,142,42,0,329,40,0,124,206,105,226,25340,6055
7734,C:\Data\20260323_MD18-3537\20260324_MD18-3537_S06\MD18-3537_S06_XRF_R1\XRF data\L000096.spe,240,75,768,869,6771,8383,4658,225,1690,868,110610,406,372,585,181,213,24,1445,935,104,478,77,42,152,126,145,100,227,367,0,0,117,157,0,260,26152,7850
7736.5,C:\Data\20260323_MD18-3537\20260324_MD18-3537_S06\MD18-3537_S06_XRF_R1\XRF data\L000097.spe,242.5,159,724,912,6536,9106,4731,278,1553,966,109776,397,256,585,169,72,40,1229,1010,76,519,95,74,168,108,133,13,0,156,14,295,79,59,178,173,24247,7153
7739,C:\Data\20260323_MD18-3537\20260324_MD18-3537_S06\MD18-3537_S06_XRF_R1\XRF data\L000098.spe,245,121,767,853,6084,10123,4582,235,1699,825,101968,407,355,544,54,254,115,837,1040,284,652,31,112,88,109,174,199,211,145,8,189,107,224,96,198,24596,8383
7741.5,C:\Data\20260323_MD18-3537\20260324_MD18-3537_S06\MD18-3537_S06_XRF_R1\XRF data\L000099.spe,247.5,93,782,1047,5928,10841,4444,184,1621,835,100222,322,344,581,104,359,32,1184,1163,158,632,96,73,213,114,98,206,266,21,59,127,22,248,37,349,24261,8988
7744,C:\Data\20260323_MD18-3537\20260324_MD18-3537_S06\MD18-3537_S06_XRF_R1\XRF data\L000100.spe,250,83,718,906,5957,10961,4406,273,1663,925,98080,375,326,492,181,123,0,1695,1187,121,564,20,77,147,91,120,238,178,0,30,167,0,154,147,263,25589,5587
7746.5,C:\Data\20260323_MD18-3537\20260324_MD18-3537_S06\MD18-3537_S06_XRF_R1\XRF data\L000101.spe,252.5,78,742,1063,5510,11074,4518,204,1728,982,90700,411,441,541,113,191,0,951,1209,175,621,28,68,112,34,108,149,128,109,0,43,0,170,167,270,25177,6693
7749,C:\Data\20260323_MD18-3537\20260324_MD18-3537_S06\MD18-3537_S06_XRF_R1\XRF data\L000102.spe,255,76,603,1291,5186,10945,4164,136,1675,913,89577,323,307,472,273,163,77,1623,1171,151,794,65,95,109,114,160,185,98,60,0,133,0,74,329,108,25060,8343
7751.5,C:\Data\20260323_MD18-3537\20260324_MD18-3537_S06\MD18-3537_S06_XRF_R1\XRF data\L000103.spe,257.5,43,540,1462,4235,11642,3928,265,1573,895,80703,436,338,515,255,269,0,879,1123,125,803,0,89,14,85,176,121,0,169,0,86,47,109,218,232,25021,8480
7754,C:\Data\20260323_MD18-3537\20260324_MD18-3537_S06\MD18-3537_S06_XRF_R1\XRF data\L000104.spe,260,75,601,1561,3933,12558,3699,183,1475,787,73503,403,322,501,166,201,21,1148,1215,136,631,15,88,0,115,189,236,0,229,0,0,30,263,0,244,25714,12555
7756.5,C:\Data\20260323_MD18-3537\20260324_MD18-3537_S06\MD18-3537_S06_XRF_R1\XRF data\L000105.spe,262.5,77,627,1096,5844,10276,4282,221,1642,921,96264,388,338,552,196,240,168,1145,1074,132,658,58,96,133,139,117,151,129,84,37,144,51,182,191,128,23871,8004
7759,C:\Data\20260323_MD18-3537\20260324_MD18-3537_S06\MD18-3537_S06_XRF_R1\XRF data\L000106.spe,265,113,742,976,6590,9543,4827,290,1556,1078,107907,525,372,593,231,304,20,1345,1093,273,617,101,39,129,94,156,95,115,237,0,30,152,130,93,201,26089,7966
7761.5,C:\Data\20260323_MD18-3537\20260324_MD18-3537_S06\MD18-3537_S06_XRF_R1\XRF data\L000107.spe,267.5,110,709,998,6517,8964,4544,236,1757,929,106723,379,276,577,201,272,125,1507,1142,213,572,78,63,149,99,140,164,309,87,83,186,54,179,211,186,25268,8088
7764,C:\Data\20260323_MD18-3537\20260324_MD18-3537_S06\MD18-3537_S06_XRF_R1\XRF data\L000108.spe,270,104,707,936,6576,9207,4634,318,1633,1050,105956,413,435,618,214,240,81,1338,1093,361,553,11,108,110,114,172,133,158,102,76,200,53,174,87,239,24999,8792
7766.5,C:\Data\20260323_MD18-3537\20260324_MD18-3537_S06\MD18-3537_S06_XRF_R1\XRF data\L000109.spe,272.5,98,674,949,6378,9369,4599,237,1671,1004,105192,423,397,541,163,263,9,1538,1015,142,670,47,95,107,115,110,44,36,161,65,201,56,199,273,264,23901,8690
7769,C:\Data\20260323_MD18-3537\20260324_MD18-3537_S06\MD18-3537_S06_XRF_R1\XRF data\L000110.spe,275,111,641,1043,6544,9453,4783,241,1627,1036,104336,442,324,514,216,115,205,1656,1113,241,422,31,126,149,123,170,140,276,43,0,154,121,151,149,0,25293,6015
7771.5,C:\Data\20260323_MD18-3537\20260324_MD18-3537_S06\MD18-3537_S06_XRF_R1\XRF data\L000111.spe,277.5,92,679,974,6482,9823,4861,166,1778,1066,103244,445,407,550,162,0,79,1060,1111,218,579,23,68,104,94,144,132,94,294,59,73,84,103,138,109,24506,8204
7774,C:\Data\20260323_MD18-3537\20260324_MD18-3537_S06\MD18-3537_S06_XRF_R1\XRF data\L000112.spe,280,108,717,1001,6271,10667,4634,205,1646,1105,101673,382,350,576,120,166,205,1511,1218,100,623,51,65,70,106,190,95,0,200,49,150,152,308,173,108,23707,8364
7776.5,C:\Data\20260323_MD18-3537\20260324_MD18-3537_S06\MD18-3537_S06_XRF_R1\XRF data\L000113.spe,282.5,104,711,903,6258,10535,4491,299,1687,1135,101170,450,353,560,132,249,61,1312,1210,141,747,32,115,157,110,101,93,48,176,0,44,43,156,68,143,24212,10000
7779,C:\Data\20260323_MD18-3537\20260324_MD18-3537_S06\MD18-3537_S06_XRF_R1\XRF data\L000114.spe,285,118,721,1008,6274,10517,4693,179,1745,1105,100478,393,238,571,165,232,45,1575,1122,234,707,62,101,196,103,101,117,256,91,54,232,110,177,139,245,25451,8798
7781.5,C:\Data\20260323_MD18-3537\20260324_MD18-3537_S06\MD18-3537_S06_XRF_R1\XRF data\L000115.spe,287.5,102,726,984,6094,10954,4741,134,1675,982,98796,513,419,596,182,99,168,1648,1061,89,758,41,115,108,145,121,258,0,368,43,0,140,210,159,55,24000,6961
7784,C:\Data\20260323_MD18-3537\20260324_MD18-3537_S06\MD18-3537_S06_XRF_R1\XRF data\L000116.spe,290,77,754,1073,5483,11142,4307,232,1614,1012,91498,409,389,475,167,228,116,1550,1236,205,784,75,69,92,59,129,51,211,290,29,0,116,138,198,203,24674,9120
7786.5,C:\Data\20260323_MD18-3537\20260324_MD18-3537_S06\MD18-3537_S06_XRF_R1\XRF data\L000117.spe,292.5,90,597,1204,4794,11535,4111,219,1673,927,84352,419,266,531,418,306,0,1204,1205,146,850,66,94,34,130,165,194,75,338,0,0,136,130,190,312,26001,8169
7789,C:\Data\20260323_MD18-3537\20260324_MD18-3537_S06\MD18-3537_S06_XRF_R1\XRF data\L000118.spe,295,110,689,1155,5364,10572,4352,275,1570,1063,84642,392,334,504,199,193,0,1057,1206,149,729,29,69,0,124,234,14,202,161,0,0,45,117,87,244,24884,7561
7791.5,C:\Data\20260323_MD18-3537\20260324_MD18-3537_S06\MD18-3537_S06_XRF_R1\XRF data\L000119.spe,297.5,91,646,1006,6413,9796,4562,276,1712,1114,103677,314,307,550,160,208,66,1095,1094,248,645,68,43,38,126,172,86,246,144,76,136,84,179,215,181,24349,9084
7794,C:\Data\20260323_MD18-3537\20260324_MD18-3537_S06\MD18-3537_S06_XRF_R1\XRF data\L000120.spe,300,105,643,964,6429,11389,4833,178,1554,1206,105799,366,353,556,128,138,231,1522,1077,266,707,26,127,80,161,161,162,0,231,96,211,65,187,167,189,24322,7414
7796.5,C:\Data\20260323_MD18-3537\20260324_MD18-3537_S06\MD18-3537_S06_XRF_R1\XRF data\L000121.spe,302.5,100,699,947,6729,10144,4678,263,1598,1196,108603,283,413,629,45,201,138,1571,1190,126,604,59,79,153,91,132,239,346,99,108,241,11,239,99,203,24248,9062
7799,C:\Data\20260323_MD18-3537\20260324_MD18-3537_S06\MD18-3537_S06_XRF_R1\XRF data\L000122.spe,305,81,730,888,6541,9147,4722,258,1704,1131,109009,356,384,577,206,97,222,1353,1055,136,523,35,39,68,102,182,174,133,202,52,105,51,172,161,0,24678,8675
7801.5,C:\Data\20260323_MD18-3537\20260324_MD18-3537_S06\MD18-3537_S06_XRF_R1\XRF data\L000123.spe,307.5,87,701,867,6159,11837,4631,281,1654,1053,106425,337,307,538,181,258,47,1146,1066,153,405,66,78,136,84,129,165,201,198,57,162,81,150,65,370,24344,8759
7804,C:\Data\20260323_MD18-3537\20260324_MD18-3537_S06\MD18-3537_S06_XRF_R1\XRF data\L000124.spe,310,126,710,885,6365,13784,4621,203,1771,1122,108006,361,357,582,173,142,73,917,1045,297,536,84,161,217,103,139,167,169,65,48,207,98,121,243,150,24683,6948
7806.5,C:\Data\20260323_MD18-3537\20260324_MD18-3537_S06\MD18-3537_S06_XRF_R1\XRF data\L000125.spe,312.5,71,688,889,6253,15430,4742,219,1603,1208,105976,362,331,571,191,354,46,1528,1187,92,480,26,101,98,138,159,168,160,380,60,127,84,157,124,379,23430,10222
7809,C:\Data\20260323_MD18-3537\20260324_MD18-3537_S06\MD18-3537_S06_XRF_R1\XRF data\L000126.spe,315,77,717,935,6203,16022,4706,212,1673,1193,106349,407,356,644,36,54,0,898,1193,330,531,91,137,115,132,172,120,69,224,63,16,70,196,159,320,24188,9430
7811.5,C:\Data\20260323_MD18-3537\20260324_MD18-3537_S06\MD18-3537_S06_XRF_R1\XRF data\L000127.spe,317.5,66,678,913,6116,16906,4660,257,1650,1172,104966,414,338,570,147,278,47,1113,1165,252,441,37,152,114,140,132,193,0,442,60,21,176,210,200,216,24709,6624
7814,C:\Data\20260323_MD18-3537\20260324_MD18-3537_S06\MD18-3537_S06_XRF_R1\XRF data\L000128.spe,320,57,709,908,5966,18031,4450,260,1662,1180,103889,473,378,598,103,158,68,1106,1230,163,455,54,203,203,89,66,7,0,325,0,109,117,223,314,193,24003,6311
7816.5,C:\Data\20260323_MD18-3537\20260324_MD18-3537_S06\MD18-3537_S06_XRF_R1\XRF data\L000129.spe,322.5,99,718,942,5860,19412,4691,227,1629,1135,101148,429,300,574,160,317,0,1222,1295,254,453,61,158,154,155,154,184,0,378,26,66,119,208,151,281,24714,9398
7819,C:\Data\20260323_MD18-3537\20260324_MD18-3537_S06\MD18-3537_S06_XRF_R1\XRF data\L000130.spe,325,79,691,1003,5555,20618,4334,259,1634,1229,98837,414,353,560,183,8,174,346,1273,205,435,115,179,216,64,117,59,119,95,12,0,7,157,122,64,24072,8185
7821.5,C:\Data\20260323_MD18-3537\20260324_MD18-3537_S06\MD18-3537_S06_XRF_R1\XRF data\L000131.spe,327.5,89,724,1036,5520,20835,4365,280,1712,1321,96940,385,370,512,61,203,0,865,1359,173,478,92,178,140,105,139,126,0,325,0,104,132,213,160,293,23664,6996
7824,C:\Data\20260323_MD18-3537\20260324_MD18-3537_S06\MD18-3537_S06_XRF_R1\XRF data\L000132.spe,330,80,674,917,5571,20072,4726,194,1610,1453,98377,483,494,585,224,128,64,1491,1430,204,540,95,161,67,115,147,114,0,424,0,0,111,39,170,0,24808,10576
7826.5,C:\Data\20260323_MD18-3537\20260324_MD18-3537_S06\MD18-3537_S06_XRF_R1\XRF data\L000133.spe,332.5,95,731,993,6085,17859,4575,279,1574,1627,102815,314,304,519,252,297,10,1565,1255,161,539,62,191,87,153,138,0,0,114,95,115,12,81,125,113,23618,5920
7829,C:\Data\20260323_MD18-3537\20260324_MD18-3537_S06\MD18-3537_S06_XRF_R1\XRF data\L000134.spe,335,83,678,976,6327,15725,4644,217,1667,1534,107061,381,327,631,258,128,72,1745,1302,69,483,78,153,178,129,112,124,177,225,89,143,111,125,235,102,24713,9206
7831.5,C:\Data\20260323_MD18-3537\20260324_MD18-3537_S06\MD18-3537_S06_XRF_R1\XRF data\L000135.spe,337.5,84,708,893,6529,14071,4785,285,1653,1531,111399,481,460,637,108,170,91,1531,1178,133,577,45,145,130,135,111,44,0,518,52,0,148,176,98,193,25347,8427
7834,C:\Data\20260323_MD18-3537\20260324_MD18-3537_S06\MD18-3537_S06_XRF_R1\XRF data\L000136.spe,340,115,722,904,6371,14018,4828,296,1635,1562,109862,522,368,625,219,190,27,1600,1157,139,439,86,126,75,107,166,154,0,434,0,53,130,208,45,254,24501,7550
7836.5,C:\Data\20260323_MD18-3537\20260324_MD18-3537_S06\MD18-3537_S06_XRF_R1\XRF data\L000137.spe,342.5,88,687,906,6565,15624,5139,251,1658,1428,109308,484,470,574,153,152,95,1058,1173,206,545,43,126,51,148,197,131,0,461,28,0,140,77,35,106,24353,7479
7839,C:\Data\20260323_MD18-3537\20260324_MD18-3537_S06\MD18-3537_S06_XRF_R1\XRF data\L000138.spe,345,123,805,797,6839,14838,4825,183,1673,1297,109681,380,282,538,135,257,150,1331,1140,172,464,65,166,225,160,123,76,210,260,37,37,82,181,33,155,23917,8352
7841.5,C:\Data\20260323_MD18-3537\20260324_MD18-3537_S06\MD18-3537_S06_XRF_R1\XRF data\L000139.spe,347.5,83,818,819,6624,13789,4822,225,1617,1385,109212,373,391,579,35,49,205,1551,1138,109,619,48,104,221,147,93,8,136,168,59,30,49,276,126,29,24128,7700
7844,C:\Data\20260323_MD18-3537\20260324_MD18-3537_S06\MD18-3537_S06_XRF_R1\XRF data\L000140.spe,350,94,729,829,6702,14255,4920,156,1689,1367,111478,411,293,561,242,271,84,1575,1068,131,536,31,127,77,105,181,82,0,328,56,15,138,37,80,186,24012,6349
7846.5,C:\Data\20260323_MD18-3537\20260324_MD18-3537_S06\MD18-3537_S06_XRF_R1\XRF data\L000141.spe,352.5,77,756,832,6582,15184,4675,309,1734,1460,111720,422,398,545,128,142,157,1266,1187,223,462,70,170,174,98,125,88,0,281,69,150,145,115,255,122,24652,6552
7849,C:\Data\20260323_MD18-3537\20260324_MD18-3537_S06\MD18-3537_S06_XRF_R1\XRF data\L000142.spe,355,107,754,873,6236,16933,4909,276,1652,1508,108865,474,320,598,160,293,91,1739,1237,140,530,50,186,109,94,151,10,0,349,25,111,192,152,88,287,25456,8435
7851.5,C:\Data\20260323_MD18-3537\20260324_MD18-3537_S06\MD18-3537_S06_XRF_R1\XRF data\L000143.spe,357.5,73,800,858,5625,19562,4612,202,1650,1272,103666,372,310,555,178,175,60,879,1273,252,473,40,156,168,130,91,51,0,235,45,130,63,138,174,317,24938,7146
7854,C:\Data\20260323_MD18-3537\20260324_MD18-3537_S06\MD18-3537_S06_XRF_R1\XRF data\L000144.spe,360,117,763,961,5027,21886,4575,225,1582,1219,92136,396,355,516,129,145,0,877,1231,156,569,125,229,96,106,135,101,101,107,31,94,35,157,261,235,24021,8086
7856.5,C:\Data\20260323_MD18-3537\20260324_MD18-3537_S06\MD18-3537_S06_XRF_R1\XRF data\L000145.spe,362.5,73,766,934,4700,23789,4301,204,1602,1033,85904,482,358,523,115,258,0,1143,1364,69,572,33,190,67,88,128,166,0,334,0,0,116,118,0,427,24085,8080
7859,C:\Data\20260323_MD18-3537\20260324_MD18-3537_S06\MD18-3537_S06_XRF_R1\XRF data\L000146.spe,365,64,816,800,5366,18402,4447,253,1619,1045,92368,403,349,454,246,353,30,1095,1316,181,440,57,136,43,116,122,51,0,399,0,0,107,136,199,471,23294,7384
7861.5,C:\Data\20260323_MD18-3537\20260324_MD18-3537_S06\MD18-3537_S06_XRF_R1\XRF data\L000147.spe,367.5,118,788,921,5926,12344,4434,151,1651,1202,103357,510,355,594,146,172,19,891,1201,185,554,56,106,152,161,150,98,0,411,0,6,165,250,64,279,24753,8120
7864,C:\Data\20260323_MD18-3537\20260324_MD18-3537_S06\MD18-3537_S06_XRF_R1\XRF data\L000148.spe,370,83,803,883,6245,10881,4463,262,1772,1107,109842,497,416,569,220,241,89,1255,1306,78,483,44,118,193,155,56,153,0,699,31,0,199,182,132,203,24523,8309
7866.5,C:\Data\20260323_MD18-3537\20260324_MD18-3537_S06\MD18-3537_S06_XRF_R1\XRF data\L000149.spe,372.5,84,700,929,6422,10312,4810,283,1634,1022,113182,505,407,637,149,159,68,1193,978,110,633,68,76,94,111,149,173,0,401,13,136,96,211,274,224,23223,7798
7869,C:\Data\20260323_MD18-3537\20260324_MD18-3537_S06\MD18-3537_S06_XRF_R1\XRF data\L000150.spe,375,117,658,971,6334,10575,4681,241,1597,992,110921,403,421,647,209,319,0,1274,1084,159,479,48,71,135,90,118,224,0,215,36,140,32,161,126,318,23728,7713
7871.5,C:\Data\20260323_MD18-3537\20260324_MD18-3537_S06\MD18-3537_S06_XRF_R1\XRF data\L000151.spe,377.5,127,700,816,6367,10749,4575,279,1739,1045,110967,508,445,588,93,252,170,1778,1129,93,455,47,65,160,104,92,135,0,501,8,10,164,199,98,59,24470,7684
7874,C:\Data\20260323_MD18-3537\20260324_MD18-3537_S06\MD18-3537_S06_XRF_R1\XRF data\L000152.spe,380,82,696,900,6401,11642,4759,177,1662,951,110023,463,358,515,147,134,112,1358,1029,251,549,26,51,171,122,72,103,0,251,49,251,45,168,152,106,24349,8334
7876.5,C:\Data\20260323_MD18-3537\20260324_MD18-3537_S06\MD18-3537_S06_XRF_R1\XRF data\L000153.spe,382.5,90,652,950,6018,11780,4749,248,1625,965,109234,485,380,557,90,147,101,1173,1062,240,558,64,157,118,94,158,205,70,311,25,95,168,176,72,148,24726,8663
7879,C:\Data\20260323_MD18-3537\20260324_MD18-3537_S06\MD18-3537_S06_XRF_R1\XRF data\L000154.spe,385,101,634,922,6079,11653,4616,237,1555,1267,106317,451,375,543,271,169,115,1699,1087,112,523,39,105,105,93,140,0,0,406,57,0,90,39,94,42,24546,7284
7881.5,C:\Data\20260323_MD18-3537\20260324_MD18-3537_S06\MD18-3537_S06_XRF_R1\XRF data\L000155.spe,387.5,81,679,1123,5701,12441,4551,257,1641,1119,107451,431,366,506,106,346,33,1981,1021,45,551,46,141,203,122,92,70,0,232,39,134,108,200,128,324,24300,8166
7884,C:\Data\20260323_MD18-3537\20260324_MD18-3537_S06\MD18-3537_S06_XRF_R1\XRF data\L000156.spe,390,126,643,1087,5608,12652,4634,220,1695,1298,106330,489,469,572,200,332,0,1432,1030,82,478,19,96,85,131,156,148,0,424,9,86,107,112,156,246,24665,8686
7886.5,C:\Data\20260323_MD18-3537\20260324_MD18-3537_S06\MD18-3537_S06_XRF_R1\XRF data\L000157.spe,392.5,82,658,1099,6017,12940,4521,238,1682,1134,107392,402,375,552,109,65,162,1207,961,171,575,50,119,160,132,141,106,0,219,94,168,94,209,105,54,23996,7219
7889,C:\Data\20260323_MD18-3537\20260324_MD18-3537_S06\MD18-3537_S06_XRF_R1\XRF data\L000158.spe,395,45,624,1020,5928,12829,4790,179,1634,1228,106564,418,392,631,97,173,15,1923,1040,84,390,41,151,0,145,196,119,0,557,80,0,152,244,139,225,23692,7008
7891.5,C:\Data\20260323_MD18-3537\20260324_MD18-3537_S06\MD18-3537_S06_XRF_R1\XRF data\L000159.spe,397.5,90,662,1029,5865,12792,4667,244,1628,1248,104978,462,375,557,151,281,95,1080,1110,294,522,37,80,44,118,128,111,0,399,17,92,182,235,91,199,24039,6782
7894,C:\Data\20260323_MD18-3537\20260324_MD18-3537_S06\MD18-3537_S06_XRF_R1\XRF data\L000160.spe,400,60,654,1068,5750,13735,4408,265,1613,1280,104636,436,405,566,37,130,0,1464,1143,240,499,44,89,151,122,108,84,0,514,32,189,105,258,110,280,24796,8269
7896.5,C:\Data\20260323_MD18-3537\20260324_MD18-3537_S06\MD18-3537_S06_XRF_R1\XRF data\L000161.spe,402.5,112,653,1029,5956,13153,4604,265,1602,1320,107880,406,427,537,146,29,114,1059,1068,196,465,98,165,176,120,112,140,0,200,15,191,73,173,184,252,25087,8030
7899,C:\Data\20260323_MD18-3537\20260324_MD18-3537_S06\MD18-3537_S06_XRF_R1\XRF data\L000162.spe,405,70,691,1021,6199,13136,4660,211,1542,1300,106187,368,231,546,161,96,166,1227,1017,137,578,43,101,142,119,134,104,27,183,33,205,59,238,118,180,23894,6884
7901.5,C:\Data\20260323_MD18-3537\20260324_MD18-3537_S06\MD18-3537_S06_XRF_R1\XRF data\L000163.spe,407.5,115,676,987,6573,12130,4685,239,1636,1403,108679,452,332,642,270,163,144,1992,1043,20,458,77,94,201,101,107,170,31,265,0,71,104,133,161,84,25252,8970
7904,C:\Data\20260323_MD18-3537\20260324_MD18-3537_S06\MD18-3537_S06_XRF_R1\XRF data\L000164.spe,410,50,738,901,6568,11858,4638,228,1706,1374,108593,466,479,639,217,363,0,1567,1007,187,466,45,110,168,147,115,41,0,656,24,0,121,148,121,299,25486,7586
7906.5,C:\Data\20260323_MD18-3537\20260324_MD18-3537_S06\MD18-3537_S06_XRF_R1\XRF data\L000165.spe,412.5,113,692,961,6581,12579,4717,190,1509,1300,108778,516,299,573,207,461,59,1558,1030,172,514,76,96,166,143,105,116,0,334,0,132,192,108,145,367,24374,8434
7909,C:\Data\20260323_MD18-3537\20260324_MD18-3537_S06\MD18-3537_S06_XRF_R1\XRF data\L000166.spe,415,117,662,965,6456,11960,4711,252,1659,1285,107225,506,410,566,126,263,0,1886,1002,0,583,7,88,133,115,134,149,0,514,42,127,165,132,161,349,24377,8536
7911.5,C:\Data\20260323_MD18-3537\20260324_MD18-3537_S06\MD18-3537_S06_XRF_R1\XRF data\L000167.spe,417.5,87,732,994,6337,12862,4680,230,1584,1391,106513,478,434,595,85,322,42,1168,1075,161,502,104,88,170,120,104,89,0,303,0,11,53,256,268,157,24179,5756
7914,C:\Data\20260323_MD18-3537\20260324_MD18-3537_S06\MD18-3537_S06_XRF_R1\XRF data\L000168.spe,420,75,680,888,6395,11951,4830,310,1590,1371,108054,501,463,683,138,281,10,1902,1128,102,508,77,98,81,115,132,38,0,441,0,80,142,144,112,271,25222,7366
7916.5,C:\Data\20260323_MD18-3537\20260324_MD18-3537_S06\MD18-3537_S06_XRF_R1\XRF data\L000169.spe,422.5,74,653,948,6644,10006,4622,236,1663,1278,110118,406,453,578,38,54,166,1850,1073,108,480,73,91,243,96,79,212,0,324,42,195,101,211,68,20,24743,5971
7919,C:\Data\20260323_MD18-3537\20260324_MD18-3537_S06\MD18-3537_S06_XRF_R1\XRF data\L000170.spe,425,98,664,963,6828,9208,4587,345,1609,1529,114298,487,360,585,109,111,129,1691,971,80,483,39,41,125,156,166,47,0,366,26,140,177,93,157,187,24589,8074
7921.5,C:\Data\20260323_MD18-3537\20260324_MD18-3537_S06\MD18-3537_S06_XRF_R1\XRF data\L000171.spe,427.5,76,571,965,6297,10975,4618,219,1673,1339,112624,501,383,599,161,95,187,1435,969,105,464,53,113,225,105,58,79,0,542,8,0,174,171,164,70,24301,6595
7924,C:\Data\20260323_MD18-3537\20260324_MD18-3537_S06\MD18-3537_S06_XRF_R1\XRF data\L000172.spe,430,117,631,1060,6248,10511,4687,295,1618,1102,110863,480,445,588,265,219,20,1881,1020,0,458,115,83,122,102,130,50,0,524,78,11,134,159,231,239,24178,8191
7926.5,C:\Data\20260323_MD18-3537\20260324_MD18-3537_S06\MD18-3537_S06_XRF_R1\XRF data\L000173.spe,432.5,109,663,916,6442,9057,4567,234,1580,1018,110072,481,405,584,206,313,69,1405,1027,203,471,7,71,119,174,114,176,0,534,56,131,114,194,71,234,24166,7722
7929,C:\Data\20260323_MD18-3537\20260324_MD18-3537_S06\MD18-3537_S06_XRF_R1\XRF data\L000174.spe,435,82,705,953,7096,7396,4906,278,1595,969,116020,480,389,696,147,371,99,1515,1045,107,483,34,38,163,144,84,130,0,345,8,111,117,221,178,226,24430,8602
7931.5,C:\Data\20260323_MD18-3537\20260324_MD18-3537_S06\MD18-3537_S06_XRF_R1\XRF data\L000175.spe,437.5,103,680,958,7156,7533,5025,310,1743,1001,116710,463,383,657,209,5,253,1520,1027,178,590,24,38,94,103,158,221,0,530,50,196,151,198,130,0,24532,7507
7934,C:\Data\20260323_MD18-3537\20260324_MD18-3537_S06\MD18-3537_S06_XRF_R1\XRF data\L000176.spe,440,95,708,988,6723,8333,4950,268,1646,1061,114007,497,369,646,234,314,0,1586,1020,144,464,93,51,176,142,103,100,0,511,65,127,175,168,247,407,24456,6835
7936.5,C:\Data\20260323_MD18-3537\20260324_MD18-3537_S06\MD18-3537_S06_XRF_R1\XRF data\L000177.spe,442.5,84,696,1006,6452,8658,5056,266,1625,905,109548,526,317,667,108,0,179,1060,1015,219,716,46,77,112,116,126,184,0,426,0,234,160,170,81,0,25707,7756
7939,C:\Data\20260323_MD18-3537\20260324_MD18-3537_S06\MD18-3537_S06_XRF_R1\XRF data\L000178.spe,445,83,683,1035,6038,9352,4575,285,1654,982,102066,543,363,597,55,231,0,1294,1040,241,604,70,75,95,105,106,82,0,517,0,87,159,263,108,181,25803,7051
7941.5,C:\Data\20260323_MD18-3537\20260324_MD18-3537_S06\MD18-3537_S06_XRF_R1\XRF data\L000179.spe,447.5,67,704,1043,5350,10248,4513,199,1682,857,93050,445,350,561,157,336,0,698,1058,207,678,72,76,106,121,124,127,0,455,0,0,114,166,159,262,24328,9459
7944,C:\Data\20260323_MD18-3537\20260324_MD18-3537_S06\MD18-3537_S06_XRF_R1\XRF data\L000180.spe,450,78,684,1056,5266,10409,4214,239,1598,933,91858,587,456,551,143,104,120,1055,1342,117,676,48,72,29,92,168,68,0,682,0,0,185,191,58,20,26080,6520
7946.5,C:\Data\20260323_MD18-3537\20260324_MD18-3537_S06\MD18-3537_S06_XRF_R1\XRF data\L000181.spe,452.5,70,685,1292,3859,11688,3577,220,1877,886,81090,490,433,412,265,45,76,662,1381,139,683,0,118,74,146,110,96,0,498,0,0,103,86,191,102,26448,6617
7949,C:\Data\20260323_MD18-3537\20260324_MD18-3537_S06\MD18-3537_S06_XRF_R1\XRF data\L000182.spe,455,48,549,1344,3413,11111,3143,121,1612,899,76414,540,452,328,305,352,0,711,1376,22,406,0,82,0,108,166,52,0,677,0,0,158,82,42,432,25061,7668
7951.5,C:\Data\20260323_MD18-3537\20260324_MD18-3537_S06\MD18-3537_S06_XRF_R1\XRF data\L000183.spe,457.5,59,667,1314,3406,13205,3052,204,1665,961,77973,489,289,385,249,206,197,1143,1456,73,344,0,107,0,106,111,108,0,613,0,4,164,151,284,83,24812,7896
7954,C:\Data\20260323_MD18-3537\20260324_MD18-3537_S06\MD18-3537_S06_XRF_R1\XRF data\L000184.spe,460,80,714,1055,4352,11972,3794,257,1593,995,90382,589,464,423,123,182,0,945,1335,111,660,0,104,0,105,160,180,0,749,0,0,230,215,129,313,23611,7528
7956.5,C:\Data\20260323_MD18-3537\20260324_MD18-3537_S06\MD18-3537_S06_XRF_R1\XRF data\L000185.spe,462.5,114,738,905,6575,7699,4691,263,1615,1119,111383,458,310,604,169,85,108,1157,1063,188,327,47,95,177,114,102,122,0,392,9,197,114,134,192,141,25202,6132
7959,C:\Data\20260323_MD18-3537\20260324_MD18-3537_S06\MD18-3537_S06_XRF_R1\XRF data\L000186.spe,465,82,721,903,6500,6908,4878,264,1625,1020,114059,393,341,553,0,319,74,2272,963,46,424,111,28,98,104,130,139,0,366,48,127,85,336,143,323,23733,7201
7961.5,C:\Data\20260323_MD18-3537\20260324_MD18-3537_S06\MD18-3537_S06_XRF_R1\XRF data\L000187.spe,467.5,133,733,872,6700,7435,4905,348,1617,999,114107,551,346,667,302,249,85,1791,941,28,493,59,66,75,140,124,117,0,630,28,108,162,91,176,213,23860,7422
7964,C:\Data\20260323_MD18-3537\20260324_MD18-3537_S06\MD18-3537_S06_XRF_R1\XRF data\L000188.spe,470,97,743,912,6375,8382,4851,232,1533,1020,111985,654,418,656,350,216,0,1844,911,138,448,43,81,131,108,117,40,0,642,13,160,229,135,214,280,25732,8492
7966.5,C:\Data\20260323_MD18-3537\20260324_MD18-3537_S06\MD18-3537_S06_XRF_R1\XRF data\L000189.spe,472.5,89,701,886,6185,9249,4834,178,1693,916,108285,525,451,551,90,320,6,2332,1053,0,401,62,67,102,173,120,116,0,658,29,103,144,244,31,351,25479,7706
7969,C:\Data\20260323_MD18-3537\20260324_MD18-3537_S06\MD18-3537_S06_XRF_R1\XRF data\L000190.spe,475,99,748,877,6063,9541,4687,244,1749,892,106389,602,408,587,140,257,0,1715,1070,137,530,4,64,56,117,162,225,0,678,0,18,194,168,42,408,24873,8248
7971.5,C:\Data\20260323_MD18-3537\20260324_MD18-3537_S06\MD18-3537_S06_XRF_R1\XRF data\L000191.spe,477.5,94,732,895,6076,9550,4721,223,1600,1030,106177,544,445,594,169,110,77,1482,1033,103,556,98,68,87,128,115,58,0,410,0,43,151,64,118,71,24503,8057
7974,C:\Data\20260323_MD18-3537\20260324_MD18-3537_S06\MD18-3537_S06_XRF_R1\XRF data\L000192.spe,480,80,734,880,5856,9700,4635,172,1660,1010,104762,521,487,519,47,309,26,2092,1060,59,576,48,26,74,155,153,57,0,707,0,36,189,217,0,201,25494,8421
7976.5,C:\Data\20260323_MD18-3537\20260324_MD18-3537_S06\MD18-3537_S06_XRF_R1\XRF data\L000193.spe,482.5,74,714,837,5998,9943,4698,166,1622,1011,104326,468,413,618,177,372,0,1604,1083,134,531,79,81,95,142,196,93,0,466,34,0,150,112,123,377,24222,7062
7979,C:\Data\20260323_MD18-3537\20260324_MD18-3537_S06\MD18-3537_S06_XRF_R1\XRF data\L000194.spe,485,64,790,888,6267,10556,4516,233,1605,1177,105687,536,419,559,88,369,0,1286,1061,92,537,29,55,94,161,140,0,0,673,0,0,254,202,31,293,25196,7836
7981.5,C:\Data\20260323_MD18-3537\20260324_MD18-3537_S06\MD18-3537_S06_XRF_R1\XRF data\L000195.spe,487.5,115,720,804,6099,10701,4592,312,1760,1112,105757,466,416,626,97,264,37,1361,1015,189,511,31,92,133,100,92,87,0,506,8,89,61,192,99,329,24730,5121
7984,C:\Data\20260323_MD18-3537\20260324_MD18-3537_S06\MD18-3537_S06_XRF_R1\XRF data\L000196.spe,490,80,741,855,5799,11185,4381,299,1650,1061,100177,576,413,571,170,325,0,1307,1150,240,482,78,78,82,137,124,92,0,647,0,13,226,181,182,487,25584,7745
7986.5,C:\Data\20260323_MD18-3537\20260324_MD18-3537_S06\MD18-3537_S06_XRF_R1\XRF data\L000197.spe,492.5,118,729,895,5913,11035,4474,299,1608,1044,100010,545,466,582,31,9,36,1828,1141,163,474,7,67,28,104,149,79,0,603,0,27,87,121,173,103,25939,8099
7989,C:\Data\20260323_MD18-3537\20260324_MD18-3537_S06\MD18-3537_S06_XRF_R1\XRF data\L000198.spe,495,94,664,896,5726,11190,4513,300,1703,1049,99318,491,319,534,134,365,0,1298,1050,112,559,15,97,97,97,70,136,0,309,0,112,149,202,119,400,24844,5605
7991.5,C:\Data\20260323_MD18-3537\20260324_MD18-3537_S06\MD18-3537_S06_XRF_R1\XRF data\L000199.spe,497.5,73,706,1035,5368,11116,4461,144,1611,1084,96939,511,347,517,157,375,0,1750,1038,124,683,24,101,134,104,101,137,0,536,0,0,45,150,159,244,23790,6939
7994,C:\Data\20260323_MD18-3537\20260324_MD18-3537_S06\MD18-3537_S06_XRF_R1\XRF data\L000200.spe,500,96,745,966,5334,11707,4495,186,1694,1165,95179,505,310,607,122,427,0,1070,1080,125,572,4,109,100,123,101,37,0,553,0,0,201,186,15,266,24859,8059
7996.5,C:\Data\20260323_MD18-3537\20260324_MD18-3537_S06\MD18-3537_S06_XRF_R1\XRF data\L000201.spe,502.5,60,662,1042,5387,11551,4523,255,1704,1161,95046,566,512,521,59,191,0,1706,1135,42,659,16,83,51,132,138,41,0,711,0,0,176,135,44,200,25273,8222
7999,C:\Data\20260323_MD18-3537\20260324_MD18-3537_S06\MD18-3537_S06_XRF_R1\XRF data\L000202.spe,505,96,685,1045,5285,12167,4175,173,1700,1117,92732,545,425,606,69,183,239,1583,1247,83,629,25,88,96,92,144,86,0,380,0,0,98,178,0,0,25275,7272
8001.5,C:\Data\20260323_MD18-3537\20260324_MD18-3537_S06\MD18-3537_S06_XRF_R1\XRF data\L000203.spe,507.5,78,669,1141,4834,12076,4309,272,1689,1034,87396,629,494,615,177,147,63,1037,1134,162,702,22,118,25,133,162,142,0,614,0,0,189,216,205,289,25382,8071
8004,C:\Data\20260323_MD18-3537\20260324_MD18-3537_S06\MD18-3537_S06_XRF_R1\XRF data\L000204.spe,510,83,662,1105,5117,10121,4200,212,1634,1021,89401,496,339,485,86,306,0,1340,1245,91,724,0,67,19,97,137,93,0,495,0,12,131,206,78,355,24738,7757
8006.5,C:\Data\20260323_MD18-3537\20260324_MD18-3537_S06\MD18-3537_S06_XRF_R1\XRF data\L000205.spe,512.5,91,779,998,6665,6263,4936,243,1588,1078,105246,553,358,569,77,157,68,949,1108,180,760,36,62,97,93,166,30,0,709,0,0,187,113,176,237,25109,6205
8009,C:\Data\20260323_MD18-3537\20260324_MD18-3537_S06\MD18-3537_S06_XRF_R1\XRF data\L000206.spe,515,65,713,907,6343,6452,4855,265,1770,960,109792,493,327,621,244,187,227,2290,923,11,493,52,42,76,87,144,122,0,526,42,106,147,156,89,66,25950,6654
8014,C:\Data\20260323_MD18-3537\20260324_MD18-3537_S06\MD18-3537_S06_XRF_R1\XRF data\L000208.spe,520,83,705,958,6727,5149,5011,261,1653,867,117765,511,432,663,147,88,244,1776,951,142,526,82,13,27,105,201,224,0,577,10,26,124,141,40,7,25373,6353
8016.5,C:\Data\20260323_MD18-3537\20260324_MD18-3537_S06\MD18-3537_S06_XRF_R1\XRF data\L000209.spe,522.5,91,737,1037,6255,6762,4792,293,1748,851,114224,562,374,583,326,92,122,1599,912,161,515,74,57,142,102,118,177,0,443,0,202,185,65,120,78,25733,8972
8019,C:\Data\20260323_MD18-3537\20260324_MD18-3537_S06\MD18-3537_S06_XRF_R1\XRF data\L000210.spe,525,93,618,1182,5734,7899,4955,243,1761,994,110369,502,490,650,174,379,0,1744,1004,125,539,53,38,38,136,189,88,0,669,27,0,63,184,126,356,24885,9213
8021.5,C:\Data\20260323_MD18-3537\20260324_MD18-3537_S06\MD18-3537_S06_XRF_R1\XRF data\L000211.spe,527.5,83,628,1157,5639,8264,4600,244,1584,983,107192,569,410,552,81,243,0,1742,1097,63,614,62,55,133,159,94,0,0,669,0,110,212,258,144,266,24789,7533
8024,C:\Data\20260323_MD18-3537\20260324_MD18-3537_S06\MD18-3537_S06_XRF_R1\XRF data\L000212.spe,530,82,662,1113,5600,8503,4577,260,1792,743,104058,538,346,550,135,0,199,1150,987,238,667,0,52,140,144,79,136,0,620,0,9,121,210,43,0,26209,7129
8026.5,C:\Data\20260323_MD18-3537\20260324_MD18-3537_S06\MD18-3537_S06_XRF_R1\XRF data\L000213.spe,532.5,84,618,1139,5562,8715,4596,216,1783,893,102969,508,371,608,237,340,0,1619,1137,101,699,66,46,87,114,146,88,0,431,16,114,100,144,169,389,24967,7869
8029,C:\Data\20260323_MD18-3537\20260324_MD18-3537_S06\MD18-3537_S06_XRF_R1\XRF data\L000214.spe,535,75,691,1128,5614,9083,4542,300,1686,812,103135,526,389,644,153,165,12,1913,1078,41,687,23,10,33,121,194,122,0,520,0,49,148,135,50,109,25376,6797
8031.5,C:\Data\20260323_MD18-3537\20260324_MD18-3537_S06\MD18-3537_S06_XRF_R1\XRF data\L000215.spe,537.5,88,744,1091,5589,9038,4592,212,1695,818,103334,554,400,525,132,138,107,1868,1109,96,588,0,62,124,117,101,112,0,565,0,88,165,139,0,106,25938,6385
8036.5,C:\Data\20260323_MD18-3537\20260324_MD18-3537_S06\MD18-3537_S06_XRF_R1\XRF data\L000217.spe,542.5,60,635,1153,5499,10027,4723,223,1617,1060,102322,507,317,595,210,199,92,1777,1084,136,662,20,59,86,117,159,96,0,566,0,62,199,76,116,15,24647,5717
8039,C:\Data\20260323_MD18-3537\20260324_MD18-3537_S06\MD18-3537_S06_XRF_R1\XRF data\L000218.spe,545,95,647,1013,5504,11301,4529,264,1675,1164,98419,454,517,559,126,155,116,1245,1135,160,721,60,51,111,99,152,142,10,489,18,0,86,168,149,65,25022,8692
8041.5,C:\Data\20260323_MD18-3537\20260324_MD18-3537_S06\MD18-3537_S06_XRF_R1\XRF data\L000219.spe,547.5,70,661,907,6664,10967,4607,235,1715,1127,111096,514,377,617,76,216,98,1681,1063,86,565,0,82,110,129,130,124,0,447,0,215,150,197,30,276,25209,6921
8044,C:\Data\20260323_MD18-3537\20260324_MD18-3537_S06\MD18-3537_S06_XRF_R1\XRF data\L000220.spe,550,82,713,957,6505,13131,4814,302,1580,1260,110772,492,461,603,136,163,211,1474,1124,117,500,62,118,183,132,116,135,0,445,10,0,96,193,140,99,24076,7002
8046.5,C:\Data\20260323_MD18-3537\20260324_MD18-3537_S06\MD18-3537_S06_XRF_R1\XRF data\L000221.spe,552.5,101,744,919,6510,14539,4789,243,1668,1323,108171,430,320,575,257,197,262,744,1150,326,493,12,122,119,125,121,127,0,392,30,187,169,90,56,96,25007,7823
8049,C:\Data\20260323_MD18-3537\20260324_MD18-3537_S06\MD18-3537_S06_XRF_R1\XRF data\L000222.spe,555,92,744,911,6378,14902,4707,298,1623,1363,104651,502,496,616,73,159,94,1563,1206,145,360,101,149,80,113,157,123,0,669,0,0,133,230,63,41,24278,8430
8051.5,C:\Data\20260323_MD18-3537\20260324_MD18-3537_S06\MD18-3537_S06_XRF_R1\XRF data\L000223.spe,557.5,67,765,977,5863,16308,4700,237,1534,1427,99062,529,406,622,156,225,126,1339,1179,70,441,29,133,85,93,151,0,0,646,43,0,179,169,26,115,24046,8001
8054,C:\Data\20260323_MD18-3537\20260324_MD18-3537_S06\MD18-3537_S06_XRF_R1\XRF data\L000224.spe,560,85,675,968,5823,16798,4477,315,1646,1306,94151,521,353,585,133,168,35,1285,1377,211,503,46,154,87,110,131,156,0,519,0,186,178,132,111,122,25283,7811
8056.5,C:\Data\20260323_MD18-3537\20260324_MD18-3537_S06\MD18-3537_S06_XRF_R1\XRF data\L000225.spe,562.5,106,707,920,5605,16658,4411,231,1555,1461,92946,488,372,602,355,293,0,1429,1254,82,543,0,107,50,113,172,115,0,594,13,157,143,19,218,263,24639,6876
8059,C:\Data\20260323_MD18-3537\20260324_MD18-3537_S06\MD18-3537_S06_XRF_R1\XRF data\L000226.spe,565,77,736,884,6242,13311,4471,264,1645,1570,102513,499,355,614,192,213,98,1225,1232,179,475,37,125,232,107,54,44,0,590,0,0,143,186,121,180,24920,8830
8061.5,C:\Data\20260323_MD18-3537\20260324_MD18-3537_S06\MD18-3537_S06_XRF_R1\XRF data\L000227.spe,567.5,101,699,864,6493,14703,4532,262,1722,1515,108744,493,386,697,257,152,18,1251,1066,101,544,53,94,165,155,92,6,0,469,60,122,121,118,190,262,24354,6754
8064,C:\Data\20260323_MD18-3537\20260324_MD18-3537_S06\MD18-3537_S06_XRF_R1\XRF data\L000228.spe,570,66,712,830,6374,16253,4800,276,1576,1358,108374,511,390,678,89,141,60,2077,1183,136,357,13,137,13,117,210,192,0,509,0,186,98,171,112,291,25252,8800
8069,C:\Data\20260323_MD18-3537\20260324_MD18-3537_S06\MD18-3537_S06_XRF_R1\XRF data\L000230.spe,575,92,742,888,6219,18857,4728,296,1496,1435,104257,696,453,642,194,115,0,1644,1208,26,392,0,161,45,120,177,12,0,849,0,16,257,95,117,259,25268,8378
8071.5,C:\Data\20260323_MD18-3537\20260324_MD18-3537_S06\MD18-3537_S06_XRF_R1\XRF data\L000231.spe,577.5,124,679,964,5895,18865,4494,267,1612,1352,101313,554,302,537,165,38,62,1141,1343,90,346,31,167,167,100,108,60,0,430,0,58,134,107,20,88,24571,8453
8074,C:\Data\20260323_MD18-3537\20260324_MD18-3537_S06\MD18-3537_S06_XRF_R1\XRF data\L000232.spe,580,82,677,993,5726,18555,4524,185,1636,1396,99097,537,358,622,76,225,0,1313,1239,103,446,12,174,129,127,115,0,0,493,40,0,123,120,111,319,24475,7330
8076.5,C:\Data\20260323_MD18-3537\20260324_MD18-3537_S06\MD18-3537_S06_XRF_R1\XRF data\L000233.spe,582.5,48,625,966,5755,15721,4620,172,1595,1220,98934,528,409,504,238,208,99,1253,1200,76,500,48,137,151,76,75,87,0,442,0,238,165,76,149,48,23579,5595
8084,C:\Data\20260323_MD18-3537\20260324_MD18-3537_S06\MD18-3537_S06_XRF_R1\XRF data\L000236.spe,590,87,679,890,6457,9629,4551,347,1734,1222,112023,506,422,599,180,257,122,1937,996,0,541,61,69,212,139,75,30,0,454,0,58,156,148,61,129,23324,5669
8086.5,C:\Data\20260323_MD18-3537\20260324_MD18-3537_S06\MD18-3537_S06_XRF_R1\XRF data\L000237.spe,592.5,88,723,968,6529,10596,4771,340,1639,1145,111886,543,372,611,250,437,13,1487,989,78,533,93,80,118,123,137,122,0,596,44,168,239,135,185,286,25131,7061
8089,C:\Data\20260323_MD18-3537\20260324_MD18-3537_S06\MD18-3537_S06_XRF_R1\XRF data\L000238.spe,595,89,719,985,6752,9805,4989,283,1804,1063,115263,511,432,626,116,384,0,1895,1015,51,478,42,103,99,130,171,287,0,694,57,0,187,137,117,185,25143,8406
8091.5,C:\Data\20260323_MD18-3537\20260324_MD18-3537_S06\MD18-3537_S06_XRF_R1\XRF data\L000239.spe,597.5,106,637,970,6201,10485,4874,297,1683,1035,110022,507,409,629,98,173,238,1569,1091,246,371,35,84,74,127,176,124,0,716,36,22,154,193,88,0,25621,7703
8094,C:\Data\20260323_MD18-3537\20260324_MD18-3537_S06\MD18-3537_S06_XRF_R1\XRF data\L000240.spe,600,87,718,897,6517,7276,4911,294,1665,832,114981,504,381,658,84,258,66,1525,1003,180,567,94,29,99,149,95,216,0,506,0,113,135,231,163,149,25125,7960
8096.5,C:\Data\20260323_MD18-3537\20260324_MD18-3537_S06\MD18-3537_S06_XRF_R1\XRF data\L000241.spe,602.5,129,745,844,6985,6731,4974,291,1738,888,119396,452,311,570,139,0,186,1944,953,193,555,28,31,168,149,98,99,0,449,56,224,134,142,118,0,25235,5867
8099,C:\Data\20260323_MD18-3537\20260324_MD18-3537_S06\MD18-3537_S06_XRF_R1\XRF data\L000242.spe,605,134,718,865,6848,6994,4818,248,1853,964,112732,566,323,555,71,282,138,1886,988,128,463,7,50,70,137,131,56,0,583,0,144,218,130,0,26,24823,7651
8101.5,C:\Data\20260323_MD18-3537\20260324_MD18-3537_S06\MD18-3537_S06_XRF_R1\XRF data\L000243.spe,607.5,115,787,906,6562,7380,4846,288,1675,981,112123,627,460,565,201,355,23,1591,1074,89,621,56,89,139,109,93,75,0,741,0,20,189,261,120,215,24338,6908
8111.5,C:\Data\20260323_MD18-3537\20260324_MD18-3537_S06\MD18-3537_S06_XRF_R1\XRF data\L000247.spe,617.5,90,666,956,6301,8403,4599,285,1581,915,105818,474,399,588,144,201,16,2003,1067,92,579,21,55,125,89,117,148,0,638,32,99,136,188,63,137,25097,7003
8114,C:\Data\20260323_MD18-3537\20260324_MD18-3537_S06\MD18-3537_S06_XRF_R1\XRF data\L000248.spe,620,74,732,980,6029,9106,4648,216,1587,827,100680,434,419,619,123,234,72,1228,1058,208,613,39,75,140,100,64,131,0,515,0,0,81,196,84,125,24853,5885
8116.5,C:\Data\20260323_MD18-3537\20260324_MD18-3537_S06\MD18-3537_S06_XRF_R1\XRF data\L000249.spe,622.5,110,719,1037,5561,10424,4446,242,1640,838,95987,498,344,556,218,218,10,1250,1175,301,657,21,44,118,96,145,81,0,424,0,72,156,77,185,196,25235,6557
8119,C:\Data\20260323_MD18-3537\20260324_MD18-3537_S06\MD18-3537_S06_XRF_R1\XRF data\L000250.spe,625,92,705,975,5123,10696,4394,208,1695,769,86004,561,423,514,214,360,0,1808,1151,187,658,0,80,0,101,185,108,0,595,0,0,131,117,0,248,26981,6736
8121.5,C:\Data\20260323_MD18-3537\20260324_MD18-3537_S06\MD18-3537_S06_XRF_R1\XRF data\L000251.spe,627.5,75,674,1020,5502,10067,4335,273,1717,784,90338,596,443,522,71,225,171,2111,1122,0,561,52,68,31,73,148,158,0,713,0,0,191,114,99,0,26203,6212
8124,C:\Data\20260323_MD18-3537\20260324_MD18-3537_S06\MD18-3537_S06_XRF_R1\XRF data\L000252.spe,630,80,653,1041,5434,10167,4430,222,1591,821,89661,538,462,550,18,141,249,980,1114,143,691,53,29,0,142,211,223,0,605,0,100,142,193,200,0,25068,6820
8129,C:\Data\20260323_MD18-3537\20260324_MD18-3537_S06\MD18-3537_S06_XRF_R1\XRF data\L000254.spe,635,77,692,923,6548,8319,4826,222,1681,1091,105867,493,427,594,286,46,127,1871,1017,222,519,43,67,44,137,195,163,0,485,39,168,101,150,116,50,25824,5000
8131.5,C:\Data\20260323_MD18-3537\20260324_MD18-3537_S06\MD18-3537_S06_XRF_R1\XRF data\L000255.spe,637.5,79,757,935,6835,8945,4807,242,1700,1044,105014,534,514,575,125,292,0,1676,1097,60,517,0,89,104,136,117,102,0,501,0,82,173,93,240,184,25276,5468
8134,C:\Data\20260323_MD18-3537\20260324_MD18-3537_S06\MD18-3537_S06_XRF_R1\XRF data\L000256.spe,640,72,777,913,6043,9709,4826,284,1627,922,101477,570,420,551,182,277,112,1457,1112,315,665,0,100,44,106,133,245,0,622,0,82,179,143,0,57,26125,8584
8136.5,C:\Data\20260323_MD18-3537\20260324_MD18-3537_S06\MD18-3537_S06_XRF_R1\XRF data\L000257.spe,642.5,76,743,920,5925,10419,4686,223,1586,1056,95422,557,430,596,171,0,175,1981,1023,85,696,48,45,91,132,126,99,0,645,0,121,149,185,264,59,25347,8211
8139,C:\Data\20260323_MD18-3537\20260324_MD18-3537_S06\MD18-3537_S06_XRF_R1\XRF data\L000258.spe,645,109,752,937,5847,11226,4398,216,1579,950,94313,524,341,576,146,279,120,1925,1196,91,728,19,92,98,110,110,177,0,634,0,0,206,149,23,135,25552,7911
8141.5,C:\Data\20260323_MD18-3537\20260324_MD18-3537_S06\MD18-3537_S06_XRF_R1\XRF data\L000259.spe,647.5,74,709,910,5910,10615,4635,255,1665,988,92717,581,325,561,276,392,0,1368,1168,217,639,0,81,0,112,225,104,0,622,0,6,214,136,291,239,26239,8165
8144,C:\Data\20260323_MD18-3537\20260324_MD18-3537_S06\MD18-3537_S06_XRF_R1\XRF data\L000260.spe,650,110,742,854,5824,10178,4819,170,1612,999,94968,544,359,589,174,246,0,1510,1123,232,604,84,51,32,103,103,80,0,493,0,83,163,176,202,411,25457,8489
8151.5,C:\Data\20260323_MD18-3537\20260324_MD18-3537_S06\MD18-3537_S06_XRF_R1\XRF data\L000263.spe,657.5,73,708,739,6631,7246,4493,244,1617,854,109634,542,457,615,220,375,0,1204,931,221,482,22,12,120,148,85,50,0,544,0,30,170,55,57,206,24509,5937
8154,C:\Data\20260323_MD18-3537\20260324_MD18-3537_S06\MD18-3537_S06_XRF_R1\XRF data\L000264.spe,660,89,786,769,6277,8945,4656,321,1638,875,107393,550,307,610,382,216,71,1404,1018,187,510,33,42,18,158,166,125,0,550,0,259,148,48,298,251,24984,8686
8156.5,C:\Data\20260323_MD18-3537\20260324_MD18-3537_S06\MD18-3537_S06_XRF_R1\XRF data\L000265.spe,662.5,84,758,819,6274,10156,4643,315,1623,976,105846,467,448,535,88,366,5,1636,1090,220,511,59,63,109,115,79,148,0,430,17,74,56,211,82,266,25143,8287
8159,C:\Data\20260323_MD18-3537\20260324_MD18-3537_S06\MD18-3537_S06_XRF_R1\XRF data\L000266.spe,665,108,826,832,6002,10629,4583,300,1632,1001,103058,531,415,548,198,234,0,1774,1124,111,396,39,82,67,110,105,187,0,759,0,41,206,185,122,261,26184,9508
8161.5,C:\Data\20260323_MD18-3537\20260324_MD18-3537_S06\MD18-3537_S06_XRF_R1\XRF data\L000267.spe,667.5,130,772,876,6068,10629,4726,228,1676,927,104151,524,360,516,192,131,0,936,1096,158,477,20,95,156,114,49,149,0,625,0,47,166,166,196,319,25253,7031
8164,C:\Data\20260323_MD18-3537\20260324_MD18-3537_S06\MD18-3537_S06_XRF_R1\XRF data\L000268.spe,670,100,856,850,6022,11046,4575,281,1557,1000,103138,597,466,665,231,388,0,1793,1077,81,664,0,139,50,118,136,73,0,709,0,0,209,128,127,434,25596,7419
8166.5,C:\Data\20260323_MD18-3537\20260324_MD18-3537_S06\MD18-3537_S06_XRF_R1\XRF data\L000269.spe,672.5,104,852,897,5882,11492,4670,254,1644,1067,98936,520,387,565,207,202,165,1394,1171,109,578,67,76,89,86,122,20,0,572,0,86,127,169,0,5,25044,7111
8169,C:\Data\20260323_MD18-3537\20260324_MD18-3537_S06\MD18-3537_S06_XRF_R1\XRF data\L000270.spe,675,75,766,854,5636,12077,4636,232,1664,951,95324,616,428,698,237,256,0,1954,1120,29,559,0,130,35,141,143,75,0,913,0,0,253,140,49,383,24845,7395
8171.5,C:\Data\20260323_MD18-3537\20260324_MD18-3537_S06\MD18-3537_S06_XRF_R1\XRF data\L000271.spe,677.5,102,758,869,6094,11177,4741,195,1524,1134,96067,497,380,569,303,288,58,905,1062,173,614,17,87,89,115,107,0,0,581,14,29,156,117,19,197,25302,9694
8174,C:\Data\20260323_MD18-3537\20260324_MD18-3537_S06\MD18-3537_S06_XRF_R1\XRF data\L000272.spe,680,125,768,784,6865,6006,4747,269,1554,1206,106386,562,330,709,265,310,0,1355,1127,170,587,44,5,133,79,152,0,0,547,0,90,140,139,43,233,25166,8658
8176.5,C:\Data\20260323_MD18-3537\20260324_MD18-3537_S06\MD18-3537_S06_XRF_R1\XRF data\L000273.spe,682.5,125,800,730,6990,4549,4973,285,1640,900,111448,487,339,632,93,306,57,1526,1054,203,446,12,16,95,113,120,197,0,594,58,124,210,245,93,153,25047,5250
8179,C:\Data\20260323_MD18-3537\20260324_MD18-3537_S06\MD18-3537_S06_XRF_R1\XRF data\L000274.spe,685,130,746,775,6423,5386,4905,237,1636,783,112549,459,385,612,167,338,35,2608,840,0,631,102,31,49,116,148,131,0,630,16,0,125,198,191,208,23185,5372
8181.5,C:\Data\20260323_MD18-3537\20260324_MD18-3537_S06\MD18-3537_S06_XRF_R1\XRF data\L000275.spe,687.5,98,766,826,6157,8663,4941,256,1649,919,107834,532,412,573,235,166,204,2022,893,83,472,96,70,49,136,165,112,0,565,30,169,162,80,213,47,23795,7059
8184,C:\Data\20260323_MD18-3537\20260324_MD18-3537_S06\MD18-3537_S06_XRF_R1\XRF data\L000276.spe,690,91,799,755,6224,9401,4783,279,1619,1005,106582,614,453,553,119,514,0,2034,980,11,446,19,35,99,77,88,91,0,740,0,0,222,169,88,498,24560,7180
8189,C:\Data\20260323_MD18-3537\20260324_MD18-3537_S06\MD18-3537_S06_XRF_R1\XRF data\L000278.spe,695,116,759,741,6547,9509,4712,212,1655,867,110570,457,305,553,127,357,0,1593,890,75,572,49,85,179,81,60,149,0,449,0,195,118,175,194,364,24243,6616
8191.5,C:\Data\20260323_MD18-3537\20260324_MD18-3537_S06\MD18-3537_S06_XRF_R1\XRF data\L000279.spe,697.5,100,840,741,6977,7553,4697,275,1766,827,113192,468,382,675,56,200,64,1119,967,171,510,118,30,156,150,84,150,0,503,9,229,172,233,160,224,24374,8419
8194,C:\Data\20260323_MD18-3537\20260324_MD18-3537_S06\MD18-3537_S06_XRF_R1\XRF data\L000280.spe,700,93,874,759,6826,7153,4844,283,1725,909,113201,430,282,555,125,204,82,1511,944,292,490,71,65,61,134,151,170,0,469,73,174,112,144,101,148,25847,7422
8196.5,C:\Data\20260323_MD18-3537\20260324_MD18-3537_S06\MD18-3537_S06_XRF_R1\XRF data\L000281.spe,702.5,117,817,789,6661,7448,5109,192,1595,870,112920,535,408,650,216,283,41,1463,1011,200,398,43,59,62,143,196,111,0,655,31,54,183,193,121,134,25551,6618
8201.5,C:\Data\20260323_MD18-3537\20260324_MD18-3537_S06\MD18-3537_S06_XRF_R1\XRF data\L000283.spe,707.5,89,850,779,6016,10375,4587,193,1577,945,97883,529,364,563,257,226,86,1047,1097,99,696,12,78,86,103,134,152,0,367,0,126,137,193,259,317,24371,7892
8204,C:\Data\20260323_MD18-3537\20260324_MD18-3537_S06\MD18-3537_S06_XRF_R1\XRF data\L000284.spe,710,88,761,874,5684,10920,4503,304,1636,886,95757,485,378,556,171,299,0,1022,1084,213,819,40,100,66,116,129,173,0,506,25,169,155,240,114,407,24696,7076
8206.5,C:\Data\20260323_MD18-3537\20260324_MD18-3537_S06\MD18-3537_S06_XRF_R1\XRF data\L000285.spe,712.5,100,780,769,5808,10919,4386,235,1668,974,95241,534,333,519,208,54,0,1365,1126,175,559,28,79,161,110,85,74,0,642,0,0,92,111,182,215,25562,8427
8209,C:\Data\20260323_MD18-3537\20260324_MD18-3537_S06\MD18-3537_S06_XRF_R1\XRF data\L000286.spe,715,109,762,795,6309,11279,4723,262,1618,1041,104193,438,324,543,88,263,25,1382,1148,204,516,69,81,128,155,88,137,0,357,39,0,155,130,88,193,24954,6491
8211.5,C:\Data\20260323_MD18-3537\20260324_MD18-3537_S06\MD18-3537_S06_XRF_R1\XRF data\L000287.spe,717.5,109,850,746,6549,9527,4775,274,1549,1106,105583,519,407,602,331,177,140,1514,1109,164,415,55,78,143,88,68,0,0,627,0,116,191,131,324,170,25415,6726
8214,C:\Data\20260323_MD18-3537\20260324_MD18-3537_S06\MD18-3537_S06_XRF_R1\XRF data\L000288.spe,720,99,846,761,6633,7791,4610,356,1530,1036,105098,525,366,550,173,215,91,1577,1101,172,491,87,38,175,84,63,15,0,524,0,135,222,124,142,48,26080,6788
8216.5,C:\Data\20260323_MD18-3537\20260324_MD18-3537_S06\MD18-3537_S06_XRF_R1\XRF data\L000289.spe,722.5,115,796,794,6668,7555,4772,287,1714,982,109142,538,352,573,49,217,0,1520,989,100,480,54,71,113,124,139,28,0,492,27,217,149,196,160,223,24696,5804
8219,C:\Data\20260323_MD18-3537\20260324_MD18-3537_S06\MD18-3537_S06_XRF_R1\XRF data\L000290.spe,725,98,755,818,6598,7761,4821,279,1619,865,110379,476,357,618,157,195,8,2059,1047,10,414,56,50,39,165,161,138,0,624,0,31,216,153,23,194,24860,7045
8221.5,C:\Data\20260323_MD18-3537\20260324_MD18-3537_S06\MD18-3537_S06_XRF_R1\XRF data\L000291.spe,727.5,90,766,769,6843,7286,4672,275,1631,905,112657,530,359,552,90,206,42,1160,999,117,342,82,61,116,117,137,78,0,453,0,193,133,209,77,184,25186,6348
8224,C:\Data\20260323_MD18-3537\20260324_MD18-3537_S06\MD18-3537_S06_XRF_R1\XRF data\L000292.spe,730,113,705,872,6853,7460,4817,321,1613,864,113749,495,341,617,287,289,86,1698,881,117,477,7,68,115,124,106,182,0,597,0,23,187,107,126,213,24701,6007
8226.5,C:\Data\20260323_MD18-3537\20260324_MD18-3537_S06\MD18-3537_S06_XRF_R1\XRF data\L000293.spe,732.5,99,661,946,6427,8476,4609,250,1627,923,110558,474,383,546,157,320,96,1420,1062,227,426,40,47,95,125,100,28,0,589,0,0,133,181,103,190,24642,9061
8229,C:\Data\20260323_MD18-3537\20260324_MD18-3537_S06\MD18-3537_S06_XRF_R1\XRF data\L000294.spe,735,85,670,976,6022,8958,4459,284,1556,906,109640,496,376,539,130,408,0,1348,956,283,444,60,64,106,167,74,14,0,415,0,319,124,193,197,292,24849,5840
8234,C:\Data\20260323_MD18-3537\20260324_MD18-3537_S06\MD18-3537_S06_XRF_R1\XRF data\L000296.spe,740,80,632,940,5984,8994,4558,269,1708,913,106569,555,340,637,110,129,67,1605,1086,104,543,64,54,76,107,142,40,0,606,0,125,202,147,223,159,24258,5739
8236.5,C:\Data\20260323_MD18-3537\20260324_MD18-3537_S06\MD18-3537_S06_XRF_R1\XRF data\L000297.spe,742.5,90,737,1005,5990,9703,4690,232,1721,975,103736,414,270,535,40,152,39,1972,1173,90,523,21,57,37,126,185,75,0,392,53,208,87,210,257,167,25102,5430
8239,C:\Data\20260323_MD18-3537\20260324_MD18-3537_S06\MD18-3537_S06_XRF_R1\XRF data\L000298.spe,745,73,648,982,5786,10174,4517,355,1704,1035,97354,471,340,559,120,124,165,1104,1155,229,638,83,77,100,63,131,167,0,324,0,255,154,209,269,0,23383,5521
8241.5,C:\Data\20260323_MD18-3537\20260324_MD18-3537_S06\MD18-3537_S06_XRF_R1\XRF data\L000299.spe,747.5,75,713,1064,5434,11807,4504,273,1696,1088,93640,519,405,559,199,236,0,1056,1263,276,560,46,79,35,100,177,122,0,460,0,77,95,165,186,258,25409,7269
8244,C:\Data\20260323_MD18-3537\20260324_MD18-3537_S06\MD18-3537_S06_XRF_R1\XRF data\L000300.spe,750,72,727,983,5644,11486,4616,260,1580,1048,95358,409,297,505,203,221,0,1709,1162,107,875,22,108,93,89,84,146,0,249,26,61,47,229,134,133,23674,7349
8246.5,C:\Data\20260323_MD18-3537\20260324_MD18-3537_S06\MD18-3537_S06_XRF_R1\XRF data\L000301.spe,752.5,63,701,999,4980,11317,4339,314,1606,981,88530,472,367,535,304,161,0,1329,1166,113,758,79,92,86,83,131,103,0,442,20,28,109,107,262,189,24125,8361
8249,C:\Data\20260323_MD18-3537\20260324_MD18-3537_S06\MD18-3537_S06_XRF_R1\XRF data\L000302.spe,755,66,628,957,4786,12163,4043,195,1568,962,82598,564,322,487,211,353,26,921,1266,104,653,38,93,80,68,109,226,0,436,0,17,85,143,90,253,25214,6872
8251.5,C:\Data\20260323_MD18-3537\20260324_MD18-3537_S06\MD18-3537_S06_XRF_R1\XRF data\L000303.spe,757.5,77,701,1020,4911,10187,4171,226,1434,926,85309,511,339,446,30,288,0,1344,1122,196,425,0,83,45,137,186,98,0,504,0,9,168,277,0,108,25915,8055
8254,C:\Data\20260323_MD18-3537\20260324_MD18-3537_S06\MD18-3537_S06_XRF_R1\XRF data\L000304.spe,760,80,698,902,6407,7796,4636,288,1671,1184,107755,444,395,637,220,196,156,1527,1003,151,556,67,60,180,100,100,80,0,498,86,161,139,137,135,49,24197,9328
8256.5,C:\Data\20260323_MD18-3537\20260324_MD18-3537_S06\MD18-3537_S06_XRF_R1\XRF data\L000305.spe,762.5,125,663,918,6133,10651,4612,257,1667,1172,105424,589,495,661,122,323,4,1120,1128,201,496,0,66,120,138,147,24,0,612,0,0,188,179,92,163,24216,7908
8259,C:\Data\20260323_MD18-3537\20260324_MD18-3537_S06\MD18-3537_S06_XRF_R1\XRF data\L000306.spe,765,92,565,1001,6206,11744,4468,196,1587,939,104967,508,409,603,128,103,137,1913,1191,184,585,21,130,112,140,126,66,0,628,9,0,226,158,196,131,24293,7413
8261.5,C:\Data\20260323_MD18-3537\20260324_MD18-3537_S06\MD18-3537_S06_XRF_R1\XRF data\L000307.spe,767.5,99,600,956,6242,13723,4594,265,1627,1051,106069,563,342,664,145,225,32,1859,1091,185,469,50,174,90,163,85,154,0,783,0,13,235,105,11,108,25082,9312
8264,C:\Data\20260323_MD18-3537\20260324_MD18-3537_S06\MD18-3537_S06_XRF_R1\XRF data\L000308.spe,770,52,670,993,6032,15496,4548,281,1545,1037,103496,578,405,627,111,97,115,1481,1154,134,534,52,126,44,147,115,153,0,704,0,47,204,167,53,174,25199,9170
8266.5,C:\Data\20260323_MD18-3537\20260324_MD18-3537_S06\MD18-3537_S06_XRF_R1\XRF data\L000309.spe,772.5,87,605,1028,6136,15577,4654,298,1644,1037,106355,543,426,599,69,149,84,1617,1120,123,410,60,127,0,137,203,143,0,738,23,35,172,255,72,177,24415,6583
8269,C:\Data\20260323_MD18-3537\20260324_MD18-3537_S06\MD18-3537_S06_XRF_R1\XRF data\L000310.spe,775,101,600,1017,6296,15419,4393,263,1504,1204,107934,539,490,568,175,305,0,1365,1090,162,422,31,112,87,137,143,74,0,596,0,15,183,203,136,316,24527,6528
8271.5,C:\Data\20260323_MD18-3537\20260324_MD18-3537_S06\MD18-3537_S06_XRF_R1\XRF data\L000311.spe,777.5,52,651,1014,6240,15530,4645,232,1691,1166,107761,494,359,562,279,213,87,2064,1206,24,427,55,143,101,164,141,142,0,520,22,92,121,156,290,89,24623,7090
8274,C:\Data\20260323_MD18-3537\20260324_MD18-3537_S06\MD18-3537_S06_XRF_R1\XRF data\L000312.spe,780,110,584,1055,6218,14889,4400,294,1688,1227,108564,500,428,559,75,228,0,1524,1040,214,427,43,125,168,145,78,103,0,445,47,204,121,204,194,301,24277,6227
8276.5,C:\Data\20260323_MD18-3537\20260324_MD18-3537_S06\MD18-3537_S06_XRF_R1\XRF data\L000313.spe,782.5,68,572,1108,5800,14091,4461,291,1605,1027,104490,507,347,617,143,313,21,1286,1178,116,419,47,99,127,92,48,106,0,551,0,130,172,126,136,270,24457,7578
8281.5,C:\Data\20260323_MD18-3537\20260324_MD18-3537_S06\MD18-3537_S06_XRF_R1\XRF data\L000315.spe,787.5,70,579,1064,6242,8258,4552,257,1610,909,110517,479,357,603,187,170,166,1826,1134,208,467,42,85,171,131,120,126,0,568,0,104,181,194,72,46,25509,9293
8284,C:\Data\20260323_MD18-3537\20260324_MD18-3537_S06\MD18-3537_S06_XRF_R1\XRF data\L000316.spe,790,103,672,1048,6039,10767,4921,296,1709,999,110441,490,362,572,216,262,90,1908,1060,118,568,54,75,106,140,151,131,0,384,27,211,89,164,0,145,23874,7106
8286.5,C:\Data\20260323_MD18-3537\20260324_MD18-3537_S06\MD18-3537_S06_XRF_R1\XRF data\L000317.spe,792.5,73,678,1029,6127,11698,4670,293,1658,1041,107635,549,408,595,144,156,49,1473,1133,143,526,17,107,112,137,79,30,0,477,18,90,86,143,217,185,25729,6625
8289,C:\Data\20260323_MD18-3537\20260324_MD18-3537_S06\MD18-3537_S06_XRF_R1\XRF data\L000318.spe,795,64,647,997,6405,10377,4549,217,1659,1044,111411,619,453,666,156,243,55,1649,1012,234,421,71,84,103,135,133,40,0,789,0,0,172,87,140,247,26195,10263
8291.5,C:\Data\20260323_MD18-3537\20260324_MD18-3537_S06\MD18-3537_S06_XRF_R1\XRF data\L000319.spe,797.5,65,668,1061,6295,13205,4728,294,1656,1145,109536,570,379,594,196,188,0,1904,1021,168,477,18,130,95,129,103,53,0,487,0,237,172,121,239,305,24646,7051
8294,C:\Data\20260323_MD18-3537\20260324_MD18-3537_S06\MD18-3537_S06_XRF_R1\XRF data\L000320.spe,800,118,678,1008,6169,13463,4591,296,1649,998,108986,575,415,596,321,346,0,1697,1023,71,404,72,87,99,104,148,181,0,649,23,48,249,49,138,421,23934,6227
8296.5,C:\Data\20260323_MD18-3537\20260324_MD18-3537_S06\MD18-3537_S06_XRF_R1\XRF data\L000321.spe,802.5,101,647,973,5803,14971,4736,217,1606,1147,106077,567,489,620,257,18,154,1938,1054,102,469,11,124,15,167,186,92,0,715,0,0,136,87,163,75,24757,6642
8301.5,C:\Data\20260323_MD18-3537\20260324_MD18-3537_S06\MD18-3537_S06_XRF_R1\XRF data\L000323.spe,807.5,68,671,976,5394,15899,4529,163,1607,1026,98270,582,404,562,121,216,0,1484,1128,69,457,41,104,57,124,164,209,0,743,0,0,167,96,100,217,24929,5840
8306.5,C:\Data\20260323_MD18-3537\20260324_MD18-3537_S06\MD18-3537_S06_XRF_R1\XRF data\L000325.spe,812.5,86,597,1072,5713,16383,4781,204,1538,1175,101875,480,360,480,223,353,47,1290,1183,157,666,26,148,52,151,140,91,0,324,17,100,50,153,103,261,23033,6717
8309,C:\Data\20260323_MD18-3537\20260324_MD18-3537_S06\MD18-3537_S06_XRF_R1\XRF data\L000326.spe,815,114,674,982,5163,17249,4405,225,1621,1092,95411,431,367,597,142,291,51,1543,1231,103,476,64,167,8,121,210,114,0,504,4,66,186,270,187,244,24228,7581
8311.5,C:\Data\20260323_MD18-3537\20260324_MD18-3537_S06\MD18-3537_S06_XRF_R1\XRF data\L000327.spe,817.5,97,644,969,6323,12561,4459,255,1616,1274,104905,556,390,627,217,96,205,1282,979,219,492,89,115,60,149,205,69,0,588,16,152,267,16,130,15,24827,8750
8314,C:\Data\20260323_MD18-3537\20260324_MD18-3537_S06\MD18-3537_S06_XRF_R1\XRF data\L000328.spe,820,104,687,969,6133,13679,4773,301,1590,1215,105579,472,365,613,156,249,139,1561,1100,112,422,22,165,110,106,144,52,0,487,0,36,182,158,71,64,24207,5786
8319,C:\Data\20260323_MD18-3537\20260324_MD18-3537_S06\MD18-3537_S06_XRF_R1\XRF data\L000330.spe,825,79,649,990,6181,11287,4550,258,1662,1188,106369,591,352,610,152,115,0,1614,1084,108,521,35,120,192,126,92,136,0,538,0,57,138,151,180,113,24271,8794
8321.5,C:\Data\20260323_MD18-3537\20260324_MD18-3537_S06\MD18-3537_S06_XRF_R1\XRF data\L000331.spe,827.5,126,625,961,6637,8701,4453,297,1605,997,111001,536,406,484,306,250,100,1834,957,60,400,92,36,194,168,34,91,0,662,41,7,125,142,181,234,25589,6539
8324,C:\Data\20260323_MD18-3537\20260324_MD18-3537_S06\MD18-3537_S06_XRF_R1\XRF data\L000332.spe,830,112,705,979,6196,9414,4424,249,1626,967,110596,536,409,575,176,54,254,1895,996,114,447,68,60,112,157,125,184,0,721,0,13,158,229,94,55,24849,6933
8326.5,C:\Data\20260323_MD18-3537\20260324_MD18-3537_S06\MD18-3537_S06_XRF_R1\XRF data\L000333.spe,832.5,93,743,980,6129,11273,4477,318,1691,949,107762,459,365,659,167,196,41,1375,1070,179,320,18,110,94,118,139,149,0,536,70,178,187,241,136,266,23968,5972
8329,C:\Data\20260323_MD18-3537\20260324_MD18-3537_S06\MD18-3537_S06_XRF_R1\XRF data\L000334.spe,835,99,837,917,6360,14155,4623,270,1688,1181,110199,572,374,639,51,328,42,2075,1188,73,504,49,181,121,130,152,0,0,422,0,122,133,159,80,276,25126,8099
8331.5,C:\Data\20260323_MD18-3537\20260324_MD18-3537_S06\MD18-3537_S06_XRF_R1\XRF data\L000335.spe,837.5,95,853,877,6217,14994,4665,255,1719,1127,108465,515,474,608,98,140,88,1869,1079,17,463,53,100,159,104,113,112,0,762,0,6,185,251,225,201,25372,8158
8334,C:\Data\20260323_MD18-3537\20260324_MD18-3537_S06\MD18-3537_S06_XRF_R1\XRF data\L000336.spe,840,92,764,909,5997,15247,4715,242,1662,1127,105191,500,396,548,330,292,0,1204,1228,105,442,79,89,137,107,75,62,0,557,23,58,194,89,176,306,24969,7798
8336.5,C:\Data\20260323_MD18-3537\20260324_MD18-3537_S06\MD18-3537_S06_XRF_R1\XRF data\L000337.spe,842.5,96,802,947,5478,16395,4661,180,1673,1104,95697,574,395,506,239,305,62,1187,1253,46,408,29,190,126,128,106,88,0,758,0,0,182,212,153,230,24472,7266
8339,C:\Data\20260323_MD18-3537\20260324_MD18-3537_S06\MD18-3537_S06_XRF_R1\XRF data\L000338.spe,845,88,821,940,4572,19303,4259,241,1597,962,81754,535,469,470,263,457,0,1266,1346,150,476,33,200,0,87,183,175,0,443,0,41,60,162,150,610,25985,4677
8341.5,C:\Data\20260323_MD18-3537\20260324_MD18-3537_S06\MD18-3537_S06_XRF_R1\XRF data\L000339.spe,847.5,59,741,979,4522,18855,4080,156,1584,1123,81138,552,316,515,20,216,0,969,1258,113,369,21,181,77,125,116,43,0,562,0,61,204,232,229,377,25473,7614
8344,C:\Data\20260323_MD18-3537\20260324_MD18-3537_S06\MD18-3537_S06_XRF_R1\XRF data\L000340.spe,850,98,766,992,4395,18534,4103,202,1601,1060,80262,495,307,433,76,322,0,641,1356,222,730,0,154,59,75,138,91,0,233,0,227,127,182,34,371,24626,8373
8346.5,C:\Data\20260323_MD18-3537\20260324_MD18-3537_S06\MD18-3537_S06_XRF_R1\XRF data\L000341.spe,852.5,78,818,936,4688,15774,4581,222,1552,1094,88782,534,382,512,174,361,0,1197,1256,156,502,0,152,0,95,162,112,0,776,0,0,229,147,81,287,25799,6297
8349,C:\Data\20260323_MD18-3537\20260324_MD18-3537_S06\MD18-3537_S06_XRF_R1\XRF data\L000342.spe,855,87,772,990,5064,13060,4174,302,1610,1094,95199,493,389,556,306,271,112,1479,1112,194,625,37,121,53,125,146,62,0,561,37,0,183,90,104,198,25107,8092
8351.5,C:\Data\20260323_MD18-3537\20260324_MD18-3537_S06\MD18-3537_S06_XRF_R1\XRF data\L000343.spe,857.5,59,717,954,5122,12345,4298,253,1708,1306,92673,486,301,569,212,337,0,1211,1194,164,661,19,146,82,129,155,198,0,317,29,120,149,150,274,347,24089,6048
8354,C:\Data\20260323_MD18-3537\20260324_MD18-3537_S06\MD18-3537_S06_XRF_R1\XRF data\L000344.spe,860,58,680,1003,5415,12137,4458,290,1683,1291,98462,600,383,536,114,333,18,2065,1177,126,555,13,73,22,133,181,36,0,636,0,0,165,306,87,275,25002,9215
8356.5,C:\Data\20260323_MD18-3537\20260324_MD18-3537_S06\MD18-3537_S06_XRF_R1\XRF data\L000345.spe,862.5,58,714,889,5790,10327,4465,164,1630,1143,99377,365,405,566,105,320,174,1609,995,147,557,64,81,76,114,159,144,0,406,69,48,49,231,114,130,23589,7620
8359,C:\Data\20260323_MD18-3537\20260324_MD18-3537_S06\MD18-3537_S06_XRF_R1\XRF data\L000346.spe,865,90,702,921,5846,9491,4550,253,1656,1109,101821,512,421,585,117,138,78,1293,921,153,438,71,31,117,131,122,154,0,519,31,192,185,180,264,167,24499,5505
8361.5,C:\Data\20260323_MD18-3537\20260324_MD18-3537_S06\MD18-3537_S06_XRF_R1\XRF data\L000347.spe,867.5,81,659,876,6148,8382,4346,300,1590,985,102317,452,375,717,163,148,98,1873,1067,0,543,61,83,126,134,83,196,0,593,0,31,128,147,216,233,24378,5168
8364,C:\Data\20260323_MD18-3537\20260324_MD18-3537_S06\MD18-3537_S06_XRF_R1\XRF data\L000348.spe,870,66,663,847,6613,7242,4577,250,1691,1008,103991,502,417,559,286,189,68,2178,1041,165,400,0,72,101,148,143,89,0,479,21,35,117,110,125,146,25416,7692
8366.5,C:\Data\20260323_MD18-3537\20260324_MD18-3537_S06\MD18-3537_S06_XRF_R1\XRF data\L000349.spe,872.5,83,708,944,6253,7724,4446,228,1499,936,105326,536,429,530,296,294,50,2448,735,0,353,51,59,96,152,130,74,0,561,0,74,101,153,216,182,24230,6832
8369,C:\Data\20260323_MD18-3537\20260324_MD18-3537_S06\MD18-3537_S06_XRF_R1\XRF data\L000350.spe,875,66,605,919,6162,8158,4305,303,1466,1009,105651,563,405,613,216,283,0,2005,929,0,334,61,92,112,122,128,111,0,748,7,0,259,141,157,224,24144,8791
8371.5,C:\Data\20260323_MD18-3537\20260324_MD18-3537_S06\MD18-3537_S06_XRF_R1\XRF data\L000351.spe,877.5,88,656,983,6095,9215,4376,236,1565,988,103261,581,384,599,139,249,112,965,872,148,432,0,85,67,108,132,18,0,585,0,131,212,201,64,77,23690,5779
8374,C:\Data\20260323_MD18-3537\20260324_MD18-3537_S06\MD18-3537_S06_XRF_R1\XRF data\L000352.spe,880,83,607,992,5419,10797,4183,215,1590,1013,96490,550,416,552,262,66,211,1412,1071,154,433,60,83,129,153,97,38,0,781,0,0,209,55,75,0,24597,7350
8376.5,C:\Data\20260323_MD18-3537\20260324_MD18-3537_S06\MD18-3537_S06_XRF_R1\XRF data\L000353.spe,882.5,86,678,945,5452,12071,4280,266,1761,952,96812,523,405,542,120,376,0,1691,1153,84,554,0,97,92,82,123,150,0,534,7,179,197,274,136,360,24151,6587
8379,C:\Data\20260323_MD18-3537\20260324_MD18-3537_S06\MD18-3537_S06_XRF_R1\XRF data\L000354.spe,885,108,714,991,5347,13137,4668,253,1575,1078,98514,469,379,505,186,304,0,1578,1151,105,580,70,119,72,111,115,184,0,617,0,12,206,200,96,335,24205,6635
8381.5,C:\Data\20260323_MD18-3537\20260324_MD18-3537_S06\MD18-3537_S06_XRF_R1\XRF data\L000355.spe,887.5,102,720,1105,5344,14591,4702,282,1734,1363,99349,521,384,568,271,314,10,1423,1252,128,690,50,71,84,97,151,104,0,473,16,25,123,225,137,297,23963,7151
8384,C:\Data\20260323_MD18-3537\20260324_MD18-3537_S06\MD18-3537_S06_XRF_R1\XRF data\L000356.spe,890,37,728,1055,5277,14475,4729,187,1695,1295,97993,498,409,555,226,317,0,1873,1237,48,654,51,111,58,118,184,205,0,475,14,65,166,149,45,412,25985,7141
8386.5,C:\Data\20260323_MD18-3537\20260324_MD18-3537_S06\MD18-3537_S06_XRF_R1\XRF data\L000357.spe,892.5,90,744,1081,5005,14782,4516,204,1724,1062,90212,559,473,536,217,396,0,1103,1125,151,504,0,104,0,94,176,182,0,658,0,42,188,136,136,364,25792,7302
8389,C:\Data\20260323_MD18-3537\20260324_MD18-3537_S06\MD18-3537_S06_XRF_R1\XRF data\L000358.spe,895,79,705,969,4943,14282,4462,243,1760,1130,87476,546,358,542,155,276,29,630,1199,149,467,18,133,31,99,151,0,0,602,0,98,175,140,11,155,25018,7103
8391.5,C:\Data\20260323_MD18-3537\20260324_MD18-3537_S06\MD18-3537_S06_XRF_R1\XRF data\L000359.spe,897.5,52,709,1052,5335,13584,4514,107,1749,1138,88732,458,384,514,115,322,0,1685,1147,79,459,9,125,0,139,209,200,0,344,0,122,84,187,26,272,25370,7436
8394,C:\Data\20260323_MD18-3537\20260324_MD18-3537_S06\MD18-3537_S06_XRF_R1\XRF data\L000360.spe,900,99,722,943,5602,12047,4462,198,1600,1045,94517,397,335,567,104,212,121,1443,1177,112,741,60,71,57,124,152,125,0,324,0,65,47,229,163,23,23948,8071
8396.5,C:\Data\20260323_MD18-3537\20260324_MD18-3537_S06\MD18-3537_S06_XRF_R1\XRF data\L000361.spe,902.5,119,664,846,6959,11773,4753,248,1681,1376,112741,653,455,675,130,299,14,1486,1100,233,466,14,106,77,163,128,80,0,746,0,0,179,194,165,405,25142,8948
8401.5,C:\Data\20260323_MD18-3537\20260324_MD18-3537_S06\MD18-3537_S06_XRF_R1\XRF data\L000363.spe,907.5,103,806,802,6123,13712,4809,214,1637,1436,106364,447,273,599,116,77,36,1620,1187,105,488,27,134,88,97,150,163,0,329,38,275,103,206,162,151,23134,8489
8404,C:\Data\20260323_MD18-3537\20260324_MD18-3537_S06\MD18-3537_S06_XRF_R1\XRF data\L000364.spe,910,102,732,838,6001,13425,4681,285,1666,1492,106402,461,342,540,0,217,0,1576,1159,127,468,32,135,101,129,145,137,0,529,43,80,108,280,77,183,24277,7736
8406.5,C:\Data\20260323_MD18-3537\20260324_MD18-3537_S06\MD18-3537_S06_XRF_R1\XRF data\L000365.spe,912.5,82,723,934,5992,14208,4730,255,1662,1349,105738,532,390,566,197,199,55,1942,1232,0,546,0,132,94,95,142,171,0,521,0,80,172,101,143,116,25218,8240
8409,C:\Data\20260323_MD18-3537\20260324_MD18-3537_S06\MD18-3537_S06_XRF_R1\XRF data\L000366.spe,915,68,727,881,5934,13698,4715,239,1587,1286,103706,605,296,622,210,448,0,1781,1131,64,585,47,99,59,124,139,80,0,634,0,81,240,83,91,349,25450,8538
8411.5,C:\Data\20260323_MD18-3537\20260324_MD18-3537_S06\MD18-3537_S06_XRF_R1\XRF data\L000367.spe,917.5,107,756,963,5823,13489,4755,240,1608,1327,101384,639,418,642,327,349,0,1945,1127,0,591,5,136,16,141,132,95,0,711,0,0,245,58,87,249,25047,7440
8414,C:\Data\20260323_MD18-3537\20260324_MD18-3537_S06\MD18-3537_S06_XRF_R1\XRF data\L000368.spe,920,99,690,988,5487,14268,4443,204,1732,1324,94991,552,326,593,215,114,0,878,1093,164,645,0,125,128,94,98,44,0,491,0,74,182,162,189,339,24887,6099
8416.5,C:\Data\20260323_MD18-3537\20260324_MD18-3537_S06\MD18-3537_S06_XRF_R1\XRF data\L000369.spe,922.5,81,688,1089,4459,16899,4008,178,1626,1210,80110,503,324,434,185,402,0,901,1355,212,609,11,98,107,105,82,32,0,704,0,0,117,163,125,340,25577,7926
8419,C:\Data\20260323_MD18-3537\20260324_MD18-3537_S06\MD18-3537_S06_XRF_R1\XRF data\L000370.spe,925,89,632,1101,4781,15242,4226,211,1566,1079,85030,520,358,538,104,295,74,1406,1148,150,513,34,146,6,91,139,154,0,471,0,61,155,191,42,257,25601,5704
8421.5,C:\Data\20260323_MD18-3537\20260324_MD18-3537_S06\MD18-3537_S06_XRF_R1\XRF data\L000371.spe,927.5,87,679,881,5882,11843,4571,207,1678,1252,98665,502,337,594,183,249,0,1467,1071,150,547,99,74,42,141,147,86,0,546,22,50,162,154,191,369,24882,5825
8424,C:\Data\20260323_MD18-3537\20260324_MD18-3537_S06\MD18-3537_S06_XRF_R1\XRF data\L000372.spe,930,47,802,892,6542,13819,4791,297,1656,1378,107116,560,401,612,181,247,0,1419,1080,126,516,43,105,150,92,90,187,0,722,0,157,223,208,85,315,23039,6121
8426.5,C:\Data\20260323_MD18-3537\20260324_MD18-3537_S06\MD18-3537_S06_XRF_R1\XRF data\L000373.spe,932.5,58,718,855,6225,15072,4832,240,1583,1366,103385,546,328,480,268,159,93,1443,1153,162,517,40,80,82,120,125,95,0,456,0,254,173,0,81,55,24440,6412
8429,C:\Data\20260323_MD18-3537\20260324_MD18-3537_S06\MD18-3537_S06_XRF_R1\XRF data\L000374.spe,935,114,702,848,6726,7271,4764,150,1599,1083,109697,564,408,633,159,282,0,2234,1071,0,511,13,81,143,105,86,124,0,686,0,56,164,185,232,483,25214,7507
8436.5,C:\Data\20260323_MD18-3537\20260324_MD18-3537_S06\MD18-3537_S06_XRF_R1\XRF data\L000377.spe,942.5,78,668,838,5885,14109,4667,222,1570,1126,102173,494,447,588,124,203,0,2006,1062,49,502,80,118,105,131,119,20,0,677,0,0,189,149,99,258,24486,6390
8439,C:\Data\20260323_MD18-3537\20260324_MD18-3537_S06\MD18-3537_S06_XRF_R1\XRF data\L000378.spe,945,108,694,797,6484,9201,4482,386,1517,984,107337,517,527,604,63,42,175,1897,1006,157,447,57,54,88,69,85,72,0,642,0,89,104,226,105,0,24385,5742
8441.5,C:\Data\20260323_MD18-3537\20260324_MD18-3537_S06\MD18-3537_S06_XRF_R1\XRF data\L000379.spe,947.5,68,740,808,6082,8214,4506,314,1583,1016,106270,447,372,553,27,260,0,1604,965,125,395,32,90,48,139,173,35,0,553,55,318,107,223,0,299,24644,6261
8444,C:\Data\20260323_MD18-3537\20260324_MD18-3537_S06\MD18-3537_S06_XRF_R1\XRF data\L000380.spe,950,79,801,786,6071,9337,4529,220,1642,1009,103993,497,353,545,214,273,60,1696,996,149,580,72,15,62,114,148,54,0,690,15,40,184,116,63,273,23704,8458
8446.5,C:\Data\20260323_MD18-3537\20260324_MD18-3537_S06\MD18-3537_S06_XRF_R1\XRF data\L000381.spe,952.5,88,883,716,6640,9860,4734,247,1646,1015,110259,528,388,610,26,178,133,1411,933,116,491,66,67,192,122,69,125,0,618,0,167,203,338,77,0,25302,7333
8449,C:\Data\20260323_MD18-3537\20260324_MD18-3537_S06\MD18-3537_S06_XRF_R1\XRF data\L000382.spe,955,98,865,821,6728,10461,4875,293,1593,1169,111692,589,431,692,211,176,125,1922,1060,77,393,0,115,122,126,158,42,0,663,0,23,201,159,121,36,25050,7958
8451.5,C:\Data\20260323_MD18-3537\20260324_MD18-3537_S06\MD18-3537_S06_XRF_R1\XRF data\L000383.spe,957.5,148,848,822,6259,10684,4893,266,1606,1220,108298,583,358,704,241,263,0,1528,1023,69,516,79,100,81,106,134,68,0,721,0,26,220,164,106,292,25833,6817
8454,C:\Data\20260323_MD18-3537\20260324_MD18-3537_S06\MD18-3537_S06_XRF_R1\XRF data\L000384.spe,960,92,897,895,6084,11723,4883,207,1747,1206,101426,582,475,610,303,69,22,1994,1032,68,517,31,90,142,126,56,106,0,824,0,0,202,106,277,138,25185,5171
8456.5,C:\Data\20260323_MD18-3537\20260324_MD18-3537_S06\MD18-3537_S06_XRF_R1\XRF data\L000385.spe,962.5,104,842,817,5805,12224,4783,198,1698,1275,95919,525,407,592,201,253,46,2316,1283,76,645,32,89,0,27,195,115,0,497,0,142,201,110,145,195,26386,9300
8459,C:\Data\20260323_MD18-3537\20260324_MD18-3537_S06\MD18-3537_S06_XRF_R1\XRF data\L000386.spe,965,102,830,891,5272,13303,4353,209,1633,1340,87665,639,464,642,257,144,0,1244,1247,185,686,43,84,61,132,114,41,0,728,0,64,248,91,162,214,25980,6306
8461.5,C:\Data\20260323_MD18-3537\20260324_MD18-3537_S06\MD18-3537_S06_XRF_R1\XRF data\L000387.spe,967.5,98,865,879,4792,14245,4245,188,1708,1226,79658,493,440,468,180,323,0,906,1401,172,592,0,100,0,99,157,0,0,683,0,0,185,189,93,398,25904,7302
8464,C:\Data\20260323_MD18-3537\20260324_MD18-3537_S06\MD18-3537_S06_XRF_R1\XRF data\L000388.spe,970,61,794,956,4890,13230,4243,232,1454,1097,82804,639,405,476,213,221,0,1877,1315,83,593,68,56,18,110,156,30,0,736,0,0,206,131,301,195,26183,7985
8466.5,C:\Data\20260323_MD18-3537\20260324_MD18-3537_S06\MD18-3537_S06_XRF_R1\XRF data\L000389.spe,972.5,80,701,981,5619,12451,4382,243,1698,1174,92195,553,466,521,189,216,0,1718,1134,47,587,15,40,115,89,108,63,0,628,0,83,136,258,228,324,25257,5915
8471.5,C:\Data\20260323_MD18-3537\20260324_MD18-3537_S06\MD18-3537_S06_XRF_R1\XRF data\L000391.spe,977.5,66,828,712,6558,10414,4776,263,1629,1441,106362,494,349,616,185,83,103,1883,1005,100,616,54,67,8,158,168,106,0,707,0,84,143,123,216,73,23860,7417
8476.5,C:\Data\20260323_MD18-3537\20260324_MD18-3537_S06\MD18-3537_S06_XRF_R1\XRF data\L000393.spe,982.5,95,800,841,6256,8927,4552,277,1535,1167,104621,500,382,589,170,146,150,2129,986,38,448,48,50,144,121,110,0,0,513,0,255,98,128,158,34,25133,5884
8479,C:\Data\20260323_MD18-3537\20260324_MD18-3537_S06\MD18-3537_S06_XRF_R1\XRF data\L000394.spe,985,80,811,789,6083,10994,4712,235,1716,1041,102239,530,374,664,161,88,183,1166,1001,273,441,86,98,75,158,160,113,0,638,0,103,185,149,27,0,25424,7764
8496.5,C:\Data\20260323_MD18-3537\20260324_MD18-3537_S06\MD18-3537_S06_XRF_R1\XRF data\L000401.spe,1002.5,101,673,876,6499,8938,4705,251,1565,986,107204,551,361,601,169,271,189,1198,902,225,512,0,61,85,117,156,134,0,573,0,172,154,182,220,0,24354,7076
8509,C:\Data\20260323_MD18-3537\20260324_MD18-3537_S06\MD18-3537_S06_XRF_R1\XRF data\L000406.spe,1015,56,660,965,6164,8359,4566,271,1610,998,109530,538,392,597,158,302,0,1402,971,176,515,29,78,96,133,132,0,0,604,0,0,217,171,123,280,24368,6038
8511.5,C:\Data\20260323_MD18-3537\20260324_MD18-3537_S06\MD18-3537_S06_XRF_R1\XRF data\L000407.spe,1017.5,91,665,994,5630,9362,4615,208,1625,964,104690,622,479,594,213,186,51,1708,925,58,543,19,37,80,178,110,37,0,848,0,0,193,195,140,147,24167,5256
8514,C:\Data\20260323_MD18-3537\20260324_MD18-3537_S06\MD18-3537_S06_XRF_R1\XRF data\L000408.spe,1020,99,747,978,5758,10301,4680,307,1658,891,103599,505,455,597,85,305,96,1754,1038,155,453,0,88,28,120,111,105,0,740,0,21,231,223,28,65,25305,8157
8516.5,C:\Data\20260323_MD18-3537\20260324_MD18-3537_S06\MD18-3537_S06_XRF_R1\XRF data\L000409.spe,1022.5,105,715,875,5993,10443,4711,224,1823,781,100231,503,395,563,215,191,72,1206,935,73,571,25,64,151,106,78,206,0,607,0,50,192,206,144,60,24382,6633
8519,C:\Data\20260323_MD18-3537\20260324_MD18-3537_S06\MD18-3537_S06_XRF_R1\XRF data\L000410.spe,1025,74,717,870,6303,8929,4654,215,1644,930,106425,509,434,621,155,115,103,1964,923,90,450,86,75,111,159,152,86,0,667,21,97,139,178,206,98,25120,6856
8521.5,C:\Data\20260323_MD18-3537\20260324_MD18-3537_S06\MD18-3537_S06_XRF_R1\XRF data\L000411.spe,1027.5,105,699,895,6259,11363,4812,253,1691,967,108744,633,363,637,224,193,55,2139,838,23,413,32,84,0,132,176,184,0,755,0,0,235,215,241,96,25035,6980
8526.5,C:\Data\20260323_MD18-3537\20260324_MD18-3537_S06\MD18-3537_S06_XRF_R1\XRF data\L000413.spe,1032.5,106,616,912,5574,14072,4490,236,1632,999,98319,512,289,577,163,276,0,1488,1179,200,625,58,120,107,149,134,193,0,506,0,225,215,147,54,244,24581,7569
8529,C:\Data\20260323_MD18-3537\20260324_MD18-3537_S06\MD18-3537_S06_XRF_R1\XRF data\L000414.spe,1035,90,714,977,6126,10916,4611,153,1573,1120,103719,548,448,590,155,129,145,1893,1064,56,578,73,72,111,126,156,40,0,612,0,96,163,108,114,58,24526,6672
8531.5,C:\Data\20260323_MD18-3537\20260324_MD18-3537_S06\MD18-3537_S06_XRF_R1\XRF data\L000415.spe,1037.5,101,660,954,6664,8402,4641,277,1570,1135,111770,523,354,637,130,85,0,2089,975,87,549,69,81,150,133,103,0,0,497,45,215,184,235,141,177,25060,4514
8534,C:\Data\20260323_MD18-3537\20260324_MD18-3537_S06\MD18-3537_S06_XRF_R1\XRF data\L000416.spe,1040,108,698,973,6630,8804,4539,280,1683,884,113823,538,459,602,211,78,37,1739,891,89,483,67,66,152,120,101,96,0,519,0,86,74,73,160,256,25209,6354
8536.5,C:\Data\20260323_MD18-3537\20260324_MD18-3537_S06\MD18-3537_S06_XRF_R1\XRF data\L000417.spe,1042.5,107,683,874,6544,10030,4838,200,1735,942,111658,584,467,628,216,239,113,2177,996,132,444,78,67,111,145,124,45,0,863,0,0,197,160,120,224,25509,6708
8539,C:\Data\20260323_MD18-3537\20260324_MD18-3537_S06\MD18-3537_S06_XRF_R1\XRF data\L000418.spe,1045,107,732,929,6562,11234,4869,239,1730,963,110607,446,408,585,80,0,171,1473,967,71,438,58,97,160,163,118,68,0,475,28,67,105,155,120,0,24327,7256
8544,C:\Data\20260323_MD18-3537\20260324_MD18-3537_S06\MD18-3537_S06_XRF_R1\XRF data\L000420.spe,1050,97,703,871,6455,11076,4656,286,1617,885,110867,496,465,554,0,189,60,1570,1084,216,489,30,82,153,119,90,138,0,562,0,65,127,247,96,85,24349,7252
8546.5,C:\Data\20260323_MD18-3537\20260324_MD18-3537_S06\MD18-3537_S06_XRF_R1\XRF data\L000421.spe,1052.5,96,698,984,5993,12259,4743,224,1748,935,107197,499,380,509,140,175,69,1503,1022,206,620,0,151,122,142,137,162,0,454,16,0,117,141,0,84,25714,8741
8549,C:\Data\20260323_MD18-3537\20260324_MD18-3537_S06\MD18-3537_S06_XRF_R1\XRF data\L000422.spe,1055,81,719,975,6495,13172,4621,239,1785,1054,108620,624,438,580,130,98,0,1326,1005,173,549,46,52,154,176,112,40,0,504,26,108,141,278,188,314,25899,7842
8551.5,C:\Data\20260323_MD18-3537\20260324_MD18-3537_S06\MD18-3537_S06_XRF_R1\XRF data\L000423.spe,1057.5,93,764,845,6331,14553,4612,308,1622,1194,106581,581,369,559,143,235,0,1632,1082,176,481,41,143,132,130,110,70,0,524,0,143,117,149,0,403,25847,7062
8554,C:\Data\20260323_MD18-3537\20260324_MD18-3537_S06\MD18-3537_S06_XRF_R1\XRF data\L000424.spe,1060,73,776,835,6535,15525,4684,364,1620,1214,104361,431,412,539,261,235,0,1924,1050,152,584,35,154,109,116,146,80,0,416,0,0,86,187,110,318,23955,5854
8556.5,C:\Data\20260323_MD18-3537\20260324_MD18-3537_S06\MD18-3537_S06_XRF_R1\XRF data\L000425.spe,1062.5,73,754,754,6902,16333,4551,218,1738,1355,106717,485,332,607,209,260,11,2006,1113,30,408,74,144,150,167,161,213,0,482,45,238,170,167,89,364,24204,7164
8561.5,C:\Data\20260323_MD18-3537\20260324_MD18-3537_S06\MD18-3537_S06_XRF_R1\XRF data\L000427.spe,1067.5,114,755,909,7374,11517,4686,230,1587,1382,110118,527,361,586,133,239,0,1290,1058,207,334,60,77,87,148,161,0,0,422,17,78,138,163,145,341,24998,7459
8564,C:\Data\20260323_MD18-3537\20260324_MD18-3537_S06\MD18-3537_S06_XRF_R1\XRF data\L000428.spe,1070,82,715,872,6863,13409,4891,242,1587,1403,110468,510,314,580,33,83,20,1656,1031,52,540,100,69,160,147,138,19,0,430,4,123,176,255,41,310,25647,8680
8566.5,C:\Data\20260323_MD18-3537\20260324_MD18-3537_S06\MD18-3537_S06_XRF_R1\XRF data\L000429.spe,1072.5,65,749,793,6475,14773,4859,298,1736,1345,109066,444,435,587,191,97,106,1561,1132,208,506,82,134,189,123,88,119,0,295,94,148,76,164,77,180,24816,6983
8569,C:\Data\20260323_MD18-3537\20260324_MD18-3537_S06\MD18-3537_S06_XRF_R1\XRF data\L000430.spe,1075,111,726,896,6774,11723,4979,256,1665,1329,111248,474,392,613,104,345,0,2186,1101,43,503,85,66,161,142,120,105,0,498,30,11,203,164,72,201,25878,7330
8571.5,C:\Data\20260323_MD18-3537\20260324_MD18-3537_S06\MD18-3537_S06_XRF_R1\XRF data\L000431.spe,1077.5,99,786,927,7348,9745,4885,196,1703,1257,112878,406,411,594,173,379,0,1282,1078,245,435,45,88,176,135,145,172,0,382,15,154,89,158,109,326,25396,7314
8574,C:\Data\20260323_MD18-3537\20260324_MD18-3537_S06\MD18-3537_S06_XRF_R1\XRF data\L000432.spe,1080,88,697,857,6873,11716,4837,317,1728,1329,109816,477,419,653,104,85,199,1441,913,80,456,11,51,90,153,163,75,0,414,0,146,184,123,149,0,25467,7363
8576.5,C:\Data\20260323_MD18-3537\20260324_MD18-3537_S06\MD18-3537_S06_XRF_R1\XRF data\L000433.spe,1082.5,82,676,864,6593,12350,4747,289,1658,1177,108385,507,452,630,125,138,50,1468,920,123,621,41,56,46,137,143,85,0,505,0,171,74,183,155,372,24937,5793
8579,C:\Data\20260323_MD18-3537\20260324_MD18-3537_S06\MD18-3537_S06_XRF_R1\XRF data\L000434.spe,1085,102,772,919,6253,12980,4671,265,1598,1169,105515,548,414,580,195,221,11,1971,1106,118,539,65,99,111,117,149,0,0,650,0,0,174,148,116,299,25872,7018
8581.5,C:\Data\20260323_MD18-3537\20260324_MD18-3537_S06\MD18-3537_S06_XRF_R1\XRF data\L000435.spe,1087.5,98,705,925,6012,13687,4785,214,1740,1092,101145,402,336,557,210,245,73,1369,1085,75,547,37,141,129,117,145,68,0,425,23,67,89,134,96,242,24841,9534
8584,C:\Data\20260323_MD18-3537\20260324_MD18-3537_S06\MD18-3537_S06_XRF_R1\XRF data\L000436.spe,1090,91,740,985,5760,14300,4573,241,1655,1115,98186,414,376,583,160,268,130,1014,1138,159,586,62,151,115,110,158,213,0,419,0,91,112,129,79,225,24614,6723
8586.5,C:\Data\20260323_MD18-3537\20260324_MD18-3537_S06\MD18-3537_S06_XRF_R1\XRF data\L000437.spe,1092.5,114,774,951,5393,15566,4354,220,1672,1130,92384,472,304,524,201,45,141,1365,1116,40,477,49,85,97,109,81,135,0,279,0,172,80,179,102,0,24420,6618
8589,C:\Data\20260323_MD18-3537\20260324_MD18-3537_S06\MD18-3537_S06_XRF_R1\XRF data\L000438.spe,1095,95,681,857,6230,13389,4382,338,1483,1098,98833,527,523,537,352,204,34,2025,1042,109,527,45,146,189,120,90,142,0,494,0,0,73,84,83,295,24576,6101
8591.5,C:\Data\20260323_MD18-3537\20260324_MD18-3537_S06\MD18-3537_S06_XRF_R1\XRF data\L000439.spe,1097.5,133,678,824,6399,15359,4622,312,1554,1290,105930,535,336,604,185,218,0,1372,1024,0,386,82,157,135,144,126,78,0,495,0,130,142,129,164,369,24344,7461
8594,C:\Data\20260323_MD18-3537\20260324_MD18-3537_S06\MD18-3537_S06_XRF_R1\XRF data\L000440.spe,1100,97,742,797,6855,11800,4824,258,1703,1528,107164,565,397,549,244,269,0,1532,1079,158,455,0,84,38,131,133,53,0,628,24,67,161,158,162,536,25254,8025
8596.5,C:\Data\20260323_MD18-3537\20260324_MD18-3537_S06\MD18-3537_S06_XRF_R1\XRF data\L000441.spe,1102.5,96,831,835,7321,7284,4592,279,1671,1132,111141,598,481,585,85,294,0,1998,1089,128,431,5,34,180,107,101,0,0,708,0,0,166,170,68,308,27252,9994
8599,C:\Data\20260323_MD18-3537\20260324_MD18-3537_S06\MD18-3537_S06_XRF_R1\XRF data\L000442.spe,1105,126,843,880,7194,8992,4943,250,1761,983,113452,427,337,624,238,118,40,1725,941,130,558,28,89,168,128,99,198,0,580,88,8,107,189,160,165,25437,7483
8601.5,C:\Data\20260323_MD18-3537\20260324_MD18-3537_S06\MD18-3537_S06_XRF_R1\XRF data\L000443.spe,1107.5,84,838,897,6283,9805,4775,254,1641,995,107921,565,417,651,167,96,53,1447,1122,259,519,94,67,60,136,193,78,0,536,0,135,135,247,272,158,25856,9275
8604,C:\Data\20260323_MD18-3537\20260324_MD18-3537_S06\MD18-3537_S06_XRF_R1\XRF data\L000444.spe,1110,53,778,850,6183,10421,4769,286,1591,1168,102310,456,427,615,25,170,201,1621,1127,116,548,0,125,88,108,97,30,0,515,7,0,109,278,13,61,25193,5745
8606.5,C:\Data\20260323_MD18-3537\20260324_MD18-3537_S06\MD18-3537_S06_XRF_R1\XRF data\L000445.spe,1112.5,121,764,847,5927,11028,5032,229,1732,1063,102130,536,365,552,198,309,0,1345,1100,215,601,35,81,50,133,158,124,0,577,0,33,215,118,80,236,25982,6624
8609,C:\Data\20260323_MD18-3537\20260324_MD18-3537_S06\MD18-3537_S06_XRF_R1\XRF data\L000446.spe,1115,124,760,904,5761,11763,4716,253,1648,1221,96958,540,361,546,148,268,0,1303,1167,179,654,0,120,92,100,93,14,0,478,0,50,88,165,76,232,26280,7364
8611.5,C:\Data\20260323_MD18-3537\20260324_MD18-3537_S06\MD18-3537_S06_XRF_R1\XRF data\L000447.spe,1117.5,115,846,939,4751,13574,4466,161,1669,953,82523,499,361,512,206,306,22,1650,1253,106,606,12,76,41,120,154,66,0,384,0,73,105,128,151,202,27277,7427
8614,C:\Data\20260323_MD18-3537\20260324_MD18-3537_S06\MD18-3537_S06_XRF_R1\XRF data\L000448.spe,1120,100,687,976,5159,11550,4607,165,1566,1049,89344,545,449,596,144,138,163,1932,1153,27,741,53,82,6,113,175,99,0,680,0,0,153,167,184,99,25550,6270
8619,C:\Data\20260323_MD18-3537\20260324_MD18-3537_S06\MD18-3537_S06_XRF_R1\XRF data\L000450.spe,1125,109,727,823,6745,8606,4948,327,1590,1233,110195,544,430,657,189,229,137,1556,1078,207,442,28,26,46,146,137,108,0,655,0,105,167,113,93,201,25160,8166
8621.5,C:\Data\20260323_MD18-3537\20260324_MD18-3537_S06\MD18-3537_S06_XRF_R1\XRF data\L000451.spe,1127.5,74,743,742,6728,10452,4473,238,1595,995,107661,544,374,661,141,258,131,1958,922,88,423,41,32,101,129,154,232,0,513,20,81,227,190,197,115,24320,8099
8624,C:\Data\20260323_MD18-3537\20260324_MD18-3537_S06\MD18-3537_S06_XRF_R1\XRF data\L000452.spe,1130,93,716,848,6508,10794,4410,327,1677,1175,106835,550,396,649,118,205,91,1133,955,99,503,74,56,124,139,101,22,0,776,0,0,210,211,160,73,23319,6747
8626.5,C:\Data\20260323_MD18-3537\20260324_MD18-3537_S06\MD18-3537_S06_XRF_R1\XRF data\L000453.spe,1132.5,130,850,793,6649,10205,4804,280,1735,1020,111059,564,451,568,230,410,0,1156,1017,216,485,114,123,93,151,160,40,0,548,0,104,164,138,58,381,25193,8086
8641.5,C:\Data\20260323_MD18-3537\20260324_MD18-3537_S06\MD18-3537_S06_XRF_R1\XRF data\L000459.spe,1147.5,118,849,661,7210,13322,5113,244,1656,1202,113470,540,433,663,141,351,0,1471,1019,134,517,46,117,68,140,171,65,0,577,14,24,148,203,150,329,25506,7574
8644,C:\Data\20260323_MD18-3537\20260324_MD18-3537_S06\MD18-3537_S06_XRF_R1\XRF data\L000460.spe,1150,125,917,691,6839,13958,4831,259,1643,1236,109850,534,451,611,177,81,45,1587,1114,136,412,50,103,141,134,118,0,0,582,0,173,116,104,231,58,25113,8038
8646.5,C:\Data\20260323_MD18-3537\20260324_MD18-3537_S06\MD18-3537_S06_XRF_R1\XRF data\L000461.spe,1152.5,108,956,653,6680,14220,5047,160,1729,1263,109967,545,475,574,70,147,108,1677,1093,135,508,59,149,6,158,163,136,0,741,0,26,203,202,52,152,25142,7283
8651.5,C:\Data\20260323_MD18-3537\20260324_MD18-3537_S06\MD18-3537_S06_XRF_R1\XRF data\L000463.spe,1157.5,92,836,714,6316,15584,4604,279,1705,1450,101859,514,400,612,116,167,131,1577,1170,127,596,54,85,100,141,103,48,0,570,9,100,185,257,0,150,24631,6103
8656.5,C:\Data\20260323_MD18-3537\20260324_MD18-3537_S06\MD18-3537_S06_XRF_R1\XRF data\L000465.spe,1162.5,91,889,656,5994,16509,4717,225,1654,1197,95975,480,333,526,277,172,12,1306,1192,103,575,29,168,152,85,104,232,0,521,0,61,149,101,107,200,24400,7659
8659,C:\Data\20260323_MD18-3537\20260324_MD18-3537_S06\MD18-3537_S06_XRF_R1\XRF data\L000466.spe,1165,75,1017,656,5741,17693,4615,191,1652,1082,84114,494,387,465,184,239,0,1484,1359,191,783,38,207,106,113,171,131,0,536,0,0,147,192,152,243,26429,7540
8661.5,C:\Data\20260323_MD18-3537\20260324_MD18-3537_S06\MD18-3537_S06_XRF_R1\XRF data\L000467.spe,1167.5,70,848,580,5299,13978,4517,218,1550,944,78675,446,314,443,201,266,0,1685,1042,88,790,13,88,56,107,122,145,0,349,0,0,108,130,0,265,24013,8098
8664,C:\Data\20260323_MD18-3537\20260324_MD18-3537_S06\MD18-3537_S06_XRF_R1\XRF data\L000468.spe,1170,135,862,572,7023,8331,4853,296,1692,1204,106522,519,401,645,169,312,105,1719,1099,77,705,8,97,129,111,113,35,0,672,53,18,176,160,132,116,24010,4598
8666.5,C:\Data\20260323_MD18-3537\20260324_MD18-3537_S06\MD18-3537_S06_XRF_R1\XRF data\L000469.spe,1172.5,120,895,667,7153,8472,4912,249,1665,1398,111198,636,438,660,283,262,71,1771,1007,100,572,21,88,138,114,104,0,0,695,7,0,195,146,133,144,24800,6256
8669,C:\Data\20260323_MD18-3537\20260324_MD18-3537_S06\MD18-3537_S06_XRF_R1\XRF data\L000470.spe,1175,121,816,609,7435,8314,5070,330,1592,1120,115375,581,392,641,294,200,0,1124,969,193,391,65,45,171,99,102,82,0,643,0,0,184,43,45,223,24565,6295
8671.5,C:\Data\20260323_MD18-3537\20260324_MD18-3537_S06\MD18-3537_S06_XRF_R1\XRF data\L000471.spe,1177.5,119,838,688,6772,10331,4979,343,1656,1029,110336,525,263,675,274,244,33,2291,1050,94,468,69,131,136,168,76,81,0,569,44,132,234,98,122,166,24685,9684
8676.5,C:\Data\20260323_MD18-3537\20260324_MD18-3537_S06\MD18-3537_S06_XRF_R1\XRF data\L000473.spe,1182.5,64,824,639,7000,11989,4917,273,1611,1028,110914,511,362,646,100,177,47,1719,1006,143,439,25,93,111,117,156,155,0,439,0,117,123,179,87,272,23806,7030
8679,C:\Data\20260323_MD18-3537\20260324_MD18-3537_S06\MD18-3537_S06_XRF_R1\XRF data\L000474.spe,1185,106,725,714,6830,11875,4934,205,1719,964,110877,447,370,625,235,135,24,1961,1045,97,545,53,69,124,123,132,267,0,461,64,294,132,148,345,356,23024,6951
8684,C:\Data\20260323_MD18-3537\20260324_MD18-3537_S06\MD18-3537_S06_XRF_R1\XRF data\L000476.spe,1190,79,805,686,6732,12526,4867,259,1680,1051,109050,456,367,616,28,144,69,1181,976,132,519,59,77,150,111,111,160,0,340,15,292,112,223,21,170,23240,7064
8686.5,C:\Data\20260323_MD18-3537\20260324_MD18-3537_S06\MD18-3537_S06_XRF_R1\XRF data\L000477.spe,1192.5,119,887,716,7067,13164,4950,416,1528,1142,111610,532,345,650,171,305,0,1340,975,175,437,42,139,74,119,132,83,0,671,0,277,178,171,0,348,24476,7227
8689,C:\Data\20260323_MD18-3537\20260324_MD18-3537_S06\MD18-3537_S06_XRF_R1\XRF data\L000478.spe,1195,93,808,746,6835,16253,4859,306,1677,1216,109896,528,318,625,211,170,61,1727,1118,96,503,125,137,198,132,64,113,0,471,0,160,120,129,176,193,25366,7042
8691.5,C:\Data\20260323_MD18-3537\20260324_MD18-3537_S06\MD18-3537_S06_XRF_R1\XRF data\L000479.spe,1197.5,102,835,730,6478,17689,4825,296,1657,1214,106883,565,390,591,123,141,20,1675,1010,105,461,67,100,143,120,91,43,0,599,0,0,210,211,148,131,23967,7497
8694,C:\Data\20260323_MD18-3537\20260324_MD18-3537_S06\MD18-3537_S06_XRF_R1\XRF data\L000480.spe,1200,70,835,720,6684,18348,4945,236,1711,1307,107822,504,458,669,249,118,19,1389,1077,174,548,47,95,202,153,107,98,0,619,0,150,144,173,121,241,24062,7406
8696.5,C:\Data\20260323_MD18-3537\20260324_MD18-3537_S06\MD18-3537_S06_XRF_R1\XRF data\L000481.spe,1202.5,123,871,712,7302,15091,5172,291,1609,1451,110271,526,437,687,167,193,25,1527,1022,172,513,22,138,114,130,126,29,0,453,0,114,103,111,30,301,24689,8616
8699,C:\Data\20260323_MD18-3537\20260324_MD18-3537_S06\MD18-3537_S06_XRF_R1\XRF data\L000482.spe,1205,129,912,716,7109,13816,5099,320,1642,1390,111530,495,486,651,120,0,186,1568,1087,170,521,168,87,73,146,162,84,0,578,23,0,173,96,156,0,25199,9829
8701.5,C:\Data\20260323_MD18-3537\20260324_MD18-3537_S06\MD18-3537_S06_XRF_R1\XRF data\L000483.spe,1207.5,99,833,703,6709,15767,4971,300,1678,1295,108232,541,419,644,49,409,0,1588,1068,114,474,47,96,113,121,129,152,0,573,12,60,166,233,12,193,24788,7437
8704,C:\Data\20260323_MD18-3537\20260324_MD18-3537_S06\MD18-3537_S06_XRF_R1\XRF data\L000484.spe,1210,110,862,726,7373,12634,4944,223,1619,1362,110782,571,367,626,157,289,62,1519,964,111,530,43,107,166,105,113,31,0,578,17,123,187,206,82,192,24821,6956
8706.5,C:\Data\20260323_MD18-3537\20260324_MD18-3537_S06\MD18-3537_S06_XRF_R1\XRF data\L000485.spe,1212.5,96,842,708,6699,14750,4757,261,1667,1480,108088,519,479,611,91,47,104,1315,1040,159,500,36,120,199,135,87,0,0,760,0,0,126,166,154,58,24211,8700
8709,C:\Data\20260323_MD18-3537\20260324_MD18-3537_S06\MD18-3537_S06_XRF_R1\XRF data\L000486.spe,1215,133,860,700,6283,14450,4844,205,1695,1172,104535,451,315,541,27,258,0,1222,1096,267,473,35,144,159,164,89,149,0,368,0,66,88,110,28,133,25676,8703
8711.5,C:\Data\20260323_MD18-3537\20260324_MD18-3537_S06\MD18-3537_S06_XRF_R1\XRF data\L000487.spe,1217.5,109,824,750,6636,12301,4904,248,1669,1091,106772,439,323,511,128,0,72,1619,1080,85,441,88,85,86,115,153,169,0,507,38,124,115,193,188,120,24130,7457
8714,C:\Data\20260323_MD18-3537\20260324_MD18-3537_S06\MD18-3537_S06_XRF_R1\XRF data\L000488.spe,1220,109,837,720,6477,13340,4783,253,1613,1116,104356,504,345,504,60,135,69,1696,1110,73,535,67,168,156,108,108,0,0,477,24,71,122,269,174,237,24808,8816
8716.5,C:\Data\20260323_MD18-3537\20260324_MD18-3537_S06\MD18-3537_S06_XRF_R1\XRF data\L000489.spe,1222.5,135,785,692,7144,10105,4798,284,1585,962,108138,517,360,529,0,169,114,1602,887,70,482,106,60,97,156,132,171,0,601,0,0,120,180,92,126,24712,8312
8719,C:\Data\20260323_MD18-3537\20260324_MD18-3537_S06\MD18-3537_S06_XRF_R1\XRF data\L000490.spe,1225,93,757,747,6883,12812,4843,228,1556,1094,107087,462,369,607,367,188,16,1783,817,77,434,51,72,59,134,200,88,0,656,76,0,238,107,192,196,23965,8297
8721.5,C:\Data\20260323_MD18-3537\20260324_MD18-3537_S06\MD18-3537_S06_XRF_R1\XRF data\L000491.spe,1227.5,96,770,787,6846,11369,4754,294,1619,1041,107669,570,294,692,316,238,6,1518,900,78,435,76,97,120,106,124,60,0,589,0,39,276,41,207,307,25311,7935
8724,C:\Data\20260323_MD18-3537\20260324_MD18-3537_S06\MD18-3537_S06_XRF_R1\XRF data\L000492.spe,1230,80,714,838,6709,13816,4627,219,1619,1023,106086,503,480,593,341,164,76,1860,1029,152,440,20,62,97,140,139,129,0,694,0,0,178,55,272,58,25805,9536
8726.5,C:\Data\20260323_MD18-3537\20260324_MD18-3537_S06\MD18-3537_S06_XRF_R1\XRF data\L000493.spe,1232.5,49,692,831,6404,14988,4583,284,1625,988,105252,476,431,608,197,129,77,1878,922,61,481,75,118,111,125,88,198,0,462,0,262,135,145,274,211,23763,6634
8729,C:\Data\20260323_MD18-3537\20260324_MD18-3537_S06\MD18-3537_S06_XRF_R1\XRF data\L000494.spe,1235,71,833,907,6659,12571,4656,248,1778,985,107935,528,395,555,109,345,0,1760,1007,80,399,42,138,46,178,177,125,0,599,0,214,226,240,207,394,25080,5900
8731.5,C:\Data\20260323_MD18-3537\20260324_MD18-3537_S06\MD18-3537_S06_XRF_R1\XRF data\L000495.spe,1237.5,117,769,887,6442,12034,4467,310,1747,1016,108039,558,376,581,105,284,0,1603,973,113,349,64,103,151,145,110,56,0,675,17,73,233,173,42,372,26400,7800
8734,C:\Data\20260323_MD18-3537\20260324_MD18-3537_S06\MD18-3537_S06_XRF_R1\XRF data\L000496.spe,1240,117,761,983,6387,14771,4666,254,1652,1030,105258,536,435,636,201,145,69,1464,1150,166,466,22,181,107,103,124,170,0,483,48,121,199,232,190,240,24871,7122
8736.5,C:\Data\20260323_MD18-3537\20260324_MD18-3537_S06\MD18-3537_S06_XRF_R1\XRF data\L000497.spe,1242.5,94,883,794,6333,16024,4696,227,1611,1199,104514,562,423,632,278,263,0,998,1015,156,502,35,178,172,143,113,51,0,714,0,0,111,109,197,421,25839,9136
8739,C:\Data\20260323_MD18-3537\20260324_MD18-3537_S06\MD18-3537_S06_XRF_R1\XRF data\L000498.spe,1245,115,891,811,6050,18137,4795,229,1691,1227,102957,557,433,634,173,239,55,1494,1266,159,487,106,150,166,155,104,87,0,795,0,0,179,157,24,125,25245,8834
8744,C:\Data\20260323_MD18-3537\20260324_MD18-3537_S06\MD18-3537_S06_XRF_R1\XRF data\L000500.spe,1250,91,894,822,6227,17418,4894,242,1725,1331,104031,579,527,549,377,289,0,1933,1141,57,599,36,154,131,117,86,88,0,793,0,0,159,8,225,288,25128,6633
8746.5,C:\Data\20260323_MD18-3537\20260324_MD18-3537_S06\MD18-3537_S06_XRF_R1\XRF data\L000501.spe,1252.5,100,951,710,6537,14706,5166,193,1792,1279,107826,485,382,540,245,148,32,1215,1236,212,476,37,159,76,142,149,229,0,588,0,0,124,113,130,168,25570,8559
8749,C:\Data\20260323_MD18-3537\20260324_MD18-3537_S06\MD18-3537_S06_XRF_R1\XRF data\L000502.spe,1255,95,906,731,6240,13590,4971,159,1721,1374,105728,584,478,606,233,0,107,1819,1188,92,540,24,101,86,172,133,146,0,757,13,27,168,133,183,69,26154,7059
8751.5,C:\Data\20260323_MD18-3537\20260324_MD18-3537_S06\MD18-3537_S06_XRF_R1\XRF data\L000503.spe,1257.5,59,939,797,5866,14778,4966,208,1654,1221,97859,590,421,620,185,293,0,1361,1150,152,591,37,118,68,123,132,100,0,701,0,25,182,248,148,221,25919,6399
8754,C:\Data\20260323_MD18-3537\20260324_MD18-3537_S06\MD18-3537_S06_XRF_R1\XRF data\L000504.spe,1260,82,824,875,5088,15890,4540,186,1691,1097,87653,558,371,540,146,143,83,1890,1297,149,608,33,107,70,101,173,156,0,721,0,84,138,156,0,149,26399,7608
8756.5,C:\Data\20260323_MD18-3537\20260324_MD18-3537_S06\MD18-3537_S06_XRF_R1\XRF data\L000505.spe,1262.5,98,739,986,5043,15030,4424,117,1723,1006,84637,484,419,500,243,271,14,1092,1231,178,599,0,91,19,130,199,202,0,604,0,0,172,63,120,126,25495,6832
8759,C:\Data\20260323_MD18-3537\20260324_MD18-3537_S06\MD18-3537_S06_XRF_R1\XRF data\L000506.spe,1265,113,813,1068,4791,15903,4319,209,1588,996,81707,533,402,499,162,168,0,1612,1280,55,734,43,115,49,120,172,248,0,409,6,133,70,227,176,346,24642,3963
8761.5,C:\Data\20260323_MD18-3537\20260324_MD18-3537_S06\MD18-3537_S06_XRF_R1\XRF data\L000507.spe,1267.5,66,873,943,4208,16685,4154,221,1663,933,71660,549,309,451,291,428,32,1141,1288,151,558,0,137,0,89,150,138,0,651,0,0,228,110,207,214,25837,5429
8764,C:\Data\20260323_MD18-3537\20260324_MD18-3537_S06\MD18-3537_S06_XRF_R1\XRF data\L000508.spe,1270,76,807,878,4883,14621,4066,181,1556,999,77786,498,356,486,218,67,179,744,1166,131,458,36,102,0,116,187,190,0,554,0,6,92,83,135,0,25475,8634
8766.5,C:\Data\20260323_MD18-3537\20260324_MD18-3537_S06\MD18-3537_S06_XRF_R1\XRF data\L000509.spe,1272.5,113,802,693,6265,15262,4477,293,1569,1423,98009,498,380,570,310,218,33,1389,1198,180,591,28,158,122,123,130,129,0,755,0,0,232,170,182,263,25158,7448
8769,C:\Data\20260323_MD18-3537\20260324_MD18-3537_S06\MD18-3537_S06_XRF_R1\XRF data\L000510.spe,1275,104,844,646,6273,16663,4680,253,1570,1231,101034,514,346,653,44,148,4,1407,1034,164,598,59,149,128,149,139,135,0,631,15,0,205,224,93,159,23514,7569
8771.5,C:\Data\20260323_MD18-3537\20260324_MD18-3537_S06\MD18-3537_S06_XRF_R1\XRF data\L000511.spe,1277.5,78,752,698,5784,17690,4500,256,1630,1277,96619,654,324,597,275,393,0,1099,1053,215,394,12,184,26,131,164,133,0,781,0,0,220,118,41,348,24879,7409
8774,C:\Data\20260323_MD18-3537\20260324_MD18-3537_S06\MD18-3537_S06_XRF_R1\XRF data\L000512.spe,1280,102,897,746,6010,16071,4560,175,1608,1257,97605,533,362,618,8,196,0,1265,1141,173,570,0,163,105,145,131,33,0,688,0,34,161,293,104,212,23635,6973
8776.5,C:\Data\20260323_MD18-3537\20260324_MD18-3537_S06\MD18-3537_S06_XRF_R1\XRF data\L000513.spe,1282.5,113,838,688,6432,12835,4788,319,1615,1050,104754,485,405,549,169,295,119,1930,1017,87,540,34,99,99,96,83,215,0,311,0,265,164,134,61,177,24255,8330
8779,C:\Data\20260323_MD18-3537\20260324_MD18-3537_S06\MD18-3537_S06_XRF_R1\XRF data\L000514.spe,1285,104,882,738,6322,14154,4715,232,1643,1143,102887,455,300,554,66,89,68,1693,1235,28,414,25,125,89,131,132,157,0,339,28,311,110,127,149,57,24327,6106
8781.5,C:\Data\20260323_MD18-3537\20260324_MD18-3537_S06\MD18-3537_S06_XRF_R1\XRF data\L000515.spe,1287.5,109,830,793,6131,14960,4468,271,1643,1084,101132,551,385,582,277,224,0,1484,1122,210,391,11,118,110,122,111,199,0,630,0,60,197,87,68,197,24674,8254
8784,C:\Data\20260323_MD18-3537\20260324_MD18-3537_S06\MD18-3537_S06_XRF_R1\XRF data\L000516.spe,1290,92,823,789,6251,15627,4853,245,1589,1276,102300,551,403,586,58,171,84,1805,1063,88,483,45,117,61,141,136,6,0,842,0,28,216,186,86,127,24482,6979
8789,C:\Data\20260323_MD18-3537\20260324_MD18-3537_S06\MD18-3537_S06_XRF_R1\XRF data\L000518.spe,1295,97,824,881,5636,16876,4751,228,1768,1331,95638,485,380,573,202,221,83,1495,1178,114,489,73,169,82,108,130,15,0,581,0,9,129,213,88,216,25285,7776
8791.5,C:\Data\20260323_MD18-3537\20260324_MD18-3537_S06\MD18-3537_S06_XRF_R1\XRF data\L000519.spe,1297.5,71,773,961,5463,16626,4507,254,1596,1117,92004,506,342,550,177,357,0,1743,1188,27,495,0,169,122,106,96,99,0,569,0,31,140,121,110,511,24393,7453
8794,C:\Data\20260323_MD18-3537\20260324_MD18-3537_S06\MD18-3537_S06_XRF_R1\XRF data\L000520.spe,1300,111,843,868,6209,10615,4495,301,1606,1606,101745,547,406,535,207,255,74,1891,1152,55,402,51,103,45,133,166,216,0,619,0,41,130,189,143,218,25985,6688
8796.5,C:\Data\20260323_MD18-3537\20260324_MD18-3537_S06\MD18-3537_S06_XRF_R1\XRF data\L000521.spe,1302.5,78,812,824,6778,9414,4796,344,1630,1094,111079,574,392,680,142,57,72,2136,947,168,401,77,59,44,141,122,208,0,623,0,41,130,175,150,118,26004,7160
8799,C:\Data\20260323_MD18-3537\20260324_MD18-3537_S06\MD18-3537_S06_XRF_R1\XRF data\L000522.spe,1305,120,755,799,6830,10805,4844,228,1666,1079,108795,522,464,697,212,270,0,1380,999,127,558,59,95,112,138,153,141,0,677,0,63,170,155,141,252,25306,6308
8804,C:\Data\20260323_MD18-3537\20260324_MD18-3537_S06\MD18-3537_S06_XRF_R1\XRF data\L000524.spe,1310,103,808,834,6681,11153,4824,252,1781,1016,106984,501,331,624,119,332,0,1393,1059,185,493,76,90,170,131,108,160,0,633,0,0,106,131,57,224,25428,8920
8806.5,C:\Data\20260323_MD18-3537\20260324_MD18-3537_S06\MD18-3537_S06_XRF_R1\XRF data\L000525.spe,1312.5,87,826,818,6216,12055,4743,246,1605,1015,104278,516,442,698,102,230,0,1190,1069,264,572,22,91,135,125,110,217,0,835,0,15,187,260,76,246,24722,9662
8809,C:\Data\20260323_MD18-3537\20260324_MD18-3537_S06\MD18-3537_S06_XRF_R1\XRF data\L000526.spe,1315,75,770,882,6122,12292,4658,276,1614,1079,100335,558,388,590,227,294,10,1903,1170,34,594,38,132,76,150,142,133,0,682,0,0,254,203,116,218,24578,7238
8811.5,C:\Data\20260323_MD18-3537\20260324_MD18-3537_S06\MD18-3537_S06_XRF_R1\XRF data\L000527.spe,1317.5,86,766,953,5555,12824,4571,229,1666,1063,93299,569,426,585,177,247,38,987,1030,199,508,5,127,75,77,125,82,0,690,0,60,168,91,113,271,25477,7562
8814,C:\Data\20260323_MD18-3537\20260324_MD18-3537_S06\MD18-3537_S06_XRF_R1\XRF data\L000528.spe,1320,100,783,937,5846,12931,4572,242,1659,1095,92229,568,404,573,187,395,92,980,1184,278,568,0,109,15,131,167,88,0,560,0,37,192,156,172,241,24953,7432
8816.5,C:\Data\20260323_MD18-3537\20260324_MD18-3537_S06\MD18-3537_S06_XRF_R1\XRF data\L000529.spe,1322.5,66,792,845,6316,12179,4656,268,1695,1286,102999,640,398,609,244,341,0,1872,1157,66,433,0,88,0,127,188,137,0,626,0,190,201,59,77,387,24258,5308
8821.5,C:\Data\20260323_MD18-3537\20260324_MD18-3537_S06\MD18-3537_S06_XRF_R1\XRF data\L000531.spe,1327.5,90,716,828,6383,11679,4728,270,1651,1113,106059,511,418,620,277,176,134,1674,990,102,362,55,94,134,101,101,119,0,617,9,48,171,126,249,99,24702,5822
8824,C:\Data\20260323_MD18-3537\20260324_MD18-3537_S06\MD18-3537_S06_XRF_R1\XRF data\L000532.spe,1330,59,761,852,6771,10217,4678,345,1601,1182,107561,635,450,660,176,123,20,1770,1132,62,349,47,97,158,137,113,48,0,804,0,42,255,215,36,259,25635,7639
8826.5,C:\Data\20260323_MD18-3537\20260324_MD18-3537_S06\MD18-3537_S06_XRF_R1\XRF data\L000533.spe,1332.5,136,729,841,6672,9737,4572,332,1726,1068,107984,512,424,601,281,431,0,1981,918,0,361,9,98,175,125,66,58,0,720,0,109,227,63,180,362,25081,7795
8829,C:\Data\20260323_MD18-3537\20260324_MD18-3537_S06\MD18-3537_S06_XRF_R1\XRF data\L000534.spe,1335,68,644,875,6401,10476,4555,276,1635,1075,106506,542,407,621,338,327,35,1866,972,127,476,62,103,106,97,147,0,0,696,0,11,192,123,136,311,24072,4464
8831.5,C:\Data\20260323_MD18-3537\20260324_MD18-3537_S06\MD18-3537_S06_XRF_R1\XRF data\L000535.spe,1337.5,123,731,817,6532,9966,4618,272,1605,1136,105612,546,429,627,249,296,111,2040,1099,113,518,52,53,172,118,65,0,0,707,0,0,248,162,22,127,25196,8079
8834,C:\Data\20260323_MD18-3537\20260324_MD18-3537_S06\MD18-3537_S06_XRF_R1\XRF data\L000536.spe,1340,129,753,818,6915,5732,4859,257,1701,947,111796,545,459,589,252,107,125,2041,968,0,330,43,49,60,165,147,135,0,721,0,37,262,110,134,114,25133,7879
8839,C:\Data\20260323_MD18-3537\20260324_MD18-3537_S06\MD18-3537_S06_XRF_R1\XRF data\L000538.spe,1345,104,760,794,6618,8040,4681,266,1654,987,110796,476,344,579,48,46,160,1906,1026,158,473,102,48,101,125,129,92,0,472,0,224,134,233,123,10,25737,5323
8844,C:\Data\20260323_MD18-3537\20260324_MD18-3537_S06\MD18-3537_S06_XRF_R1\XRF data\L000540.spe,1350,76,798,870,6104,9632,4794,293,1690,793,109882,540,351,595,108,303,83,1212,950,174,522,137,74,125,133,114,217,0,582,0,46,155,164,97,280,25401,9101
8846.5,C:\Data\20260323_MD18-3537\20260324_MD18-3537_S06\MD18-3537_S06_XRF_R1\XRF data\L000541.spe,1352.5,94,734,848,5964,10747,4582,339,1646,850,104971,559,339,619,181,245,13,1483,996,101,494,59,58,119,121,125,239,0,778,0,22,251,192,125,164,25376,8688
8849,C:\Data\20260323_MD18-3537\20260324_MD18-3537_S06\MD18-3537_S06_XRF_R1\XRF data\L000542.spe,1355,127,737,828,6558,8059,4787,286,1676,904,110030,463,406,590,110,335,69,1818,935,107,460,50,49,53,102,198,244,0,467,84,185,169,209,133,211,24409,8182
8851.5,C:\Data\20260323_MD18-3537\20260324_MD18-3537_S06\MD18-3537_S06_XRF_R1\XRF data\L000543.spe,1357.5,110,772,831,6504,7231,4722,199,1652,863,110586,582,490,631,299,136,131,1686,997,166,411,24,32,75,144,111,84,0,810,0,0,161,153,101,95,25652,6720
8854,C:\Data\20260323_MD18-3537\20260324_MD18-3537_S06\MD18-3537_S06_XRF_R1\XRF data\L000544.spe,1360,108,772,766,6298,9884,4767,262,1710,832,107197,573,317,626,327,173,17,1450,898,105,483,70,54,74,124,145,188,0,616,5,147,194,76,259,178,25050,6964
8856.5,C:\Data\20260323_MD18-3537\20260324_MD18-3537_S06\MD18-3537_S06_XRF_R1\XRF data\L000545.spe,1362.5,92,833,791,6234,10088,4933,196,1642,1005,107592,520,361,626,175,215,0,1502,990,211,520,43,100,49,126,178,32,0,607,0,99,168,185,157,218,24754,6975
8859,C:\Data\20260323_MD18-3537\20260324_MD18-3537_S06\MD18-3537_S06_XRF_R1\XRF data\L000546.spe,1365,90,752,824,6735,10706,5022,259,1713,1042,112775,511,413,630,101,187,62,1782,1087,153,512,33,92,120,147,109,0,0,733,55,0,157,130,84,262,25745,6620
8861.5,C:\Data\20260323_MD18-3537\20260324_MD18-3537_S06\MD18-3537_S06_XRF_R1\XRF data\L000547.spe,1367.5,127,775,835,6769,10312,4911,329,1700,976,109539,527,399,597,205,273,0,2003,1051,41,513,53,111,191,94,132,40,0,637,24,20,256,135,117,293,25475,8564
8864,C:\Data\20260323_MD18-3537\20260324_MD18-3537_S06\MD18-3537_S06_XRF_R1\XRF data\L000548.spe,1370,88,752,844,6219,12722,4660,232,1675,898,101960,501,451,530,126,210,0,1802,1183,33,491,62,95,132,151,139,185,0,646,0,0,142,297,85,139,24448,6509
8866.5,C:\Data\20260323_MD18-3537\20260324_MD18-3537_S06\MD18-3537_S06_XRF_R1\XRF data\L000549.spe,1372.5,97,777,768,6109,10102,4714,216,1670,919,103324,497,343,598,235,207,0,1836,1127,158,417,82,80,122,145,112,121,0,579,98,118,209,89,0,267,26246,7972
8869,C:\Data\20260323_MD18-3537\20260324_MD18-3537_S06\MD18-3537_S06_XRF_R1\XRF data\L000550.spe,1375,113,826,780,6345,10054,4933,283,1679,945,104446,501,402,553,141,0,91,838,1076,171,568,120,76,70,157,174,165,0,583,0,92,136,147,161,0,24674,8814
8871.5,C:\Data\20260323_MD18-3537\20260324_MD18-3537_S06\MD18-3537_S06_XRF_R1\XRF data\L000551.spe,1377.5,74,758,795,6224,10476,4621,213,1644,952,101262,466,469,624,74,170,0,2100,1006,124,484,66,96,183,132,105,21,0,576,0,84,166,219,163,315,25842,7026
8874,C:\Data\20260323_MD18-3537\20260324_MD18-3537_S06\MD18-3537_S06_XRF_R1\XRF data\L000552.spe,1380,89,851,861,6140,10765,4636,280,1692,946,98605,534,513,578,252,46,127,1135,1092,209,558,32,106,53,187,135,130,0,744,0,35,235,95,116,110,25630,8558
8876.5,C:\Data\20260323_MD18-3537\20260324_MD18-3537_S06\MD18-3537_S06_XRF_R1\XRF data\L000553.spe,1382.5,124,847,883,5515,11560,4677,170,1637,919,96106,533,408,575,193,80,0,843,1120,223,645,70,63,50,128,151,224,0,514,0,7,112,166,106,266,25824,7386
8879,C:\Data\20260323_MD18-3537\20260324_MD18-3537_S06\MD18-3537_S06_XRF_R1\XRF data\L000554.spe,1385,82,736,858,5564,11381,4339,226,1681,1058,93054,433,407,508,133,309,186,1510,1153,168,590,54,97,58,123,149,78,0,556,25,0,28,222,0,9,25473,8462
8881.5,C:\Data\20260323_MD18-3537\20260324_MD18-3537_S06\MD18-3537_S06_XRF_R1\XRF data\L000555.spe,1387.5,139,732,820,6601,11055,4566,239,1705,899,98880,458,360,568,178,225,0,1206,1164,220,508,30,82,54,128,172,271,0,447,0,95,146,121,160,289,25136,8413
8884,C:\Data\20260323_MD18-3537\20260324_MD18-3537_S06\MD18-3537_S06_XRF_R1\XRF data\L000556.spe,1390,128,764,862,6893,10856,4675,235,1695,1015,108433,472,472,662,222,187,0,1897,1006,71,505,29,106,173,115,149,97,0,643,47,0,179,138,187,319,24305,7794
8886.5,C:\Data\20260323_MD18-3537\20260324_MD18-3537_S06\MD18-3537_S06_XRF_R1\XRF data\L000557.spe,1392.5,116,685,769,6911,11568,4612,358,1625,1032,111422,491,498,612,177,233,100,2426,1018,0,396,84,127,143,145,95,181,0,720,0,0,183,164,127,140,24775,7344
8889,C:\Data\20260323_MD18-3537\20260324_MD18-3537_S06\MD18-3537_S06_XRF_R1\XRF data\L000558.spe,1395,112,725,837,6895,12375,4597,215,1684,1076,111402,522,411,570,199,295,11,2190,955,85,443,102,92,213,129,44,84,0,677,15,0,184,196,185,328,24076,8945
8894,C:\Data\20260323_MD18-3537\20260324_MD18-3537_S06\MD18-3537_S06_XRF_R1\XRF data\L000560.spe,1400,106,705,785,6902,13287,4743,311,1571,1022,111554,517,431,584,94,129,155,1097,1081,211,413,87,129,141,126,130,184,0,520,0,128,176,163,61,123,24930,8269
8896.5,C:\Data\20260323_MD18-3537\20260324_MD18-3537_S06\MD18-3537_S06_XRF_R1\XRF data\L000561.spe,1402.5,120,786,706,6926,13267,4867,292,1613,1139,113589,534,371,640,131,277,85,2210,1079,150,485,82,124,112,124,155,21,0,648,7,90,196,197,85,72,24731,9019
8899,C:\Data\20260323_MD18-3537\20260324_MD18-3537_S06\MD18-3537_S06_XRF_R1\XRF data\L000562.spe,1405,102,802,721,6769,14274,4735,302,1757,1098,111197,484,370,555,102,208,0,1551,1028,81,383,41,134,148,143,121,92,0,604,30,301,150,193,87,304,25063,6406
8901.5,C:\Data\20260323_MD18-3537\20260324_MD18-3537_S06\MD18-3537_S06_XRF_R1\XRF data\L000563.spe,1407.5,106,840,771,6371,15139,4823,329,1708,1078,106438,492,407,607,178,230,0,1158,1118,139,370,91,178,139,144,130,195,0,568,57,222,151,158,141,244,24868,7103
8904,C:\Data\20260323_MD18-3537\20260324_MD18-3537_S06\MD18-3537_S06_XRF_R1\XRF data\L000564.spe,1410,102,845,745,6250,16364,4754,311,1698,1196,102585,390,393,545,124,43,124,1272,1163,173,573,51,201,128,114,54,38,0,605,18,0,140,206,98,107,24177,7321
8906.5,C:\Data\20260323_MD18-3537\20260324_MD18-3537_S06\MD18-3537_S06_XRF_R1\XRF data\L000565.spe,1412.5,101,740,777,6411,17019,4900,234,1601,1264,102970,484,472,559,196,60,54,1132,1211,233,539,5,190,104,176,144,136,0,591,23,44,106,123,168,104,24239,7272
8909,C:\Data\20260323_MD18-3537\20260324_MD18-3537_S06\MD18-3537_S06_XRF_R1\XRF data\L000566.spe,1415,134,773,716,6315,15891,4681,256,1665,1147,102090,518,451,597,0,234,99,1772,1181,14,529,52,102,93,126,126,191,0,475,0,87,96,264,47,191,22951,9057
8911.5,C:\Data\20260323_MD18-3537\20260324_MD18-3537_S06\MD18-3537_S06_XRF_R1\XRF data\L000567.spe,1417.5,66,840,799,6020,16924,4790,166,1661,1216,101154,468,436,567,161,212,0,1769,1126,54,567,46,117,110,152,136,75,0,545,43,0,153,135,181,308,24341,6628
8914,C:\Data\20260323_MD18-3537\20260324_MD18-3537_S06\MD18-3537_S06_XRF_R1\XRF data\L000568.spe,1420,107,840,717,6635,14138,4647,264,1610,1118,97822,506,512,562,144,284,132,1690,1112,35,714,10,96,134,109,145,161,0,552,0,0,136,189,142,127,23840,7995
8916.5,C:\Data\20260323_MD18-3537\20260324_MD18-3537_S06\MD18-3537_S06_XRF_R1\XRF data\L000569.spe,1422.5,99,783,737,6856,11545,4569,286,1686,1750,107945,496,454,588,173,269,0,1063,962,83,407,66,122,169,124,109,27,0,628,25,185,111,136,128,209,24535,7624
8919,C:\Data\20260323_MD18-3537\20260324_MD18-3537_S06\MD18-3537_S06_XRF_R1\XRF data\L000570.spe,1425,123,756,715,6827,13197,4559,305,1593,1122,108844,499,434,597,31,129,112,1927,1040,39,522,59,90,96,110,181,307,0,577,0,0,166,220,89,0,24160,7883
8921.5,C:\Data\20260323_MD18-3537\20260324_MD18-3537_S06\MD18-3537_S06_XRF_R1\XRF data\L000571.spe,1427.5,101,794,725,6411,16988,4577,261,1638,1223,103694,581,315,615,170,136,0,1377,1054,157,313,6,157,135,135,134,0,0,806,9,0,297,160,122,248,23847,7245
8924,C:\Data\20260323_MD18-3537\20260324_MD18-3537_S06\MD18-3537_S06_XRF_R1\XRF data\L000572.spe,1430,73,811,837,5785,19122,4528,241,1695,1083,98670,538,355,536,135,205,33,1197,1085,200,426,22,170,49,149,155,195,0,556,7,68,133,39,77,238,24820,6663
8926.5,C:\Data\20260323_MD18-3537\20260324_MD18-3537_S06\MD18-3537_S06_XRF_R1\XRF data\L000573.spe,1432.5,86,804,862,5758,18920,4690,191,1726,1034,95565,523,246,507,146,322,0,971,1223,254,377,42,207,132,130,125,152,0,422,0,267,210,249,124,188,24626,7667
8929,C:\Data\20260323_MD18-3537\20260324_MD18-3537_S06\MD18-3537_S06_XRF_R1\XRF data\L000574.spe,1435,81,890,804,5688,20885,4565,229,1678,1043,94212,556,346,538,216,255,0,814,1196,169,465,13,222,68,119,132,137,0,654,0,83,280,151,6,245,25094,8852
8931.5,C:\Data\20260323_MD18-3537\20260324_MD18-3537_S06\MD18-3537_S06_XRF_R1\XRF data\L000575.spe,1437.5,72,911,934,4570,26641,4525,211,1667,975,80197,518,418,484,135,259,25,1228,1307,145,566,0,224,67,95,147,233,0,545,0,8,194,96,82,338,25156,8114
8934,C:\Data\20260323_MD18-3537\20260324_MD18-3537_S06\MD18-3537_S06_XRF_R1\XRF data\L000576.spe,1440,88,916,919,4741,24529,4049,217,1496,1015,73285,534,395,521,251,322,0,1347,1273,75,507,12,298,133,106,142,159,0,541,0,0,163,90,40,199,25464,7448
8936.5,C:\Data\20260323_MD18-3537\20260324_MD18-3537_S06\MD18-3537_S06_XRF_R1\XRF data\L000577.spe,1442.5,93,912,815,5656,17986,4183,250,1664,989,88637,573,438,563,125,168,36,1216,1228,74,418,46,170,115,159,108,86,0,698,0,0,159,76,130,104,26201,9223
8941.5,C:\Data\20260323_MD18-3537\20260324_MD18-3537_S06\MD18-3537_S06_XRF_R1\XRF data\L000579.spe,1447.5,156,849,729,6763,12365,4768,254,1638,966,107158,544,423,560,248,179,74,2095,1023,90,496,57,101,141,140,146,149,0,574,0,47,113,110,151,250,25223,7681
8944,C:\Data\20260323_MD18-3537\20260324_MD18-3537_S06\MD18-3537_S06_XRF_R1\XRF data\L000580.spe,1450,102,910,691,6561,11559,5156,285,1699,967,104931,489,335,583,243,184,59,987,1070,223,414,66,125,0,121,194,166,0,647,12,61,187,29,0,30,25966,7388
8946.5,C:\Data\20260323_MD18-3537\20260324_MD18-3537_S06\MD18-3537_S06_XRF_R1\XRF data\L000581.spe,1452.5,84,859,701,6359,10953,4944,284,1587,956,102319,505,423,584,304,179,80,2197,1160,84,561,53,82,103,144,144,139,0,590,0,175,188,74,318,217,25890,8284
8949,C:\Data\20260323_MD18-3537\20260324_MD18-3537_S06\MD18-3537_S06_XRF_R1\XRF data\L000582.spe,1455,124,862,746,6376,11328,5040,305,1709,889,99488,556,505,544,252,116,20,1757,1037,103,520,44,77,0,126,240,218,0,838,0,0,191,123,153,67,26194,8211
8951.5,C:\Data\20260323_MD18-3537\20260324_MD18-3537_S06\MD18-3537_S06_XRF_R1\XRF data\L000583.spe,1457.5,89,810,821,5898,11664,4522,284,1651,888,96464,604,370,634,182,262,59,1924,1218,104,582,69,99,175,115,77,163,0,547,0,0,233,189,77,177,26319,12269
8954,C:\Data\20260323_MD18-3537\20260324_MD18-3537_S06\MD18-3537_S06_XRF_R1\XRF data\L000584.spe,1460,71,857,812,5643,12655,4429,256,1552,792,88758,559,439,557,172,199,0,1110,1127,279,673,8,131,86,64,92,208,0,484,0,0,114,223,93,220,26528,9564
8956.5,C:\Data\20260323_MD18-3537\20260324_MD18-3537_S06\MD18-3537_S06_XRF_R1\XRF data\L000585.spe,1462.5,81,776,865,4898,11782,4262,233,1492,822,81956,539,311,507,217,270,0,898,1206,195,450,84,111,69,93,122,49,0,741,0,0,259,192,40,232,26391,8929
8959,C:\Data\20260323_MD18-3537\20260324_MD18-3537_S06\MD18-3537_S06_XRF_R1\XRF data\L000586.spe,1465,116,748,794,5597,12466,4167,185,1446,957,92293,432,405,569,234,334,0,1634,918,137,504,92,120,116,103,117,122,0,567,0,0,188,142,101,402,24207,5400
8961.5,C:\Data\20260323_MD18-3537\20260324_MD18-3537_S06\MD18-3537_S06_XRF_R1\XRF data\L000587.spe,1467.5,95,899,746,6572,11798,4886,182,1696,1125,107090,521,404,558,262,23,45,1219,1004,326,424,45,96,101,166,118,92,0,633,0,153,155,74,209,128,25532,7732
8964,C:\Data\20260323_MD18-3537\20260324_MD18-3537_S06\MD18-3537_S06_XRF_R1\XRF data\L000588.spe,1470,152,731,680,6865,10064,4824,254,1669,1064,112326,662,407,647,281,177,122,2007,1027,61,396,38,112,93,108,168,91,0,922,0,0,234,107,23,51,24934,7911
8966.5,C:\Data\20260323_MD18-3537\20260324_MD18-3537_S06\MD18-3537_S06_XRF_R1\XRF data\L000589.spe,1472.5,102,826,753,6712,10656,4889,293,1687,1028,110834,486,457,701,241,147,0,1717,964,72,433,97,108,147,149,164,256,0,680,84,14,190,176,75,218,23919,7937
8969,C:\Data\20260323_MD18-3537\20260324_MD18-3537_S06\MD18-3537_S06_XRF_R1\XRF data\L000590.spe,1475,92,726,748,6653,9808,4686,275,1547,1040,110561,441,407,617,133,300,0,1771,1012,71,398,58,65,164,125,93,20,0,412,0,222,109,156,78,304,24770,7571
8971.5,C:\Data\20260323_MD18-3537\20260324_MD18-3537_S06\MD18-3537_S06_XRF_R1\XRF data\L000591.spe,1477.5,112,749,727,6788,8409,4620,249,1633,871,109260,514,429,610,187,38,154,1869,914,74,510,19,78,152,143,117,219,0,560,35,85,165,153,86,100,23890,7448
8976.5,C:\Data\20260323_MD18-3537\20260324_MD18-3537_S06\MD18-3537_S06_XRF_R1\XRF data\L000593.spe,1482.5,106,757,836,6202,9740,4906,235,1705,1040,108408,509,423,606,180,139,0,1012,1003,322,578,59,76,127,138,97,13,0,682,0,0,158,156,225,239,25374,7490
8981.5,C:\Data\20260323_MD18-3537\20260324_MD18-3537_S06\MD18-3537_S06_XRF_R1\XRF data\L000595.spe,1487.5,76,726,823,5953,10852,4877,153,1741,1012,103159,564,409,567,192,344,0,2006,1093,209,521,59,122,145,160,108,42,0,785,0,0,247,100,38,357,25138,8416
8984,C:\Data\20260323_MD18-3537\20260324_MD18-3537_S06\MD18-3537_S06_XRF_R1\XRF data\L000596.spe,1490,112,789,790,5845,11620,4609,183,1709,1184,100513,488,342,531,211,152,0,1219,1064,74,663,92,76,234,90,35,90,0,544,0,32,143,158,148,226,24240,7583
8986.5,C:\Data\20260323_MD18-3537\20260324_MD18-3537_S06\MD18-3537_S06_XRF_R1\XRF data\L000597.spe,1492.5,68,751,817,6410,10948,4748,273,1696,1111,104756,536,333,538,224,216,27,1254,945,179,504,5,102,86,151,137,115,0,615,0,79,143,141,179,168,23769,8122
8989,C:\Data\20260323_MD18-3537\20260324_MD18-3537_S06\MD18-3537_S06_XRF_R1\XRF data\L000598.spe,1495,71,683,724,6033,9137,4620,236,1548,1060,103784,505,435,571,105,200,74,1531,851,152,503,50,63,80,115,179,23,0,752,44,102,164,218,211,201,24053,8891
9001,C:\Data\20260323_MD18-3537\20260324_MD18-3537_S07\MD18-3537_S07_XRF\XRF data\L000002.spe,5,80,594,1110,5796,9274,4718,198,1770,928,112319,314,243,472,137,89,79,1518,933,122,511,13,122,84,113,198,182,399,0,131,215,0,191,0,93,21606,9558
9003.5,C:\Data\20260323_MD18-3537\20260324_MD18-3537_S07\MD18-3537_S07_XRF\XRF data\L000003.spe,7.5,137,745,1131,6421,11286,5207,236,1722,936,119099,327,342,498,111,66,90,968,1104,305,636,32,107,176,110,98,146,513,0,113,298,0,127,156,196,24899,9154
9006,C:\Data\20260323_MD18-3537\20260324_MD18-3537_S07\MD18-3537_S07_XRF\XRF data\L000004.spe,10,131,844,973,6704,12649,5568,294,1604,1115,121847,245,277,493,206,302,53,1171,1095,212,649,83,96,234,109,149,61,837,0,194,204,0,129,211,259,23816,6973
9008.5,C:\Data\20260323_MD18-3537\20260324_MD18-3537_S07\MD18-3537_S07_XRF\XRF data\L000005.spe,12.5,129,797,1070,7019,8691,5244,249,1830,1017,131100,292,329,571,79,342,78,933,1014,247,606,105,78,235,131,156,156,726,0,157,88,48,186,0,243,25605,9522
9011,C:\Data\20260323_MD18-3537\20260324_MD18-3537_S07\MD18-3537_S07_XRF\XRF data\L000006.spe,15,135,795,1071,7451,6717,5090,295,1978,838,128833,313,326,563,39,205,111,1512,1100,185,488,80,36,208,116,144,160,383,0,152,288,53,279,96,242,27200,7707
9013.5,C:\Data\20260323_MD18-3537\20260324_MD18-3537_S07\MD18-3537_S07_XRF\XRF data\L000007.spe,17.5,106,778,1093,7250,6977,5205,232,1856,996,127399,313,484,644,94,11,186,1200,1035,302,485,89,83,136,147,182,50,595,24,122,80,0,147,111,0,27124,10034
9016,C:\Data\20260323_MD18-3537\20260324_MD18-3537_S07\MD18-3537_S07_XRF\XRF data\L000008.spe,20,99,813,1106,6619,10711,5348,210,1874,1008,118888,293,369,615,36,157,151,1240,970,179,660,122,104,124,137,204,180,915,0,148,194,76,222,0,154,24804,7705
9018.5,C:\Data\20260323_MD18-3537\20260324_MD18-3537_S07\MD18-3537_S07_XRF\XRF data\L000009.spe,22.5,77,841,1011,6152,12740,4967,191,1848,969,110980,275,346,529,68,239,111,894,1036,318,630,50,123,159,101,126,183,798,0,91,150,18,240,180,116,24481,8753
9021,C:\Data\20260323_MD18-3537\20260324_MD18-3537_S07\MD18-3537_S07_XRF\XRF data\L000010.spe,25,140,849,1119,6088,12301,4722,272,1900,949,108678,322,302,556,168,370,111,1071,1220,234,665,58,92,147,132,144,170,494,17,95,174,46,254,161,302,24643,7151
9023.5,C:\Data\20260323_MD18-3537\20260324_MD18-3537_S07\MD18-3537_S07_XRF\XRF data\L000011.spe,27.5,102,765,1100,5977,12482,4734,230,1834,977,104285,296,349,558,189,110,7,788,1130,225,700,78,138,229,115,143,104,868,0,81,249,81,176,208,210,25051,8434
9026,C:\Data\20260323_MD18-3537\20260324_MD18-3537_S07\MD18-3537_S07_XRF\XRF data\L000012.spe,30,89,788,1101,5947,11644,4567,247,1868,990,102406,254,285,555,284,0,98,964,1085,241,604,48,60,183,73,112,108,690,0,109,41,21,39,12,0,25884,10030
9028.5,C:\Data\20260323_MD18-3537\20260324_MD18-3537_S07\MD18-3537_S07_XRF\XRF data\L000013.spe,32.5,93,826,1074,6174,11555,4766,204,1748,889,102222,293,390,541,118,118,102,567,1223,315,627,92,96,159,113,137,189,667,0,87,110,35,150,148,143,25297,8260
9031,C:\Data\20260323_MD18-3537\20260324_MD18-3537_S07\MD18-3537_S07_XRF\XRF data\L000014.spe,35,52,765,1167,5795,11760,4512,211,1928,920,94417,345,416,478,243,220,90,915,1251,207,762,0,84,144,92,125,161,172,124,39,0,0,144,84,107,25894,6903
9033.5,C:\Data\20260323_MD18-3537\20260324_MD18-3537_S07\MD18-3537_S07_XRF\XRF data\L000015.spe,37.5,106,626,1502,4485,12051,3596,179,1839,784,78611,361,272,418,195,150,73,916,1316,159,818,0,110,127,58,165,102,521,0,0,59,38,133,111,189,25385,10011
9036,C:\Data\20260323_MD18-3537\20260324_MD18-3537_S07\MD18-3537_S07_XRF\XRF data\L000016.spe,40,87,648,1382,4015,13210,3791,202,1812,753,72321,312,344,389,250,334,0,662,1264,149,675,52,91,94,86,149,255,405,0,0,0,0,208,164,507,25650,8342
9038.5,C:\Data\20260323_MD18-3537\20260324_MD18-3537_S07\MD18-3537_S07_XRF\XRF data\L000017.spe,42.5,63,599,1424,3953,13098,3624,148,1886,810,73732,391,255,388,220,239,167,578,1323,227,623,0,91,0,98,210,236,601,0,0,43,41,166,60,72,26626,9807
9041,C:\Data\20260323_MD18-3537\20260324_MD18-3537_S07\MD18-3537_S07_XRF\XRF data\L000018.spe,45,81,603,1424,4105,13012,3797,192,1659,830,72095,346,313,437,206,41,9,420,1302,249,741,17,74,90,92,139,103,455,0,0,0,0,180,145,214,25234,10098
9043.5,C:\Data\20260323_MD18-3537\20260324_MD18-3537_S07\MD18-3537_S07_XRF\XRF data\L000019.spe,47.5,79,581,1416,4454,13331,3729,201,1807,911,78399,255,258,439,166,176,0,801,1177,123,773,28,128,161,82,103,140,640,0,29,139,0,143,208,223,24492,8322
9046,C:\Data\20260323_MD18-3537\20260324_MD18-3537_S07\MD18-3537_S07_XRF\XRF data\L000020.spe,50,77,713,1147,5208,13817,4270,171,1757,972,92689,287,226,449,174,168,92,1053,1135,200,560,32,142,121,105,149,196,662,0,46,330,41,195,106,251,23264,7053
9048.5,C:\Data\20260323_MD18-3537\20260324_MD18-3537_S07\MD18-3537_S07_XRF\XRF data\L000021.spe,52.5,94,747,1131,5605,15128,4340,145,1778,989,98466,330,381,549,230,201,0,944,1242,278,501,60,133,215,129,142,220,465,13,67,201,29,161,188,185,25195,8381
9051,C:\Data\20260323_MD18-3537\20260324_MD18-3537_S07\MD18-3537_S07_XRF\XRF data\L000022.spe,55,94,791,1020,5546,15560,4464,209,1804,1029,96597,358,376,586,220,166,108,1056,1084,144,531,44,124,201,110,138,198,385,55,57,91,112,234,246,241,24060,8883
9053.5,C:\Data\20260323_MD18-3537\20260324_MD18-3537_S07\MD18-3537_S07_XRF\XRF data\L000023.spe,57.5,46,791,1091,5468,16265,4257,129,1713,1159,87526,303,220,464,230,211,87,1101,1202,124,596,0,149,139,127,178,101,483,0,62,104,0,40,129,166,24702,8491
9056,C:\Data\20260323_MD18-3537\20260324_MD18-3537_S07\MD18-3537_S07_XRF\XRF data\L000024.spe,60,108,759,984,4889,16300,4023,208,1647,1126,84880,327,255,457,177,0,134,670,1263,199,473,16,170,176,66,94,5,599,0,0,12,0,115,202,67,24371,9924
9058.5,C:\Data\20260323_MD18-3537\20260324_MD18-3537_S07\MD18-3537_S07_XRF\XRF data\L000025.spe,62.5,83,717,1047,5232,11889,4207,174,1645,1172,89813,209,289,495,184,375,11,1228,1212,66,605,92,99,181,93,136,137,797,0,107,115,0,266,255,344,22881,8695
9061,C:\Data\20260323_MD18-3537\20260324_MD18-3537_S07\MD18-3537_S07_XRF\XRF data\L000026.spe,65,112,614,1171,5539,8990,4238,264,1653,981,97269,255,251,455,59,37,223,1251,1180,291,500,38,106,146,90,131,112,474,0,17,202,0,125,30,0,25224,9139
9063.5,C:\Data\20260323_MD18-3537\20260324_MD18-3537_S07\MD18-3537_S07_XRF\XRF data\L000027.spe,67.5,70,650,1060,6003,6822,4371,179,1821,1040,104863,246,274,473,169,0,272,969,968,136,598,78,68,239,119,134,114,999,0,122,161,27,124,138,0,23971,7916
9066,C:\Data\20260323_MD18-3537\20260324_MD18-3537_S07\MD18-3537_S07_XRF\XRF data\L000028.spe,70,126,716,963,6354,5993,4468,309,1648,906,106605,272,262,499,113,137,251,1227,893,115,452,58,32,184,137,140,154,830,0,46,108,10,240,59,0,24859,10226
9068.5,C:\Data\20260323_MD18-3537\20260324_MD18-3537_S07\MD18-3537_S07_XRF\XRF data\L000029.spe,72.5,117,682,905,6345,6707,4468,133,1668,961,107333,298,361,561,166,260,158,542,836,243,551,27,40,124,112,191,33,554,46,128,132,16,173,303,87,23857,8284
9071,C:\Data\20260323_MD18-3537\20260324_MD18-3537_S07\MD18-3537_S07_XRF\XRF data\L000030.spe,75,87,690,1067,6093,6943,4372,254,1715,843,105641,273,276,535,177,180,148,1162,989,158,581,54,71,210,128,145,185,635,0,135,300,0,143,229,243,23805,9098
9073.5,C:\Data\20260323_MD18-3537\20260324_MD18-3537_S07\MD18-3537_S07_XRF\XRF data\L000031.spe,77.5,78,657,1119,6078,7257,4374,218,1697,827,106946,241,206,467,145,0,288,1272,968,189,620,91,88,221,79,117,179,987,0,65,159,0,184,290,22,23203,10328
9076,C:\Data\20260323_MD18-3537\20260324_MD18-3537_S07\MD18-3537_S07_XRF\XRF data\L000032.spe,80,99,683,1021,6074,7710,4557,242,1544,1001,106698,213,198,421,275,411,75,1552,1013,252,501,92,64,165,77,150,32,1069,0,88,280,0,70,65,266,25313,6518
9078.5,C:\Data\20260323_MD18-3537\20260324_MD18-3537_S07\MD18-3537_S07_XRF\XRF data\L000033.spe,82.5,104,622,1238,5588,7980,4395,159,1780,856,105175,203,193,417,20,122,93,744,1077,251,667,81,43,208,100,127,179,996,0,112,168,0,232,164,150,24653,7718
9081,C:\Data\20260323_MD18-3537\20260324_MD18-3537_S07\MD18-3537_S07_XRF\XRF data\L000034.spe,85,104,735,1175,6129,8488,4922,190,1878,901,109461,245,149,502,193,66,211,1209,1049,146,684,53,80,81,82,219,205,639,0,123,155,17,184,35,36,23784,9386
9083.5,C:\Data\20260323_MD18-3537\20260324_MD18-3537_S07\MD18-3537_S07_XRF\XRF data\L000035.spe,87.5,78,694,1091,5810,9413,4554,240,1673,883,103265,214,388,452,6,133,131,1073,1008,167,685,71,112,205,129,123,245,778,0,67,276,0,170,33,262,25028,7332
9086,C:\Data\20260323_MD18-3537\20260324_MD18-3537_S07\MD18-3537_S07_XRF\XRF data\L000036.spe,90,131,817,1134,6513,9292,4703,238,1786,1130,104537,329,281,494,177,337,0,248,1050,381,663,78,47,243,86,149,144,927,0,95,165,0,171,120,364,25805,8296
9088.5,C:\Data\20260323_MD18-3537\20260324_MD18-3537_S07\MD18-3537_S07_XRF\XRF data\L000037.spe,92.5,101,687,1287,5491,10896,4671,252,1714,1100,96311,402,235,559,231,140,61,525,1309,261,752,49,69,130,105,163,201,491,0,0,181,42,137,166,82,24563,9436
9091,C:\Data\20260323_MD18-3537\20260324_MD18-3537_S07\MD18-3537_S07_XRF\XRF data\L000038.spe,95,77,711,1324,4343,13090,4308,161,1731,1002,82070,314,356,457,98,332,0,1013,1284,156,850,67,144,181,77,109,192,753,0,0,0,0,268,133,423,25029,8925
9093.5,C:\Data\20260323_MD18-3537\20260324_MD18-3537_S07\MD18-3537_S07_XRF\XRF data\L000039.spe,97.5,64,626,1383,3821,12439,3968,153,1886,904,72702,310,315,327,106,132,15,581,1222,249,857,52,123,73,89,158,164,399,0,26,104,0,141,209,178,25747,8430
9096,C:\Data\20260323_MD18-3537\20260324_MD18-3537_S07\MD18-3537_S07_XRF\XRF data\L000040.spe,100,96,587,1163,4258,12050,4011,231,1607,898,74049,363,296,447,278,165,85,810,1196,224,717,90,43,36,73,184,153,753,0,0,28,0,106,140,115,25360,8156
9098.5,C:\Data\20260323_MD18-3537\20260324_MD18-3537_S07\MD18-3537_S07_XRF\XRF data\L000041.spe,102.5,82,780,930,5789,8759,4602,250,1655,1090,94579,347,292,559,120,149,170,538,1035,263,819,65,104,155,84,135,147,545,0,10,128,101,229,94,112,24266,7424
9101,C:\Data\20260323_MD18-3537\20260324_MD18-3537_S07\MD18-3537_S07_XRF\XRF data\L000042.spe,105,75,828,939,6016,8159,4633,231,1679,1171,100291,265,325,511,135,398,0,863,1112,311,659,33,79,123,119,195,158,636,0,157,101,38,281,124,508,24981,6036
9103.5,C:\Data\20260323_MD18-3537\20260324_MD18-3537_S07\MD18-3537_S07_XRF\XRF data\L000043.spe,107.5,117,659,986,6107,6687,4574,135,1654,1256,103315,336,306,561,148,224,149,1154,1039,184,584,83,49,162,169,186,90,915,0,106,140,19,265,67,112,24644,7760
9106,C:\Data\20260323_MD18-3537\20260324_MD18-3537_S07\MD18-3537_S07_XRF\XRF data\L000044.spe,110,111,795,978,6216,7050,4621,189,1687,884,103468,204,266,498,127,21,22,583,1045,296,599,62,61,103,111,179,150,805,0,150,308,0,226,239,152,23679,8902
9108.5,C:\Data\20260323_MD18-3537\20260324_MD18-3537_S07\MD18-3537_S07_XRF\XRF data\L000045.spe,112.5,72,784,1030,6073,7106,4643,218,1755,798,105214,277,417,437,0,215,23,1449,959,118,566,28,48,176,105,149,177,690,0,111,174,25,284,187,387,24859,10449
9111,C:\Data\20260323_MD18-3537\20260324_MD18-3537_S07\MD18-3537_S07_XRF\XRF data\L000046.spe,115,63,700,1074,6123,7165,4506,202,1832,833,104283,243,263,552,147,198,83,1592,990,92,656,67,14,166,134,117,152,652,0,110,273,0,213,123,245,24274,8467
9113.5,C:\Data\20260323_MD18-3537\20260324_MD18-3537_S07\MD18-3537_S07_XRF\XRF data\L000047.spe,117.5,78,662,1053,6027,6904,4670,214,1764,879,103350,148,164,414,150,97,94,1848,932,103,818,88,10,115,140,136,174,1130,0,101,169,0,169,228,261,23922,10553
9116,C:\Data\20260323_MD18-3537\20260324_MD18-3537_S07\MD18-3537_S07_XRF\XRF data\L000048.spe,120,90,619,1158,6146,6352,4701,191,1891,898,105261,251,266,589,231,193,67,990,1012,196,585,51,35,164,99,189,109,997,0,108,251,0,151,129,313,24638,9885
9118.5,C:\Data\20260323_MD18-3537\20260324_MD18-3537_S07\MD18-3537_S07_XRF\XRF data\L000049.spe,122.5,73,518,1263,5781,5649,4537,217,1741,832,103606,218,240,475,182,104,201,382,1085,288,540,113,70,130,89,208,136,1030,0,85,331,0,243,124,7,25174,6732
9121,C:\Data\20260323_MD18-3537\20260324_MD18-3537_S07\MD18-3537_S07_XRF\XRF data\L000050.spe,125,74,652,1221,5916,6309,4540,184,1806,750,104884,198,343,474,209,34,223,930,997,213,683,53,45,143,107,160,188,667,0,152,293,0,136,187,141,24612,7853
9123.5,C:\Data\20260323_MD18-3537\20260324_MD18-3537_S07\MD18-3537_S07_XRF\XRF data\L000051.spe,127.5,112,605,1106,5820,6471,4624,278,1783,856,106269,225,256,477,300,288,9,627,955,320,522,118,37,114,111,200,55,786,0,139,125,0,195,189,298,24915,9428
9126,C:\Data\20260323_MD18-3537\20260324_MD18-3537_S07\MD18-3537_S07_XRF\XRF data\L000052.spe,130,88,674,1121,6050,7481,4593,220,1702,778,109070,187,293,527,147,131,111,1417,1023,216,610,41,49,115,110,192,194,1192,0,91,296,0,132,268,15,24935,10441
9128.5,C:\Data\20260323_MD18-3537\20260324_MD18-3537_S07\MD18-3537_S07_XRF\XRF data\L000053.spe,132.5,92,651,1111,5924,8035,4364,224,1773,870,110298,254,284,458,161,295,6,902,987,348,591,55,79,237,95,120,103,975,0,141,177,22,136,100,270,25258,9466
9131,C:\Data\20260323_MD18-3537\20260324_MD18-3537_S07\MD18-3537_S07_XRF\XRF data\L000054.spe,135,83,672,1042,6006,8628,4719,304,1672,871,109284,110,162,464,36,212,109,1256,925,92,607,60,74,147,99,177,210,1489,0,161,260,0,237,60,155,23925,10034
9133.5,C:\Data\20260323_MD18-3537\20260324_MD18-3537_S07\MD18-3537_S07_XRF\XRF data\L000055.spe,137.5,67,685,1042,5977,9767,4636,239,1722,969,109211,232,307,444,196,0,289,1169,974,122,549,113,55,171,116,151,32,892,0,57,134,0,180,143,0,23345,8315
9136,C:\Data\20260323_MD18-3537\20260324_MD18-3537_S07\MD18-3537_S07_XRF\XRF data\L000056.spe,140,88,665,1005,5826,9907,4638,254,1755,913,107588,225,357,552,86,161,152,501,1174,370,574,59,98,175,149,164,238,1068,0,163,281,0,160,22,208,25361,9392
9138.5,C:\Data\20260323_MD18-3537\20260324_MD18-3537_S07\MD18-3537_S07_XRF\XRF data\L000057.spe,142.5,98,666,1061,5897,11257,4714,138,1730,942,102070,169,244,459,148,141,37,395,1162,297,851,36,107,189,148,235,226,1506,0,132,234,0,147,53,230,24506,9112
9141,C:\Data\20260323_MD18-3537\20260324_MD18-3537_S07\MD18-3537_S07_XRF\XRF data\L000058.spe,145,80,696,1113,5564,11960,4556,225,1798,968,97912,185,115,474,229,69,125,930,1148,208,678,113,92,189,68,182,189,1132,0,145,196,0,118,187,124,24597,9400
9143.5,C:\Data\20260323_MD18-3537\20260324_MD18-3537_S07\MD18-3537_S07_XRF\XRF data\L000059.spe,147.5,70,731,1194,5287,12442,4340,171,1801,966,91815,107,165,425,222,98,190,693,1217,307,691,17,105,154,74,202,245,1421,0,148,140,0,63,66,0,24339,9661
9146,C:\Data\20260323_MD18-3537\20260324_MD18-3537_S07\MD18-3537_S07_XRF\XRF data\L000060.spe,150,74,709,929,5502,12179,4393,202,1617,1215,90631,200,310,390,71,109,51,546,1195,264,677,63,70,214,73,133,78,1325,0,84,170,0,302,158,231,24212,8020
9148.5,C:\Data\20260323_MD18-3537\20260324_MD18-3537_S07\MD18-3537_S07_XRF\XRF data\L000061.spe,152.5,103,796,804,6498,8216,4541,178,1645,1404,101900,281,233,435,82,33,66,1071,1155,210,782,47,76,187,122,150,113,789,0,36,146,0,151,214,242,23681,9635
9151,C:\Data\20260323_MD18-3537\20260324_MD18-3537_S07\MD18-3537_S07_XRF\XRF data\L000062.spe,155,95,823,799,7191,7282,4751,198,1736,1180,114513,253,190,581,242,354,71,959,885,263,755,89,62,283,135,137,144,1220,0,109,87,0,186,60,301,24060,8661
9153.5,C:\Data\20260323_MD18-3537\20260324_MD18-3537_S07\MD18-3537_S07_XRF\XRF data\L000063.spe,157.5,121,795,791,6943,7758,4859,211,1622,1093,112384,166,156,504,69,203,122,873,900,232,574,80,74,205,105,168,89,1311,0,208,474,0,237,31,72,23188,7906
9156,C:\Data\20260323_MD18-3537\20260324_MD18-3537_S07\MD18-3537_S07_XRF\XRF data\L000064.spe,160,121,823,814,6497,10889,4909,197,1788,1132,110864,241,282,530,64,33,44,416,1045,417,599,91,115,214,116,176,88,1315,0,110,366,0,141,240,207,24517,8217
9158.5,C:\Data\20260323_MD18-3537\20260324_MD18-3537_S07\MD18-3537_S07_XRF\XRF data\L000065.spe,162.5,99,771,846,6472,10992,4808,273,1699,974,110211,229,308,483,178,302,25,567,1004,234,597,23,124,168,81,124,218,902,0,138,246,0,124,194,227,23297,7377
9161,C:\Data\20260323_MD18-3537\20260324_MD18-3537_S07\MD18-3537_S07_XRF\XRF data\L000066.spe,165,120,822,847,6250,10848,4926,174,1704,952,110648,215,271,565,104,200,84,639,1193,286,613,28,155,256,99,131,242,1393,0,134,109,48,173,181,96,24587,10818
9163.5,C:\Data\20260323_MD18-3537\20260324_MD18-3537_S07\MD18-3537_S07_XRF\XRF data\L000067.spe,167.5,86,868,888,6224,11408,5084,191,1734,1076,108017,218,253,419,93,298,104,697,1136,346,667,123,106,113,145,200,97,1021,0,137,179,0,195,92,131,25614,9957
9166,C:\Data\20260323_MD18-3537\20260324_MD18-3537_S07\MD18-3537_S07_XRF\XRF data\L000068.spe,170,100,813,904,6463,11852,4827,243,1830,916,104928,189,202,545,88,72,163,987,992,266,816,22,105,216,112,147,279,1258,0,100,312,0,192,88,88,24523,9795
9168.5,C:\Data\20260323_MD18-3537\20260324_MD18-3537_S07\MD18-3537_S07_XRF\XRF data\L000069.spe,172.5,92,743,927,5815,12128,4824,202,1749,1034,101309,262,248,579,230,194,119,730,1171,241,659,102,139,130,114,161,192,1480,0,112,29,17,139,135,144,25060,10008
9171,C:\Data\20260323_MD18-3537\20260324_MD18-3537_S07\MD18-3537_S07_XRF\XRF data\L000070.spe,175,121,830,898,6197,12581,4581,167,1831,1033,99918,276,215,541,156,67,126,1190,1188,165,679,51,142,225,121,149,207,1283,0,106,149,0,212,223,74,23740,8790
9173.5,C:\Data\20260323_MD18-3537\20260324_MD18-3537_S07\MD18-3537_S07_XRF\XRF data\L000071.spe,177.5,79,821,912,5835,13023,4653,164,1814,1227,98804,172,270,500,55,135,187,1018,1272,140,683,78,122,184,119,214,149,1578,0,99,157,0,255,92,0,25409,9526
9176,C:\Data\20260323_MD18-3537\20260324_MD18-3537_S07\MD18-3537_S07_XRF\XRF data\L000072.spe,180,86,816,875,5411,13212,4483,181,1786,1071,94112,178,177,398,84,77,141,344,1180,169,975,96,117,209,127,150,220,1413,0,140,486,0,227,108,39,22982,11171
9178.5,C:\Data\20260323_MD18-3537\20260324_MD18-3537_S07\MD18-3537_S07_XRF\XRF data\L000073.spe,182.5,90,795,808,5775,10554,4525,244,1809,988,94494,230,225,423,186,332,74,701,1103,182,545,62,115,114,88,180,233,1162,0,64,99,0,179,67,151,23616,7727
9181,C:\Data\20260323_MD18-3537\20260324_MD18-3537_S07\MD18-3537_S07_XRF\XRF data\L000074.spe,185,136,764,835,5670,10644,4426,224,1625,1052,97051,172,238,487,123,171,61,879,1038,354,691,77,128,224,68,112,133,1545,0,129,132,0,234,240,247,24800,7936
9183.5,C:\Data\20260323_MD18-3537\20260324_MD18-3537_S07\MD18-3537_S07_XRF\XRF data\L000075.spe,187.5,106,731,878,5817,10865,4565,129,1681,1045,97861,209,319,538,150,0,173,1242,1054,203,659,53,105,189,124,211,233,1509,0,85,138,0,254,158,0,24806,9780
9186,C:\Data\20260323_MD18-3537\20260324_MD18-3537_S07\MD18-3537_S07_XRF\XRF data\L000076.spe,190,114,818,899,6019,10133,4564,209,1667,1127,102164,147,241,502,195,186,0,768,1040,239,719,115,78,229,114,170,138,1615,0,115,317,0,94,167,285,23016,7621
9188.5,C:\Data\20260323_MD18-3537\20260324_MD18-3537_S07\MD18-3537_S07_XRF\XRF data\L000077.spe,192.5,123,752,916,6216,10077,4630,168,1778,1061,104237,146,298,480,66,193,27,643,1047,223,574,65,80,208,107,137,186,1667,0,177,314,0,288,179,265,23305,7261
9191,C:\Data\20260323_MD18-3537\20260324_MD18-3537_S07\MD18-3537_S07_XRF\XRF data\L000078.spe,195,78,767,846,6247,10535,4655,187,1724,1080,105567,264,261,527,257,242,100,287,1085,314,447,12,112,136,112,210,186,1069,0,169,189,0,99,136,183,24692,8714
9193.5,C:\Data\20260323_MD18-3537\20260324_MD18-3537_S07\MD18-3537_S07_XRF\XRF data\L000079.spe,197.5,143,812,890,6223,10608,4660,203,1666,1078,105871,62,320,435,90,194,158,286,948,390,614,33,94,150,110,204,248,1650,0,188,276,0,187,134,199,22903,8790
9196,C:\Data\20260323_MD18-3537\20260324_MD18-3537_S07\MD18-3537_S07_XRF\XRF data\L000080.spe,200,80,729,934,5953,10222,4527,147,1871,1010,105295,161,225,477,0,250,157,1083,992,143,557,108,106,201,72,160,124,1496,0,186,283,0,262,134,162,23183,8324
9198.5,C:\Data\20260323_MD18-3537\20260324_MD18-3537_S07\MD18-3537_S07_XRF\XRF data\L000081.spe,202.5,103,728,930,6074,9846,4548,186,1774,1005,104322,163,293,586,219,46,162,366,1001,290,762,80,100,199,94,165,144,1740,0,118,213,0,185,173,144,23682,10646
9201,C:\Data\20260323_MD18-3537\20260324_MD18-3537_S07\MD18-3537_S07_XRF\XRF data\L000082.spe,205,64,700,981,5867,10003,4551,225,1821,916,103270,187,211,438,176,60,25,629,1140,288,582,86,103,154,71,165,202,1482,0,137,134,0,194,130,258,24462,8584
9203.5,C:\Data\20260323_MD18-3537\20260324_MD18-3537_S07\MD18-3537_S07_XRF\XRF data\L000083.spe,207.5,56,591,936,5686,9926,4128,270,1707,928,99325,154,275,397,94,122,82,762,1253,73,537,78,118,159,107,151,213,1266,0,132,127,0,196,240,147,23957,11701
9206,C:\Data\20260323_MD18-3537\20260324_MD18-3537_S07\MD18-3537_S07_XRF\XRF data\L000084.spe,210,77,659,1008,5753,8770,4299,239,1690,864,104001,72,240,431,59,35,209,533,999,284,416,89,115,174,89,228,186,1575,0,182,311,0,136,33,73,24289,10244
9208.5,C:\Data\20260323_MD18-3537\20260324_MD18-3537_S07\MD18-3537_S07_XRF\XRF data\L000085.spe,212.5,109,719,1002,5853,9193,4542,158,1786,841,105825,202,288,519,124,167,63,253,1046,246,551,77,37,142,119,227,182,1353,0,173,83,0,203,194,205,22990,10824
9211,C:\Data\20260323_MD18-3537\20260324_MD18-3537_S07\MD18-3537_S07_XRF\XRF data\L000086.spe,215,78,641,1036,5728,8191,4570,170,1739,862,103072,159,170,442,54,150,116,245,883,286,615,52,67,153,96,154,204,1489,0,116,282,0,174,139,91,23210,7566
9213.5,C:\Data\20260323_MD18-3537\20260324_MD18-3537_S07\MD18-3537_S07_XRF\XRF data\L000087.spe,217.5,104,735,1084,5904,8093,4675,167,1831,868,107959,104,194,425,249,187,78,1071,902,186,674,134,133,231,81,164,216,1782,0,218,234,0,161,193,218,23388,11069
9216,C:\Data\20260323_MD18-3537\20260324_MD18-3537_S07\MD18-3537_S07_XRF\XRF data\L000088.spe,220,76,687,982,6000,9205,4506,216,1775,837,109446,36,250,451,40,121,177,892,918,145,567,39,76,187,109,166,175,1815,0,168,378,0,184,147,61,24108,8694
9218.5,C:\Data\20260323_MD18-3537\20260324_MD18-3537_S07\MD18-3537_S07_XRF\XRF data\L000089.spe,222.5,96,664,961,5986,8910,4536,226,1672,911,107612,161,226,441,45,0,214,868,958,234,634,92,70,204,96,162,199,1875,0,113,247,0,216,113,160,24976,11989
9221,C:\Data\20260323_MD18-3537\20260324_MD18-3537_S07\MD18-3537_S07_XRF\XRF data\L000090.spe,225,110,769,1018,6434,8176,4655,296,1756,1010,110307,201,269,534,96,102,136,148,984,357,575,35,85,251,101,140,32,1703,0,138,161,0,271,245,117,24678,7988
9223.5,C:\Data\20260323_MD18-3537\20260324_MD18-3537_S07\MD18-3537_S07_XRF\XRF data\L000091.spe,227.5,106,724,915,6294,10453,4755,221,1731,889,108972,201,308,508,288,208,73,255,1062,327,560,42,93,160,123,228,168,1323,0,181,152,0,89,165,298,24725,13343
9226,C:\Data\20260323_MD18-3537\20260324_MD18-3537_S07\MD18-3537_S07_XRF\XRF data\L000092.spe,230,142,741,934,6205,10303,4918,192,1851,864,109298,184,318,524,284,324,38,553,1002,331,685,77,74,142,109,205,184,1699,0,131,35,0,100,187,269,25116,11196
9228.5,C:\Data\20260323_MD18-3537\20260324_MD18-3537_S07\MD18-3537_S07_XRF\XRF data\L000093.spe,232.5,113,785,969,6326,10068,4895,208,1769,1036,110815,154,333,554,0,55,159,342,1006,403,572,139,71,251,123,171,164,1954,0,208,146,0,239,75,14,25347,9031
9231,C:\Data\20260323_MD18-3537\20260324_MD18-3537_S07\MD18-3537_S07_XRF\XRF data\L000094.spe,235,100,810,935,6409,10526,4791,203,1772,1022,111217,75,229,520,58,89,129,366,1017,318,598,83,117,249,114,181,138,1886,0,216,290,0,246,192,209,24869,9706
9233.5,C:\Data\20260323_MD18-3537\20260324_MD18-3537_S07\MD18-3537_S07_XRF\XRF data\L000095.spe,237.5,147,819,942,6431,10392,4774,135,1784,904,111099,152,285,568,101,129,161,663,1034,283,659,16,118,227,117,162,230,1573,0,171,294,0,194,112,140,25588,9473
9236,C:\Data\20260323_MD18-3537\20260324_MD18-3537_S07\MD18-3537_S07_XRF\XRF data\L000096.spe,240,119,844,918,6431,10486,4911,156,1724,876,110878,132,267,524,45,0,256,536,1036,287,562,100,84,173,115,239,274,1918,0,237,116,0,198,93,0,25445,9754
9238.5,C:\Data\20260323_MD18-3537\20260324_MD18-3537_S07\MD18-3537_S07_XRF\XRF data\L000097.spe,242.5,65,798,914,6380,9497,4744,208,1762,916,111361,124,377,503,266,244,22,421,1066,357,586,47,88,220,104,186,211,1856,0,166,216,0,110,184,285,25905,12320
9243.5,C:\Data\20260323_MD18-3537\20260324_MD18-3537_S07\MD18-3537_S07_XRF\XRF data\L000099.spe,247.5,129,785,898,6145,9551,4735,133,1785,891,108682,135,273,555,315,17,177,675,958,246,645,93,126,137,125,216,185,1719,0,197,150,0,95,347,167,25011,9589
9246,C:\Data\20260323_MD18-3537\20260324_MD18-3537_S07\MD18-3537_S07_XRF\XRF data\L000100.spe,250,103,811,957,5517,11413,4418,208,1833,897,103331,162,314,461,198,37,47,394,940,254,595,21,93,174,74,197,201,1709,0,151,154,0,112,113,213,25324,11752
9248.5,C:\Data\20260323_MD18-3537\20260324_MD18-3537_S07\MD18-3537_S07_XRF\XRF data\L000101.spe,252.5,64,698,956,5386,11872,4566,91,1751,887,102472,34,134,383,142,274,138,434,1146,266,594,86,99,222,111,178,171,1888,0,214,225,0,233,143,182,24512,11077
9251,C:\Data\20260323_MD18-3537\20260324_MD18-3537_S07\MD18-3537_S07_XRF\XRF data\L000102.spe,255,113,739,926,5601,11125,4445,223,1843,768,102708,71,249,483,0,10,240,351,971,223,717,53,133,213,109,162,252,1897,0,207,230,0,250,80,25,24037,9944
9253.5,C:\Data\20260323_MD18-3537\20260324_MD18-3537_S07\MD18-3537_S07_XRF\XRF data\L000103.spe,257.5,103,758,883,5694,10770,4494,180,1822,889,105198,93,295,477,190,115,137,96,1075,293,603,40,111,115,120,179,178,1922,0,238,155,0,148,146,183,24279,8510
9256,C:\Data\20260323_MD18-3537\20260324_MD18-3537_S07\MD18-3537_S07_XRF\XRF data\L000104.spe,260,110,640,1238,4932,10406,4313,246,1860,950,102798,154,260,494,268,0,108,383,975,309,540,58,124,94,113,208,215,1662,0,149,284,0,115,234,56,24485,11074
9258.5,C:\Data\20260323_MD18-3537\20260324_MD18-3537_S07\MD18-3537_S07_XRF\XRF data\L000105.spe,262.5,86,701,1074,5091,11689,4363,155,1791,898,101478,0,208,396,160,165,167,511,1106,219,590,78,89,101,106,201,251,2124,0,210,189,0,236,143,194,23576,8737
9261,C:\Data\20260323_MD18-3537\20260324_MD18-3537_S07\MD18-3537_S07_XRF\XRF data\L000106.spe,265,107,683,1204,4745,12906,4183,207,1750,911,95777,80,209,427,47,175,129,712,1178,249,616,71,146,160,78,167,239,2167,0,125,229,0,209,248,130,24789,9896
9266,C:\Data\20260323_MD18-3537\20260324_MD18-3537_S07\MD18-3537_S07_XRF\XRF data\L000108.spe,270,96,680,1024,5047,13996,4407,219,1643,1055,93203,186,303,394,123,193,122,799,1231,222,874,70,107,136,72,236,179,1646,0,130,303,0,171,133,177,24222,11363
9268.5,C:\Data\20260323_MD18-3537\20260324_MD18-3537_S07\MD18-3537_S07_XRF\XRF data\L000109.spe,272.5,84,706,1008,5457,12407,4364,194,1739,999,93567,212,260,426,153,0,151,694,1120,74,646,46,149,156,102,121,186,1613,0,117,173,0,64,40,0,23956,11045
9273.5,C:\Data\20260323_MD18-3537\20260324_MD18-3537_S07\MD18-3537_S07_XRF\XRF data\L000111.spe,277.5,121,745,951,6260,7129,4429,169,1708,1047,107984,95,193,452,27,260,201,0,925,407,543,94,114,293,101,132,194,2224,0,182,194,0,248,104,12,24997,10167
9276,C:\Data\20260323_MD18-3537\20260324_MD18-3537_S07\MD18-3537_S07_XRF\XRF data\L000112.spe,280,98,707,938,6242,9221,4516,278,1803,970,103253,195,281,457,75,28,239,847,1061,291,621,14,58,192,80,148,192,1790,0,103,155,0,183,111,0,25157,11160
9278.5,C:\Data\20260323_MD18-3537\20260324_MD18-3537_S07\MD18-3537_S07_XRF\XRF data\L000113.spe,282.5,91,669,1048,5393,10370,4373,129,1793,1024,99157,116,118,437,150,19,171,265,1064,317,563,92,98,211,83,198,160,2148,0,170,245,0,183,204,69,25085,8526
9281,C:\Data\20260323_MD18-3537\20260324_MD18-3537_S07\MD18-3537_S07_XRF\XRF data\L000114.spe,285,117,835,963,5915,11744,4522,135,1750,1096,98891,147,252,390,42,110,139,85,1100,404,644,43,143,204,101,165,84,1842,0,92,114,0,233,374,227,25109,10321
9283.5,C:\Data\20260323_MD18-3537\20260324_MD18-3537_S07\MD18-3537_S07_XRF\XRF data\L000115.spe,287.5,85,793,996,6034,11053,4711,172,1732,1096,99766,149,303,435,61,215,89,782,1064,291,687,38,121,258,66,122,44,1937,0,125,164,0,265,96,324,24549,9736
9286,C:\Data\20260323_MD18-3537\20260324_MD18-3537_S07\MD18-3537_S07_XRF\XRF data\L000116.spe,290,111,794,998,6051,10583,4396,203,1649,1049,96666,180,272,498,166,289,7,236,1054,252,619,87,113,166,128,178,105,1829,0,142,23,10,240,71,161,25187,10405
9291,C:\Data\20260323_MD18-3537\20260324_MD18-3537_S07\MD18-3537_S07_XRF\XRF data\L000118.spe,295,80,822,1016,5585,13189,4597,162,1717,985,88446,167,255,425,145,21,46,221,1240,230,835,19,134,108,90,195,140,1437,0,113,152,0,178,128,116,25101,7176
9293.5,C:\Data\20260323_MD18-3537\20260324_MD18-3537_S07\MD18-3537_S07_XRF\XRF data\L000119.spe,297.5,90,744,1053,4560,15341,4104,188,1642,873,76386,186,305,478,165,186,12,697,1289,254,849,82,200,147,63,191,143,1530,0,105,0,0,93,233,238,24686,7435
9296,C:\Data\20260323_MD18-3537\20260324_MD18-3537_S07\MD18-3537_S07_XRF\XRF data\L000120.spe,300,123,783,1013,5155,13982,4249,188,1628,996,83327,142,197,375,198,0,254,669,1303,227,786,71,154,129,80,195,89,1707,0,124,46,0,208,261,0,24775,11086
9298.5,C:\Data\20260323_MD18-3537\20260324_MD18-3537_S07\MD18-3537_S07_XRF\XRF data\L000121.spe,302.5,107,725,1014,4986,14049,4128,174,1699,897,78504,123,186,358,186,167,56,188,1189,255,848,62,170,290,61,117,155,1626,0,74,0,0,209,203,103,23706,10581
9301,C:\Data\20260323_MD18-3537\20260324_MD18-3537_S07\MD18-3537_S07_XRF\XRF data\L000122.spe,305,77,698,899,5541,12288,4382,249,1810,943,88979,123,221,450,89,267,26,214,1131,204,762,117,112,198,73,155,200,1870,0,147,150,0,227,91,176,22695,10305
9306,C:\Data\20260323_MD18-3537\20260324_MD18-3537_S07\MD18-3537_S07_XRF\XRF data\L000124.spe,310,124,780,844,6092,12939,4558,148,1646,1176,99531,169,296,537,67,211,62,871,1133,145,518,41,126,216,117,155,158,1794,0,101,128,0,212,152,174,24681,9181
9308.5,C:\Data\20260323_MD18-3537\20260324_MD18-3537_S07\MD18-3537_S07_XRF\XRF data\L000125.spe,312.5,130,766,868,6122,12457,4589,285,1771,1150,100594,185,256,452,0,142,158,1328,983,122,497,24,83,125,74,202,188,1429,0,103,356,0,385,121,63,24454,7756
9311,C:\Data\20260323_MD18-3537\20260324_MD18-3537_S07\MD18-3537_S07_XRF\XRF data\L000126.spe,315,86,785,926,6203,12018,4486,192,1749,1236,102281,97,241,482,174,0,164,0,1034,338,652,84,134,245,92,175,181,1962,0,161,290,0,183,302,45,23778,9434
9313.5,C:\Data\20260323_MD18-3537\20260324_MD18-3537_S07\MD18-3537_S07_XRF\XRF data\L000127.spe,317.5,79,659,958,5967,12463,4561,216,1741,1117,99555,89,254,448,14,108,183,0,1208,362,599,132,147,175,133,159,275,2069,0,158,235,0,279,215,29,22990,10390
9316,C:\Data\20260323_MD18-3537\20260324_MD18-3537_S07\MD18-3537_S07_XRF\XRF data\L000128.spe,320,90,713,918,6010,13415,4704,210,1775,1232,98306,137,270,505,73,305,51,361,1110,296,660,46,96,214,75,152,211,1723,0,180,345,0,217,111,243,23216,10082
9318.5,C:\Data\20260323_MD18-3537\20260324_MD18-3537_S07\MD18-3537_S07_XRF\XRF data\L000129.spe,322.5,99,775,1016,5734,13518,4614,169,1652,1136,95047,131,211,444,79,0,246,292,1167,425,713,103,176,185,96,197,226,1834,0,87,177,0,205,5,0,24138,11950
9321,C:\Data\20260323_MD18-3537\20260324_MD18-3537_S07\MD18-3537_S07_XRF\XRF data\L000130.spe,325,109,804,888,6560,9758,4703,135,1732,1246,104655,185,291,544,165,108,121,1220,932,151,642,91,89,172,121,175,74,1249,0,150,188,0,119,136,91,24183,11747
9323.5,C:\Data\20260323_MD18-3537\20260324_MD18-3537_S07\MD18-3537_S07_XRF\XRF data\L000131.spe,327.5,76,811,873,6695,10472,4758,212,1583,1348,106311,136,214,513,152,86,80,825,923,167,536,106,115,232,103,176,235,1652,0,199,195,0,198,241,70,23959,8391
9326,C:\Data\20260323_MD18-3537\20260324_MD18-3537_S07\MD18-3537_S07_XRF\XRF data\L000132.spe,330,94,749,811,6721,10832,4771,209,1685,1249,105994,102,217,479,73,299,59,846,949,285,542,72,96,237,94,147,176,1995,0,184,197,0,225,150,295,23610,9304
9331,C:\Data\20260323_MD18-3537\20260324_MD18-3537_S07\MD18-3537_S07_XRF\XRF data\L000134.spe,335,110,762,881,6783,10849,4733,171,1661,1050,105928,103,247,544,63,140,100,1222,1082,223,510,53,130,198,81,165,201,1905,0,172,276,0,210,242,150,24637,9507
9333.5,C:\Data\20260323_MD18-3537\20260324_MD18-3537_S07\MD18-3537_S07_XRF\XRF data\L000135.spe,337.5,103,777,872,6666,11101,4602,157,1835,1099,108137,104,197,520,107,283,106,107,982,409,626,162,99,329,116,116,214,2154,0,193,165,0,259,65,170,24011,12942
9338.5,C:\Data\20260323_MD18-3537\20260324_MD18-3537_S07\MD18-3537_S07_XRF\XRF data\L000137.spe,342.5,100,857,794,6803,10138,4917,262,1693,979,109938,93,251,488,194,180,110,27,971,241,622,122,118,228,93,186,310,1799,0,209,348,0,115,148,198,23233,11088
9341,C:\Data\20260323_MD18-3537\20260324_MD18-3537_S07\MD18-3537_S07_XRF\XRF data\L000138.spe,345,83,725,901,6644,9589,4540,234,1746,1067,107555,77,206,408,0,139,140,51,1046,371,458,85,116,332,109,136,133,2068,0,222,354,0,251,126,101,23730,10942
9343.5,C:\Data\20260323_MD18-3537\20260324_MD18-3537_S07\MD18-3537_S07_XRF\XRF data\L000139.spe,347.5,100,736,883,6611,9698,4669,251,1706,968,108637,91,311,451,95,0,252,869,1118,224,407,86,85,197,95,181,151,1982,0,191,328,0,195,153,0,24099,10828
9348.5,C:\Data\20260323_MD18-3537\20260324_MD18-3537_S07\MD18-3537_S07_XRF\XRF data\L000141.spe,352.5,122,658,1031,6069,12021,4583,163,1717,1066,107181,170,271,482,183,134,38,392,1009,446,563,102,78,164,124,169,171,1458,0,116,70,0,164,157,176,23931,9536
9351,C:\Data\20260323_MD18-3537\20260324_MD18-3537_S07\MD18-3537_S07_XRF\XRF data\L000142.spe,355,108,682,1055,6029,11905,4684,148,1709,936,106594,93,306,471,84,122,154,439,1021,331,691,84,103,225,120,167,267,1823,0,216,93,0,182,256,60,24008,11828
9353.5,C:\Data\20260323_MD18-3537\20260324_MD18-3537_S07\MD18-3537_S07_XRF\XRF data\L000143.spe,357.5,96,715,988,5949,12612,4626,137,1767,985,104594,83,157,494,25,138,115,541,981,371,639,104,136,244,120,197,253,2045,0,190,351,0,291,140,113,25455,9869
9358.5,C:\Data\20260323_MD18-3537\20260324_MD18-3537_S07\MD18-3537_S07_XRF\XRF data\L000145.spe,362.5,121,757,1014,5862,14758,4896,127,1661,1037,104556,134,177,511,83,184,27,657,1029,187,560,119,178,249,93,184,154,1780,0,167,278,0,258,0,150,23834,10794
9361,C:\Data\20260323_MD18-3537\20260324_MD18-3537_S07\MD18-3537_S07_XRF\XRF data\L000146.spe,365,92,794,992,5928,16229,4696,210,1788,1101,99763,190,368,446,72,200,0,0,1064,387,612,55,152,241,87,128,127,1360,0,124,154,0,176,65,308,24358,12192
9363.5,C:\Data\20260323_MD18-3537\20260324_MD18-3537_S07\MD18-3537_S07_XRF\XRF data\L000147.spe,367.5,73,803,1028,5455,17430,4725,87,1720,1038,92242,123,348,486,248,257,36,283,1162,342,629,47,229,109,104,226,225,1634,0,164,62,0,122,181,271,25114,8372
9366,C:\Data\20260323_MD18-3537\20260324_MD18-3537_S07\MD18-3537_S07_XRF\XRF data\L000148.spe,370,70,777,1099,4835,18180,4592,165,1725,949,82879,186,299,406,96,245,167,86,1171,219,694,133,204,162,83,185,223,1379,0,54,179,0,261,185,0,23430,9488
9368.5,C:\Data\20260323_MD18-3537\20260324_MD18-3537_S07\MD18-3537_S07_XRF\XRF data\L000149.spe,372.5,21,669,1104,4870,16851,4126,206,1716,1036,80001,172,235,388,28,242,153,0,1209,344,625,36,155,166,102,159,238,1606,0,64,43,0,214,0,89,24484,10414
9371,C:\Data\20260323_MD18-3537\20260324_MD18-3537_S07\MD18-3537_S07_XRF\XRF data\L000150.spe,375,65,645,1037,4603,15989,4155,103,1559,1124,77495,164,283,468,219,117,77,27,1132,391,790,78,167,153,112,180,128,1743,0,60,58,0,84,97,14,24337,11103
9373.5,C:\Data\20260323_MD18-3537\20260324_MD18-3537_S07\MD18-3537_S07_XRF\XRF data\L000151.spe,377.5,95,697,962,5602,12570,4270,149,1686,1107,91770,137,190,507,263,99,92,583,1150,264,633,80,164,207,81,187,277,2099,0,171,350,0,41,253,106,24042,10478
9376,C:\Data\20260323_MD18-3537\20260324_MD18-3537_S07\MD18-3537_S07_XRF\XRF data\L000152.spe,380,113,730,904,6248,10202,4589,148,1765,1241,105070,223,250,537,225,100,74,199,906,374,519,51,130,241,107,104,158,1548,0,132,107,0,78,107,163,24902,8667
9378.5,C:\Data\20260323_MD18-3537\20260324_MD18-3537_S07\MD18-3537_S07_XRF\XRF data\L000153.spe,382.5,82,774,937,5971,12743,4634,179,1601,1158,104069,23,203,375,115,113,101,621,989,272,549,155,143,236,113,174,159,1986,0,145,388,0,114,96,137,23669,9653
9381,C:\Data\20260323_MD18-3537\20260324_MD18-3537_S07\MD18-3537_S07_XRF\XRF data\L000154.spe,385,99,809,943,6006,13553,4620,185,1626,1155,101632,138,193,462,164,211,93,619,1058,277,561,112,115,209,91,150,105,1834,0,117,0,0,98,96,172,25415,11218
9386,C:\Data\20260323_MD18-3537\20260324_MD18-3537_S07\MD18-3537_S07_XRF\XRF data\L000156.spe,390,100,780,856,6054,13142,4724,140,1607,943,102320,143,310,487,212,246,48,529,1078,315,614,45,166,268,72,203,298,1774,0,191,27,0,195,123,54,24661,11498
9388.5,C:\Data\20260323_MD18-3537\20260324_MD18-3537_S07\MD18-3537_S07_XRF\XRF data\L000157.spe,392.5,109,802,902,6139,13544,4689,187,1773,1070,102531,77,214,488,122,73,144,821,1043,286,622,90,203,270,120,122,191,1901,0,184,486,0,92,113,52,24127,11810
9391,C:\Data\20260323_MD18-3537\20260324_MD18-3537_S07\MD18-3537_S07_XRF\XRF data\L000158.spe,395,85,778,913,6042,14640,4716,184,1750,1130,99854,146,275,523,194,148,96,605,1091,273,677,51,197,246,110,167,211,1816,0,175,148,0,114,259,166,23849,9147
9393.5,C:\Data\20260323_MD18-3537\20260324_MD18-3537_S07\MD18-3537_S07_XRF\XRF data\L000159.spe,397.5,85,837,862,5356,17387,4724,173,1789,1103,92164,187,309,467,58,205,59,669,1177,211,644,54,180,168,121,195,221,1770,0,141,0,0,255,213,268,24239,9307
9396,C:\Data\20260323_MD18-3537\20260324_MD18-3537_S07\MD18-3537_S07_XRF\XRF data\L000160.spe,400,32,810,1065,4228,20505,4568,148,1666,979,79382,292,208,361,56,90,197,137,1357,281,730,66,255,103,119,212,166,1260,0,87,184,0,188,129,49,24694,9450
9398.5,C:\Data\20260323_MD18-3537\20260324_MD18-3537_S07\MD18-3537_S07_XRF\XRF data\L000161.spe,402.5,58,581,1098,4621,15633,4099,115,1610,926,81544,178,231,426,110,141,61,521,1127,254,505,62,180,223,91,126,147,1587,0,79,60,0,184,183,195,23917,8360
9401,C:\Data\20260323_MD18-3537\20260324_MD18-3537_S07\MD18-3537_S07_XRF\XRF data\L000162.spe,405,102,671,902,5601,11054,4241,169,1663,1238,98833,111,265,545,86,46,64,983,920,256,575,78,168,234,119,181,250,1926,0,166,100,0,153,206,69,24860,11422
9403.5,C:\Data\20260323_MD18-3537\20260324_MD18-3537_S07\MD18-3537_S07_XRF\XRF data\L000163.spe,407.5,96,703,891,6271,11318,4425,157,1728,1321,107190,162,270,476,50,20,72,426,915,264,519,63,95,264,104,180,231,1743,0,147,382,0,254,159,117,23876,8619
9406,C:\Data\20260323_MD18-3537\20260324_MD18-3537_S07\MD18-3537_S07_XRF\XRF data\L000164.spe,410,79,674,889,6178,12021,4701,197,1726,1140,108114,188,206,546,220,143,128,517,1029,277,559,42,150,150,93,219,180,1683,0,211,252,0,113,172,163,23595,11390
9408.5,C:\Data\20260323_MD18-3537\20260324_MD18-3537_S07\MD18-3537_S07_XRF\XRF data\L000165.spe,412.5,94,703,862,6140,13103,4569,143,1738,1145,106863,184,242,418,200,212,183,298,1004,300,529,76,172,267,83,114,157,2066,0,146,177,0,88,100,42,23768,8291
9413.5,C:\Data\20260323_MD18-3537\20260324_MD18-3537_S07\MD18-3537_S07_XRF\XRF data\L000167.spe,417.5,110,756,879,5929,15598,4482,266,1734,1126,102155,226,314,530,0,121,215,836,1152,189,388,33,210,230,108,170,232,1502,0,126,75,0,291,155,23,24393,10329
9416,C:\Data\20260323_MD18-3537\20260324_MD18-3537_S07\MD18-3537_S07_XRF\XRF data\L000168.spe,420,97,732,912,6046,14980,4727,179,1625,1250,104002,166,222,476,135,128,57,629,1157,313,588,80,188,183,134,178,209,1573,0,148,328,0,214,119,123,23792,11150
9418.5,C:\Data\20260323_MD18-3537\20260324_MD18-3537_S07\MD18-3537_S07_XRF\XRF data\L000169.spe,422.5,109,756,923,6062,15559,4664,219,1702,1330,104383,93,253,513,124,65,150,278,1126,382,560,106,186,242,120,154,305,1956,0,181,414,0,95,194,39,23066,10588
9421,C:\Data\20260323_MD18-3537\20260324_MD18-3537_S07\MD18-3537_S07_XRF\XRF data\L000170.spe,425,82,756,888,6195,13784,4828,220,1815,1289,106409,149,264,482,150,165,85,848,1162,317,517,90,161,276,131,122,124,1558,0,197,196,0,216,80,162,24260,9125
9423.5,C:\Data\20260323_MD18-3537\20260324_MD18-3537_S07\MD18-3537_S07_XRF\XRF data\L000171.spe,427.5,150,769,818,6570,12419,4841,181,1621,1149,106594,269,234,463,138,150,118,484,1157,262,613,58,153,175,104,182,197,1480,0,90,183,0,235,145,47,24684,9563
9426,C:\Data\20260323_MD18-3537\20260324_MD18-3537_S07\MD18-3537_S07_XRF\XRF data\L000172.spe,430,61,793,817,6552,13297,4878,217,1721,1322,109039,219,247,516,299,154,122,659,1055,294,693,41,173,198,100,193,188,1569,0,141,165,6,49,238,100,24171,10229
9428.5,C:\Data\20260323_MD18-3537\20260324_MD18-3537_S07\MD18-3537_S07_XRF\XRF data\L000173.spe,432.5,137,854,872,6227,13998,4879,131,1710,1475,105587,221,264,489,208,271,164,1239,1010,213,487,110,141,190,121,159,117,1583,0,136,331,9,167,72,108,24895,7487
9431,C:\Data\20260323_MD18-3537\20260324_MD18-3537_S07\MD18-3537_S07_XRF\XRF data\L000174.spe,435,119,832,851,6358,16018,4940,167,1629,1168,103399,188,353,501,101,190,0,790,1110,219,559,107,191,193,88,186,257,1880,0,112,140,0,196,260,317,24329,11979
9433.5,C:\Data\20260323_MD18-3537\20260324_MD18-3537_S07\MD18-3537_S07_XRF\XRF data\L000175.spe,437.5,111,830,891,6030,17546,4945,80,1687,1288,98308,127,295,467,129,244,0,1157,1306,257,594,116,172,212,112,147,131,1762,0,185,346,0,179,131,383,24906,10665
9436,C:\Data\20260323_MD18-3537\20260324_MD18-3537_S07\MD18-3537_S07_XRF\XRF data\L000176.spe,440,49,825,960,5354,20043,4880,129,1678,1021,89676,177,252,485,181,16,135,0,1231,375,829,89,165,165,146,139,345,1744,0,112,164,0,152,105,0,23424,12224
9438.5,C:\Data\20260323_MD18-3537\20260324_MD18-3537_S07\MD18-3537_S07_XRF\XRF data\L000177.spe,442.5,52,882,1050,4549,21846,4568,83,1592,1022,79017,184,260,489,102,10,181,724,1158,168,776,49,240,209,107,131,100,1373,0,72,263,0,183,184,0,24217,10667
9441,C:\Data\20260323_MD18-3537\20260324_MD18-3537_S07\MD18-3537_S07_XRF\XRF data\L000178.spe,445,60,735,1013,4668,21315,4196,188,1634,1016,76987,177,235,394,213,263,0,525,1299,238,740,43,271,210,67,141,109,1584,0,95,0,0,215,198,430,24531,10545
9443.5,C:\Data\20260323_MD18-3537\20260324_MD18-3537_S07\MD18-3537_S07_XRF\XRF data\L000179.spe,447.5,108,771,846,5915,14439,4510,143,1635,1223,98728,85,240,401,56,196,14,368,1041,287,588,122,149,274,95,143,196,1955,0,172,226,0,194,89,405,24231,9183
9446,C:\Data\20260323_MD18-3537\20260324_MD18-3537_S07\MD18-3537_S07_XRF\XRF data\L000180.spe,450,109,813,868,6528,11780,4684,214,1697,1247,106512,198,306,571,94,0,256,261,1002,314,442,68,147,250,112,160,238,1857,0,110,124,0,189,253,36,24551,9085
9451,C:\Data\20260323_MD18-3537\20260324_MD18-3537_S07\MD18-3537_S07_XRF\XRF data\L000182.spe,455,118,756,876,6258,12849,4800,191,1730,1511,103148,119,106,413,157,347,0,216,1064,259,578,83,72,194,114,208,343,2077,0,153,295,0,188,201,255,23204,9194
9453.5,C:\Data\20260323_MD18-3537\20260324_MD18-3537_S07\MD18-3537_S07_XRF\XRF data\L000183.spe,457.5,84,782,887,6667,10830,4897,237,1736,1435,114946,86,301,572,0,76,161,905,913,205,514,70,142,238,90,156,261,2038,0,239,199,0,213,152,172,24259,10853
9456,C:\Data\20260323_MD18-3537\20260324_MD18-3537_S07\MD18-3537_S07_XRF\XRF data\L000184.spe,460,104,755,853,6663,10012,4778,144,1782,1201,111939,120,286,563,86,210,73,561,953,288,580,85,109,271,89,163,221,1972,0,141,56,0,202,148,239,24350,10484
9458.5,C:\Data\20260323_MD18-3537\20260324_MD18-3537_S07\MD18-3537_S07_XRF\XRF data\L000185.spe,462.5,121,786,854,6305,13719,4695,216,1658,1241,104515,116,218,524,322,207,69,470,922,265,625,79,172,166,89,230,188,2062,0,184,208,0,130,195,279,23985,10601
9463.5,C:\Data\20260323_MD18-3537\20260324_MD18-3537_S07\MD18-3537_S07_XRF\XRF data\L000187.spe,467.5,112,715,967,5387,15390,4619,191,1770,993,93567,128,209,450,0,59,212,702,1094,230,682,101,189,208,96,147,201,1946,0,154,158,0,300,170,0,24630,8734
9466,C:\Data\20260323_MD18-3537\20260324_MD18-3537_S07\MD18-3537_S07_XRF\XRF data\L000188.spe,470,99,737,1044,4987,15022,4448,126,1709,939,86690,170,334,401,178,276,0,0,1192,332,579,99,153,153,100,186,145,1708,0,76,100,38,212,250,454,24223,9074
9468.5,C:\Data\20260323_MD18-3537\20260324_MD18-3537_S07\MD18-3537_S07_XRF\XRF data\L000189.spe,472.5,81,649,969,5662,12619,4437,236,1600,1174,96141,143,262,449,193,194,124,602,1163,351,643,79,169,261,73,109,188,1876,0,125,169,0,126,140,126,24945,9966
9471,C:\Data\20260323_MD18-3537\20260324_MD18-3537_S07\MD18-3537_S07_XRF\XRF data\L000190.spe,475,139,709,973,6056,12491,4510,129,1803,1261,108789,188,244,510,132,0,132,720,968,280,662,125,124,339,96,136,238,2044,0,146,202,0,215,164,122,23975,10450
9473.5,C:\Data\20260323_MD18-3537\20260324_MD18-3537_S07\MD18-3537_S07_XRF\XRF data\L000191.spe,477.5,70,749,969,5938,13863,4813,202,1700,1165,105971,199,317,529,115,107,157,875,1050,176,663,82,127,217,119,196,242,1877,0,165,60,0,243,188,88,23550,12355
9476,C:\Data\20260323_MD18-3537\20260324_MD18-3537_S07\MD18-3537_S07_XRF\XRF data\L000192.spe,480,67,629,935,6113,11014,4675,185,1759,1138,110041,131,239,517,306,56,191,875,959,218,542,98,146,224,125,224,240,2135,0,194,258,0,74,219,0,23563,13117
9478.5,C:\Data\20260323_MD18-3537\20260324_MD18-3537_S07\MD18-3537_S07_XRF\XRF data\L000193.spe,482.5,118,736,926,5809,13707,4931,170,1644,1220,108281,138,210,466,181,296,0,465,1009,300,572,132,171,189,132,169,227,1910,0,208,161,0,194,118,264,23802,11428
9481,C:\Data\20260323_MD18-3537\20260324_MD18-3537_S07\MD18-3537_S07_XRF\XRF data\L000194.spe,485,70,689,1028,5855,14714,4865,187,1708,1188,106416,215,320,476,165,62,41,1068,1033,148,704,136,139,168,140,189,287,1623,0,121,232,0,177,135,172,22589,10147
9483.5,C:\Data\20260323_MD18-3537\20260324_MD18-3537_S07\MD18-3537_S07_XRF\XRF data\L000195.spe,487.5,113,704,913,6033,12781,4930,189,1720,1212,107164,53,256,454,138,116,127,626,1013,188,461,97,132,199,115,172,232,2176,0,187,200,0,187,98,144,24082,7762
9486,C:\Data\20260323_MD18-3537\20260324_MD18-3537_S07\MD18-3537_S07_XRF\XRF data\L000196.spe,490,129,687,833,6344,10646,4874,168,1767,1186,112684,158,238,549,317,141,119,253,846,204,487,42,128,205,82,203,216,2303,0,233,184,28,97,186,77,23927,11446
9488.5,C:\Data\20260323_MD18-3537\20260324_MD18-3537_S07\MD18-3537_S07_XRF\XRF data\L000197.spe,492.5,103,683,864,6017,13252,4856,198,1675,1107,108693,172,234,506,239,79,77,123,1028,293,494,12,184,175,130,196,231,1893,0,211,165,0,112,172,174,24255,13692
9491,C:\Data\20260323_MD18-3537\20260324_MD18-3537_S07\MD18-3537_S07_XRF\XRF data\L000198.spe,495,112,659,916,6093,12698,4888,161,1686,1252,107235,120,149,452,214,121,118,629,1095,235,596,105,145,226,128,166,163,2002,0,136,267,0,48,81,174,24013,14023
9493.5,C:\Data\20260323_MD18-3537\20260324_MD18-3537_S07\MD18-3537_S07_XRF\XRF data\L000199.spe,497.5,137,758,907,6301,10195,5066,151,1776,1024,111520,122,259,437,269,109,102,612,1095,226,530,126,127,236,135,152,191,1964,0,181,139,0,76,148,166,24565,9842
9496,C:\Data\20260323_MD18-3537\20260324_MD18-3537_S07\MD18-3537_S07_XRF\XRF data\L000200.spe,500,91,732,960,6030,11763,4902,302,1678,1088,111482,84,257,468,127,143,12,1019,947,148,578,93,166,180,118,131,178,1792,0,253,278,0,231,276,175,22986,8380
9498.5,C:\Data\20260323_MD18-3537\20260324_MD18-3537_S07\MD18-3537_S07_XRF\XRF data\L000201.spe,502.5,115,693,907,6274,10699,4848,169,1670,963,109824,53,195,385,204,177,53,505,958,173,503,56,138,230,79,168,230,2046,0,265,407,0,131,149,192,23828,9386
9501,C:\Data\20260323_MD18-3537\20260324_MD18-3537_S07\MD18-3537_S07_XRF\XRF data\L000202.spe,505,110,778,878,6279,11052,5008,180,1760,899,110200,52,348,522,75,170,211,709,1017,308,519,125,170,240,107,160,274,2158,0,230,126,0,134,250,20,24243,8855
9503.5,C:\Data\20260323_MD18-3537\20260324_MD18-3537_S07\MD18-3537_S07_XRF\XRF data\L000203.spe,507.5,105,775,856,6370,10557,4985,202,1592,1067,112520,136,198,556,249,176,128,1276,896,186,695,102,135,180,151,219,263,1947,0,271,238,10,135,277,130,24835,11339
9506,C:\Data\20260323_MD18-3537\20260324_MD18-3537_S07\MD18-3537_S07_XRF\XRF data\L000204.spe,510,84,717,890,6230,11118,4851,221,1686,1084,110563,154,238,468,273,143,20,687,1023,266,461,155,124,216,130,179,250,2169,0,154,170,0,135,97,228,24335,10280
9508.5,C:\Data\20260323_MD18-3537\20260324_MD18-3537_S07\MD18-3537_S07_XRF\XRF data\L000205.spe,512.5,75,708,794,6341,10616,5012,138,1689,1126,111417,157,249,470,221,140,82,760,927,286,678,109,112,278,131,166,117,1930,0,196,180,0,95,160,167,25432,9361
9513.5,C:\Data\20260323_MD18-3537\20260324_MD18-3537_S07\MD18-3537_S07_XRF\XRF data\L000207.spe,517.5,95,744,919,5999,12420,4762,231,1670,1102,108283,0,232,515,117,240,152,401,1087,260,624,142,131,244,107,144,155,2007,0,253,280,0,140,104,117,23854,10608
9516,C:\Data\20260323_MD18-3537\20260324_MD18-3537_S07\MD18-3537_S07_XRF\XRF data\L000208.spe,520,97,763,864,6462,11988,4938,170,1729,1152,116122,52,136,461,182,0,108,778,835,159,515,193,121,297,126,158,152,2350,0,213,218,0,68,148,73,24549,10889
9518.5,C:\Data\20260323_MD18-3537\20260324_MD18-3537_S07\MD18-3537_S07_XRF\XRF data\L000209.spe,522.5,83,869,861,6088,14305,4873,219,1806,1129,113960,188,314,551,187,188,166,456,874,278,519,137,123,244,99,172,151,2151,0,239,219,0,144,116,21,23959,10501
9521,C:\Data\20260323_MD18-3537\20260324_MD18-3537_S07\MD18-3537_S07_XRF\XRF data\L000210.spe,525,94,738,882,6027,16483,4788,178,1763,1175,108368,123,210,486,123,111,53,342,952,228,466,57,210,195,112,153,127,1894,0,216,303,17,193,215,112,23217,10144
9523.5,C:\Data\20260323_MD18-3537\20260324_MD18-3537_S07\MD18-3537_S07_XRF\XRF data\L000211.spe,527.5,58,773,950,5656,17085,4896,182,1798,1128,102572,150,325,447,156,170,0,747,1073,166,623,53,107,213,118,167,116,1921,0,214,186,0,130,119,261,24407,9531
9526,C:\Data\20260323_MD18-3537\20260324_MD18-3537_S07\MD18-3537_S07_XRF\XRF data\L000212.spe,530,126,805,900,5778,14691,4692,171,1671,1029,104515,94,195,480,0,201,71,729,981,211,438,54,214,229,92,177,287,2277,0,239,268,0,272,200,241,23889,10381
9531,C:\Data\20260323_MD18-3537\20260324_MD18-3537_S07\MD18-3537_S07_XRF\XRF data\L000214.spe,535,90,705,894,6209,13517,4662,250,1901,1128,108953,90,202,503,244,431,0,646,923,273,679,78,139,307,97,100,174,2136,0,244,185,0,166,205,381,23742,9765
9533.5,C:\Data\20260323_MD18-3537\20260324_MD18-3537_S07\MD18-3537_S07_XRF\XRF data\L000215.spe,537.5,47,726,969,5613,18150,4823,174,1694,1057,101305,82,155,460,151,150,159,501,1106,332,583,82,201,188,92,153,252,2044,0,148,81,0,61,77,0,23986,11410
9543.5,C:\Data\20260323_MD18-3537\20260324_MD18-3537_S07\MD18-3537_S07_XRF\XRF data\L000219.spe,547.5,99,682,911,6182,18023,5147,183,1686,1093,106673,140,247,507,163,105,240,1170,1057,211,501,89,218,167,98,186,186,1991,0,173,269,0,178,208,0,24397,7595
9546,C:\Data\20260323_MD18-3537\20260324_MD18-3537_S07\MD18-3537_S07_XRF\XRF data\L000220.spe,550,99,749,879,6436,17935,5036,216,1717,1042,108384,116,241,545,110,71,104,518,952,340,528,99,226,261,131,163,242,1960,0,276,159,0,195,80,169,24639,10223
9548.5,C:\Data\20260323_MD18-3537\20260324_MD18-3537_S07\MD18-3537_S07_XRF\XRF data\L000221.spe,552.5,120,741,874,6829,15044,5141,162,1723,1165,112437,193,326,534,203,108,153,752,1135,205,495,119,167,286,121,182,120,1919,0,198,203,0,168,195,78,24499,14211
9551,C:\Data\20260323_MD18-3537\20260324_MD18-3537_S07\MD18-3537_S07_XRF\XRF data\L000222.spe,555,100,791,870,6349,18132,5076,244,1809,981,108798,103,260,530,10,160,215,1003,994,192,575,93,235,216,127,187,298,2132,0,250,221,0,274,246,62,24299,12285
9553.5,C:\Data\20260323_MD18-3537\20260324_MD18-3537_S07\MD18-3537_S07_XRF\XRF data\L000223.spe,557.5,85,742,945,6147,19292,5140,131,1749,1027,106385,200,270,514,171,276,0,215,984,369,549,115,229,248,143,149,238,1999,0,163,149,0,215,196,262,24700,11307
9556,C:\Data\20260323_MD18-3537\20260324_MD18-3537_S07\MD18-3537_S07_XRF\XRF data\L000224.spe,560,120,756,1013,6156,20051,4914,211,1734,1013,104310,153,305,544,0,168,121,210,1049,268,533,119,202,141,150,220,302,2051,0,171,173,0,237,0,96,23981,11580
9563.5,C:\Data\20260323_MD18-3537\20260324_MD18-3537_S07\MD18-3537_S07_XRF\XRF data\L000227.spe,567.5,100,711,983,5749,26663,4957,227,1758,1100,97206,160,278,445,263,74,32,758,1102,290,617,144,387,228,90,167,232,2035,0,70,0,0,75,127,183,24162,12494
9571,C:\Data\20260323_MD18-3537\20260324_MD18-3537_S07\MD18-3537_S07_XRF\XRF data\L000230.spe,575,87,693,944,5451,31459,4964,183,1616,1302,90593,84,185,443,243,0,128,820,1291,304,543,62,406,220,100,186,260,2077,0,125,125,0,68,69,43,24574,10290
9573.5,C:\Data\20260323_MD18-3537\20260324_MD18-3537_S07\MD18-3537_S07_XRF\XRF data\L000231.spe,577.5,85,649,1017,5031,30487,4590,187,1577,1184,87732,134,204,476,183,172,0,480,1129,123,598,76,400,200,133,145,191,1928,0,123,94,0,118,203,215,23179,10239
9576,C:\Data\20260323_MD18-3537\20260324_MD18-3537_S07\MD18-3537_S07_XRF\XRF data\L000232.spe,580,110,644,1019,4911,29405,4751,184,1610,1101,84115,73,184,435,313,277,0,457,1105,94,515,121,342,162,113,168,237,2112,0,165,30,0,101,121,244,22590,10034
9578.5,C:\Data\20260323_MD18-3537\20260324_MD18-3537_S07\MD18-3537_S07_XRF\XRF data\L000233.spe,582.5,111,652,922,6170,19338,4859,189,1654,1184,99903,121,225,410,172,83,82,693,1033,266,484,118,264,250,118,194,143,1969,0,103,167,0,124,115,151,24538,9606
9583.5,C:\Data\20260323_MD18-3537\20260324_MD18-3537_S07\MD18-3537_S07_XRF\XRF data\L000235.spe,587.5,145,724,908,6482,12504,4596,253,1677,1118,107141,226,225,558,159,119,41,452,962,310,366,96,153,208,95,170,188,2043,0,141,224,27,163,90,326,24912,11458
9588.5,C:\Data\20260323_MD18-3537\20260324_MD18-3537_S07\MD18-3537_S07_XRF\XRF data\L000237.spe,592.5,89,637,970,5947,15091,4715,191,1574,1147,104051,161,318,451,0,0,66,480,997,316,464,151,154,179,118,183,220,2069,0,152,125,0,197,72,41,24838,9694
9591,C:\Data\20260323_MD18-3537\20260324_MD18-3537_S07\MD18-3537_S07_XRF\XRF data\L000238.spe,595,86,647,973,5765,16302,4663,185,1626,1237,100842,125,220,454,118,104,60,689,1093,191,550,78,177,190,117,186,151,1938,0,155,201,0,237,208,169,23628,9579
9596,C:\Data\20260323_MD18-3537\20260324_MD18-3537_S07\MD18-3537_S07_XRF\XRF data\L000240.spe,600,96,651,1076,5230,17450,4580,168,1672,1230,98257,63,205,449,153,0,111,758,1171,214,700,117,227,238,118,167,238,2020,0,216,92,0,130,230,87,23241,10289
9601,C:\Data\20260323_MD18-3537\20260324_MD18-3537_S07\MD18-3537_S07_XRF\XRF data\L000242.spe,605,93,710,962,5726,16912,4892,155,1696,1311,99788,137,184,493,20,92,235,1337,1183,23,553,43,211,118,91,234,232,2017,0,135,193,0,310,236,0,23470,10090
9603.5,C:\Data\20260323_MD18-3537\20260324_MD18-3537_S07\MD18-3537_S07_XRF\XRF data\L000243.spe,607.5,105,749,964,5852,17857,4615,208,1691,1246,98818,235,305,430,43,240,126,666,1218,269,641,104,223,291,113,135,159,2005,0,117,56,0,250,82,158,24609,15249
9606,C:\Data\20260323_MD18-3537\20260324_MD18-3537_S07\MD18-3537_S07_XRF\XRF data\L000244.spe,610,72,755,1084,5407,17473,4870,158,1683,1208,96494,150,219,471,152,187,138,0,1205,352,500,78,242,194,81,201,262,2183,0,138,339,0,133,68,0,24524,13307
9608.5,C:\Data\20260323_MD18-3537\20260324_MD18-3537_S07\MD18-3537_S07_XRF\XRF data\L000245.spe,612.5,78,658,1170,5398,17884,4727,177,1646,1200,96027,149,200,419,173,63,54,324,1165,175,642,118,188,164,111,218,267,1749,0,161,102,0,90,193,78,24751,11126
9611,C:\Data\20260323_MD18-3537\20260324_MD18-3537_S07\MD18-3537_S07_XRF\XRF data\L000246.spe,615,110,732,1087,5642,18964,4724,122,1783,1153,95818,190,238,433,162,115,0,1161,1219,162,706,101,243,186,119,190,250,2070,0,118,131,41,186,56,227,25415,10459
9613.5,C:\Data\20260323_MD18-3537\20260324_MD18-3537_S07\MD18-3537_S07_XRF\XRF data\L000247.spe,617.5,93,783,1051,5448,19982,4758,93,1774,1203,91539,249,298,503,187,139,43,697,1241,193,580,74,271,134,102,194,175,1601,0,35,0,0,181,117,112,24948,12153
9616,C:\Data\20260323_MD18-3537\20260324_MD18-3537_S07\MD18-3537_S07_XRF\XRF data\L000248.spe,620,95,764,1124,5288,20504,4109,186,1622,1223,83571,250,263,468,96,125,8,708,1189,220,655,77,248,217,77,124,130,1598,0,19,93,0,228,0,149,25330,12628
9618.5,C:\Data\20260323_MD18-3537\20260324_MD18-3537_S07\MD18-3537_S07_XRF\XRF data\L000249.spe,622.5,77,677,1144,4804,22377,4248,110,1720,1113,78728,261,317,435,211,251,40,199,1274,262,890,113,287,175,115,178,226,1628,0,17,8,14,115,266,246,24441,12921
9621,C:\Data\20260323_MD18-3537\20260324_MD18-3537_S07\MD18-3537_S07_XRF\XRF data\L000250.spe,625,92,654,1076,4840,21683,4139,132,1644,1032,77283,194,214,367,161,296,120,477,1270,241,540,19,276,96,112,175,275,1684,0,51,0,0,157,200,277,24820,9180
9623.5,C:\Data\20260323_MD18-3537\20260324_MD18-3537_S07\MD18-3537_S07_XRF\XRF data\L000251.spe,627.5,78,712,960,5533,19375,4247,182,1710,1213,84290,226,216,376,243,230,63,63,1332,333,661,18,225,272,114,74,134,1233,0,58,0,0,65,63,189,24919,12252
9626,C:\Data\20260323_MD18-3537\20260324_MD18-3537_S07\MD18-3537_S07_XRF\XRF data\L000252.spe,630,65,587,1077,4663,17997,3965,192,1643,1220,82705,213,163,367,194,122,53,205,1248,190,500,126,271,134,90,126,241,1817,0,103,66,0,148,182,153,22919,11120
9628.5,C:\Data\20260323_MD18-3537\20260324_MD18-3537_S07\MD18-3537_S07_XRF\XRF data\L000253.spe,632.5,74,641,855,5547,17372,4464,177,1507,1282,93481,178,360,494,107,227,17,832,1152,176,602,32,220,166,97,179,98,1603,0,188,18,28,168,97,259,22953,11836
9631,C:\Data\20260323_MD18-3537\20260324_MD18-3537_S07\MD18-3537_S07_XRF\XRF data\L000254.spe,635,81,690,868,6064,15211,4598,197,1584,1257,99570,196,274,424,88,171,90,785,1000,242,591,148,194,165,56,185,243,1992,0,123,239,0,221,0,0,24045,12163
9633.5,C:\Data\20260323_MD18-3537\20260324_MD18-3537_S07\MD18-3537_S07_XRF\XRF data\L000255.spe,637.5,66,653,811,6537,11572,4553,173,1667,1063,105103,193,223,484,211,104,115,559,925,257,657,151,119,276,101,155,309,1854,0,139,256,0,147,190,63,24058,9798
9636,C:\Data\20260323_MD18-3537\20260324_MD18-3537_S07\MD18-3537_S07_XRF\XRF data\L000256.spe,640,89,716,917,6332,13169,4604,207,1657,1103,107320,190,318,536,30,154,170,588,848,261,439,63,107,225,139,166,248,1836,0,165,159,0,251,87,18,24860,10670
9638.5,C:\Data\20260323_MD18-3537\20260324_MD18-3537_S07\MD18-3537_S07_XRF\XRF data\L000257.spe,642.5,74,584,1027,5690,14480,4443,204,1769,1092,99251,70,59,486,173,161,86,698,899,123,588,105,157,256,106,151,202,2025,0,133,313,0,70,158,128,24019,10415
9641,C:\Data\20260323_MD18-3537\20260324_MD18-3537_S07\MD18-3537_S07_XRF\XRF data\L000258.spe,645,104,651,915,5553,18264,4538,232,1657,1114,95553,78,156,487,38,45,52,473,998,193,481,78,266,189,101,165,240,2169,0,134,109,0,267,140,114,23429,8704
9643.5,C:\Data\20260323_MD18-3537\20260324_MD18-3537_S07\MD18-3537_S07_XRF\XRF data\L000259.spe,647.5,66,652,1058,5316,19332,4589,211,1613,1057,90064,115,189,434,220,24,120,308,1066,211,492,68,243,130,120,225,249,1746,0,172,170,0,148,146,129,24113,11437
9646,C:\Data\20260323_MD18-3537\20260324_MD18-3537_S07\MD18-3537_S07_XRF\XRF data\L000260.spe,650,91,740,881,5718,17175,4851,213,1671,1070,94520,92,94,411,257,147,64,610,1114,106,745,103,171,192,78,139,209,2152,0,177,200,0,122,97,173,22602,8688
9648.5,C:\Data\20260323_MD18-3537\20260324_MD18-3537_S07\MD18-3537_S07_XRF\XRF data\L000261.spe,652.5,88,779,799,6373,13307,4871,134,1657,1078,110799,111,190,522,88,216,12,21,1048,305,545,102,158,240,142,153,312,2139,0,171,218,0,256,133,198,22819,11296
9651,C:\Data\20260323_MD18-3537\20260324_MD18-3537_S07\MD18-3537_S07_XRF\XRF data\L000262.spe,655,118,757,842,6240,13806,5015,159,1824,1291,110381,119,266,468,331,198,8,563,1041,217,598,125,145,240,124,235,355,2492,0,214,6,0,79,48,221,24174,12907
9653.5,C:\Data\20260323_MD18-3537\20260324_MD18-3537_S07\MD18-3537_S07_XRF\XRF data\L000263.spe,657.5,117,762,881,5778,14871,4918,154,1657,1263,107071,214,179,557,214,161,138,348,1175,385,617,153,134,287,125,97,251,1821,0,187,170,0,191,157,131,24179,11037
9656,C:\Data\20260323_MD18-3537\20260324_MD18-3537_S07\MD18-3537_S07_XRF\XRF data\L000264.spe,660,111,728,792,5565,15765,4875,230,1539,1160,98702,147,195,496,23,111,11,804,1069,232,635,115,164,251,65,153,286,2152,0,140,174,0,307,209,293,23877,9452
9658.5,C:\Data\20260323_MD18-3537\20260324_MD18-3537_S07\MD18-3537_S07_XRF\XRF data\L000265.spe,662.5,51,703,846,5601,12668,4758,156,1583,1209,102206,185,223,498,175,241,0,162,1066,301,581,82,147,256,138,158,222,2099,0,155,325,0,71,97,102,23177,11847
9661,C:\Data\20260323_MD18-3537\20260324_MD18-3537_S07\MD18-3537_S07_XRF\XRF data\L000266.spe,665,110,773,845,6032,12476,4960,217,1676,1223,108950,202,260,494,76,205,87,351,876,352,536,114,171,269,107,112,180,2058,0,192,278,0,205,69,109,24808,13800
9663.5,C:\Data\20260323_MD18-3537\20260324_MD18-3537_S07\MD18-3537_S07_XRF\XRF data\L000267.spe,667.5,106,735,851,6044,11867,4767,158,1684,1138,105154,134,164,500,202,71,152,297,1010,327,477,50,173,159,104,231,243,2015,0,212,210,0,78,203,0,24521,8648
9666,C:\Data\20260323_MD18-3537\20260324_MD18-3537_S07\MD18-3537_S07_XRF\XRF data\L000268.spe,670,78,629,938,6019,12811,4816,187,1665,1195,106011,168,338,482,257,213,122,413,994,323,561,119,163,225,128,166,115,1782,0,108,127,23,183,169,81,24412,10867
9668.5,C:\Data\20260323_MD18-3537\20260324_MD18-3537_S07\MD18-3537_S07_XRF\XRF data\L000269.spe,672.5,100,774,906,6240,12751,4774,171,1558,1201,108216,132,205,546,73,342,4,375,948,343,554,72,152,210,98,197,171,1956,0,183,71,0,185,73,341,24441,9027
9673.5,C:\Data\20260323_MD18-3537\20260324_MD18-3537_S07\MD18-3537_S07_XRF\XRF data\L000271.spe,677.5,100,763,945,6092,16094,4837,182,1705,1196,104933,99,280,531,133,81,191,548,968,271,470,135,188,313,96,129,152,2206,0,224,293,0,218,176,134,23947,8819
9676,C:\Data\20260323_MD18-3537\20260324_MD18-3537_S07\MD18-3537_S07_XRF\XRF data\L000272.spe,680,82,739,944,5874,16992,4841,143,1633,1180,103618,239,334,668,202,159,59,857,1016,269,580,54,197,246,117,147,258,1763,0,124,65,44,233,153,63,24250,12001
9678.5,C:\Data\20260323_MD18-3537\20260324_MD18-3537_S07\MD18-3537_S07_XRF\XRF data\L000273.spe,682.5,81,679,944,5861,17027,5098,128,1832,1203,102385,134,172,533,139,155,108,391,1090,257,575,98,183,212,108,116,313,2107,0,128,136,0,88,97,0,24296,12932
9681,C:\Data\20260323_MD18-3537\20260324_MD18-3537_S07\MD18-3537_S07_XRF\XRF data\L000274.spe,685,77,719,1014,5681,18080,4741,112,1795,1217,97853,173,261,517,193,177,25,1224,1149,151,640,79,295,280,130,151,245,1911,0,107,50,8,100,254,121,24789,10949
9683.5,C:\Data\20260323_MD18-3537\20260324_MD18-3537_S07\MD18-3537_S07_XRF\XRF data\L000275.spe,687.5,68,636,1051,5319,20555,4796,232,1625,1128,93426,152,263,509,194,171,146,762,1114,239,605,119,180,199,82,173,289,2022,0,148,47,5,204,264,146,23461,6712
9686,C:\Data\20260323_MD18-3537\20260324_MD18-3537_S07\MD18-3537_S07_XRF\XRF data\L000276.spe,690,34,728,1036,5243,22334,4882,137,1598,1278,89294,153,202,483,41,93,113,843,1168,226,681,64,330,140,100,233,147,2085,0,113,84,0,183,128,113,23645,11134
9688.5,C:\Data\20260323_MD18-3537\20260324_MD18-3537_S07\MD18-3537_S07_XRF\XRF data\L000277.spe,692.5,100,692,987,4466,24258,4922,169,1706,1301,76462,183,171,422,237,85,111,850,1264,205,717,105,283,122,90,198,185,1976,0,94,48,27,148,122,89,24521,11872
9691,C:\Data\20260323_MD18-3537\20260324_MD18-3537_S07\MD18-3537_S07_XRF\XRF data\L000278.spe,695,89,645,864,5059,17776,4153,237,1676,1186,82892,94,238,388,238,159,0,365,1279,235,499,116,215,264,82,168,235,1951,0,95,30,0,112,50,15,24374,11646
9693.5,C:\Data\20260323_MD18-3537\20260324_MD18-3537_S07\MD18-3537_S07_XRF\XRF data\L000279.spe,697.5,116,743,885,6333,13300,4809,142,1655,1191,105569,85,311,506,114,128,112,659,963,244,488,109,171,223,123,199,188,2054,0,180,204,0,170,32,129,23723,13319
9698.5,C:\Data\20260323_MD18-3537\20260324_MD18-3537_S07\MD18-3537_S07_XRF\XRF data\L000281.spe,702.5,98,735,852,6166,15222,4909,232,1674,1343,103384,184,313,544,143,349,18,452,927,274,447,64,189,216,126,155,185,1827,0,125,0,0,189,35,283,23798,9086
9701,C:\Data\20260323_MD18-3537\20260324_MD18-3537_S07\MD18-3537_S07_XRF\XRF data\L000282.spe,705,85,727,799,6283,10849,4931,265,1582,1111,106123,113,243,523,210,271,0,569,915,396,513,99,133,223,133,163,220,2161,0,155,240,0,204,32,320,24129,10277
9703.5,C:\Data\20260323_MD18-3537\20260324_MD18-3537_S07\MD18-3537_S07_XRF\XRF data\L000283.spe,707.5,110,762,860,6190,9891,5099,221,1601,1108,114325,236,293,561,194,58,83,898,925,246,472,56,74,181,126,233,188,1937,0,133,52,60,113,235,121,23994,12295
9706,C:\Data\20260323_MD18-3537\20260324_MD18-3537_S07\MD18-3537_S07_XRF\XRF data\L000284.spe,710,133,671,771,6121,9242,4862,203,1684,1057,111893,207,215,567,241,28,55,533,919,282,596,90,95,238,92,172,162,2418,0,195,325,5,137,174,178,24692,11387
9711,C:\Data\20260323_MD18-3537\20260324_MD18-3537_S07\MD18-3537_S07_XRF\XRF data\L000286.spe,715,111,723,858,6154,8864,4607,118,1743,966,107253,159,338,487,123,126,201,695,902,259,448,102,85,243,149,193,192,1928,0,226,107,0,255,180,0,24959,10924
9713.5,C:\Data\20260323_MD18-3537\20260324_MD18-3537_S07\MD18-3537_S07_XRF\XRF data\L000287.spe,717.5,83,700,874,5661,9714,4513,195,1562,925,101272,129,232,502,79,0,138,182,987,307,598,131,96,214,117,133,154,2305,0,155,167,0,178,141,31,25224,12453
9716,C:\Data\20260323_MD18-3537\20260324_MD18-3537_S07\MD18-3537_S07_XRF\XRF data\L000288.spe,720,110,693,902,5463,9342,4586,147,1714,862,101478,237,308,551,134,209,11,379,981,327,617,47,115,93,114,224,274,1732,0,73,160,0,119,137,188,24616,13387
9718.5,C:\Data\20260323_MD18-3537\20260324_MD18-3537_S07\MD18-3537_S07_XRF\XRF data\L000289.spe,722.5,91,706,1012,5625,9506,4806,52,1678,855,98371,131,255,457,105,149,0,134,996,330,589,105,91,173,108,172,177,1966,0,141,237,0,117,0,233,25500,14169
9721,C:\Data\20260323_MD18-3537\20260324_MD18-3537_S07\MD18-3537_S07_XRF\XRF data\L000290.spe,725,90,691,862,6101,6883,4620,150,1740,845,109698,182,221,479,157,327,29,800,786,248,581,53,74,216,149,150,170,1954,0,124,62,97,118,0,58,24638,9351
9723.5,C:\Data\20260323_MD18-3537\20260324_MD18-3537_S07\MD18-3537_S07_XRF\XRF data\L000291.spe,727.5,118,666,855,6192,8918,4825,210,1760,915,116079,160,227,526,142,109,50,339,829,282,439,132,127,219,100,151,279,2282,0,227,54,0,115,250,193,25025,12430
9726,C:\Data\20260323_MD18-3537\20260324_MD18-3537_S07\MD18-3537_S07_XRF\XRF data\L000292.spe,730,119,753,870,6014,10798,4770,249,1676,1026,114064,104,166,573,127,93,148,671,1047,283,428,183,130,249,87,187,253,2433,0,198,167,0,121,148,0,24254,9813
9728.5,C:\Data\20260323_MD18-3537\20260324_MD18-3537_S07\MD18-3537_S07_XRF\XRF data\L000293.spe,732.5,85,722,970,6207,11094,4757,243,1648,968,111632,108,114,541,211,98,86,1364,978,212,542,83,167,238,87,168,277,2459,0,118,218,0,175,231,42,24666,10127
9731,C:\Data\20260323_MD18-3537\20260324_MD18-3537_S07\MD18-3537_S07_XRF\XRF data\L000294.spe,735,79,689,989,6154,11881,4921,268,1812,1185,113851,268,296,581,173,212,148,935,1018,233,589,100,153,246,96,133,87,1777,0,104,76,66,235,251,92,24432,10268
9733.5,C:\Data\20260323_MD18-3537\20260324_MD18-3537_S07\MD18-3537_S07_XRF\XRF data\L000295.spe,737.5,102,703,943,6031,13697,5041,227,1712,1185,109290,147,284,499,53,136,137,589,1045,291,547,96,146,213,107,127,385,2257,0,149,286,0,200,112,89,24509,10674
9736,C:\Data\20260323_MD18-3537\20260324_MD18-3537_S07\MD18-3537_S07_XRF\XRF data\L000296.spe,740,86,775,906,6062,15882,5277,173,1795,1102,110354,125,232,506,190,93,36,401,1223,255,495,109,210,238,96,185,317,2341,0,166,265,0,172,138,165,25136,12166
9738.5,C:\Data\20260323_MD18-3537\20260324_MD18-3537_S07\MD18-3537_S07_XRF\XRF data\L000297.spe,742.5,78,776,950,5057,17362,4708,168,1548,1128,94747,149,280,492,147,65,77,1055,1165,221,610,91,255,157,98,168,251,1998,0,141,154,0,154,135,73,25579,12124
9741,C:\Data\20260323_MD18-3537\20260324_MD18-3537_S07\MD18-3537_S07_XRF\XRF data\L000298.spe,745,80,796,973,4510,18883,4345,224,1681,1044,80395,247,223,410,115,289,0,566,1401,267,554,15,274,178,70,188,254,1650,0,23,210,66,177,200,317,25796,12738
9743.5,C:\Data\20260323_MD18-3537\20260324_MD18-3537_S07\MD18-3537_S07_XRF\XRF data\L000299.spe,747.5,72,647,927,4785,16219,4333,163,1539,1031,84423,271,246,525,18,125,11,384,1093,250,572,57,188,66,107,173,275,1444,0,38,83,5,218,114,243,24418,11766
9746,C:\Data\20260323_MD18-3537\20260324_MD18-3537_S07\MD18-3537_S07_XRF\XRF data\L000300.spe,750,111,766,933,6527,8306,4629,145,1638,1154,104368,123,282,557,147,109,111,1215,1054,184,491,180,107,210,130,150,324,2170,0,150,199,0,194,199,199,25239,11852
9748.5,C:\Data\20260323_MD18-3537\20260324_MD18-3537_S07\MD18-3537_S07_XRF\XRF data\L000301.spe,752.5,71,634,943,6348,9680,4825,134,1723,1180,106806,126,202,577,205,167,28,485,878,247,475,59,118,207,73,209,256,2154,0,230,241,0,121,90,97,23571,13667
9751,C:\Data\20260323_MD18-3537\20260324_MD18-3537_S07\MD18-3537_S07_XRF\XRF data\L000302.spe,755,90,668,948,5916,10884,4727,204,1739,1183,105100,156,263,548,119,82,152,923,1048,190,602,96,163,166,99,207,350,2187,0,170,294,18,208,183,129,24050,10569
9753.5,C:\Data\20260323_MD18-3537\20260324_MD18-3537_S07\MD18-3537_S07_XRF\XRF data\L000303.spe,757.5,75,721,863,6095,11742,4768,125,1601,1183,105627,168,307,603,124,9,192,1174,900,107,595,138,154,192,113,172,182,2111,0,146,129,0,167,115,0,24028,14329
9756,C:\Data\20260323_MD18-3537\20260324_MD18-3537_S07\MD18-3537_S07_XRF\XRF data\L000304.spe,760,93,651,989,5593,12114,4537,215,1687,1052,98484,135,143,509,195,282,136,705,1070,352,631,78,188,192,87,150,253,2480,0,144,299,7,156,79,137,24143,11097
9758.5,C:\Data\20260323_MD18-3537\20260324_MD18-3537_S07\MD18-3537_S07_XRF\XRF data\L000305.spe,762.5,81,749,914,6302,9386,4681,189,1700,1024,100523,112,276,496,236,128,77,558,1151,281,582,75,162,115,115,228,281,1757,0,98,100,0,96,86,176,24373,11042
9761,C:\Data\20260323_MD18-3537\20260324_MD18-3537_S07\MD18-3537_S07_XRF\XRF data\L000306.spe,765,95,725,846,6657,6174,4469,193,1615,952,104074,86,248,529,178,221,84,666,972,288,469,93,98,173,118,214,303,2109,0,171,323,0,185,87,116,25334,9095
9763.5,C:\Data\20260323_MD18-3537\20260324_MD18-3537_S07\MD18-3537_S07_XRF\XRF data\L000307.spe,767.5,84,634,895,6238,8276,4443,216,1661,977,103536,214,239,550,237,135,128,642,921,248,525,68,88,262,91,142,276,2444,0,133,174,72,89,128,81,25425,11870
9766,C:\Data\20260323_MD18-3537\20260324_MD18-3537_S07\MD18-3537_S07_XRF\XRF data\L000308.spe,770,98,705,854,6090,8761,4626,123,1709,1027,104615,177,286,551,170,247,17,1149,1055,187,635,84,44,200,131,152,342,1970,0,131,342,26,142,273,190,24659,12281
9768.5,C:\Data\20260323_MD18-3537\20260324_MD18-3537_S07\MD18-3537_S07_XRF\XRF data\L000309.spe,772.5,103,740,806,6411,7757,4645,185,1620,1021,107706,127,317,595,122,212,38,1226,865,242,487,69,79,200,85,186,228,2096,0,170,186,0,160,146,251,24996,12747
9771,C:\Data\20260323_MD18-3537\20260324_MD18-3537_S07\MD18-3537_S07_XRF\XRF data\L000310.spe,775,103,757,914,5607,10021,4393,172,1785,1026,100210,148,152,506,135,74,194,612,1070,293,565,127,140,291,104,129,252,2236,0,143,322,9,137,174,0,24951,11344
9773.5,C:\Data\20260323_MD18-3537\20260324_MD18-3537_S07\MD18-3537_S07_XRF\XRF data\L000311.spe,777.5,71,700,873,6237,7873,4569,290,1690,1085,103185,231,370,586,313,0,248,1434,1109,138,500,96,68,71,83,201,229,1926,0,119,60,46,162,211,0,24984,12650
9776,C:\Data\20260323_MD18-3537\20260324_MD18-3537_S07\MD18-3537_S07_XRF\XRF data\L000312.spe,780,97,741,876,6759,7124,4484,245,1678,1003,109044,170,276,549,148,187,104,447,864,323,451,138,111,260,93,171,202,2069,0,200,178,55,190,106,153,24526,11590
9778.5,C:\Data\20260323_MD18-3537\20260324_MD18-3537_S07\MD18-3537_S07_XRF\XRF data\L000313.spe,782.5,124,689,812,6581,9425,4479,244,1619,1122,108044,111,221,551,190,185,128,1223,1020,233,505,118,91,216,118,159,217,2425,0,240,164,26,156,145,118,26050,11923
9781,C:\Data\20260323_MD18-3537\20260324_MD18-3537_S07\MD18-3537_S07_XRF\XRF data\L000314.spe,785,96,745,869,6594,9916,4684,133,1649,1109,109052,140,242,488,161,41,50,363,958,261,507,138,169,212,118,188,257,2267,0,188,253,4,134,237,135,23828,11256
9783.5,C:\Data\20260323_MD18-3537\20260324_MD18-3537_S07\MD18-3537_S07_XRF\XRF data\L000315.spe,787.5,116,724,938,6345,10354,4434,294,1683,1212,104480,87,254,500,227,0,12,52,958,398,500,118,128,277,95,133,213,2461,0,188,133,0,60,140,144,25430,13147
9786,C:\Data\20260323_MD18-3537\20260324_MD18-3537_S07\MD18-3537_S07_XRF\XRF data\L000316.spe,790,81,772,848,6426,9491,4613,254,1788,1135,105232,215,232,516,199,126,35,284,1023,345,591,83,122,175,120,224,312,2284,0,193,213,0,152,197,214,24840,12045
9788.5,C:\Data\20260323_MD18-3537\20260324_MD18-3537_S07\MD18-3537_S07_XRF\XRF data\L000317.spe,792.5,127,802,783,6588,9716,4578,172,1715,1112,103790,97,317,498,86,166,176,910,1005,243,560,70,113,261,93,177,226,2106,0,177,121,0,236,171,84,23893,11466
9791,C:\Data\20260323_MD18-3537\20260324_MD18-3537_S07\MD18-3537_S07_XRF\XRF data\L000318.spe,795,111,772,803,6630,10415,4619,220,1677,1238,102707,182,166,504,158,143,144,719,1132,247,548,137,133,268,108,117,256,2245,0,99,113,63,118,81,69,24848,13794
9793.5,C:\Data\20260323_MD18-3537\20260324_MD18-3537_S07\MD18-3537_S07_XRF\XRF data\L000319.spe,797.5,103,781,864,6117,11184,4715,156,1684,1207,100478,148,235,538,248,61,131,517,1102,286,623,108,174,173,122,159,293,2042,0,157,100,34,191,177,0,24649,10455
9796,C:\Data\20260323_MD18-3537\20260324_MD18-3537_S07\MD18-3537_S07_XRF\XRF data\L000320.spe,800,130,753,924,5827,11793,4452,192,1660,1354,96090,152,224,493,153,140,0,237,1105,361,756,132,112,234,116,164,312,2026,0,167,175,0,126,148,158,24608,12385
9798.5,C:\Data\20260323_MD18-3537\20260324_MD18-3537_S07\MD18-3537_S07_XRF\XRF data\L000321.spe,802.5,78,716,992,5369,12763,4225,225,1629,1146,86868,209,256,577,219,340,0,679,1080,349,627,130,161,166,77,181,258,1893,0,82,65,60,163,274,324,25736,10780
9801,C:\Data\20260323_MD18-3537\20260324_MD18-3537_S07\MD18-3537_S07_XRF\XRF data\L000322.spe,805,91,720,964,5225,11445,4326,149,1554,1129,85742,279,311,444,192,250,11,639,1168,191,699,65,161,164,122,167,160,1446,0,11,31,41,138,153,92,24634,13446
9803.5,C:\Data\20260323_MD18-3537\20260324_MD18-3537_S07\MD18-3537_S07_XRF\XRF data\L000323.spe,807.5,87,631,832,6156,8136,4623,154,1788,1051,100261,182,281,570,252,110,161,639,967,247,585,130,66,229,88,168,267,2286,0,174,198,30,67,254,28,24734,9181
9806,C:\Data\20260323_MD18-3537\20260324_MD18-3537_S07\MD18-3537_S07_XRF\XRF data\L000324.spe,810,99,700,900,6026,7364,4384,260,1760,1001,101792,98,218,483,192,239,0,851,872,330,624,89,88,284,62,168,278,2158,0,146,232,13,134,144,268,24928,11457
9808.5,C:\Data\20260323_MD18-3537\20260324_MD18-3537_S07\MD18-3537_S07_XRF\XRF data\L000325.spe,812.5,119,685,897,6444,6722,4665,205,1668,1086,105152,190,275,515,176,176,0,189,970,271,473,64,80,196,86,147,173,1761,0,138,197,90,261,175,290,24387,11872
9811,C:\Data\20260323_MD18-3537\20260324_MD18-3537_S07\MD18-3537_S07_XRF\XRF data\L000326.spe,815,95,689,894,6614,6085,4695,171,1751,1108,109940,203,301,524,112,158,169,314,870,276,647,102,52,226,129,172,137,1911,0,120,73,20,292,137,105,24928,9541
9813.5,C:\Data\20260323_MD18-3537\20260324_MD18-3537_S07\MD18-3537_S07_XRF\XRF data\L000327.spe,817.5,103,637,840,6532,6537,4466,204,1679,961,108831,100,248,489,195,209,67,1096,882,144,495,102,72,213,77,220,199,2250,0,140,190,0,111,63,12,24289,11491
9816,C:\Data\20260323_MD18-3537\20260324_MD18-3537_S07\MD18-3537_S07_XRF\XRF data\L000328.spe,820,98,677,874,6245,6485,4691,212,1672,852,107358,156,306,519,28,236,88,573,875,139,631,143,70,217,71,150,255,2063,0,154,289,51,219,273,224,24003,12904
9818.5,C:\Data\20260323_MD18-3537\20260324_MD18-3537_S07\MD18-3537_S07_XRF\XRF data\L000329.spe,822.5,78,689,918,6501,6725,4694,148,1652,976,110196,200,285,504,121,129,70,171,858,381,480,66,58,156,80,214,155,1878,0,122,17,0,129,171,155,25284,9007
9821,C:\Data\20260323_MD18-3537\20260324_MD18-3537_S07\MD18-3537_S07_XRF\XRF data\L000330.spe,825,84,708,877,6760,7531,4571,251,1768,945,113391,128,240,527,89,99,36,476,881,330,483,69,103,281,105,142,250,2004,0,184,264,49,132,72,122,25328,10442
9823.5,C:\Data\20260323_MD18-3537\20260324_MD18-3537_S07\MD18-3537_S07_XRF\XRF data\L000331.spe,827.5,101,703,797,6433,6934,4600,140,1733,987,111504,210,339,509,61,153,116,987,841,256,418,140,61,189,99,227,302,2059,0,146,128,58,141,95,64,25082,10691
9826,C:\Data\20260323_MD18-3537\20260324_MD18-3537_S07\MD18-3537_S07_XRF\XRF data\L000332.spe,830,60,611,1033,5977,9160,4514,222,1649,1131,110025,105,241,556,149,169,7,459,924,255,435,96,107,212,80,180,216,2414,0,228,150,6,154,99,97,23687,11577
9828.5,C:\Data\20260323_MD18-3537\20260324_MD18-3537_S07\MD18-3537_S07_XRF\XRF data\L000333.spe,832.5,88,736,896,5925,11346,4611,123,1732,1071,105830,156,279,469,124,198,35,458,979,270,544,94,151,178,107,189,178,1978,0,177,186,0,178,60,180,25130,12541
9831,C:\Data\20260323_MD18-3537\20260324_MD18-3537_S07\MD18-3537_S07_XRF\XRF data\L000334.spe,835,74,689,998,5836,12087,4600,213,1738,1014,103838,168,162,543,208,235,41,636,981,258,601,34,144,241,109,157,201,2083,0,107,158,18,182,204,159,25126,13414
9833.5,C:\Data\20260323_MD18-3537\20260324_MD18-3537_S07\MD18-3537_S07_XRF\XRF data\L000335.spe,837.5,64,759,970,5890,12391,4791,138,1741,1049,101652,192,279,502,292,158,0,991,1152,243,631,74,168,270,125,180,292,2187,0,100,102,0,51,198,303,25790,10416
9836,C:\Data\20260323_MD18-3537\20260324_MD18-3537_S07\MD18-3537_S07_XRF\XRF data\L000336.spe,840,103,854,1014,5423,14169,4630,219,1803,1074,93633,147,213,512,128,0,133,685,1254,265,642,87,246,245,76,189,318,2215,0,139,241,21,159,116,75,24933,12636
9838.5,C:\Data\20260323_MD18-3537\20260324_MD18-3537_S07\MD18-3537_S07_XRF\XRF data\L000337.spe,842.5,62,756,989,4697,15226,4396,133,1598,1048,81706,300,320,426,257,322,0,578,1242,336,697,64,134,194,65,144,236,1190,0,26,19,15,132,105,385,26342,11677
9841,C:\Data\20260323_MD18-3537\20260324_MD18-3537_S07\MD18-3537_S07_XRF\XRF data\L000338.spe,845,86,739,955,4392,14496,3833,111,1618,975,75980,224,216,421,132,109,104,0,1225,337,695,68,159,239,71,142,230,1761,0,70,135,0,312,186,193,24660,11970
9843.5,C:\Data\20260323_MD18-3537\20260324_MD18-3537_S07\MD18-3537_S07_XRF\XRF data\L000339.spe,847.5,77,677,930,5059,13573,4001,190,1667,1055,86477,209,271,440,133,389,0,200,1189,375,635,34,153,162,76,200,280,2045,0,25,67,0,155,82,293,25295,10221
9846,C:\Data\20260323_MD18-3537\20260324_MD18-3537_S07\MD18-3537_S07_XRF\XRF data\L000340.spe,850,93,725,923,5304,11765,4316,197,1600,1052,89844,196,326,465,227,239,58,298,1047,404,578,64,123,161,87,176,284,2106,0,118,76,0,179,136,209,24990,12671
9851,C:\Data\20260323_MD18-3537\20260324_MD18-3537_S07\MD18-3537_S07_XRF\XRF data\L000342.spe,855,93,769,957,5643,10665,4463,217,1599,1077,99901,270,262,513,185,34,31,473,1043,343,618,143,118,202,133,162,288,1952,0,64,138,0,157,108,116,25043,12390
9853.5,C:\Data\20260323_MD18-3537\20260324_MD18-3537_S07\MD18-3537_S07_XRF\XRF data\L000343.spe,857.5,131,730,881,6223,9016,4540,158,1757,1066,103039,173,281,443,60,143,120,1028,1114,327,596,112,98,200,71,201,324,2099,0,151,304,0,170,124,96,25905,14571
9856,C:\Data\20260323_MD18-3537\20260324_MD18-3537_S07\MD18-3537_S07_XRF\XRF data\L000344.spe,860,123,732,818,6742,7012,4601,173,1673,1048,110871,195,263,548,82,163,137,883,847,207,523,115,87,341,120,94,100,2095,0,119,250,0,200,168,78,25225,14160
9858.5,C:\Data\20260323_MD18-3537\20260324_MD18-3537_S07\MD18-3537_S07_XRF\XRF data\L000345.spe,862.5,88,751,845,6524,8393,4718,170,1603,1089,107611,126,243,548,172,105,100,274,881,381,452,131,85,245,114,171,247,2345,0,173,280,0,197,148,172,24199,11225
9861,C:\Data\20260323_MD18-3537\20260324_MD18-3537_S07\MD18-3537_S07_XRF\XRF data\L000346.spe,865,83,744,907,6340,7824,4762,89,1850,898,106045,79,289,476,345,219,100,648,903,303,440,166,79,271,112,191,294,2400,0,169,14,0,0,205,123,25772,14470
9863.5,C:\Data\20260323_MD18-3537\20260324_MD18-3537_S07\MD18-3537_S07_XRF\XRF data\L000347.spe,867.5,102,713,824,6404,7327,4632,236,1705,974,105438,198,230,596,195,201,190,853,849,208,480,109,85,168,119,159,149,2062,0,130,212,0,102,201,9,24738,8686
9866,C:\Data\20260323_MD18-3537\20260324_MD18-3537_S07\MD18-3537_S07_XRF\XRF data\L000348.spe,870,108,744,836,6440,7220,4400,206,1597,932,104554,110,129,552,144,158,58,800,968,386,518,84,88,258,83,165,151,2449,0,148,120,0,190,171,132,26136,13181
9868.5,C:\Data\20260323_MD18-3537\20260324_MD18-3537_S07\MD18-3537_S07_XRF\XRF data\L000349.spe,872.5,83,740,921,6242,7773,4533,211,1669,974,104657,35,267,533,196,134,42,885,973,251,592,117,83,208,95,185,133,2331,0,258,197,0,202,159,184,24745,10949
9871,C:\Data\20260323_MD18-3537\20260324_MD18-3537_S07\MD18-3537_S07_XRF\XRF data\L000350.spe,875,123,865,764,7133,7834,4913,231,1839,952,112202,171,287,701,109,329,9,640,1051,225,448,144,84,260,116,95,90,2334,0,246,210,0,160,104,339,25974,13157
9873.5,C:\Data\20260323_MD18-3537\20260324_MD18-3537_S07\MD18-3537_S07_XRF\XRF data\L000351.spe,877.5,111,861,831,6965,8659,4820,238,1763,953,110406,184,237,530,194,121,127,1689,1037,238,661,132,77,217,142,167,157,2154,0,126,180,18,108,240,43,26096,13565
9876,C:\Data\20260323_MD18-3537\20260324_MD18-3537_S07\MD18-3537_S07_XRF\XRF data\L000352.spe,880,72,776,870,6393,10005,4650,162,1661,950,101654,185,310,475,118,55,131,1085,930,251,622,35,108,84,98,246,325,1671,0,158,165,5,180,130,19,24778,12685
9881,C:\Data\20260323_MD18-3537\20260324_MD18-3537_S07\MD18-3537_S07_XRF\XRF data\L000354.spe,885,71,737,743,6424,10705,4561,283,1613,1096,100156,71,207,486,320,65,44,599,1083,344,664,26,110,252,63,137,187,2408,0,152,258,0,101,202,175,24601,12979
9883.5,C:\Data\20260323_MD18-3537\20260324_MD18-3537_S07\MD18-3537_S07_XRF\XRF data\L000355.spe,887.5,101,759,865,6072,11388,4434,167,1725,1083,98476,67,219,498,173,249,26,1024,1158,253,604,86,168,228,80,197,204,2117,0,148,320,0,80,99,94,25146,12749
9886,C:\Data\20260323_MD18-3537\20260324_MD18-3537_S07\MD18-3537_S07_XRF\XRF data\L000356.spe,890,72,750,959,5490,11731,4329,155,1776,1029,91204,138,288,514,42,119,35,460,1141,294,762,144,132,182,124,208,247,2593,0,193,123,0,317,79,274,24531,10475
9888.5,C:\Data\20260323_MD18-3537\20260324_MD18-3537_S07\MD18-3537_S07_XRF\XRF data\L000357.spe,892.5,65,695,975,5199,12105,4195,183,1795,979,87097,133,216,456,247,217,0,432,1174,221,759,63,136,260,99,135,183,2094,0,148,58,0,214,146,171,24403,12524
9891,C:\Data\20260323_MD18-3537\20260324_MD18-3537_S07\MD18-3537_S07_XRF\XRF data\L000358.spe,895,80,721,1007,5365,12024,4190,168,1726,1089,86559,138,351,486,203,204,22,881,1311,211,756,101,128,166,86,190,167,2111,0,89,0,0,187,116,260,24230,11941
9893.5,C:\Data\20260323_MD18-3537\20260324_MD18-3537_S07\MD18-3537_S07_XRF\XRF data\L000359.spe,897.5,94,711,973,4660,11280,4009,91,1546,991,80868,264,271,434,123,105,93,311,1310,252,706,54,142,155,67,189,71,1410,0,5,16,26,242,115,133,25082,10104
9896,C:\Data\20260323_MD18-3537\20260324_MD18-3537_S07\MD18-3537_S07_XRF\XRF data\L000360.spe,900,87,679,875,5335,11453,4083,168,1750,1043,88295,152,268,490,150,264,73,948,1161,189,876,61,108,205,122,145,239,1856,0,174,151,0,139,191,193,23796,12655
9898.5,C:\Data\20260323_MD18-3537\20260324_MD18-3537_S07\MD18-3537_S07_XRF\XRF data\L000361.spe,902.5,97,763,861,5833,11447,4857,242,1727,1040,99394,152,223,505,80,19,64,601,1073,297,596,80,167,197,93,171,241,2254,0,137,275,0,244,183,112,23440,10883
9901,C:\Data\20260323_MD18-3537\20260324_MD18-3537_S07\MD18-3537_S07_XRF\XRF data\L000362.spe,905,45,749,850,5696,11568,4355,244,1860,1059,97557,182,268,563,173,102,93,82,1021,388,549,62,183,251,94,170,202,2209,0,176,101,0,188,71,111,24745,12614
9903.5,C:\Data\20260323_MD18-3537\20260324_MD18-3537_S07\MD18-3537_S07_XRF\XRF data\L000363.spe,907.5,101,832,829,5904,11826,4586,205,1751,1000,98306,272,366,607,257,80,83,487,1055,325,606,88,120,215,113,167,309,1784,0,194,0,17,178,259,97,23884,10634
9906,C:\Data\20260323_MD18-3537\20260324_MD18-3537_S07\MD18-3537_S07_XRF\XRF data\L000364.spe,910,88,769,816,5729,12392,4382,171,1619,1018,93645,191,280,454,158,232,0,192,1106,383,660,112,110,197,72,200,251,2185,0,121,33,0,144,77,339,24720,12768
9908.5,C:\Data\20260323_MD18-3537\20260324_MD18-3537_S07\MD18-3537_S07_XRF\XRF data\L000365.spe,912.5,104,698,845,5856,11029,4514,121,1578,924,96344,123,211,437,227,0,216,574,1131,304,578,118,136,194,82,192,237,1810,0,118,232,0,161,236,0,24105,10736
9911,C:\Data\20260323_MD18-3537\20260324_MD18-3537_S07\MD18-3537_S07_XRF\XRF data\L000366.spe,915,108,729,765,6570,9006,4418,129,1602,1019,99438,138,341,621,89,80,12,45,1051,335,608,90,111,215,107,145,133,2044,0,175,115,18,232,74,200,23551,10509
9913.5,C:\Data\20260323_MD18-3537\20260324_MD18-3537_S07\MD18-3537_S07_XRF\XRF data\L000367.spe,917.5,77,738,764,6707,8715,4759,217,1627,979,105092,238,358,560,197,177,62,703,869,244,690,68,18,143,133,187,198,1588,0,94,130,89,45,302,219,25199,10141
9916,C:\Data\20260323_MD18-3537\20260324_MD18-3537_S07\MD18-3537_S07_XRF\XRF data\L000368.spe,920,123,735,774,6785,8634,4798,203,1635,925,106318,172,413,569,159,0,79,637,930,264,497,79,139,222,128,168,237,2069,0,163,22,0,105,144,250,24176,10547
9918.5,C:\Data\20260323_MD18-3537\20260324_MD18-3537_S07\MD18-3537_S07_XRF\XRF data\L000369.spe,922.5,118,770,776,6740,9900,4574,222,1586,898,105559,157,268,532,157,239,0,544,892,352,532,93,74,237,109,219,333,1972,0,178,163,0,174,77,269,25143,11610
9921,C:\Data\20260323_MD18-3537\20260324_MD18-3537_S07\MD18-3537_S07_XRF\XRF data\L000370.spe,925,111,820,740,6587,10890,4625,199,1718,860,102583,141,188,526,373,113,40,517,1010,288,514,74,123,225,79,173,211,1882,0,118,132,41,29,210,143,24644,11266
9923.5,C:\Data\20260323_MD18-3537\20260324_MD18-3537_S07\MD18-3537_S07_XRF\XRF data\L000371.spe,927.5,119,776,799,6101,11426,4488,182,1632,842,99099,113,150,483,27,99,126,0,1020,473,585,134,153,214,88,154,341,2084,0,185,176,0,200,44,117,24543,12411
9926,C:\Data\20260323_MD18-3537\20260324_MD18-3537_S07\MD18-3537_S07_XRF\XRF data\L000372.spe,930,90,761,826,5884,11935,4380,184,1629,856,97476,183,215,439,404,177,0,523,999,324,541,71,153,172,94,163,257,1881,0,79,134,0,15,200,227,24433,10875
9928.5,C:\Data\20260323_MD18-3537\20260324_MD18-3537_S07\MD18-3537_S07_XRF\XRF data\L000373.spe,932.5,98,732,888,5867,12315,4580,157,1611,827,96322,239,294,552,289,37,149,431,1063,378,590,70,125,225,83,144,219,1740,0,76,258,42,133,193,0,23883,11536
9931,C:\Data\20260323_MD18-3537\20260324_MD18-3537_S07\MD18-3537_S07_XRF\XRF data\L000374.spe,935,59,751,899,5564,12164,4303,176,1602,955,93153,129,204,472,222,238,103,469,1088,339,730,144,114,197,119,170,180,2107,0,139,14,26,91,23,190,25234,12569
9933.5,C:\Data\20260323_MD18-3537\20260324_MD18-3537_S07\MD18-3537_S07_XRF\XRF data\L000375.spe,937.5,100,709,868,5549,12082,4439,149,1719,914,90230,162,249,470,136,137,15,143,1043,325,499,156,100,217,69,171,175,2155,0,180,42,34,190,164,77,24284,12956
9936,C:\Data\20260323_MD18-3537\20260324_MD18-3537_S07\MD18-3537_S07_XRF\XRF data\L000376.spe,940,98,698,835,6125,11279,4204,199,1663,1072,99157,128,264,511,215,216,38,585,929,270,692,95,149,181,138,183,160,1949,0,117,12,0,190,163,132,24525,14644
9938.5,C:\Data\20260323_MD18-3537\20260324_MD18-3537_S07\MD18-3537_S07_XRF\XRF data\L000377.spe,942.5,85,725,753,6353,12128,4467,161,1699,1043,100920,104,248,541,182,138,209,476,949,322,553,79,135,192,125,181,202,2313,0,178,298,0,120,156,60,24686,11110
9941,C:\Data\20260323_MD18-3537\20260324_MD18-3537_S07\MD18-3537_S07_XRF\XRF data\L000378.spe,945,96,787,768,6183,13257,4263,222,1588,948,100151,123,233,610,86,152,168,0,1025,388,501,88,136,212,99,168,268,1865,0,156,393,17,177,290,118,24041,10737
9943.5,C:\Data\20260323_MD18-3537\20260324_MD18-3537_S07\MD18-3537_S07_XRF\XRF data\L000379.spe,947.5,104,688,788,6094,14649,4093,218,1490,1019,98330,195,343,478,80,139,0,759,1017,205,435,144,205,272,89,119,105,1976,0,83,112,0,227,0,261,23873,10092
9946,C:\Data\20260323_MD18-3537\20260324_MD18-3537_S07\MD18-3537_S07_XRF\XRF data\L000380.spe,950,104,739,815,5791,16320,4244,173,1632,896,96933,122,208,463,169,50,195,139,1040,300,423,94,222,163,138,182,240,1764,0,158,33,0,168,142,0,23589,11188
9948.5,C:\Data\20260323_MD18-3537\20260324_MD18-3537_S07\MD18-3537_S07_XRF\XRF data\L000381.spe,952.5,95,730,832,5814,17747,4199,129,1618,860,96085,143,245,449,115,90,93,346,1031,348,472,124,212,247,129,160,348,2218,0,124,0,0,173,224,84,23169,9175
9951,C:\Data\20260323_MD18-3537\20260324_MD18-3537_S07\MD18-3537_S07_XRF\XRF data\L000382.spe,955,45,779,913,5574,19234,4256,154,1630,976,95755,155,216,459,66,133,126,273,1098,416,512,61,249,253,125,135,169,1755,0,100,181,45,87,53,61,24498,10451
9953.5,C:\Data\20260323_MD18-3537\20260324_MD18-3537_S07\MD18-3537_S07_XRF\XRF data\L000383.spe,957.5,113,688,921,5318,20292,4374,143,1635,926,94259,51,181,430,118,215,14,587,997,221,435,140,258,203,81,141,269,2225,0,198,237,0,189,138,240,23506,11486
9956,C:\Data\20260323_MD18-3537\20260324_MD18-3537_S07\MD18-3537_S07_XRF\XRF data\L000384.spe,960,78,736,932,5173,21007,4160,134,1721,973,91918,167,167,440,177,200,99,131,1125,364,500,156,200,272,79,155,331,1810,0,111,117,0,139,100,30,24242,12052
9958.5,C:\Data\20260323_MD18-3537\20260324_MD18-3537_S07\MD18-3537_S07_XRF\XRF data\L000385.spe,962.5,52,736,869,5415,19975,4110,188,1584,1093,90274,158,163,466,258,263,13,596,1260,243,646,61,293,240,99,130,271,2079,0,87,195,0,98,145,247,23957,14010
9961,C:\Data\20260323_MD18-3537\20260324_MD18-3537_S07\MD18-3537_S07_XRF\XRF data\L000386.spe,965,89,684,946,5235,19891,4451,201,1623,1083,91338,177,221,412,21,125,106,660,990,291,611,99,324,190,76,180,354,2013,0,57,5,0,249,12,0,24015,12308
9963.5,C:\Data\20260323_MD18-3537\20260324_MD18-3537_S07\MD18-3537_S07_XRF\XRF data\L000387.spe,967.5,77,729,942,5077,20979,4110,173,1665,1095,83326,217,362,495,67,24,0,529,1129,272,646,72,252,191,84,143,196,1872,0,76,78,0,203,204,270,24665,13568
9966,C:\Data\20260323_MD18-3537\20260324_MD18-3537_S07\MD18-3537_S07_XRF\XRF data\L000388.spe,970,88,661,1335,4333,19542,3622,186,1737,886,73890,217,263,489,126,194,111,502,1412,268,650,77,266,95,79,201,251,1653,0,48,0,51,164,180,149,24790,12182
9968.5,C:\Data\20260323_MD18-3537\20260324_MD18-3537_S07\MD18-3537_S07_XRF\XRF data\L000389.spe,972.5,61,505,1432,4123,14082,3209,119,1562,722,67913,160,216,428,52,60,0,233,1239,247,927,42,181,97,63,197,303,1746,0,32,123,0,223,132,231,25597,12480
9971,C:\Data\20260323_MD18-3537\20260324_MD18-3537_S07\MD18-3537_S07_XRF\XRF data\L000390.spe,975,50,410,1465,4399,7859,3549,157,1480,699,75019,261,318,473,119,52,85,0,1136,308,577,35,97,135,98,111,133,1107,13,21,0,70,210,102,91,23728,8758
9973.5,C:\Data\20260323_MD18-3537\20260324_MD18-3537_S07\MD18-3537_S07_XRF\XRF data\L000391.spe,977.5,88,691,853,5548,8441,4035,196,1583,962,91116,232,275,464,102,62,0,0,977,272,515,113,87,193,85,140,228,1842,0,46,156,0,154,79,182,24107,9837
9976,C:\Data\20260323_MD18-3537\20260324_MD18-3537_S07\MD18-3537_S07_XRF\XRF data\L000392.spe,980,104,730,688,6244,9166,4502,129,1730,954,102667,174,249,480,187,24,24,518,951,280,429,110,90,156,108,210,319,1855,0,117,248,4,136,193,221,23696,12372
9978.5,C:\Data\20260323_MD18-3537\20260324_MD18-3537_S07\MD18-3537_S07_XRF\XRF data\L000393.spe,982.5,115,682,795,6191,9943,4366,154,1646,1060,102228,127,228,448,273,217,107,340,898,348,546,56,93,265,149,144,153,2203,0,179,263,0,49,206,148,23824,12457
9981,C:\Data\20260323_MD18-3537\20260324_MD18-3537_S07\MD18-3537_S07_XRF\XRF data\L000394.spe,985,108,682,802,6022,10132,4453,197,1623,966,105072,143,240,619,104,38,182,1020,966,196,514,109,102,202,152,182,254,1921,0,197,203,53,221,223,16,22009,13273
9986,C:\Data\20260323_MD18-3537\20260324_MD18-3537_S07\MD18-3537_S07_XRF\XRF data\L000396.spe,990,89,631,815,5331,13468,4595,123,1596,1064,98125,154,145,493,252,166,102,573,860,187,439,134,171,251,96,152,123,2133,0,157,192,34,112,116,120,22742,9678
9988.5,C:\Data\20260323_MD18-3537\20260324_MD18-3537_S07\MD18-3537_S07_XRF\XRF data\L000397.spe,992.5,77,689,761,5605,12524,4200,171,1621,918,98182,141,220,486,197,237,0,873,912,212,565,74,98,264,101,92,244,1995,0,157,249,0,154,142,161,23301,9841
9991,C:\Data\20260323_MD18-3537\20260324_MD18-3537_S07\MD18-3537_S07_XRF\XRF data\L000398.spe,995,100,728,806,5264,12044,4347,166,1692,940,98193,110,271,534,29,153,0,653,1077,267,538,121,114,193,99,166,292,1980,0,179,294,0,202,187,163,22726,11712
9993.5,C:\Data\20260323_MD18-3537\20260324_MD18-3537_S07\MD18-3537_S07_XRF\XRF data\L000399.spe,997.5,110,704,956,5190,12343,4479,132,1684,1051,101167,189,353,545,168,0,252,474,1168,216,570,119,154,230,99,120,194,1575,0,102,49,0,156,141,0,22935,10095
10002.5,C:\Data\20260323_MD18-3537\20260324_MD18-3537_S08\MD18-3537_S08_XRF\XRF data\L000004.spe,10,119,935,959,6076,15081,4728,256,1699,1184,97802,298,299,492,220,173,127,1288,1261,126,696,18,147,193,120,120,216,387,0,46,100,15,134,163,32,24669,7631
10005,C:\Data\20260323_MD18-3537\20260324_MD18-3537_S08\MD18-3537_S08_XRF\XRF data\L000005.spe,12.5,54,813,1154,5056,14876,4236,149,1740,1014,85268,342,368,463,151,158,161,1318,1256,107,926,46,81,105,100,133,185,459,18,0,0,61,181,228,0,25661,7169
10007.5,C:\Data\20260323_MD18-3537\20260324_MD18-3537_S08\MD18-3537_S08_XRF\XRF data\L000006.spe,15,48,817,1177,4596,16400,4137,208,1742,1041,78792,383,369,496,141,276,29,971,1381,178,1065,9,151,86,101,153,88,162,105,0,0,0,238,45,230,26862,9529
10010,C:\Data\20260323_MD18-3537\20260324_MD18-3537_S08\MD18-3537_S08_XRF\XRF data\L000007.spe,17.5,63,814,1087,4866,15309,4419,78,1767,1038,80134,340,317,452,151,212,0,920,1320,89,741,48,143,86,119,196,175,434,0,0,138,0,178,87,461,24856,8214
10012.5,C:\Data\20260323_MD18-3537\20260324_MD18-3537_S08\MD18-3537_S08_XRF\XRF data\L000008.spe,20,87,834,978,6023,13905,4582,227,1618,1327,98236,310,265,502,123,304,14,929,1243,216,616,102,87,118,145,156,51,591,0,49,65,9,239,104,322,24212,8378
10015,C:\Data\20260323_MD18-3537\20260324_MD18-3537_S08\MD18-3537_S08_XRF\XRF data\L000009.spe,22.5,95,794,854,6407,12393,5168,196,1750,1353,106377,413,397,498,14,113,78,907,1079,240,616,35,123,85,175,148,75,255,81,53,139,79,220,124,119,23624,8887
10017.5,C:\Data\20260323_MD18-3537\20260324_MD18-3537_S08\MD18-3537_S08_XRF\XRF data\L000010.spe,25,98,861,933,6275,11324,4981,235,1807,1290,108979,389,292,631,187,88,167,1079,1116,160,578,89,106,136,101,196,174,163,0,124,406,83,190,99,104,24262,9392
10020,C:\Data\20260323_MD18-3537\20260324_MD18-3537_S08\MD18-3537_S08_XRF\XRF data\L000011.spe,27.5,76,766,975,6403,10163,4961,273,1699,1222,106110,360,275,526,181,121,141,935,1171,168,707,37,90,147,72,135,40,647,0,24,233,38,89,155,88,24499,8495
10022.5,C:\Data\20260323_MD18-3537\20260324_MD18-3537_S08\MD18-3537_S08_XRF\XRF data\L000012.spe,30,121,724,922,6503,11176,5143,272,1795,1179,107928,301,374,520,211,128,35,1426,1069,178,556,70,42,110,116,179,101,454,34,115,41,71,170,32,165,25176,8651
10025,C:\Data\20260323_MD18-3537\20260324_MD18-3537_S08\MD18-3537_S08_XRF\XRF data\L000013.spe,32.5,77,836,943,6648,9659,4925,243,1682,1204,113274,430,347,586,215,54,87,1337,990,137,820,65,76,118,130,184,0,192,226,33,0,124,203,249,178,23657,7762
10027.5,C:\Data\20260323_MD18-3537\20260324_MD18-3537_S08\MD18-3537_S08_XRF\XRF data\L000014.spe,35,96,786,946,6711,10034,4902,190,1806,1081,114697,314,407,592,204,177,130,1011,970,296,634,85,86,211,112,125,132,329,150,64,88,59,212,219,178,23526,7585
10030,C:\Data\20260323_MD18-3537\20260324_MD18-3537_S08\MD18-3537_S08_XRF\XRF data\L000015.spe,37.5,99,820,928,6627,10513,4882,175,1762,1168,113335,357,422,556,90,168,111,1520,1013,134,482,76,119,166,139,162,80,522,0,89,204,47,175,161,49,25022,6785
10032.5,C:\Data\20260323_MD18-3537\20260324_MD18-3537_S08\MD18-3537_S08_XRF\XRF data\L000016.spe,40,58,794,898,6686,12380,4792,159,1695,1159,110986,320,415,532,94,107,113,1494,927,219,536,17,115,152,102,148,22,350,43,67,80,0,272,168,94,23590,9071
10035,C:\Data\20260323_MD18-3537\20260324_MD18-3537_S08\MD18-3537_S08_XRF\XRF data\L000017.spe,42.5,117,822,875,6297,13558,4938,230,1774,1242,109932,333,428,540,164,42,90,769,1099,155,513,74,76,141,119,166,104,194,201,53,124,58,175,68,51,24622,10323
10037.5,C:\Data\20260323_MD18-3537\20260324_MD18-3537_S08\MD18-3537_S08_XRF\XRF data\L000018.spe,45,89,760,919,6375,14214,4728,253,1690,1208,107883,325,346,517,195,208,50,897,1039,213,518,52,109,172,131,139,35,196,170,81,0,54,114,89,307,24338,9310
10040,C:\Data\20260323_MD18-3537\20260324_MD18-3537_S08\MD18-3537_S08_XRF\XRF data\L000019.spe,47.5,97,751,944,6244,14760,4857,270,1768,1062,105411,289,267,498,88,96,0,764,1134,195,464,64,162,191,115,71,124,183,0,68,213,0,302,226,257,23947,9162
10042.5,C:\Data\20260323_MD18-3537\20260324_MD18-3537_S08\MD18-3537_S08_XRF\XRF data\L000020.spe,50,56,749,1032,6294,14361,4708,225,1710,1109,105578,264,175,545,134,202,0,1037,1146,182,532,76,133,184,93,139,97,594,0,90,182,89,251,211,293,23958,9299
10045,C:\Data\20260323_MD18-3537\20260324_MD18-3537_S08\MD18-3537_S08_XRF\XRF data\L000021.spe,52.5,105,746,1077,6187,13188,4498,268,1788,1091,106098,337,375,575,207,232,0,849,1047,232,532,43,109,213,128,129,199,504,129,69,0,72,184,132,266,24205,7762
10047.5,C:\Data\20260323_MD18-3537\20260324_MD18-3537_S08\MD18-3537_S08_XRF\XRF data\L000022.spe,55,121,693,1023,6010,14161,4806,175,1754,1071,104353,243,251,517,38,133,103,867,1086,180,606,85,129,176,156,150,230,745,0,94,415,25,314,181,128,22491,7265
10050,C:\Data\20260323_MD18-3537\20260324_MD18-3537_S08\MD18-3537_S08_XRF\XRF data\L000023.spe,57.5,83,690,973,6310,13914,4661,230,1772,1118,105733,327,284,512,73,217,0,1420,1168,243,457,62,150,160,131,178,124,477,16,64,11,19,172,140,254,24592,7994
10052.5,C:\Data\20260323_MD18-3537\20260324_MD18-3537_S08\MD18-3537_S08_XRF\XRF data\L000024.spe,60,57,689,1002,6402,12761,4782,222,1649,1076,107252,306,326,524,163,150,56,1305,1008,85,512,59,117,187,94,156,180,431,0,107,150,44,103,237,228,24225,8781
10055,C:\Data\20260323_MD18-3537\20260324_MD18-3537_S08\MD18-3537_S08_XRF\XRF data\L000025.spe,62.5,88,663,1056,6411,12607,4649,203,1586,1210,105651,283,376,503,59,22,239,825,1083,324,526,112,99,207,114,119,83,524,0,0,239,0,155,97,0,24628,7647
10057.5,C:\Data\20260323_MD18-3537\20260324_MD18-3537_S08\MD18-3537_S08_XRF\XRF data\L000026.spe,65,95,680,952,6415,12343,4630,211,1669,1112,104756,297,283,533,213,57,260,1119,960,89,658,35,87,168,129,114,192,368,0,74,293,12,88,115,0,22856,6980
10060,C:\Data\20260323_MD18-3537\20260324_MD18-3537_S08\MD18-3537_S08_XRF\XRF data\L000027.spe,67.5,80,722,1012,6153,13690,4692,205,1729,1199,102231,343,393,597,244,253,0,1521,1104,137,481,40,138,194,120,121,15,213,120,63,0,66,168,232,369,23023,8827
10062.5,C:\Data\20260323_MD18-3537\20260324_MD18-3537_S08\MD18-3537_S08_XRF\XRF data\L000028.spe,70,107,700,984,5988,15122,4708,200,1614,1178,101682,225,357,540,54,99,172,1276,1062,21,375,52,160,177,124,174,125,636,0,75,0,0,243,164,30,22201,6087
10065,C:\Data\20260323_MD18-3537\20260324_MD18-3537_S08\MD18-3537_S08_XRF\XRF data\L000029.spe,72.5,87,699,964,6024,15826,4473,202,1646,1252,101823,348,324,444,133,79,18,689,1016,182,577,49,153,111,103,185,58,531,5,56,0,29,183,138,173,23503,8857
10067.5,C:\Data\20260323_MD18-3537\20260324_MD18-3537_S08\MD18-3537_S08_XRF\XRF data\L000030.spe,75,90,666,974,6180,15105,4661,240,1693,1205,103464,337,360,500,205,329,133,1157,971,132,507,35,111,102,98,206,195,427,119,90,70,37,134,124,210,23624,6393
10070,C:\Data\20260323_MD18-3537\20260324_MD18-3537_S08\MD18-3537_S08_XRF\XRF data\L000031.spe,77.5,95,744,1015,6407,14269,4914,258,1772,1364,105207,305,403,535,177,181,71,1370,1034,138,508,42,115,127,100,156,195,473,0,98,148,0,192,183,136,22985,7444
10072.5,C:\Data\20260323_MD18-3537\20260324_MD18-3537_S08\MD18-3537_S08_XRF\XRF data\L000032.spe,80,128,697,895,6472,11884,4843,225,1701,1267,105723,396,383,582,95,301,0,1004,1010,256,676,26,104,138,128,114,105,29,0,72,215,6,189,91,351,23652,7749
10075,C:\Data\20260323_MD18-3537\20260324_MD18-3537_S08\MD18-3537_S08_XRF\XRF data\L000033.spe,82.5,133,741,884,6563,9799,4547,331,1653,1212,107821,242,252,528,171,210,73,924,996,197,447,86,94,261,87,109,78,741,0,75,324,70,115,194,221,24262,8809
10077.5,C:\Data\20260323_MD18-3537\20260324_MD18-3537_S08\MD18-3537_S08_XRF\XRF data\L000034.spe,85,101,777,875,6914,9807,4716,198,1702,1157,107315,321,344,598,57,276,70,928,1120,195,664,102,42,118,143,150,132,481,11,73,113,60,209,162,275,25183,8372
10080,C:\Data\20260323_MD18-3537\20260324_MD18-3537_S08\MD18-3537_S08_XRF\XRF data\L000035.spe,87.5,112,730,901,6553,9730,4800,199,1821,1139,106649,245,251,551,144,122,212,500,1190,353,769,106,45,183,143,132,114,417,0,123,219,0,138,136,0,23812,7917
10082.5,C:\Data\20260323_MD18-3537\20260324_MD18-3537_S08\MD18-3537_S08_XRF\XRF data\L000036.spe,90,82,718,1011,6351,10345,4896,157,1712,1197,104068,257,266,558,168,115,0,531,1008,237,629,78,99,152,109,150,51,609,0,113,279,34,135,232,299,23481,8958
10085,C:\Data\20260323_MD18-3537\20260324_MD18-3537_S08\MD18-3537_S08_XRF\XRF data\L000037.spe,92.5,115,690,955,6194,10781,4886,160,1528,899,104471,322,373,528,201,0,0,1565,1041,168,684,61,76,124,142,189,236,448,0,38,8,32,123,135,235,24243,9737
10087.5,C:\Data\20260323_MD18-3537\20260324_MD18-3537_S08\MD18-3537_S08_XRF\XRF data\L000038.spe,95,129,708,977,6667,10192,4864,202,1717,1035,106470,327,393,498,0,66,0,1024,1012,282,654,0,148,194,94,172,203,593,0,61,227,0,269,181,125,24553,7582
10090,C:\Data\20260323_MD18-3537\20260324_MD18-3537_S08\MD18-3537_S08_XRF\XRF data\L000039.spe,97.5,100,745,1015,6636,9154,4944,271,1728,940,109069,330,290,494,101,181,7,1029,1107,238,707,48,67,177,109,100,85,627,0,108,89,47,118,53,201,24812,6677
10092.5,C:\Data\20260323_MD18-3537\20260324_MD18-3537_S08\MD18-3537_S08_XRF\XRF data\L000040.spe,100,49,767,990,6447,9955,5076,277,1777,893,106941,337,316,514,24,223,0,1223,1037,223,647,35,66,144,119,158,156,352,20,71,36,0,184,59,198,24961,9307
10095,C:\Data\20260323_MD18-3537\20260324_MD18-3537_S08\MD18-3537_S08_XRF\XRF data\L000041.spe,102.5,78,770,906,6631,8221,4683,323,1782,888,111044,284,235,588,78,105,170,568,1020,257,670,48,74,242,100,91,182,519,0,87,219,40,225,87,105,23803,9123
10097.5,C:\Data\20260323_MD18-3537\20260324_MD18-3537_S08\MD18-3537_S08_XRF\XRF data\L000042.spe,105,86,718,872,6810,8632,4584,281,1627,977,112762,252,245,534,152,0,218,1303,953,168,556,106,77,218,137,104,142,415,0,92,293,14,147,146,0,24832,8494
10100,C:\Data\20260323_MD18-3537\20260324_MD18-3537_S08\MD18-3537_S08_XRF\XRF data\L000043.spe,107.5,108,777,902,6844,9488,4757,224,1668,1038,113404,334,279,612,7,261,104,1306,1037,113,536,78,81,143,132,162,66,315,30,63,143,83,247,109,155,24580,9808
10102.5,C:\Data\20260323_MD18-3537\20260324_MD18-3537_S08\MD18-3537_S08_XRF\XRF data\L000044.spe,110,113,727,913,6725,9767,4667,300,1752,954,115237,200,280,608,215,167,106,1040,870,202,434,135,41,241,107,93,111,601,0,189,195,0,113,241,157,24148,6652
10105,C:\Data\20260323_MD18-3537\20260324_MD18-3537_S08\MD18-3537_S08_XRF\XRF data\L000045.spe,112.5,107,784,924,6664,10633,4882,224,1607,1037,112346,394,370,539,120,183,0,1052,984,281,508,104,120,164,138,144,59,159,173,111,147,57,253,158,271,23772,10175
10107.5,C:\Data\20260323_MD18-3537\20260324_MD18-3537_S08\MD18-3537_S08_XRF\XRF data\L000046.spe,115,121,795,900,6640,9224,4724,280,1629,971,112963,227,258,580,91,154,47,834,1074,319,570,64,64,154,112,163,146,817,0,107,221,33,173,300,133,24257,7121
10110,C:\Data\20260323_MD18-3537\20260324_MD18-3537_S08\MD18-3537_S08_XRF\XRF data\L000047.spe,117.5,114,808,871,6742,8684,4661,248,1709,818,113430,291,301,527,236,408,43,1681,973,124,522,58,64,234,125,143,256,728,0,91,98,0,184,168,380,24645,9640
10112.5,C:\Data\20260323_MD18-3537\20260324_MD18-3537_S08\MD18-3537_S08_XRF\XRF data\L000048.spe,120,123,740,829,6590,8822,4796,196,1650,923,111630,258,154,484,161,62,157,1344,1011,197,587,76,48,134,95,157,153,445,0,74,242,8,143,221,153,23948,7276
10115,C:\Data\20260323_MD18-3537\20260324_MD18-3537_S08\MD18-3537_S08_XRF\XRF data\L000049.spe,122.5,86,750,842,6367,9489,4709,226,1725,926,108206,234,318,525,193,206,79,897,1085,268,542,67,76,173,101,101,55,573,0,70,169,12,238,155,135,24207,11315
10117.5,C:\Data\20260323_MD18-3537\20260324_MD18-3537_S08\MD18-3537_S08_XRF\XRF data\L000050.spe,125,101,765,838,6286,10078,4654,229,1599,991,107651,271,362,489,297,159,80,1533,1102,179,585,107,95,150,144,145,80,855,0,133,191,13,89,211,114,24076,8902
10120,C:\Data\20260323_MD18-3537\20260324_MD18-3537_S08\MD18-3537_S08_XRF\XRF data\L000051.spe,127.5,78,699,901,6551,9931,4647,260,1598,909,113621,261,337,620,81,207,78,1153,902,92,493,110,103,205,143,119,136,685,0,151,144,70,215,159,167,23489,7794
10122.5,C:\Data\20260323_MD18-3537\20260324_MD18-3537_S08\MD18-3537_S08_XRF\XRF data\L000052.spe,130,131,758,900,6796,10969,4802,200,1765,996,115451,299,203,529,160,144,97,799,990,333,546,8,103,179,110,140,92,494,0,54,158,73,170,229,182,24439,8197
10125,C:\Data\20260323_MD18-3537\20260324_MD18-3537_S08\MD18-3537_S08_XRF\XRF data\L000053.spe,132.5,105,740,939,6428,13493,4804,226,1776,960,110541,226,243,585,130,369,50,1678,1021,102,519,29,185,167,100,166,200,904,0,115,249,47,197,144,285,23123,7630
10127.5,C:\Data\20260323_MD18-3537\20260324_MD18-3537_S08\MD18-3537_S08_XRF\XRF data\L000054.spe,135,119,784,855,6528,12539,4585,178,1730,932,107083,339,333,525,0,0,268,1065,1068,79,571,53,118,122,112,223,133,257,0,126,200,25,277,146,0,23277,8533
10130,C:\Data\20260323_MD18-3537\20260324_MD18-3537_S08\MD18-3537_S08_XRF\XRF data\L000055.spe,137.5,130,804,798,7362,9932,4567,267,1595,1066,110567,232,363,474,124,148,32,1330,1035,217,536,64,65,182,88,132,81,385,0,91,85,0,191,136,302,24684,6949
10132.5,C:\Data\20260323_MD18-3537\20260324_MD18-3537_S08\MD18-3537_S08_XRF\XRF data\L000056.spe,140,101,764,847,7126,11327,4539,344,1752,1089,109465,259,331,494,220,88,73,1335,1166,268,595,68,132,239,69,131,205,555,0,157,268,0,178,128,170,25027,10233
10135,C:\Data\20260323_MD18-3537\20260324_MD18-3537_S08\MD18-3537_S08_XRF\XRF data\L000057.spe,142.5,128,797,822,7070,7962,4616,247,1686,961,111207,317,352,575,78,282,96,1319,1092,246,574,92,74,180,107,164,254,257,79,113,91,61,226,224,163,24199,9094
10137.5,C:\Data\20260323_MD18-3537\20260324_MD18-3537_S08\MD18-3537_S08_XRF\XRF data\L000058.spe,145,97,775,801,6719,7288,4508,277,1684,985,112422,284,270,548,257,41,175,1031,877,248,451,184,59,255,100,89,124,551,0,98,302,54,122,183,38,24383,5573
10140,C:\Data\20260323_MD18-3537\20260324_MD18-3537_S08\MD18-3537_S08_XRF\XRF data\L000059.spe,147.5,114,791,806,6897,8041,4756,191,1685,1136,113505,243,327,601,58,120,127,681,960,232,477,80,57,243,107,151,78,692,0,164,206,0,156,21,69,24474,7088
10142.5,C:\Data\20260323_MD18-3537\20260324_MD18-3537_S08\MD18-3537_S08_XRF\XRF data\L000060.spe,150,73,776,758,6426,9358,4839,218,1659,1009,110631,259,348,627,131,70,209,754,1089,296,405,95,89,103,123,210,211,565,0,130,110,45,214,131,53,24606,7492
10145,C:\Data\20260323_MD18-3537\20260324_MD18-3537_S08\MD18-3537_S08_XRF\XRF data\L000061.spe,152.5,99,826,818,6416,10276,4661,288,1767,1043,109659,318,262,513,67,15,135,1080,999,245,448,38,87,175,101,140,121,258,0,74,253,27,198,150,89,24650,8367
10147.5,C:\Data\20260323_MD18-3537\20260324_MD18-3537_S08\MD18-3537_S08_XRF\XRF data\L000062.spe,155,98,857,841,6410,11476,4881,158,1746,988,108694,245,223,492,46,0,97,661,1069,345,571,38,73,202,86,142,237,662,0,117,251,0,161,88,33,24401,9660
10150,C:\Data\20260323_MD18-3537\20260324_MD18-3537_S08\MD18-3537_S08_XRF\XRF data\L000063.spe,157.5,96,827,818,5733,12444,5000,152,1686,1146,105033,255,361,515,120,244,85,1149,1068,167,551,108,84,103,132,173,91,768,0,69,111,0,162,58,162,23868,11029
10152.5,C:\Data\20260323_MD18-3537\20260324_MD18-3537_S08\MD18-3537_S08_XRF\XRF data\L000064.spe,160,97,734,935,5710,12501,4766,208,1685,1046,101927,234,332,580,183,83,151,218,1163,319,581,12,108,164,44,147,148,660,0,101,101,0,150,156,67,23816,6507
10155,C:\Data\20260323_MD18-3537\20260324_MD18-3537_S08\MD18-3537_S08_XRF\XRF data\L000065.spe,162.5,100,787,920,5796,11979,4691,230,1732,1166,99922,299,337,549,142,113,112,856,1137,278,651,59,148,162,90,105,113,615,0,83,99,0,286,241,230,24023,9647
10157.5,C:\Data\20260323_MD18-3537\20260324_MD18-3537_S08\MD18-3537_S08_XRF\XRF data\L000066.spe,165,101,754,861,5998,10905,4702,176,1755,1072,100679,333,387,458,233,276,0,885,1074,248,697,58,152,132,128,187,103,616,0,81,171,0,135,129,298,23884,8964
10160,C:\Data\20260323_MD18-3537\20260324_MD18-3537_S08\MD18-3537_S08_XRF\XRF data\L000067.spe,167.5,82,721,928,6276,10803,4583,256,1712,1203,100546,235,244,485,88,261,12,764,1174,210,667,117,84,101,102,175,204,753,0,118,129,0,199,112,232,22832,10026
10162.5,C:\Data\20260323_MD18-3537\20260324_MD18-3537_S08\MD18-3537_S08_XRF\XRF data\L000068.spe,170,59,770,869,6399,10171,4710,219,1677,1281,104734,277,363,484,155,0,40,1349,994,239,598,21,79,147,156,159,117,610,0,116,316,0,173,45,154,24811,8323
10165,C:\Data\20260323_MD18-3537\20260324_MD18-3537_S08\MD18-3537_S08_XRF\XRF data\L000069.spe,172.5,94,714,801,6366,10675,4676,169,1724,1347,107553,233,310,484,171,70,166,1009,1042,240,579,81,62,143,106,189,4,878,0,81,176,0,72,95,71,23944,8155
10167.5,C:\Data\20260323_MD18-3537\20260324_MD18-3537_S08\MD18-3537_S08_XRF\XRF data\L000070.spe,175,86,769,871,6554,11332,4767,184,1625,1325,107775,223,300,572,45,162,11,984,1014,79,637,0,102,224,84,171,137,868,0,129,291,0,322,166,294,22946,9025
10170,C:\Data\20260323_MD18-3537\20260324_MD18-3537_S08\MD18-3537_S08_XRF\XRF data\L000071.spe,177.5,80,708,869,6166,11629,4887,243,1659,1301,107260,351,411,461,250,326,32,1373,1182,153,618,75,134,112,103,176,143,445,0,98,0,0,175,32,258,23774,8248
10172.5,C:\Data\20260323_MD18-3537\20260324_MD18-3537_S08\MD18-3537_S08_XRF\XRF data\L000072.spe,180,58,685,956,6113,11639,5039,226,1673,1218,106691,306,388,580,301,122,98,1316,1115,208,641,63,117,101,127,202,144,717,0,92,0,0,135,186,194,23323,9339
10175,C:\Data\20260323_MD18-3537\20260324_MD18-3537_S08\MD18-3537_S08_XRF\XRF data\L000073.spe,182.5,121,751,942,6063,11346,4810,199,1700,1352,105159,192,183,473,120,168,63,1355,1095,54,509,86,116,166,105,156,154,1082,0,141,350,0,179,194,133,22760,7953
10177.5,C:\Data\20260323_MD18-3537\20260324_MD18-3537_S08\MD18-3537_S08_XRF\XRF data\L000074.spe,185,105,657,960,6131,11096,4622,253,1727,1409,107426,283,227,506,141,226,38,692,1079,264,621,56,88,186,111,129,47,662,0,65,225,0,120,46,100,24623,7867
10180,C:\Data\20260323_MD18-3537\20260324_MD18-3537_S08\MD18-3537_S08_XRF\XRF data\L000075.spe,187.5,111,652,1007,6253,10977,5037,198,1665,1283,109555,356,304,629,219,113,51,1178,1161,305,548,69,93,91,109,174,254,758,0,100,79,114,178,112,215,24420,7789
10182.5,C:\Data\20260323_MD18-3537\20260324_MD18-3537_S08\MD18-3537_S08_XRF\XRF data\L000076.spe,190,106,667,994,5923,10948,4767,228,1667,1230,104210,390,268,512,277,152,0,1108,1188,235,774,76,71,143,142,141,138,518,0,70,156,0,176,173,200,23523,8473
10185,C:\Data\20260323_MD18-3537\20260324_MD18-3537_S08\MD18-3537_S08_XRF\XRF data\L000077.spe,192.5,111,632,1019,5581,11177,4684,207,1793,1185,101226,318,379,458,101,264,76,870,1182,214,659,90,148,134,89,166,183,637,0,94,105,17,181,53,183,23932,7777
10187.5,C:\Data\20260323_MD18-3537\20260324_MD18-3537_S08\MD18-3537_S08_XRF\XRF data\L000078.spe,195,99,723,1016,5562,11860,4599,223,1818,1201,99341,213,373,449,66,440,0,981,1116,153,764,79,123,170,102,183,208,988,0,163,125,0,223,84,321,23290,7995
10190,C:\Data\20260323_MD18-3537\20260324_MD18-3537_S08\MD18-3537_S08_XRF\XRF data\L000079.spe,197.5,114,658,1056,5477,11530,4813,214,1752,1264,96361,256,372,408,155,140,205,804,1188,130,775,130,98,103,117,205,38,881,0,111,67,0,141,76,81,24132,7639
10192.5,C:\Data\20260323_MD18-3537\20260324_MD18-3537_S08\MD18-3537_S08_XRF\XRF data\L000080.spe,200,75,665,1174,4852,11409,4101,153,1737,1141,88440,219,386,440,82,174,0,681,1236,348,704,92,53,170,76,132,64,710,0,74,64,10,255,144,380,24815,7998
10195,C:\Data\20260323_MD18-3537\20260324_MD18-3537_S08\MD18-3537_S08_XRF\XRF data\L000081.spe,202.5,39,610,1355,4509,11303,3996,241,1721,1285,86198,288,345,481,66,228,17,362,1188,312,760,9,125,80,76,143,228,809,0,82,195,48,271,179,327,24849,10455
10197.5,C:\Data\20260323_MD18-3537\20260324_MD18-3537_S08\MD18-3537_S08_XRF\XRF data\L000082.spe,205,96,554,1547,3596,12080,3440,172,1557,944,72674,300,335,372,319,184,271,773,1287,265,890,30,102,66,104,156,87,697,0,0,31,0,88,148,10,25709,10474
10200,C:\Data\20260323_MD18-3537\20260324_MD18-3537_S08\MD18-3537_S08_XRF\XRF data\L000083.spe,207.5,102,693,976,6115,8041,4316,190,1673,1229,98871,242,284,434,8,268,42,662,1204,243,735,121,30,193,141,104,116,1025,0,93,67,30,177,34,179,24004,10219
10202.5,C:\Data\20260323_MD18-3537\20260324_MD18-3537_S08\MD18-3537_S08_XRF\XRF data\L000084.spe,210,75,674,912,6542,7705,4647,273,1638,1046,111924,185,162,469,130,100,50,1098,930,202,640,74,68,205,84,154,145,1113,0,196,323,0,212,235,156,23450,7534
10205,C:\Data\20260323_MD18-3537\20260324_MD18-3537_S08\MD18-3537_S08_XRF\XRF data\L000085.spe,212.5,75,660,961,6217,9029,4557,305,1746,941,110012,199,177,435,98,280,168,1072,1012,330,481,84,53,214,77,123,204,1112,0,156,147,0,170,255,121,25009,8936
10207.5,C:\Data\20260323_MD18-3537\20260324_MD18-3537_S08\MD18-3537_S08_XRF\XRF data\L000086.spe,215,116,718,988,5803,9988,4776,222,1681,920,107288,375,437,538,246,336,11,474,1070,307,607,32,67,116,140,155,188,680,0,90,59,69,151,176,315,24640,7339
10210,C:\Data\20260323_MD18-3537\20260324_MD18-3537_S08\MD18-3537_S08_XRF\XRF data\L000087.spe,217.5,94,723,1048,5476,11111,4367,157,1709,929,99986,174,214,440,180,110,0,461,1102,224,681,82,70,225,125,140,118,1029,0,144,162,0,215,200,355,24002,8809
10212.5,C:\Data\20260323_MD18-3537\20260324_MD18-3537_S08\MD18-3537_S08_XRF\XRF data\L000088.spe,220,86,670,1019,5811,9565,4566,183,1646,907,101728,138,329,461,52,0,99,418,1212,266,674,78,87,241,111,90,110,1189,0,179,209,0,218,42,41,23715,6316
10215,C:\Data\20260323_MD18-3537\20260324_MD18-3537_S08\MD18-3537_S08_XRF\XRF data\L000089.spe,222.5,71,672,945,6563,9047,4685,220,1746,961,107850,281,336,520,262,140,98,1070,1052,173,586,52,91,166,119,148,95,814,0,108,86,66,134,352,107,23316,8702
10217.5,C:\Data\20260323_MD18-3537\20260324_MD18-3537_S08\MD18-3537_S08_XRF\XRF data\L000090.spe,225,117,683,890,6622,8816,4659,271,1710,985,112255,262,294,534,74,82,111,1394,1019,204,651,83,88,206,96,152,124,811,0,148,325,8,250,244,241,23961,9013
10220,C:\Data\20260323_MD18-3537\20260324_MD18-3537_S08\MD18-3537_S08_XRF\XRF data\L000091.spe,227.5,74,725,873,6597,9345,4687,200,1696,973,112536,246,343,569,63,123,83,1204,854,205,642,80,56,236,129,129,73,776,0,144,171,0,229,210,309,23218,7344
10222.5,C:\Data\20260323_MD18-3537\20260324_MD18-3537_S08\MD18-3537_S08_XRF\XRF data\L000092.spe,230,110,652,910,6628,10080,4792,205,1696,889,111391,143,299,509,155,32,78,987,980,273,519,24,76,237,118,97,249,1284,0,156,255,0,198,95,78,23950,8257
10225,C:\Data\20260323_MD18-3537\20260324_MD18-3537_S08\MD18-3537_S08_XRF\XRF data\L000093.spe,232.5,114,655,884,6746,10952,4779,228,1669,1087,110235,234,313,466,273,0,66,26,1018,318,620,44,92,225,94,115,36,983,0,89,204,0,92,171,55,23856,9851
10227.5,C:\Data\20260323_MD18-3537\20260324_MD18-3537_S08\MD18-3537_S08_XRF\XRF data\L000094.spe,235,102,698,889,6632,10602,4781,244,1560,1247,110956,258,280,490,156,213,149,1184,1109,253,562,64,171,186,133,120,72,927,0,47,124,0,269,273,212,23885,8074
10230,C:\Data\20260323_MD18-3537\20260324_MD18-3537_S08\MD18-3537_S08_XRF\XRF data\L000095.spe,237.5,105,743,880,6412,11225,4876,190,1702,1229,109095,211,340,451,62,77,58,316,1112,375,685,47,106,113,154,216,145,687,0,137,127,0,214,220,277,23510,8442
10232.5,C:\Data\20260323_MD18-3537\20260324_MD18-3537_S08\MD18-3537_S08_XRF\XRF data\L000096.spe,240,101,679,955,6071,12093,4854,205,1686,1202,105537,198,271,513,138,113,80,1248,1212,240,663,104,26,174,126,136,66,959,0,73,217,0,164,230,146,25511,10125
10235,C:\Data\20260323_MD18-3537\20260324_MD18-3537_S08\MD18-3537_S08_XRF\XRF data\L000097.spe,242.5,57,701,1048,5389,13943,4465,209,1689,1183,91439,178,266,416,188,183,16,556,1136,355,655,89,100,182,102,132,155,1031,0,63,51,0,72,167,301,24613,8164
10237.5,C:\Data\20260323_MD18-3537\20260324_MD18-3537_S08\MD18-3537_S08_XRF\XRF data\L000098.spe,245,106,652,1014,5996,11415,4452,262,1628,1271,97338,126,232,493,77,0,142,1188,1204,141,556,107,100,192,94,183,144,1334,0,133,105,0,238,111,18,23529,10121
10240,C:\Data\20260323_MD18-3537\20260324_MD18-3537_S08\MD18-3537_S08_XRF\XRF data\L000099.spe,247.5,105,717,955,6687,8309,4845,241,1673,1279,112240,174,265,552,248,178,136,928,955,252,478,114,67,141,116,173,131,1436,0,130,215,0,173,209,203,23594,7322
10242.5,C:\Data\20260323_MD18-3537\20260324_MD18-3537_S08\MD18-3537_S08_XRF\XRF data\L000100.spe,250,104,741,888,6597,7863,4762,157,1716,1192,109775,164,251,502,19,171,97,864,995,267,508,73,31,230,119,146,187,1575,0,152,224,0,209,194,98,23747,8794
10245,C:\Data\20260323_MD18-3537\20260324_MD18-3537_S08\MD18-3537_S08_XRF\XRF data\L000101.spe,252.5,90,685,968,5959,9490,4677,168,1684,1085,103395,105,247,446,94,67,242,852,994,224,637,72,117,245,117,103,116,1384,0,124,206,0,291,190,0,23711,9960
10247.5,C:\Data\20260323_MD18-3537\20260324_MD18-3537_S08\MD18-3537_S08_XRF\XRF data\L000102.spe,255,92,666,1032,5601,9751,4821,204,1761,1034,100603,125,259,453,115,134,176,96,963,351,702,54,117,85,91,222,161,1562,0,136,279,0,216,252,38,23779,9600
10250,C:\Data\20260323_MD18-3537\20260324_MD18-3537_S08\MD18-3537_S08_XRF\XRF data\L000103.spe,257.5,107,617,1066,5489,10275,4454,205,1787,966,99210,202,279,540,13,152,12,883,1005,240,650,43,141,130,107,176,218,1398,0,103,78,6,281,167,241,24503,9476
10252.5,C:\Data\20260323_MD18-3537\20260324_MD18-3537_S08\MD18-3537_S08_XRF\XRF data\L000104.spe,260,116,747,989,6399,7738,4803,173,1755,935,107856,199,267,509,107,223,52,1158,1176,259,776,87,92,159,152,186,190,1268,0,139,65,0,231,160,230,25318,8978
10255,C:\Data\20260323_MD18-3537\20260324_MD18-3537_S08\MD18-3537_S08_XRF\XRF data\L000105.spe,262.5,108,713,1000,6399,8047,4658,232,1687,967,106615,176,245,449,150,61,138,831,1042,147,733,87,72,308,115,125,34,1479,0,152,310,23,152,151,28,24556,10343
10257.5,C:\Data\20260323_MD18-3537\20260324_MD18-3537_S08\MD18-3537_S08_XRF\XRF data\L000106.spe,265,92,623,994,5853,9241,4804,234,1841,1043,105764,221,218,447,141,105,137,839,1025,225,584,112,70,203,93,152,124,1396,0,104,207,0,239,221,0,24414,9099
10260,C:\Data\20260323_MD18-3537\20260324_MD18-3537_S08\MD18-3537_S08_XRF\XRF data\L000107.spe,267.5,82,663,1024,6005,10135,4737,220,1828,967,105604,177,289,537,191,74,157,1188,953,162,661,26,109,200,102,131,187,1453,0,188,261,0,136,160,172,24392,9291
10262.5,C:\Data\20260323_MD18-3537\20260324_MD18-3537_S08\MD18-3537_S08_XRF\XRF data\L000108.spe,270,85,656,1050,6019,10747,4675,228,1793,1008,108791,76,202,390,209,36,162,292,987,277,525,78,106,141,129,212,162,1565,0,191,153,0,139,148,101,23720,9205
10265,C:\Data\20260323_MD18-3537\20260324_MD18-3537_S08\MD18-3537_S08_XRF\XRF data\L000109.spe,272.5,80,643,1075,5710,12104,4829,181,1696,967,104855,163,191,509,274,0,144,951,1077,203,551,83,123,152,120,125,184,1278,0,138,163,28,177,192,149,24375,9215
10267.5,C:\Data\20260323_MD18-3537\20260324_MD18-3537_S08\MD18-3537_S08_XRF\XRF data\L000110.spe,275,68,612,1092,5124,12573,4364,196,1734,1050,97281,229,332,462,83,74,151,841,1197,250,733,47,151,183,110,136,57,1092,0,96,133,0,183,274,155,23178,10431
10270,C:\Data\20260323_MD18-3537\20260324_MD18-3537_S08\MD18-3537_S08_XRF\XRF data\L000111.spe,277.5,72,661,961,6248,8118,4684,168,1678,882,106544,217,338,480,176,159,0,1242,1104,121,690,69,102,148,129,168,167,1444,0,108,259,0,195,204,289,24013,11030
10272.5,C:\Data\20260323_MD18-3537\20260324_MD18-3537_S08\MD18-3537_S08_XRF\XRF data\L000112.spe,280,106,658,1046,6200,8220,4562,254,1706,941,113416,64,207,471,223,198,91,907,926,165,574,75,69,269,76,120,193,1899,0,214,321,0,200,180,118,23328,7355
10275,C:\Data\20260323_MD18-3537\20260324_MD18-3537_S08\MD18-3537_S08_XRF\XRF data\L000113.spe,282.5,84,669,1025,5785,9961,4430,240,1791,986,109928,194,138,473,168,216,0,741,1033,217,505,59,101,264,103,116,153,1535,0,174,199,0,212,45,240,24407,8880
10277.5,C:\Data\20260323_MD18-3537\20260324_MD18-3537_S08\MD18-3537_S08_XRF\XRF data\L000114.spe,285,118,658,1021,6198,10050,4384,212,1824,1025,110398,29,237,538,9,69,77,251,1068,264,657,108,60,303,97,105,123,1767,0,221,368,0,237,205,227,23077,8881
10280,C:\Data\20260323_MD18-3537\20260324_MD18-3537_S08\MD18-3537_S08_XRF\XRF data\L000115.spe,287.5,109,692,1008,6320,12196,4611,194,1787,1038,114324,85,147,528,107,119,186,629,955,225,714,79,117,235,122,167,102,1890,0,259,227,0,205,138,184,23994,11366
10282.5,C:\Data\20260323_MD18-3537\20260324_MD18-3537_S08\MD18-3537_S08_XRF\XRF data\L000116.spe,290,65,638,988,5747,13787,4491,187,1746,1021,105424,91,156,451,51,290,147,1117,1015,98,681,101,125,279,120,141,96,1998,0,169,346,0,246,170,27,23550,8865
10285,C:\Data\20260323_MD18-3537\20260324_MD18-3537_S08\MD18-3537_S08_XRF\XRF data\L000117.spe,292.5,118,691,1025,6086,9873,4595,201,1669,919,108448,137,326,465,182,114,113,573,1023,226,630,93,82,178,98,195,141,1494,0,140,177,0,214,203,244,23943,8513
10287.5,C:\Data\20260323_MD18-3537\20260324_MD18-3537_S08\MD18-3537_S08_XRF\XRF data\L000118.spe,295,111,683,1006,5904,9221,4607,222,1765,951,111060,204,223,447,292,231,198,1261,1036,218,569,87,97,265,107,114,113,1273,0,185,189,0,82,142,17,24084,11602
10290,C:\Data\20260323_MD18-3537\20260324_MD18-3537_S08\MD18-3537_S08_XRF\XRF data\L000119.spe,297.5,68,639,1001,5938,9718,4331,166,1768,949,108088,53,231,469,84,383,0,815,1130,253,594,79,90,299,115,137,222,1755,0,210,259,0,243,153,377,24492,10803
10292.5,C:\Data\20260323_MD18-3537\20260324_MD18-3537_S08\MD18-3537_S08_XRF\XRF data\L000120.spe,300,71,676,956,6892,7195,4435,207,1698,1039,110627,0,258,499,143,159,289,233,1044,296,473,52,91,250,82,191,152,2193,0,315,266,0,262,359,0,24278,10243
10295,C:\Data\20260323_MD18-3537\20260324_MD18-3537_S08\MD18-3537_S08_XRF\XRF data\L000121.spe,302.5,82,739,926,6946,7273,4695,198,1799,893,113778,0,143,493,172,246,208,978,967,232,467,65,42,248,107,178,202,1892,0,253,451,0,127,170,111,24068,8631
10297.5,C:\Data\20260323_MD18-3537\20260324_MD18-3537_S08\MD18-3537_S08_XRF\XRF data\L000122.spe,305,104,710,954,6658,8390,4674,193,1801,926,112188,8,270,494,60,247,8,210,943,307,547,86,64,137,124,251,337,1889,0,240,215,0,322,83,198,24142,10618
10300,C:\Data\20260323_MD18-3537\20260324_MD18-3537_S08\MD18-3537_S08_XRF\XRF data\L000123.spe,307.5,79,694,1063,5949,11322,4584,258,1817,1065,102167,141,156,439,210,147,74,735,988,232,485,65,108,180,74,210,82,1767,0,169,242,0,108,25,168,24397,11043
10302.5,C:\Data\20260323_MD18-3537\20260324_MD18-3537_S08\MD18-3537_S08_XRF\XRF data\L000124.spe,310,109,621,1007,6302,11125,4854,164,1661,1170,109689,72,247,548,111,258,62,326,1075,240,533,67,113,190,164,196,228,1857,0,218,367,0,168,166,153,23445,8715
10307.5,C:\Data\20260323_MD18-3537\20260324_MD18-3537_S08\MD18-3537_S08_XRF\XRF data\L000126.spe,315,89,794,1009,5700,13206,4426,215,1668,1194,97675,180,235,454,60,29,175,206,1120,287,746,110,101,222,89,162,59,1687,0,155,225,0,331,265,14,22148,9003
10310,C:\Data\20260323_MD18-3537\20260324_MD18-3537_S08\MD18-3537_S08_XRF\XRF data\L000127.spe,317.5,87,716,969,6321,10971,4685,170,1624,1252,105429,130,175,538,175,98,176,562,1139,119,716,41,109,211,112,175,116,1751,0,188,297,0,121,119,0,23019,8771
10312.5,C:\Data\20260323_MD18-3537\20260324_MD18-3537_S08\MD18-3537_S08_XRF\XRF data\L000128.spe,320,78,663,1045,6077,10899,4778,228,1692,1275,105039,139,257,502,95,86,134,1073,1080,218,645,112,62,219,114,130,137,1771,0,117,292,0,190,190,33,23515,10448
10325,C:\Data\20260323_MD18-3537\20260324_MD18-3537_S08\MD18-3537_S08_XRF\XRF data\L000133.spe,332.5,85,553,1354,4284,12232,3616,167,1687,929,71278,115,238,314,202,138,182,362,1255,197,882,5,120,108,85,224,150,1617,0,46,130,0,129,199,26,25719,9314
10330,C:\Data\20260323_MD18-3537\20260324_MD18-3537_S08\MD18-3537_S08_XRF\XRF data\L000135.spe,337.5,90,576,1266,4484,10990,4141,151,1564,806,79741,181,189,400,164,160,73,668,1251,192,908,28,162,97,61,218,253,1604,0,103,47,0,235,98,166,25132,12150
10342.5,C:\Data\20260323_MD18-3537\20260324_MD18-3537_S08\MD18-3537_S08_XRF\XRF data\L000140.spe,350,39,626,1086,5376,10975,4555,198,1731,1051,99636,120,139,473,225,272,17,44,1036,336,666,69,97,144,72,213,187,1594,0,183,179,0,52,0,141,23523,9889
10345,C:\Data\20260323_MD18-3537\20260324_MD18-3537_S08\MD18-3537_S08_XRF\XRF data\L000141.spe,352.5,103,567,1058,5609,10286,4616,223,1633,1072,98796,57,197,414,101,0,99,373,1044,377,672,51,106,181,118,130,145,1883,0,151,186,0,220,212,4,23645,9980
10347.5,C:\Data\20260323_MD18-3537\20260324_MD18-3537_S08\MD18-3537_S08_XRF\XRF data\L000142.spe,355,82,649,912,6492,6997,4617,176,1711,1040,110380,62,255,517,161,133,229,848,966,140,598,150,50,270,72,169,126,1927,0,222,380,0,136,161,0,24002,10161
10350,C:\Data\20260323_MD18-3537\20260324_MD18-3537_S08\MD18-3537_S08_XRF\XRF data\L000143.spe,357.5,79,661,966,6259,5854,4868,161,1672,1002,110920,127,313,498,94,61,155,544,778,251,455,53,53,119,112,225,113,1935,0,241,193,0,209,97,26,23915,11234
10357.5,C:\Data\20260323_MD18-3537\20260324_MD18-3537_S08\MD18-3537_S08_XRF\XRF data\L000146.spe,365,117,652,927,6403,8536,4480,210,1737,1038,112915,168,295,552,47,255,65,251,873,309,528,88,84,244,121,155,103,1695,0,160,231,0,240,181,237,22968,8040
10360,C:\Data\20260323_MD18-3537\20260324_MD18-3537_S08\MD18-3537_S08_XRF\XRF data\L000147.spe,367.5,90,656,1023,6264,10550,4316,197,1746,1097,109554,88,267,458,63,0,260,541,905,272,615,77,125,288,87,155,110,2029,0,185,271,0,223,192,0,23813,9631
10377.5,C:\Data\20260323_MD18-3537\20260324_MD18-3537_S08\MD18-3537_S08_XRF\XRF data\L000154.spe,385,102,673,991,5493,16450,4466,135,1817,1198,90694,54,202,433,33,98,15,663,1127,255,566,32,189,205,132,174,284,1795,0,212,164,0,224,202,233,23524,10780
10395,C:\Data\20260323_MD18-3537\20260324_MD18-3537_S08\MD18-3537_S08_XRF\XRF data\L000161.spe,402.5,63,698,874,6162,13192,4774,194,1708,1229,106876,144,226,519,55,176,19,0,1114,429,569,61,109,185,89,196,272,1786,0,190,311,0,194,115,236,24074,10060
10400,C:\Data\20260323_MD18-3537\20260324_MD18-3537_S08\MD18-3537_S08_XRF\XRF data\L000163.spe,407.5,64,770,1010,5718,14546,4441,91,1731,1244,99109,126,224,445,172,127,136,414,1094,225,806,89,194,335,109,121,131,1675,0,190,207,0,219,181,50,22749,9618
10402.5,C:\Data\20260323_MD18-3537\20260324_MD18-3537_S08\MD18-3537_S08_XRF\XRF data\L000164.spe,410,103,794,1005,5221,15634,4505,166,1707,1189,90390,141,160,495,202,0,164,706,1131,287,549,105,165,233,114,133,241,1886,0,171,105,0,200,188,0,24421,11155
10405,C:\Data\20260323_MD18-3537\20260324_MD18-3537_S08\MD18-3537_S08_XRF\XRF data\L000165.spe,412.5,58,733,1006,4612,15910,4262,206,1554,1066,81132,114,176,380,192,73,121,0,1277,360,809,33,158,104,97,196,228,1645,0,77,131,0,66,63,0,23547,10939
10410,C:\Data\20260323_MD18-3537\20260324_MD18-3537_S08\MD18-3537_S08_XRF\XRF data\L000167.spe,417.5,54,702,1055,4961,14051,4339,140,1766,1029,85193,153,234,390,196,52,0,534,1054,229,687,59,188,130,111,177,268,1850,0,109,105,0,135,179,316,23865,9987
10412.5,C:\Data\20260323_MD18-3537\20260324_MD18-3537_S08\MD18-3537_S08_XRF\XRF data\L000168.spe,420,109,758,938,5440,11054,4451,66,1512,1278,90256,171,335,433,150,188,0,528,1183,276,658,50,97,195,101,171,98,1887,0,123,19,0,169,143,298,24319,9262
10485,C:\Data\20260323_MD18-3537\20260324_MD18-3537_S08\MD18-3537_S08_XRF\XRF data\L000197.spe,492.5,78,738,939,5579,11584,4557,156,1795,1073,90990,72,289,462,295,153,107,667,1105,241,921,58,103,141,105,190,172,1875,0,177,59,0,116,167,141,24163,11641
10490,C:\Data\20260323_MD18-3537\20260324_MD18-3537_S08\MD18-3537_S08_XRF\XRF data\L000199.spe,497.5,76,875,880,5906,8901,4642,142,1787,1159,100510,72,101,478,252,148,212,265,1080,416,728,83,74,153,93,202,94,1764,0,200,290,0,148,136,0,24354,13281
10722.5,C:\Data\20260323_MD18-3537\20260324_MD18-3537_S08\MD18-3537_S08_XRF\XRF data\L000292.spe,730,108,757,941,6104,11195,4914,178,1706,1294,103960,173,274,521,0,62,52,995,1084,226,661,65,159,238,121,216,193,2045,0,227,99,0,300,234,132,25036,11057
10725,C:\Data\20260323_MD18-3537\20260324_MD18-3537_S08\MD18-3537_S08_XRF\XRF data\L000293.spe,732.5,100,695,886,6054,11871,4691,188,1727,1158,98022,139,367,571,270,152,136,579,1132,305,621,66,118,192,115,227,277,2109,0,154,189,0,100,265,131,24957,8800
10727.5,C:\Data\20260323_MD18-3537\20260324_MD18-3537_S08\MD18-3537_S08_XRF\XRF data\L000294.spe,735,112,834,968,5864,12171,4563,206,1780,1016,94512,192,179,442,377,0,145,490,1202,331,981,87,136,305,115,109,257,1946,0,101,70,0,163,129,88,24778,9972
10730,C:\Data\20260323_MD18-3537\20260324_MD18-3537_S08\MD18-3537_S08_XRF\XRF data\L000295.spe,737.5,105,674,1255,4648,13595,4679,156,1575,925,79881,152,233,347,131,267,103,239,1443,340,1496,104,78,95,90,205,280,1697,0,38,75,0,122,102,213,27788,11532
10737.5,C:\Data\20260323_MD18-3537\20260324_MD18-3537_S08\MD18-3537_S08_XRF\XRF data\L000298.spe,745,68,618,818,5500,9122,4130,238,1467,1067,91579,179,219,478,168,70,107,500,1003,328,677,92,70,136,71,247,158,1649,0,136,58,0,191,227,104,22554,10799
10742.5,C:\Data\20260323_MD18-3537\20260324_MD18-3537_S08\MD18-3537_S08_XRF\XRF data\L000300.spe,750,61,584,695,5965,7717,4170,111,1560,1068,102118,156,198,455,232,0,136,718,789,262,381,23,49,235,118,177,246,2067,0,137,134,0,107,69,23,23370,8385
10745,C:\Data\20260323_MD18-3537\20260324_MD18-3537_S08\MD18-3537_S08_XRF\XRF data\L000301.spe,752.5,97,575,707,5746,7623,4110,155,1580,1169,99635,92,218,428,167,0,178,445,1042,299,536,55,66,158,94,166,141,1926,0,191,261,0,154,88,0,22831,8713
10747.5,C:\Data\20260323_MD18-3537\20260324_MD18-3537_S08\MD18-3537_S08_XRF\XRF data\L000302.spe,755,100,656,832,6255,7425,4412,169,1732,1096,106735,119,192,511,196,209,4,454,1007,265,523,111,67,200,114,167,236,2217,0,235,134,0,97,74,279,22719,11279
10750,C:\Data\20260323_MD18-3537\20260324_MD18-3537_S08\MD18-3537_S08_XRF\XRF data\L000303.spe,757.5,80,604,796,6190,8421,4139,198,1717,1035,108452,133,247,568,63,77,92,65,810,367,517,84,119,272,116,144,306,2116,0,211,262,0,195,229,189,22357,10068
10752.5,C:\Data\20260323_MD18-3537\20260324_MD18-3537_S08\MD18-3537_S08_XRF\XRF data\L000304.spe,760,60,647,817,6116,9602,4517,197,1633,1154,105852,157,328,498,217,142,91,61,867,359,563,29,70,156,109,135,222,1892,0,183,190,0,178,175,56,22336,11123
10755,C:\Data\20260323_MD18-3537\20260324_MD18-3537_S08\MD18-3537_S08_XRF\XRF data\L000305.spe,762.5,95,620,798,6102,8763,4326,242,1609,1165,109162,114,224,541,299,169,93,924,903,170,541,85,65,327,113,95,89,2102,0,192,88,0,62,188,112,22176,10422
10757.5,C:\Data\20260323_MD18-3537\20260324_MD18-3537_S08\MD18-3537_S08_XRF\XRF data\L000306.spe,765,103,668,831,5840,8734,4165,172,1727,1047,105677,30,233,432,154,98,56,143,940,285,494,69,64,321,103,126,200,2030,0,226,289,0,131,73,183,22176,8584
10767.5,C:\Data\20260323_MD18-3537\20260324_MD18-3537_S08\MD18-3537_S08_XRF\XRF data\L000310.spe,775,85,696,932,6072,10427,4807,216,1803,1153,109579,98,209,444,92,56,173,65,997,407,518,102,108,207,113,146,193,2077,0,225,222,0,149,153,96,24852,12564
10770,C:\Data\20260323_MD18-3537\20260324_MD18-3537_S08\MD18-3537_S08_XRF\XRF data\L000311.spe,777.5,99,671,928,5652,10234,4313,221,1725,1070,103282,178,259,503,239,117,161,793,943,280,531,127,94,287,117,149,160,2093,0,134,144,0,152,158,27,24640,12608
10772.5,C:\Data\20260323_MD18-3537\20260324_MD18-3537_S08\MD18-3537_S08_XRF\XRF data\L000312.spe,780,83,669,1068,5788,10904,4699,186,1800,1160,104025,136,161,518,311,70,269,113,1072,349,626,6,133,199,117,198,214,1646,0,202,121,0,104,170,0,24666,11023
10775,C:\Data\20260323_MD18-3537\20260324_MD18-3537_S08\MD18-3537_S08_XRF\XRF data\L000313.spe,782.5,54,682,1042,5518,10846,4706,162,1671,1162,99889,126,181,430,61,0,145,889,976,219,637,76,126,153,88,198,133,1812,0,168,279,0,166,10,0,24700,13079
10777.5,C:\Data\20260323_MD18-3537\20260324_MD18-3537_S08\MD18-3537_S08_XRF\XRF data\L000314.spe,785,70,649,1100,5410,10672,4229,211,1585,1159,96685,106,237,486,92,23,220,101,1084,377,679,14,99,180,95,166,252,1811,0,103,329,0,261,95,0,24276,11281
10780,C:\Data\20260323_MD18-3537\20260324_MD18-3537_S08\MD18-3537_S08_XRF\XRF data\L000315.spe,787.5,76,705,1014,5383,10741,4530,135,1563,1255,94921,176,226,506,135,332,65,1093,1153,226,669,84,90,198,94,106,167,1496,0,72,32,0,273,268,273,24366,8817
10782.5,C:\Data\20260323_MD18-3537\20260324_MD18-3537_S08\MD18-3537_S08_XRF\XRF data\L000316.spe,790,143,687,944,5519,9703,4376,140,1641,1251,94100,188,259,467,29,118,44,207,1053,294,755,112,132,168,114,190,187,1847,0,116,140,0,204,99,130,23852,12499
10785,C:\Data\20260323_MD18-3537\20260324_MD18-3537_S08\MD18-3537_S08_XRF\XRF data\L000317.spe,792.5,94,691,969,5882,9475,4336,197,1725,1173,97204,128,182,517,46,101,9,633,1078,267,566,59,105,210,102,160,220,1849,0,213,330,0,270,152,251,22116,4430
10790,C:\Data\20260323_MD18-3537\20260324_MD18-3537_S08\MD18-3537_S08_XRF\XRF data\L000319.spe,797.5,55,666,939,5841,9569,4502,217,1659,1109,103734,132,344,472,5,152,130,554,783,222,537,58,102,178,97,155,269,2220,0,176,212,0,314,235,179,22915,8255
10792.5,C:\Data\20260323_MD18-3537\20260324_MD18-3537_S08\MD18-3537_S08_XRF\XRF data\L000320.spe,800,113,724,887,5786,9870,4455,166,1732,1032,103412,97,185,501,96,85,86,773,912,236,569,82,103,194,110,185,296,2000,0,229,210,0,164,58,110,23604,9910
10795,C:\Data\20260323_MD18-3537\20260324_MD18-3537_S08\MD18-3537_S08_XRF\XRF data\L000321.spe,802.5,58,702,877,5975,10060,4665,136,1698,1122,104352,156,137,465,162,29,180,259,944,314,584,86,119,190,130,170,65,2010,0,108,157,56,80,228,0,22949,9565
10797.5,C:\Data\20260323_MD18-3537\20260324_MD18-3537_S08\MD18-3537_S08_XRF\XRF data\L000322.spe,805,89,685,908,6117,9014,4675,192,1716,939,104554,38,250,497,96,97,123,684,1029,179,577,85,58,136,69,173,302,1618,0,223,254,0,196,143,41,22681,11885
10800,C:\Data\20260323_MD18-3537\20260324_MD18-3537_S08\MD18-3537_S08_XRF\XRF data\L000323.spe,807.5,143,662,926,6332,7092,4498,196,1656,1048,105528,104,229,452,208,0,186,398,940,315,563,92,45,216,115,174,196,1947,0,166,174,0,103,163,0,24529,10821
10805,C:\Data\20260323_MD18-3537\20260324_MD18-3537_S08\MD18-3537_S08_XRF\XRF data\L000325.spe,812.5,66,633,812,6331,6148,4347,206,1659,851,107693,21,145,478,73,116,156,943,788,205,515,144,32,221,108,180,248,2223,0,191,361,0,191,206,92,22966,9667
10807.5,C:\Data\20260323_MD18-3537\20260324_MD18-3537_S08\MD18-3537_S08_XRF\XRF data\L000326.spe,815,118,643,919,6596,6442,4430,265,1687,1143,113234,213,225,524,261,166,142,434,800,248,541,55,83,279,128,103,0,1605,0,184,142,57,81,181,47,23721,12232
10810,C:\Data\20260323_MD18-3537\20260324_MD18-3537_S08\MD18-3537_S08_XRF\XRF data\L000327.spe,817.5,98,709,941,6637,6691,4474,188,1724,924,111978,135,252,551,330,286,115,649,833,180,528,135,67,268,100,155,188,1936,0,186,9,0,87,296,110,24371,9837
10812.5,C:\Data\20260323_MD18-3537\20260324_MD18-3537_S08\MD18-3537_S08_XRF\XRF data\L000328.spe,820,100,720,960,6536,8931,4801,245,1834,1062,114347,134,280,510,362,0,127,907,879,261,634,68,109,131,99,199,210,2079,0,218,108,0,125,239,67,23597,11990
10815,C:\Data\20260323_MD18-3537\20260324_MD18-3537_S08\MD18-3537_S08_XRF\XRF data\L000329.spe,822.5,84,716,935,6264,9557,4442,153,1752,970,109336,101,151,536,184,129,162,74,907,324,467,69,116,262,105,167,200,2038,0,181,346,0,118,228,161,24359,12213
10817.5,C:\Data\20260323_MD18-3537\20260324_MD18-3537_S08\MD18-3537_S08_XRF\XRF data\L000330.spe,825,84,733,891,5917,10566,4377,152,1665,1022,105989,71,163,458,40,152,0,529,944,350,530,108,147,231,136,169,177,2155,0,229,303,0,305,267,331,22012,8882
10820,C:\Data\20260323_MD18-3537\20260324_MD18-3537_S08\MD18-3537_S08_XRF\XRF data\L000331.spe,827.5,69,704,991,5849,11693,4507,182,1724,1038,102509,64,237,484,70,68,199,111,892,377,430,85,111,216,116,246,251,2165,0,168,146,0,164,112,0,23839,12201
10822.5,C:\Data\20260323_MD18-3537\20260324_MD18-3537_S08\MD18-3537_S08_XRF\XRF data\L000332.spe,830,89,674,910,5739,11977,4321,198,1686,1045,98597,27,175,421,140,187,98,63,1130,347,608,67,111,203,96,189,178,1945,0,209,301,0,205,223,208,22784,10170
10842.5,C:\Data\20260323_MD18-3537\20260324_MD18-3537_S08\MD18-3537_S08_XRF\XRF data\L000340.spe,850,112,722,1020,6188,10176,4952,204,1682,1351,106420,42,149,533,255,265,62,322,1067,345,757,102,118,184,104,212,236,2190,0,198,330,0,272,227,180,23697,8819
10845,C:\Data\20260323_MD18-3537\20260324_MD18-3537_S08\MD18-3537_S08_XRF\XRF data\L000341.spe,852.5,62,733,944,6273,10261,4850,201,1810,1376,104560,137,320,494,160,311,137,598,1189,336,627,119,112,137,111,195,234,1818,0,132,0,0,213,210,159,24071,9610
10852.5,C:\Data\20260323_MD18-3537\20260324_MD18-3537_S08\MD18-3537_S08_XRF\XRF data\L000344.spe,860,78,726,1191,4846,13247,4490,157,1793,1153,90893,158,207,492,178,326,54,330,1186,397,797,89,169,162,104,174,232,1939,0,106,198,0,209,159,212,24108,8678
10855,C:\Data\20260323_MD18-3537\20260324_MD18-3537_S08\MD18-3537_S08_XRF\XRF data\L000345.spe,862.5,94,614,1472,4028,12640,4001,104,1768,1003,82305,125,238,485,93,328,80,657,1270,186,848,66,169,140,109,198,249,2035,0,98,112,0,248,117,256,24890,12886
10857.5,C:\Data\20260323_MD18-3537\20260324_MD18-3537_S08\MD18-3537_S08_XRF\XRF data\L000346.spe,865,87,763,1093,4529,11186,4016,185,1673,904,79503,177,246,346,142,57,157,0,1363,326,763,67,101,127,91,183,195,1884,0,38,119,0,212,152,0,25039,11497
